step,reward,rel_x,rel_y,rel_z,qw,qx,qy,qz,vx,vy,vz,wx,wy,wz,lidar_0,lidar_1,lidar_2,lidar_3,lidar_4,lidar_5,lidar_6,lidar_7,lidar_8,lidar_9,lidar_10,lidar_11,lidar_12,lidar_13,lidar_14,lidar_15,lidar_16,lidar_17,lidar_18,lidar_19,lidar_20,lidar_21,lidar_22,lidar_23,lidar_24,lidar_25,lidar_26,lidar_27,lidar_28,lidar_29,lidar_30,lidar_31,lidar_32,lidar_33,lidar_34,lidar_35,act_vx,act_vy,act_vz,act_yaw
5,-1.0005975378201128,3.7233372,1.6328074,0.5009769,1.0,0.0,0.0,0.0,0.0,0.0,-0.09377357,0.0,0.0,0.0,3.0,3.0,3.0,3.0,3.0,3.0,3.0,3.0,3.0,3.0,3.0,3.0,3.0,3.0,3.0,3.0,3.0,3.0,3.0,3.0,3.0,3.0,3.0,3.0,3.0,3.0,3.0,3.0,3.0,3.0,3.0,3.0,3.0,3.0,3.0,3.0,0.32533407,-2.4657135,-0.9323455,39.919426
10,-1.0099625844943974,3.7233372,1.6328074,0.50430137,0.9999994,-0.0005867348,-0.00058704545,0.0007217616,-6.8045424e-06,6.8012682e-06,-0.20342784,-0.093834296,-0.09393371,0.115459286,3.0,3.0,3.0,3.0,3.0,3.0,3.0,3.0,3.0,3.0,3.0,3.0,3.0,3.0,3.0,3.0,3.0,3.0,3.0,3.0,3.0,3.0,3.0,3.0,3.0,3.0,3.0,3.0,3.0,3.0,3.0,3.0,3.0,3.0,3.0,3.0,0.26750755,1.0313821,-0.66910756,44.129524
15,-1.0093174930440758,3.7233388,1.6328058,0.50993,0.99999666,-0.0011842068,-0.0019435326,0.0012361926,-0.00015787978,0.00013774962,-0.31609437,-0.0481112,-0.13927959,0.032934587,3.0,3.0,3.0,3.0,3.0,3.0,3.0,3.0,3.0,3.0,3.0,3.0,3.0,3.0,3.0,3.0,3.0,3.0,3.0,3.0,3.0,3.0,3.0,3.0,3.0,3.0,3.0,3.0,3.0,3.0,3.0,3.0,3.0,3.0,3.0,3.0,0.9137049,-0.35674,-0.6824176,34.199417
20,-1.0098415697951628,3.7233465,1.6328003,0.51797605,0.9999916,-0.0016858727,-0.0033934189,0.0015783184,-0.0005461125,0.00036029232,-0.43293044,-0.048012763,-0.13916405,0.032903325,3.0,3.0,3.0,3.0,3.0,3.0,3.0,3.0,3.0,3.0,3.0,3.0,3.0,3.0,3.0,3.0,3.0,3.0,3.0,3.0,3.0,3.0,3.0,3.0,3.0,3.0,3.0,3.0,3.0,3.0,3.0,3.0,3.0,3.0,3.0,3.0,1.070651,1.564765,-0.33511794,42.266617
25,-1.017870235873889,3.723369,1.6327866,0.5278524,0.99998754,-0.0032335354,-0.003795889,3.9932864e-05,-0.001433411,0.00091909413,-0.50367576,-0.051580064,-0.13504381,-0.26277056,3.0,3.0,3.0,3.0,3.0,3.0,3.0,3.0,3.0,3.0,3.0,3.0,3.0,3.0,3.0,3.0,3.0,3.0,3.0,3.0,3.0,3.0,3.0,3.0,3.0,3.0,3.0,3.0,3.0,3.0,3.0,3.0,3.0,3.0,3.0,3.0,-1.3920431,0.95676947,-0.89629996,27.863617
30,-1.0184816571119846,3.7234075,1.63276,0.53976196,0.99997616,-0.003840499,-0.005246882,-0.002332576,-0.0021711746,0.0015253886,-0.6165748,-0.05858905,-0.14147225,-0.25602123,3.0,3.0,3.0,3.0,3.0,3.0,3.0,3.0,3.0,3.0,3.0,3.0,3.0,3.0,3.0,3.0,3.0,3.0,3.0,3.0,3.0,3.0,3.0,3.0,3.0,3.0,3.0,3.0,3.0,3.0,3.0,3.0,3.0,3.0,3.0,3.0,-0.8956914,1.7944679,-0.7346918,41.867973
35,-1.0241403124809758,3.723472,1.6327145,0.5533512,0.9999457,-0.0038664152,-0.008118641,-0.0052609993,-0.0036713905,0.0025507717,-0.68613094,-0.037076604,-0.31923693,-0.24070787,3.0,3.0,3.0,3.0,3.0,3.0,3.0,3.0,3.0,3.0,3.0,3.0,3.0,3.0,3.0,3.0,3.0,3.0,3.0,3.0,3.0,3.0,3.0,3.0,3.0,3.0,3.0,3.0,3.0,3.0,3.0,3.0,3.0,3.0,3.0,3.0,2.9111214,-0.021571636,-0.7019322,28.490013
40,-1.0249710877146099,3.7235713,1.632651,0.56879324,0.9999061,-0.0025170834,-0.011299555,-0.0073288004,-0.005447975,0.003314078,-0.7848326,0.14509797,-0.32895476,-0.18641977,3.0,3.0,3.0,3.0,3.0,3.0,3.0,3.0,3.0,3.0,3.0,3.0,3.0,3.0,3.0,3.0,3.0,3.0,3.0,3.0,3.0,3.0,3.0,3.0,3.0,3.0,3.0,3.0,3.0,3.0,3.0,3.0,3.0,3.0,3.0,3.0,-0.8298068,3.59789,-0.64273155,2.8536491
45,-1.0224621186258103,3.7237344,1.6325706,0.58557445,0.9998476,-0.0029408268,-0.014917823,-0.008577578,-0.01021094,0.0043126373,-0.79776245,-0.02658177,-0.2018015,-0.28092992,3.0,3.0,3.0,3.0,3.0,3.0,3.0,3.0,3.0,3.0,3.0,3.0,3.0,3.0,3.0,3.0,3.0,3.0,3.0,3.0,3.0,3.0,3.0,3.0,3.0,3.0,3.0,3.0,3.0,3.0,3.0,3.0,3.0,3.0,3.0,3.0,-2.0405178,-2.3475754,-0.6803976,41.127533
50,-1.026562903987493,3.7240138,1.6324674,0.6025242,0.999778,-0.0030374865,-0.017769933,-0.010906871,-0.015994344,0.0054546124,-0.81459767,0.096392095,-0.35367578,-0.20940353,3.0,3.0,3.0,3.0,3.0,3.0,3.0,3.0,3.0,3.0,3.0,3.0,3.0,3.0,3.0,3.0,3.0,3.0,3.0,3.0,3.0,3.0,3.0,3.0,3.0,3.0,3.0,3.0,3.0,3.0,3.0,3.0,3.0,3.0,3.0,3.0,2.3982186,3.1808043,-0.43066227,40.647125
55,-1.0256175155043907,3.7244527,1.6323333,0.61905086,0.99967366,-0.003827487,-0.02073069,-0.014428319,-0.024688972,0.007163434,-0.7783098,-0.099103935,-0.24307866,-0.29930845,3.0,3.0,3.0,3.0,3.0,3.0,3.0,3.0,3.0,3.0,3.0,3.0,3.0,3.0,3.0,3.0,3.0,3.0,3.0,3.0,3.0,3.0,3.0,3.0,3.0,3.0,3.0,3.0,3.0,3.0,3.0,3.0,3.0,3.0,3.0,3.0,2.443976,1.1153464,-0.48268872,2.1670265
60,-1.0308939096798488,3.7250867,1.6321582,0.6348963,0.99954516,-0.0053135436,-0.022803176,-0.019007701,-0.034446746,0.009357738,-0.74642676,-0.07684784,-0.26339585,-0.42118546,3.0,3.0,3.0,3.0,3.0,3.0,3.0,3.0,3.0,3.0,3.0,3.0,3.0,3.0,3.0,3.0,3.0,3.0,3.0,3.0,3.0,3.0,3.0,3.0,3.0,3.0,3.0,3.0,3.0,3.0,3.0,3.0,3.0,3.0,3.0,3.0,2.9602056,0.73281,0.4781083,43.994858
65,-1.0205057021637998,3.7260087,1.6319113,0.6484755,0.9994477,-0.0060367943,-0.0257306,-0.020142661,-0.048210993,0.012890264,-0.6491424,0.09472533,-0.27303022,-0.0059177256,3.0,3.0,3.0,3.0,3.0,3.0,3.0,3.0,3.0,3.0,3.0,3.0,3.0,3.0,3.0,3.0,3.0,3.0,3.0,3.0,3.0,3.0,3.0,3.0,3.0,3.0,3.0,3.0,3.0,3.0,3.0,3.0,3.0,3.0,3.0,3.0,-0.88242817,3.0545187,-0.9478028,36.661972
70,-1.0304306906058296,3.7271028,1.6316204,0.66279733,0.99936366,-0.006066944,-0.029543614,-0.019042956,-0.05545515,0.014657866,-0.7129763,-0.084858246,-0.42696533,0.18278892,3.0,3.0,3.0,3.0,3.0,3.0,3.0,3.0,3.0,3.0,3.0,3.0,3.0,3.0,3.0,3.0,3.0,3.0,3.0,3.0,3.0,3.0,3.0,3.0,3.0,3.0,3.0,3.0,3.0,3.0,3.0,3.0,3.0,3.0,3.0,3.0,4.437293,3.503293,-0.79708606,39.78849
75,-1.0348814729247289,3.7283676,1.6312901,0.6783492,0.9992588,-0.008963126,-0.03340674,-0.016896244,-0.0656697,0.017032199,-0.74771273,-0.48290724,-0.2576784,0.06727459,3.0,3.0,3.0,3.0,3.0,3.0,3.0,3.0,3.0,3.0,3.0,3.0,3.0,3.0,3.0,3.0,3.0,3.0,3.0,3.0,3.0,3.0,3.0,3.0,3.0,2.2624178,2.1452491,3.0,3.0,3.0,3.0,3.0,3.0,3.0,3.0,3.0,-1.745296,0.45524216,-0.41035938,16.239391
80,-1.0278785825855075,3.7299242,1.6308787,0.6936505,0.9991343,-0.013916614,-0.036673956,-0.013857144,-0.08174257,0.022232339,-0.7151628,-0.22190745,-0.27501646,0.18529858,3.0,3.0,3.0,3.0,3.0,3.0,3.0,3.0,3.0,3.0,3.0,3.0,3.0,3.0,3.0,3.0,3.0,3.0,3.0,3.0,3.0,3.0,3.0,3.0,3.0,2.2575428,2.1432831,3.0,3.0,3.0,3.0,3.0,3.0,3.0,3.0,3.0,-0.02845478,3.9939365,-0.91749793,28.449913
85,-1.0420391157132098,3.7317808,1.6303537,0.7089968,0.9989607,-0.017425898,-0.04081026,-0.010410373,-0.09691912,0.02845189,-0.7156553,-0.3869907,-0.41661128,0.35799563,3.0,3.0,3.0,3.0,3.0,3.0,3.0,3.0,3.0,3.0,3.0,3.0,3.0,3.0,3.0,3.0,3.0,3.0,3.0,3.0,3.0,3.0,3.0,3.0,3.0,2.252186,2.1411638,3.0,3.0,3.0,3.0,3.0,3.0,3.0,3.0,3.0,-0.6878767,4.1459284,-0.7397325,25.472778
90,-1.0396160449578395,3.7339976,1.6296717,0.72400856,0.99871176,-0.022019235,-0.04497834,-0.00817844,-0.11230385,0.03551812,-0.7307867,-0.3280672,-0.51300603,0.024053356,3.0,3.0,3.0,3.0,3.0,3.0,3.0,3.0,3.0,3.0,3.0,3.0,3.0,3.0,2.8483274,2.767127,2.7723289,2.8647585,3.0,3.0,3.0,3.0,3.0,3.0,3.0,2.2494068,2.1405566,3.0,3.0,3.0,3.0,3.0,3.0,3.0,3.0,3.0,1.1592579,4.802248,-0.76309824,44.670128
95,-1.0402508860110709,3.736451,1.6288741,0.740485,0.99839246,-0.026342558,-0.049330734,-0.009219682,-0.12091654,0.039939217,-0.83748347,-0.41405252,-0.41708186,-0.109516494,3.0,3.0,3.0,3.0,3.0,3.0,3.0,3.0,3.0,3.0,3.0,3.0,2.7531872,2.5140445,2.3796518,2.325986,2.344348,2.4376588,2.6216652,2.9320836,3.0,3.0,3.0,3.0,3.0,2.2524922,2.1428988,3.0,3.0,3.0,3.0,3.0,3.0,3.0,3.0,3.0,3.9679441,-1.5521395,-0.7457496,37.25479
100,-1.0420241181060195,3.7391546,1.6279391,0.7585907,0.9980992,-0.031433463,-0.051811695,-0.011200489,-0.13837004,0.04984358,-0.8649274,-0.53397346,-0.026509503,-0.30640036,3.0,3.0,3.0,3.0,3.0,3.0,3.0,3.0,3.0,3.0,3.0,2.5822651,2.2903886,2.1155457,2.022601,1.9955615,2.0301056,2.1317806,2.3183327,2.6281805,3.0,3.0,3.0,3.0,3.0,2.2577405,2.1465461,3.0,3.0,3.0,3.0,3.0,3.0,3.0,3.0,3.0,4.2414417,-3.4303288,-0.946013,29.571533
105,-1.0402563205464508,3.7421525,1.6268274,0.77800435,0.997873,-0.03710969,-0.05193689,-0.013225063,-0.14759475,0.055854917,-0.976316,-0.5366283,-0.004589609,-0.16076995,3.0,3.0,3.0,3.0,3.0,3.0,3.0,3.0,3.0,3.0,2.4734046,2.1327024,1.9259311,1.805727,1.7496862,1.7485489,1.8021343,1.9192674,2.1216316,2.4550886,3.0,3.0,3.0,3.0,3.0,2.263798,2.1508906,3.0,3.0,3.0,3.0,3.0,3.0,3.0,3.0,3.0,2.6829267,-1.1142249,-0.37119675,32.42688
110,-1.0256516294764484,3.7456732,1.6253343,0.7965275,0.9978434,-0.040599935,-0.050086368,-0.012314149,-0.178312,0.07883097,-0.878331,-0.19839157,0.16378458,0.05859214,3.0,3.0,3.0,3.0,3.0,3.0,3.0,3.0,3.0,2.5500615,2.1170807,1.8580537,1.7015663,1.6146398,1.5818918,1.598036,1.6656449,1.7962153,2.015445,2.3779247,3.0,3.0,3.0,3.0,3.0,2.264848,2.1527164,3.0,3.0,3.0,3.0,3.0,3.0,3.0,3.0,3.0,-1.1499012,-1.3253963,-0.5669488,42.60707
115,-1.0376435879998875,3.749689,1.6234413,0.8143114,0.99795705,-0.040347777,-0.048232883,-0.011286006,-0.20120016,0.097952634,-0.84855616,0.07213661,0.38597563,0.29761907,3.0,3.0,3.0,3.0,3.0,3.0,3.0,3.0,3.0,2.3374119,1.9523543,1.7211183,1.58183,1.5057242,1.4794955,1.4989295,1.567131,1.6958176,1.9107815,2.2670367,2.8946898,3.0,3.0,3.0,3.0,2.2651172,2.1537416,3.0,3.0,3.0,3.0,3.0,3.0,3.0,3.0,3.0,-2.0349944,-0.45860434,-0.79320055,42.33011
120,-1.0244965067670517,3.7541628,1.6211579,0.831535,0.9981245,-0.03822643,-0.04623398,-0.012191203,-0.22446096,0.1180468,-0.8026098,0.18735377,-0.037376776,-0.11451283,3.0,3.0,3.0,3.0,3.0,3.0,3.0,3.0,2.9120324,2.2407577,1.867091,1.6430242,1.5078819,1.433528,1.4069015,1.4237162,1.4866552,1.6064864,1.8070492,2.139102,2.7219844,3.0,3.0,3.0,3.0,2.2687144,2.1562743,3.0,3.0,3.0,3.0,3.0,3.0,3.0,3.0,3.0,-1.802175,-0.0980525,-0.84940547,28.43599
125,-1.0332187908780162,3.7591274,1.6184565,0.84762245,0.9981935,-0.03666262,-0.045463346,-0.014095514,-0.2524962,0.14138867,-0.6984738,0.17314479,0.34006962,-0.12786135,3.0,3.0,3.0,3.0,3.0,3.0,3.0,3.0,2.7766387,2.1189706,1.7563348,1.5396272,1.4086227,1.3355623,1.307475,1.3198208,1.3745656,1.480995,1.6599588,1.9557105,2.4710557,3.0,3.0,3.0,3.0,2.2746632,2.1602802,3.0,3.0,3.0,3.0,3.0,3.0,3.0,3.0,3.0,3.0291405,-0.61166716,-0.27766263,21.868858
130,-1.0367958691832233,3.764804,1.6151632,0.8599996,0.99848664,-0.035171166,-0.040024552,-0.013619689,-0.28535432,0.16897246,-0.52499145,-0.044459086,0.47226223,0.12844194,3.0,3.0,3.0,3.0,3.0,3.0,3.0,3.0,2.5902286,2.0247183,1.7043943,1.5112262,1.3954706,1.3338308,1.3156917,1.3381528,1.4048202,1.5273188,1.7308362,2.0694768,2.673867,3.0,3.0,3.0,3.0,2.2773004,2.162962,3.0,3.0,3.0,3.0,3.0,3.0,3.0,3.0,3.0,1.5552788,1.7927985,0.22493374,43.68544
135,-1.039642261255852,3.7711844,1.6112427,0.8678811,0.99867946,-0.0361283,-0.03459083,-0.01172878,-0.31946686,0.2010216,-0.28203043,0.03875512,0.5257056,0.22630064,3.0,3.0,3.0,3.0,3.0,3.0,3.0,3.0,2.2731602,1.8517071,1.6031826,1.4523827,1.3654342,1.3263317,1.3286531,1.3727666,1.4659827,1.6257777,1.8890915,2.3389866,3.0,3.0,3.0,3.0,3.0,2.2787154,2.1657312,3.0,3.0,3.0,3.0,3.0,3.0,3.0,3.0,3.0,-3.1242137,1.5737143,0.088261604,33.470573
140,-1.047865366117906,3.7782004,1.6066628,0.8709674,0.9986928,-0.039224546,-0.032355204,-0.005216021,-0.34862262,0.23330678,-0.049345963,-0.35527772,0.20761387,0.64864874,3.0,3.0,3.0,3.0,3.0,3.0,3.0,2.5270185,1.9690416,1.6540731,1.4643313,1.3504512,1.2893554,1.2704804,1.2908045,1.3535863,1.4697273,1.6629391,1.9840484,2.5550575,3.0,3.0,3.0,3.0,3.0,2.2732959,2.1659327,3.0,3.0,3.0,3.0,3.0,3.0,3.0,3.0,3.0,-4.5824366,0.68383026,0.5300312,39.923912
145,-1.046156104638475,3.7858245,1.601353,0.86885446,0.9986202,-0.04271625,-0.030495707,0.0017308055,-0.3772976,0.26962987,0.20187126,-0.35595095,0.20485745,0.6478184,3.0,3.0,3.0,3.0,3.0,3.0,3.0,2.2045796,1.7825543,1.5352993,1.3852445,1.2978327,1.2567161,1.2550889,1.2926929,1.3757112,1.5194609,1.7563498,2.1584408,2.9141343,3.0,3.0,3.0,3.0,3.0,2.2685943,2.1671374,3.0,3.0,3.0,3.0,3.0,3.0,3.0,3.0,3.0,-4.897949,4.1918964,0.95337844,40.221786
150,-1.043795541911658,3.7940269,1.5952504,0.8615165,0.9984843,-0.046140153,-0.028734267,0.008632469,-0.40445548,0.30884764,0.45238435,-0.34481162,0.19047955,0.64218307,3.0,3.0,3.0,3.0,3.0,3.0,2.6665714,2.0456462,1.7012024,1.4949126,1.3703774,1.3015,1.2761341,1.2901905,1.3459102,1.4527947,1.6319846,1.9284354,2.4473617,3.0,3.0,3.0,3.0,3.0,3.0,2.2653844,2.169681,3.0,3.0,3.0,3.0,3.0,3.0,3.0,3.0,3.0,-3.79017,-1.0064802,0.9385972,40.38212
155,-1.0346239791454725,3.802738,1.5883641,0.84968174,0.9982661,-0.048641633,-0.030290738,0.013461896,-0.42609736,0.3432847,0.624604,-0.472978,-0.1458322,0.32093358,3.0,3.0,3.0,3.0,3.0,3.0,2.7218473,2.0939202,1.7444764,1.5349544,1.408575,1.3390136,1.314047,1.3296558,1.3883307,1.5001073,1.6872122,1.9969662,2.5405843,3.0,3.0,3.0,3.0,3.0,3.0,2.2660758,2.1743643,3.0,3.0,3.0,3.0,3.0,3.0,3.0,3.0,3.0,-2.9216142,-2.6885967,0.98021746,27.040688
160,-1.0414500394316037,3.8119085,1.5807514,0.8344204,0.99790704,-0.05405932,-0.033136442,0.012694633,-0.44887272,0.3790591,0.78939146,-0.57052535,-0.35010457,-0.3213675,3.0,3.0,3.0,3.0,3.0,3.0,2.6799204,2.069062,1.7277395,1.5228003,1.3993337,1.3318182,1.3084445,1.3254558,1.3855695,1.4991087,1.6888101,2.003161,2.5567544,3.0,3.0,3.0,3.0,3.0,3.0,2.2773054,2.1847851,3.0,3.0,3.0,3.0,3.0,3.0,3.0,3.0,3.0,0.5097189,0.9323573,0.9434327,44.156685
165,-1.0186276623657926,3.8215125,1.5724425,0.81668186,0.9976639,-0.05879122,-0.03371369,0.008582769,-0.46831015,0.41110298,0.87996954,-0.16719802,0.10829958,-0.21047582,3.0,3.0,3.0,3.0,3.0,3.0,2.6582358,2.0804524,1.7527401,1.5550398,1.4366452,1.3737919,1.3556727,1.3793917,1.4487592,1.575891,1.7870015,2.1384494,2.7666204,3.0,3.0,3.0,3.0,3.0,3.0,2.2946599,2.198234,3.0,3.0,3.0,3.0,3.0,3.0,3.0,3.0,3.0,2.628653,1.6114912,0.9047756,40.333076
170,-1.040211887900987,3.8314672,1.5635293,0.79788756,0.9976504,-0.059844248,-0.033280287,0.0021810506,-0.4813216,0.43428284,0.87638617,0.012800144,-0.09167328,-0.70535403,3.0,3.0,3.0,3.0,3.0,3.0,2.8683124,2.2526953,1.902225,1.6905755,1.5640737,1.4975191,1.4795171,1.507194,1.585004,1.7266028,1.961427,2.352926,3.0,3.0,3.0,3.0,3.0,3.0,3.0,3.0,2.2125566,3.0,3.0,3.0,3.0,3.0,3.0,3.0,3.0,3.0,2.324472,-2.305285,0.92456186,42.061386
175,-1.055812912625314,3.841645,1.5542022,0.779797,0.9977231,-0.05900035,-0.03213017,-0.0059354748,-0.49237594,0.455043,0.8497619,0.2448085,-0.08708998,-0.974867,3.0,3.0,3.0,3.0,3.0,3.0,3.0,2.4993055,2.1109853,1.8764536,1.7363057,1.6626453,1.6428666,1.6738131,1.7604655,1.9180402,2.1793232,2.6150055,3.0,3.0,3.0,3.0,3.0,3.0,3.0,3.0,2.228244,3.0,3.0,3.0,3.0,3.0,3.0,3.0,3.0,3.0,3.787671,-3.8852572,0.4536054,44.199364
180,-1.056831511193337,3.8519616,1.5446029,0.76357746,0.99772966,-0.05677564,-0.0324286,-0.016138101,-0.49708042,0.46454588,0.73108846,0.24463922,-0.08886486,-0.9720789,3.0,3.0,3.0,3.0,3.0,3.0,3.0,2.8581533,2.388431,2.1062741,1.9363581,1.8436468,1.8119473,1.8361675,1.9201779,2.0784242,2.3426702,2.7806902,3.0,3.0,3.0,3.0,3.0,3.0,3.0,3.0,2.246103,3.0,3.0,3.0,3.0,3.0,3.0,3.0,3.0,3.0,4.005851,0.64593124,-0.056646585,44.41031
185,-1.0539097508778255,3.862382,1.5347986,0.7497319,0.9977055,-0.053903226,-0.03205456,-0.025506666,-0.50209713,0.47434986,0.6182101,0.3200632,-0.003395479,-0.86960113,3.0,3.0,3.0,3.0,3.0,3.0,3.0,3.0,2.6988819,2.3627162,2.1593628,2.0454648,2.0007253,2.0179017,2.099727,2.2600415,2.5300894,2.9761298,3.0,3.0,3.0,3.0,3.0,3.0,3.0,3.0,2.2641554,3.0,3.0,3.0,3.0,3.0,3.0,3.0,3.0,3.0,0.6072016,2.8136806,-0.7475682,40.46717
190,-1.0548977975703373,3.8728986,1.5248076,0.7383383,0.9976066,-0.05086063,-0.031532224,-0.034641784,-0.50658786,0.48298866,0.49938712,0.32044414,-0.0060694795,-0.86786294,3.0,3.0,3.0,3.0,3.0,3.0,3.0,3.0,3.0,2.6352448,2.3935094,2.2551615,2.1949823,2.2031324,2.2809057,2.441262,2.714589,3.0,3.0,3.0,3.0,3.0,3.0,3.0,3.0,3.0,2.2830815,3.0,3.0,3.0,3.0,3.0,3.0,3.0,3.0,3.0,-1.2143755,4.678273,-0.9053515,37.122086
195,-1.0558519125987307,3.8835073,1.5146424,0.7294167,0.9974149,-0.04780831,-0.031035628,-0.043757297,-0.51094246,0.4911578,0.38083622,0.32074612,-0.00875706,-0.86614823,3.0,3.0,3.0,3.0,3.0,3.0,3.0,3.0,3.0,2.9203825,2.6341066,2.467218,2.388465,2.3848033,2.4556527,2.6126554,2.8847435,3.0,3.0,3.0,3.0,3.0,3.0,3.0,3.0,3.0,2.3031683,3.0,3.0,3.0,3.0,3.0,3.0,3.0,3.0,3.0,1.9730282,4.711562,-0.9628365,38.77121
200,-1.0567809790612355,3.8942049,1.504313,0.7229618,0.99713093,-0.044747137,-0.030564886,-0.05285252,-0.51517,0.49884972,0.2625376,0.32096922,-0.011455765,-0.8644571,3.0,3.0,3.0,3.0,3.0,3.0,3.0,3.0,3.0,3.0,2.8826323,2.6822646,2.5812745,2.562653,2.623439,2.7734978,3.0,3.0,3.0,3.0,3.0,3.0,3.0,3.0,3.0,3.0,2.324437,2.2472847,3.0,3.0,3.0,3.0,3.0,3.0,3.0,3.0,-2.0709362,4.538063,-0.87456256,44.239754
205,-1.0576937282057293,3.9049892,1.4938294,0.7189684,0.9967551,-0.041677993,-0.030120097,-0.061926764,-0.5192783,0.506056,0.14447491,0.32111362,-0.014163152,-0.8627896,3.0,3.0,3.0,3.0,3.0,3.0,3.0,3.0,3.0,3.0,3.0,2.901081,2.7735167,2.7363384,2.7836032,2.9229014,3.0,3.0,3.0,3.0,3.0,3.0,3.0,3.0,3.0,3.0,2.3469098,2.2614138,3.0,3.0,3.0,3.0,3.0,3.0,3.0,3.0,-4.806149,4.5047865,-0.81957054,29.092628
210,-1.0585987285642722,3.9158576,1.4832019,0.71743184,0.99628794,-0.038601734,-0.029701347,-0.07097936,-0.52327424,0.5127675,0.026636155,0.32117945,-0.016876802,-0.8611457,3.0,3.0,3.0,3.0,3.0,3.0,3.0,3.0,3.0,3.0,3.0,3.0,2.9653022,2.905412,2.9353158,3.0,3.0,3.0,3.0,3.0,3.0,3.0,3.0,3.0,3.0,3.0,3.0,2.2765634,3.0,3.0,3.0,3.0,3.0,3.0,3.0,3.0,-4.843503,4.534483,-0.7887924,43.344383
215,-1.0595043818421392,3.9268079,1.4724407,0.71834755,0.9957298,-0.03551923,-0.029308705,-0.080009624,-0.5271642,0.51897466,-0.090985574,0.321167,-0.019594315,-0.8595255,3.0,3.0,3.0,3.0,3.0,3.0,3.0,3.0,3.0,3.0,3.0,3.0,3.0,3.0,3.0,3.0,3.0,3.0,3.0,3.0,3.0,3.0,3.0,3.0,3.0,3.0,3.0,2.2927396,3.0,3.0,3.0,3.0,3.0,3.0,3.0,3.0,-4.9358673,3.8475037,-0.93743426,39.104538
220,-1.0604189246445759,3.937838,1.4615568,0.72171104,0.9950812,-0.03243134,-0.028942226,-0.08901692,-0.5309543,0.5246682,-0.20839182,0.3210766,-0.02231332,-0.857929,3.0,3.0,3.0,3.0,3.0,3.0,3.0,3.0,3.0,3.0,3.0,3.0,3.0,3.0,3.0,3.0,3.0,3.0,3.0,3.0,3.0,3.0,3.0,3.0,3.0,3.0,3.0,2.309951,3.0,3.0,3.0,3.0,3.0,3.0,3.0,3.0,-4.9737973,4.874751,-0.95988184,37.051308
225,-1.051887672919217,3.948969,1.4505299,0.7270815,0.99440527,-0.030530699,-0.029513821,-0.09672094,-0.5360361,0.5317041,-0.29941818,0.16430645,-0.11525988,-0.70368767,3.0,3.0,3.0,3.0,3.0,3.0,3.0,3.0,3.0,3.0,3.0,3.0,3.0,3.0,3.0,3.0,3.0,3.0,3.0,3.0,3.0,3.0,3.0,3.0,3.0,3.0,3.0,2.327394,3.0,3.0,3.0,3.0,3.0,3.0,3.0,3.0,-4.8467455,2.938643,-0.37865394,38.66269
230,-1.0422472829108391,3.960221,1.4393433,0.73408204,0.9938114,-0.031165747,-0.03201822,-0.1016975,-0.5419842,0.5393505,-0.3768221,-0.12611447,-0.27943847,-0.42257395,3.0,3.0,3.0,3.0,3.0,3.0,3.0,3.0,3.0,3.0,3.0,3.0,3.0,3.0,2.9798403,3.0,3.0,3.0,3.0,3.0,3.0,3.0,3.0,3.0,3.0,3.0,3.0,2.3437283,3.0,3.0,3.0,3.0,3.0,3.0,3.0,3.0,-3.7777538,0.13699913,-0.4432493,37.54509
235,-1.05050222950363,3.9716072,1.4279928,0.7426632,0.9931133,-0.032227874,-0.03692516,-0.10641369,-0.5490633,0.5477794,-0.44586948,-0.20631662,-0.5107079,-0.38080987,3.0,3.0,3.0,3.0,3.0,3.0,3.0,3.0,3.0,3.0,3.0,3.0,2.900209,2.7211869,2.6384892,2.6384737,2.7211385,2.900119,3.0,3.0,3.0,3.0,3.0,3.0,3.0,3.0,3.0,2.360407,3.0,3.0,3.0,3.0,3.0,3.0,3.0,3.0,2.651381,0.53312874,-0.7911478,32.913147
240,-1.0548735078401257,3.9831228,1.4164976,0.75320095,0.9923242,-0.03462394,-0.04134087,-0.11128711,-0.5559369,0.55514336,-0.5371201,-0.33494282,-0.27043274,-0.5989205,3.0,3.0,3.0,3.0,3.0,3.0,3.0,3.0,3.0,3.0,3.0,2.8491085,2.5596728,2.3895297,2.306304,2.2960982,2.357292,2.4998739,2.749743,3.0,3.0,3.0,3.0,3.0,3.0,3.0,3.0,2.3781486,2.4646754,3.0,3.0,3.0,3.0,3.0,3.0,3.0,1.3436942,3.4834175,-0.9395648,31.79409
245,-1.052640938200079,3.9947968,1.4048346,0.76555884,0.99137527,-0.03810696,-0.043170385,-0.117725424,-0.5637102,0.5634319,-0.625569,-0.2840614,-0.059806753,-0.6080255,3.0,3.0,3.0,3.0,3.0,3.0,3.0,3.0,3.0,3.0,2.9007714,2.4995651,2.2560763,2.1143556,2.047935,2.0458288,2.1077025,2.2437365,2.4790637,2.8668525,3.0,3.0,3.0,3.0,3.0,3.0,3.0,2.3986566,2.3378026,3.0,3.0,3.0,3.0,3.0,3.0,3.0,2.025775,2.1939678,-0.64722794,3.5551338
250,-1.0600854823697166,4.0068254,1.3927696,0.7772625,0.9903575,-0.042332903,-0.04246208,-0.12488761,-0.5894784,0.59355736,-0.47838405,-0.3361088,0.034963056,-0.7573642,3.0,3.0,3.0,3.0,3.0,3.0,3.0,3.0,3.0,3.0,2.5147748,2.2007797,2.0108073,1.9042891,1.8622245,1.877801,1.9534968,2.102106,2.3525543,2.7661686,3.0,3.0,3.0,3.0,3.0,3.0,3.0,3.0,2.3540108,3.0,3.0,3.0,3.0,3.0,3.0,3.0,-0.24480343,-3.7849393,-0.4341091,37.081223
255,-1.0504740090018632,4.019391,1.3800282,0.78573704,0.98938954,-0.045930002,-0.041905515,-0.1313114,-0.61351544,0.6255573,-0.3412056,-0.41799217,0.026819227,-0.49386972,3.0,3.0,3.0,3.0,3.0,3.0,3.0,3.0,3.0,2.6823108,2.2516017,1.9922341,1.8364854,1.752717,1.7264254,1.7533997,1.8379624,1.9947762,2.2557788,2.689381,3.0,3.0,3.0,3.0,3.0,3.0,3.0,3.0,2.3710117,3.0,3.0,3.0,3.0,3.0,3.0,3.0,4.299225,-4.6234126,0.08164942,43.097076
260,-1.043678198596693,4.032434,1.3666103,0.79152495,0.9889796,-0.047139063,-0.040333237,-0.13442658,-0.63690865,0.6604601,-0.19783749,-0.09929203,0.26144972,-0.4478371,3.0,3.0,3.0,3.0,3.0,3.0,3.0,3.0,3.0,2.5301776,2.1448581,1.9118,1.7730181,1.7012136,1.6841798,1.719203,1.8119378,1.9788003,2.2549791,2.7166896,3.0,3.0,3.0,3.0,3.0,3.0,3.0,3.0,2.3864577,3.0,3.0,3.0,3.0,3.0,3.0,3.0,0.46293926,-0.79448795,0.6220906,42.717377
265,-1.0412316671332378,4.0459824,1.35241,0.793864,0.9887467,-0.048447926,-0.035840232,-0.13692398,-0.65502536,0.68949753,-0.11528435,0.044552214,0.41382462,-0.24475272,3.0,3.0,3.0,3.0,3.0,3.0,3.0,3.0,2.9417179,2.3971894,2.07599,1.8810978,1.7687892,1.7184068,1.7216786,1.7791238,1.9002663,2.107837,2.4498816,3.0,3.0,3.0,3.0,3.0,3.0,3.0,3.0,3.0,2.4024386,3.0,3.0,3.0,3.0,3.0,3.0,3.0,-4.4108353,4.34581,0.34082937,38.49913
270,-1.0378613812860376,4.059911,1.3375142,0.79370075,0.98875105,-0.05083575,-0.032845292,-0.13677803,-0.6760187,0.7298794,0.06931559,-0.14594604,0.36611608,0.18338785,3.0,3.0,3.0,3.0,3.0,3.0,3.0,3.0,2.6981864,2.2535827,1.9865959,1.8257681,1.7378801,1.7075655,1.729953,1.8086195,1.9570788,2.205082,2.616083,3.0,3.0,3.0,3.0,3.0,3.0,3.0,3.0,3.0,2.4185038,3.0,3.0,3.0,3.0,3.0,3.0,3.0,-3.626697,-3.7919939,0.77323353,42.945618
275,-1.0542765841019015,4.0742054,1.3218448,0.79045993,0.9893978,-0.050933603,-0.03251238,-0.13206308,-0.69299585,0.7674757,0.21735345,0.11449016,0.11914861,0.7553466,3.0,3.0,3.0,3.0,3.0,3.0,3.0,3.0,2.711043,2.2726731,2.0088804,1.850331,1.7646741,1.7370406,1.7630014,1.8467128,2.002653,2.2624412,2.6937237,3.0,3.0,3.0,3.0,3.0,3.0,3.0,3.0,3.0,2.4321492,3.0,3.0,3.0,3.0,3.0,3.0,3.0,-3.5193229,3.2952032,0.13635147,42.958107
280,-1.0578556427277301,4.08886,1.3053763,0.78399,0.9906081,-0.051013686,-0.033156794,-0.12244922,-0.70995814,0.8047159,0.36306432,-0.11128731,0.11020659,0.84850276,3.0,3.0,3.0,3.0,3.0,3.0,3.0,3.0,2.770762,2.3239598,2.0550165,1.8934281,1.8062809,1.7784626,1.805516,1.8917737,2.052169,2.319281,2.762843,3.0,3.0,3.0,3.0,3.0,3.0,3.0,3.0,3.0,2.4449813,3.0,3.0,3.0,3.0,3.0,3.0,3.0,-2.302813,-0.2603736,0.7808862,42.762177
285,-1.0623511847402276,4.1038685,1.2881554,0.7746714,0.99167144,-0.052072942,-0.0352088,-0.11241194,-0.7255282,0.8372597,0.4675301,-0.1624832,-0.18752788,0.922484,3.0,3.0,3.0,3.0,3.0,3.0,3.0,3.0,2.8252614,2.3628583,2.0849679,1.9176999,1.8266572,1.7959632,1.8206903,1.904792,2.0627503,2.3263528,2.7634673,3.0,3.0,3.0,3.0,3.0,3.0,3.0,3.0,3.0,2.459565,3.0,3.0,3.0,3.0,3.0,3.0,3.0,-2.690454,0.7475896,0.5260515,37.646713
290,-1.0692287424085314,4.1191874,1.2703192,0.76380813,0.9925482,-0.05387691,-0.03801212,-0.10247124,-0.743339,0.87110454,0.578138,-0.29646197,-0.06951214,1.0522757,3.0,3.0,3.0,3.0,3.0,3.0,3.0,3.0,2.8583019,2.3819132,2.0962307,1.923935,1.8291684,1.7952875,1.8168386,1.8972613,2.0503166,2.3064637,2.730561,3.0,3.0,3.0,3.0,3.0,3.0,3.0,3.0,3.0,3.0,3.0,3.0,3.0,3.0,3.0,3.0,3.0,-0.36293983,-2.870332,0.6741985,38.626892
295,-1.0621922368906263,4.1348,1.2519355,0.7521073,0.993558,-0.05361818,-0.04007704,-0.091440745,-0.7524749,0.88807845,0.53424466,-0.020843435,-0.15367454,0.9292658,3.0,3.0,3.0,3.0,3.0,3.0,3.0,3.0,3.0,2.49851,2.1890798,2.0019724,1.8974451,1.8569129,1.8738204,1.9508593,2.1010818,2.3538575,2.7714999,3.0,3.0,3.0,3.0,3.0,3.0,3.0,3.0,2.5350683,3.0,3.0,3.0,3.0,3.0,3.0,3.0,3.0,-0.90436697,4.260771,0.5906298,19.869308
300,-1.0715782253615669,4.1506977,1.2330649,0.7401509,0.99455917,-0.052780975,-0.041575324,-0.07961015,-0.7668599,0.91202533,0.5520015,0.14232087,-0.00996687,1.1050458,3.0,3.0,3.0,3.0,3.0,3.0,3.0,3.0,3.0,2.6416025,2.3058088,2.1024344,1.9875227,1.9404248,1.9534892,2.0287924,2.178996,2.433057,2.852286,3.0,3.0,3.0,3.0,3.0,3.0,3.0,3.0,3.0,3.0,3.0,3.0,3.0,3.0,3.0,3.0,3.0,-3.0293107,4.351076,-0.18211657,13.083885
305,-1.0686883029134027,4.1668277,1.2138299,0.7289336,0.99542224,-0.052688383,-0.042974837,-0.067169055,-0.7812239,0.93354803,0.5547256,-0.19329973,0.047493476,1.0249555,3.0,3.0,3.0,3.0,3.0,3.0,3.0,3.0,3.0,2.7346964,2.3840263,2.1715498,2.0510688,2.0008533,2.0127323,2.0885928,2.2411594,2.4997096,2.9262004,3.0,3.0,3.0,3.0,3.0,3.0,3.0,3.0,3.0,3.0,3.0,3.0,3.0,3.0,3.0,3.0,3.0,-1.8057206,3.0502167,-0.11592698,39.40895
310,-1.0591709150617736,4.183194,1.1942489,0.71855724,0.9959271,-0.053145427,-0.044449557,-0.05769758,-0.78909606,0.9448887,0.4670812,0.018777862,-0.22594409,0.80040693,3.0,3.0,3.0,3.0,3.0,3.0,3.0,3.0,3.0,2.7940679,2.433834,2.2155097,2.0914464,2.0392158,2.0503101,2.1264915,2.280519,2.5418665,2.9728897,3.0,3.0,3.0,3.0,3.0,3.0,3.0,3.0,3.0,3.0,3.0,3.0,3.0,3.0,3.0,3.0,3.0,2.5675545,-1.7767386,-0.66303337,34.37085
315,-1.0601709408979458,4.1997046,1.174466,0.7103129,0.99627745,-0.052426077,-0.0472155,-0.049532764,-0.7948516,0.9526834,0.34818688,0.021480419,-0.22483085,0.799335,3.0,3.0,3.0,3.0,3.0,3.0,3.0,3.0,3.0,2.90313,2.5079603,2.2681408,2.1292322,2.0654933,2.066422,2.1321652,2.2735808,2.5169983,2.9180827,3.0,3.0,3.0,3.0,3.0,3.0,3.0,3.0,3.0,3.0,3.0,3.0,3.0,3.0,3.0,3.0,3.0,2.4498997,4.05966,0.4271456,26.184898
320,-1.042809547476969,4.216471,1.1543626,0.70309424,0.9963953,-0.05273301,-0.048820533,-0.04508006,-0.80929804,0.97040766,0.32067657,-0.15878485,-0.0059053875,0.43866357,3.0,3.0,3.0,3.0,3.0,3.0,3.0,3.0,3.0,2.9488816,2.5403867,2.2924762,2.1481159,2.0803246,2.0778854,2.140411,2.2781851,2.5166438,2.9095995,3.0,3.0,3.0,3.0,3.0,3.0,3.0,3.0,3.0,3.0,3.0,3.0,3.0,3.0,3.0,3.0,3.0,-0.36956453,-1.2458909,0.5963696,39.848557
325,-1.0459526100581198,4.233567,1.1338676,0.69623756,0.99676067,-0.051151093,-0.047452655,-0.03999957,-0.82395315,0.9876996,0.29010475,0.17061144,0.15103705,0.45388618,3.0,3.0,3.0,3.0,3.0,3.0,3.0,3.0,3.0,3.0,2.6687858,2.4106615,2.2606976,2.1909719,2.1899686,2.2575285,2.404784,2.659021,3.0,3.0,3.0,3.0,3.0,3.0,3.0,3.0,3.0,3.0,3.0,3.0,3.0,3.0,3.0,3.0,3.0,3.0,-0.85507107,-2.966596,-0.33037853,40.750107
330,-1.04691030464646,4.250811,1.1131998,0.6916761,0.99710125,-0.04922257,-0.046048947,-0.035294287,-0.8301896,0.9949074,0.17155412,0.1698678,0.15192585,0.45315507,3.0,3.0,3.0,3.0,3.0,3.0,3.0,3.0,3.0,3.0,2.802512,2.531771,2.374525,2.3015108,2.300672,2.371876,2.5268574,2.7943485,3.0,3.0,3.0,3.0,3.0,3.0,3.0,3.0,3.0,3.0,3.0,3.0,3.0,3.0,3.0,3.0,3.0,3.0,-4.253723,2.3395557,0.3436221,35.066483
335,-1.0535106149829576,4.268398,1.0921397,0.68718,0.99728054,-0.04769953,-0.047913007,-0.029335897,-0.84786195,1.0150125,0.18233241,0.15139392,-0.19597033,0.56851614,3.0,3.0,3.0,3.0,3.0,3.0,3.0,3.0,3.0,3.0,2.896306,2.5981107,2.4223168,2.3352635,2.3223662,2.381576,2.5225353,2.7707133,3.0,3.0,3.0,3.0,3.0,3.0,3.0,3.0,3.0,3.0,3.0,3.0,3.0,3.0,3.0,3.0,3.0,3.0,-2.4634097,3.3023062,-0.32331538,39.603317
340,-1.0546462714328213,4.286142,1.0709122,0.6848606,0.9974116,-0.045774538,-0.050174206,-0.023606913,-0.8543614,1.0214735,0.06402606,0.152696,-0.19446573,0.56777287,3.0,3.0,3.0,3.0,3.0,3.0,3.0,3.0,3.0,3.0,2.8890371,2.658265,2.4591064,2.354257,2.3257601,2.369067,2.4911456,2.7134142,3.0,3.0,3.0,3.0,3.0,3.0,3.0,3.0,3.0,3.0,3.0,3.0,3.0,3.0,3.0,3.0,3.0,3.0,-1.7401865,-1.5672092,0.05279839,42.608955
345,-1.0556651360159424,4.3040967,1.0494908,0.68431187,0.9974626,-0.04259887,-0.05370614,-0.019221442,-0.87075305,1.0359157,0.037903246,0.27567127,-0.32512456,0.45062447,3.0,3.0,3.0,3.0,3.0,3.0,3.0,3.0,3.0,3.0,2.8690572,2.7422416,2.5015533,2.36579,2.3105965,2.3270125,2.4176483,2.5977614,2.9021497,3.0,3.0,3.0,3.0,3.0,3.0,3.0,3.0,3.0,3.0,3.0,3.0,3.0,3.0,3.0,3.0,3.0,0.44894218,3.1795225,-0.013966978,19.167122
350,-1.0456546635830994,4.322505,1.027699,0.68337756,0.9974171,-0.040884867,-0.056175407,-0.018218653,-0.89784914,1.0570652,0.101064116,0.11051939,-0.38767424,-0.008609124,3.0,3.0,3.0,3.0,3.0,3.0,3.0,3.0,3.0,2.8194518,3.0,2.7883227,2.5201914,2.3646502,2.2928085,2.2928152,2.3646715,2.5202308,2.788388,3.0,3.0,3.0,3.0,3.0,3.0,3.0,3.0,3.0,3.0,3.0,3.0,3.0,3.0,3.0,3.0,3.0,-1.7351084,3.1320457,-0.3006183,6.248806
355,-1.0453048318890164,4.341449,1.00551,0.6815252,0.99724734,-0.04017423,-0.059741113,-0.017741293,-0.92538744,1.0764343,0.15315518,0.048605222,-0.3620678,0.09741429,3.0,3.0,3.0,3.0,3.0,3.0,3.0,3.0,3.0,2.7967541,3.0,2.7803836,2.4910834,2.320166,2.2347383,2.2204494,2.2750285,2.4073477,2.6412168,3.0,3.0,3.0,3.0,3.0,3.0,3.0,3.0,3.0,3.0,3.0,3.0,3.0,3.0,3.0,3.0,3.0,0.8784609,3.5999985,-0.28290665,30.233818
360,-1.0405890116526495,4.360898,0.9829773,0.6792723,0.9970546,-0.040406104,-0.06261134,-0.018148078,-0.9390851,1.0849802,0.07813348,-0.074719794,-0.22042164,-0.11428893,3.0,3.0,3.0,3.0,3.0,3.0,3.0,3.0,3.0,2.77432,3.0,2.7463422,2.4488375,2.2717688,2.180362,2.1590917,2.20457,2.324143,2.539001,2.894539,3.0,3.0,3.0,3.0,3.0,3.0,3.0,3.0,3.0,3.0,3.0,3.0,3.0,3.0,3.0,3.0,-2.467444,4.6683884,-0.1890341,23.923065
365,-1.0565737669963904,4.3809342,0.9600671,0.6762411,0.9967982,-0.044108815,-0.06413634,-0.018284071,-0.97893333,1.1110088,0.2055197,-0.5425634,-0.11455956,0.09613123,3.0,3.0,3.0,3.0,3.0,3.0,3.0,3.0,3.0,2.7530773,3.0,2.5960698,2.3315418,2.175938,2.0996087,2.0897985,2.1449497,2.2740598,2.5005524,2.874142,3.0,3.0,3.0,3.0,3.0,3.0,3.0,3.0,3.0,3.0,3.0,3.0,3.0,3.0,3.0,3.0,-1.5329826,-0.7953892,0.77704537,14.450638
370,-1.043918009863798,4.4019465,0.93648916,0.66949135,0.9964793,-0.048689667,-0.06584334,-0.017972745,-1.02566,1.143989,0.38083822,-0.2646915,-0.1139625,0.04629666,3.0,3.0,3.0,3.0,3.0,3.0,3.0,3.0,3.0,2.731663,2.8413246,2.4584107,2.2260523,2.0918965,2.0312004,2.0339866,2.1006963,2.2423742,2.485528,2.88619,3.0,3.0,3.0,3.0,3.0,3.0,3.0,3.0,3.0,3.0,3.0,3.0,3.0,3.0,3.0,3.0,-2.3837125,3.9764547,0.7603439,33.56759
375,-1.0560390219618936,4.4238048,0.91228944,0.66017556,0.996102,-0.053393643,-0.06821758,-0.01662317,-1.0587225,1.1687189,0.44356006,-0.4469397,-0.23602429,-0.06910431,3.0,3.0,3.0,3.0,3.0,3.0,3.0,3.0,3.0,2.7096949,2.6878655,2.3450127,2.137326,2.0198119,1.9713224,1.9839755,2.0597818,2.2114751,2.4682465,2.8918881,3.0,3.0,3.0,3.0,3.0,3.0,3.0,3.0,3.0,3.0,3.0,3.0,3.0,3.0,3.0,3.0,-0.73351526,2.8806915,0.49187136,-29.75327
380,-1.0559836569177308,4.446309,0.8875843,0.6499861,0.9958208,-0.057204273,-0.06884325,-0.018143743,-1.0924641,1.1959097,0.50414217,-0.09459982,-0.27013662,-0.39210865,3.0,3.0,3.0,3.0,3.0,3.0,3.0,3.0,3.0,2.6874,2.6138213,2.297934,2.1072912,2.0020282,1.9636056,1.9858325,2.0722535,2.237621,2.5147047,2.9732163,3.0,3.0,3.0,3.0,3.0,3.0,3.0,3.0,3.0,3.0,3.0,3.0,3.0,3.0,3.0,3.0,0.12186146,3.7462215,0.81784654,25.508202
385,-1.049233645360582,4.469547,0.86226344,0.63833785,0.9955385,-0.05965134,-0.07049605,-0.019368358,-1.1278473,1.2259895,0.57388765,-0.11852434,-0.20822507,-0.21788232,3.0,3.0,3.0,3.0,3.0,3.0,3.0,3.0,3.0,2.6636767,2.600917,2.2913373,2.1047652,2.002554,1.9668027,1.9917628,2.0814204,2.2511544,2.5348887,3.0,3.0,3.0,3.0,3.0,3.0,3.0,3.0,3.0,3.0,3.0,3.0,3.0,3.0,3.0,3.0,3.0,2.462841,2.5729184,0.10510242,8.412777
390,-1.0511418270004333,4.4933023,0.8365008,0.6268846,0.99527335,-0.061354347,-0.07217402,-0.02138971,-1.1512289,1.2460433,0.5523134,-0.11490821,-0.21127823,-0.23218966,3.0,3.0,3.0,3.0,3.0,3.0,3.0,3.0,3.0,2.639245,2.6158628,2.304656,2.1171126,2.0143957,1.9785193,2.003715,2.0940068,2.2648847,2.550511,3.0,3.0,3.0,3.0,3.0,3.0,3.0,3.0,3.0,3.0,3.0,3.0,3.0,3.0,3.0,3.0,3.0,-1.900053,2.2352338,-0.046379745,20.363503
395,-1.0699326636338966,4.517616,0.81025577,0.6154342,0.9948204,-0.064168274,-0.07503403,-0.024180012,-1.1843458,1.2749137,0.59384966,-0.28001022,-0.41253698,-0.46613848,3.0,3.0,3.0,3.0,3.0,3.0,3.0,3.0,3.0,2.615311,2.5875497,2.2797966,2.0943396,1.9927803,1.9573373,1.9823121,2.0716932,2.2408164,2.5234978,2.9918249,3.0,3.0,3.0,3.0,3.0,3.0,3.0,3.0,3.0,3.0,3.0,3.0,3.0,3.0,3.0,3.0,-1.1975293,2.817881,0.20867777,11.417744
400,-1.080354129459954,4.542694,0.78333634,0.602698,0.9941601,-0.06875373,-0.077542275,-0.030096289,-1.2197806,1.3064709,0.6425329,-0.43010947,-0.23742983,-0.7081353,3.0,3.0,3.0,3.0,3.0,3.0,3.0,3.0,3.0,2.593008,2.5221913,2.229255,2.0531764,1.958015,1.9272486,1.9559453,2.048699,2.2215486,2.5095294,2.987589,3.0,3.0,3.0,3.0,3.0,3.0,3.0,3.0,3.0,3.0,3.0,3.0,3.0,3.0,3.0,3.0,-4.497156,1.2642202,0.8937509,21.628204
405,-1.101004748824715,4.5687575,0.7555088,0.58740413,0.9931182,-0.07475969,-0.08272459,-0.035830073,-1.2728148,1.3564277,0.7994938,-0.90115917,-0.80240554,-0.30015337,3.0,3.0,3.0,3.0,3.0,3.0,3.0,3.0,3.0,2.571313,2.4290485,2.1489968,1.9808097,1.8903044,1.8618068,1.8907518,1.9817773,2.1506624,2.431785,2.8987749,3.0,3.0,3.0,3.0,3.0,3.0,3.0,3.0,3.0,3.0,3.0,3.0,3.0,3.0,3.0,3.0,-2.7793198,-2.900178,0.8880861,-0.49016953
410,-1.0924830279942734,4.5957756,0.72676575,0.57001567,0.99173164,-0.0839991,-0.08940329,-0.03767686,-1.3119637,1.3944181,0.84959894,-0.826809,-0.6156673,-0.11784506,3.0,3.0,3.0,3.0,3.0,3.0,3.0,3.0,3.0,2.5504582,2.271021,2.0182753,1.8672051,1.7877117,1.7661836,1.7991848,1.8920255,2.0609987,2.3412259,2.808408,3.0,3.0,3.0,3.0,3.0,3.0,3.0,3.0,3.0,3.0,3.0,3.0,3.0,3.0,3.0,3.0,-2.170104,2.8667288,0.93677926,9.747749
415,-1.1140537129378685,4.623732,0.6970852,0.5511305,0.9900993,-0.09408947,-0.09772994,-0.036047418,-1.360681,1.4437928,0.93345165,-1.1635273,-0.7404575,0.37574342,3.0,3.0,3.0,3.0,3.0,3.0,3.0,3.0,3.0,2.5038738,2.1240253,1.8942192,1.7574716,1.6869445,1.6706634,1.7060349,1.7987736,1.9653225,2.240896,2.7018356,3.0,3.0,3.0,3.0,3.0,3.0,3.0,3.0,3.0,3.0,3.0,3.0,3.0,3.0,3.0,3.0,-2.2286258,2.233652,0.9285214,36.956406
420,-1.1113894272765108,4.65267,0.6663953,0.53100544,0.98817265,-0.104157336,-0.10769363,-0.032683123,-1.4090143,1.4939678,0.9891752,-0.69623435,-1.1342114,0.06918035,3.0,3.0,3.0,3.0,3.0,3.0,3.0,3.0,2.9749205,2.358993,2.004829,1.790427,1.6631026,1.5980164,1.5841535,1.6193078,1.7091686,1.8697374,2.1352081,2.5798984,3.0,3.0,3.0,3.0,3.0,3.0,3.0,3.0,3.0,3.0,3.0,3.0,3.0,3.0,3.0,3.0,-1.9083261,3.6941843,0.7827134,-4.790928
425,-1.1375575886700215,4.682774,0.63449645,0.50929993,0.9857335,-0.11532842,-0.11876698,-0.03038389,-1.4708495,1.5576715,1.0803838,-1.4304117,-1.0770863,0.24238844,3.0,3.0,3.0,3.0,3.0,3.0,3.0,3.0,2.8051455,2.2289455,1.8969365,1.6958604,1.576641,1.5161239,1.5040925,1.5386331,1.6253433,1.7797157,2.0348043,2.462596,3.0,3.0,3.0,3.0,3.0,3.0,3.0,3.0,3.0,3.0,3.0,3.0,3.0,3.0,3.0,3.0,-3.124144,0.61397314,0.56526446,39.0289
430,-1.1472669660459496,4.7141123,0.6013274,0.486327,0.98240805,-0.12859656,-0.13258459,-0.027543634,-1.5383257,1.6273605,1.1611738,-1.2909025,-1.4146693,0.28585607,3.0,3.0,3.0,3.0,3.0,3.0,3.0,3.0,2.6319125,2.0935066,1.7829463,1.5948211,1.4833763,1.4270166,1.4162395,1.449331,1.5316582,1.6779557,1.9196389,2.3251967,3.0,3.0,3.0,3.0,3.0,3.0,3.0,3.0,3.0,3.0,3.0,3.0,3.0,3.0,3.0,3.0,-4.073829,4.848217,0.8166902,-17.4472
435,-1.1781068966901656,4.74752,0.5660336,0.45957717,0.977839,-0.14436257,-0.14998038,-0.022275751,-1.6479967,1.7391979,1.3618292,-1.8468179,-1.5188915,0.6092296,3.0,3.0,3.0,3.0,3.0,3.0,3.0,3.0,2.4631062,1.9605765,1.6705117,1.4947792,1.3907351,1.3382484,1.3284763,1.3598652,1.4375082,1.5753181,1.8029425,2.1850638,2.8839166,3.0,3.0,3.0,3.0,3.0,3.0,3.0,3.0,3.0,3.0,3.0,3.0,3.0,3.0,3.0,-4.719865,4.860689,0.9833219,-30.370213
440,-1.2396011652383752,4.783382,0.52826405,0.42878658,0.97123516,-0.16611958,-0.1701646,-0.012269533,-1.7717651,1.8634902,1.5522785,-2.7308125,-2.0511196,1.12892,3.0,3.0,3.0,3.0,3.0,3.0,3.0,3.0,2.2351234,1.7934111,1.5364562,1.3805969,1.2890049,1.244264,1.2389055,1.2720786,1.3491999,1.4842856,1.707071,2.0830142,2.7796195,3.0,3.0,3.0,3.0,3.0,3.0,3.0,3.0,3.0,3.0,3.0,3.0,3.0,3.0,3.0,-4.991786,3.1074038,0.9981301,-40.16368
445,-1.2757060314874809,4.821577,0.48816222,0.395399,0.9614039,-0.1924188,-0.19657464,0.0059936643,-1.8701671,1.9612308,1.6175054,-2.8427176,-2.3974092,2.0106783,3.0,3.0,3.0,3.0,3.0,3.0,3.0,2.7308128,2.0056431,1.623784,1.3998041,1.2638717,1.1848162,1.1478935,1.1470003,1.1819948,1.2586385,1.3911098,1.6093996,1.9803172,2.6791968,3.0,3.0,3.0,3.0,3.0,3.0,3.0,3.0,3.0,3.0,3.0,3.0,3.0,3.0,3.0,-4.928787,0.85431623,0.9875314,-43.364517
450,-1.3263236003819776,4.862234,0.44568688,0.36044735,0.9485428,-0.21731807,-0.22852074,0.028595287,-2.016186,2.09923,1.732194,-3.2232783,-2.9923851,2.585547,3.0,3.0,3.0,3.0,3.0,3.0,3.0,2.501515,1.8497225,1.5036261,1.299902,1.176271,1.1047667,1.0721681,1.0731095,1.1077402,1.1817861,1.3090645,1.5187852,1.8764129,2.5559123,3.0,3.0,3.0,3.0,3.0,3.0,3.0,3.0,3.0,3.0,3.0,3.0,3.0,3.0,3.0,-4.999613,1.8913417,0.99746513,-43.208977
455,-1.3306362419400837,4.905967,0.4004347,0.32377806,0.93268,-0.2397657,-0.2634596,0.056651637,-2.1604543,2.2241495,1.781427,-2.6853533,-2.9977415,3.023407,3.0,3.0,3.0,3.0,3.0,3.0,3.0,2.3355513,1.7373303,1.4173583,1.2284368,1.1138176,1.0478841,1.0185386,1.0209684,1.0555593,1.1280535,1.2520893,1.4564935,1.8062462,2.4760664,3.0,3.0,3.0,3.0,3.0,3.0,3.0,3.0,3.0,3.0,3.0,3.0,3.0,3.0,3.0,-4.9994936,4.4414253,0.9826251,-38.222534
460,-1.3416090399267682,4.9538503,0.35182893,0.28507462,0.91482764,-0.25842714,-0.2981199,0.086199164,-2.3922882,2.4042444,1.9022214,-2.6903841,-2.9064076,3.135334,3.0,3.0,3.0,3.0,3.0,3.0,3.0,2.225145,1.6653954,1.3637681,1.185133,1.0768043,1.0148748,0.9880706,0.992012,1.0273248,1.0998979,1.2235051,1.4272696,1.7772579,2.4534202,3.0,3.0,3.0,3.0,3.0,3.0,3.0,3.0,3.0,3.0,3.0,3.0,3.0,3.0,3.0,-4.996486,1.7696424,0.99272823,-40.937454
465,-1.3405688858341012,5.0065427,0.29976562,0.24468645,0.8958703,-0.27402675,-0.3302792,0.11507094,-2.637159,2.5712564,1.9749864,-2.3852596,-2.7570517,3.0910807,3.0,3.0,3.0,3.0,3.0,3.0,3.0,2.1459444,1.6188556,1.3321322,1.1616787,1.0584087,0.9999018,0.97561514,0.98159844,1.0188024,1.0934709,1.2199494,1.4285979,1.7889118,2.4936025,3.0,3.0,3.0,3.0,3.0,3.0,3.0,3.0,3.0,3.0,3.0,3.0,3.0,3.0,3.0,-4.998478,4.7692356,0.9917278,-42.943733
470,-1.3587830136837362,5.0650682,0.24399479,0.20264317,0.87484044,-0.28823292,-0.36130956,0.14502217,-2.9254394,2.7452958,2.0413244,-2.448021,-2.6310375,3.2838612,3.0,3.0,3.0,3.0,3.0,3.0,2.2083838,2.0723839,1.580181,1.3090492,1.1470832,1.0491515,0.99446595,0.9733071,0.9822533,1.0227289,1.1015935,1.2342736,1.4535027,1.8352364,2.5958624,3.0,3.0,3.0,3.0,3.0,3.0,3.0,3.0,3.0,3.0,3.0,3.0,3.0,3.0,3.0,-4.999925,4.5842037,0.9963448,-39.317707
475,-1.3846410251838956,5.129331,0.18502444,0.16001134,0.85147977,-0.30135995,-0.38970295,0.17971079,-3.1789076,2.8782268,2.035268,-2.5190246,-2.306721,3.8597522,3.0,3.0,3.0,3.0,3.0,2.3697648,2.1288903,1.9813892,1.5358691,1.2858187,1.1354584,1.0450096,0.9959361,0.97969717,0.9936877,1.0401456,1.1270864,1.272063,1.5125853,1.9378825,2.814877,3.0,3.0,3.0,3.0,3.0,3.0,3.0,3.0,3.0,3.0,3.0,3.0,3.0,3.0,3.0,-4.999879,1.6523175,0.9644182,-34.86644
480,-1.3928756405810194,5.198033,0.12396124,0.11852377,0.82659596,-0.3096543,-0.4171835,0.21635908,-3.381509,2.9659266,1.9617978,-2.3319626,-2.2324226,3.9290876,3.0,3.0,3.0,3.0,3.0,2.2019677,2.5897412,1.9136572,1.5056998,1.2729986,1.1323975,1.0484538,1.0045118,0.99306494,1.0122874,1.0652753,1.1613533,1.3205829,1.5862694,2.0643082,3.0,3.0,3.0,3.0,3.0,3.0,3.0,3.0,3.0,3.0,3.0,3.0,3.0,3.0,3.0,3.0,-4.9987516,3.4906254,0.9937599,-41.51931
485,-1.4166325211370374,5.27135,0.06112615,0.07860961,0.79872435,-0.3127052,-0.44479457,0.2577066,-3.6064107,3.0441773,1.8790814,-1.8903513,-2.1740587,4.475764,3.0,3.0,3.0,3.0,3.0,3.0,2.584814,1.8541323,1.4805839,1.2642856,1.1331714,1.0557613,1.0171814,1.010956,1.0360963,1.0966909,1.2036577,1.3802155,1.6771944,2.2230778,3.0,3.0,3.0,3.0,3.0,3.0,3.0,3.0,3.0,3.0,3.0,3.0,3.0,3.0,3.0,3.0,-4.9941344,4.71649,0.82879066,-42.259876
490,-1.3747115483737467,5.3505573,-0.003412641,0.04013478,0.77195877,-0.31598485,-0.47038892,0.28804082,-3.9347267,3.130548,1.8228525,-1.5832483,-2.3590128,3.0496156,3.0,3.0,3.0,3.0,3.0,3.0,2.4927175,1.8215725,1.4703645,1.2649163,1.1402406,1.0674613,1.0329168,1.0308789,1.0610243,1.1283015,1.2450802,1.4375447,1.7637817,2.3749034,3.0,3.0,3.0,3.0,3.0,3.0,3.0,3.0,3.0,3.0,3.0,3.0,3.0,3.0,3.0,3.0,-4.9726763,4.7952595,0.9703175,-37.082203
495,-1.3533596457790444,5.4364147,-0.069403164,0.0032111579,0.74823236,-0.32261467,-0.49235207,0.30603513,-4.238684,3.1883783,1.7332873,-1.6308707,-2.3001816,1.9859159,3.0,3.0,3.0,3.0,3.0,3.0,2.4346426,1.8045135,1.468955,1.2711946,1.1511918,1.0819299,1.0506408,1.0521821,1.0867982,1.1602216,1.2861965,1.4937757,1.8482167,2.523724,3.0,3.0,3.0,3.0,3.0,3.0,3.0,3.0,3.0,3.0,3.0,3.0,3.0,3.0,3.0,3.0,-4.9888334,4.835367,0.9936757,-43.73714
500,-1.334865560390237,5.528243,-0.13634197,-0.031474713,0.72745484,-0.33243144,-0.5071321,0.32111654,-4.5137362,3.2269366,1.615142,-1.7382314,-1.6824927,1.4445034,3.0,3.0,3.0,3.0,3.0,3.0,2.3509111,1.7746955,1.460993,1.2744409,1.161429,1.097457,1.0710075,1.07778,1.1188508,1.2011169,1.3404002,1.5701916,1.9672133,2.7445674,3.0,3.0,3.0,3.0,3.0,3.0,3.0,3.0,3.0,3.0,3.0,3.0,3.0,3.0,3.0,3.0,-4.9808474,4.720994,0.89360285,-42.93424
505,-1.3118788144640192,5.625294,-0.2038926,-0.06338134,0.70990354,-0.34346232,-0.5155978,0.3350066,-4.74737,3.2508554,1.4724132,-1.4038912,-1.052149,1.2139548,3.0,3.0,3.0,3.0,3.0,3.0,2.2599661,1.7398353,1.4501463,1.2764033,1.1716291,1.1140324,1.0935019,1.1067334,1.1558388,1.2492236,1.4054829,1.6642183,2.1186051,3.0,3.0,3.0,3.0,3.0,3.0,3.0,3.0,3.0,3.0,3.0,3.0,3.0,3.0,3.0,3.0,3.0,-4.996238,4.108349,0.89313555,-34.633553
510,-1.2771820039726545,5.7265496,-0.27177957,-0.09204889,0.69786185,-0.34857747,-0.52208674,0.3448304,-4.9304137,3.2624416,1.309947,-0.68484366,-0.56272,0.8959526,3.0,3.0,3.0,3.0,3.0,3.0,2.233156,1.7374899,1.458148,1.2899526,1.1889358,1.1345608,1.1174089,1.1347327,1.1893077,1.2905928,1.4591998,1.7392702,2.2364821,3.0,3.0,3.0,3.0,3.0,3.0,3.0,3.0,3.0,3.0,3.0,3.0,3.0,3.0,3.0,3.0,3.0,-4.952392,4.0323744,0.8533913,-30.18467
515,-1.2661911356521856,5.831223,-0.3398092,-0.11719998,0.6906264,-0.35325503,-0.52561677,0.3492465,-5.0762405,3.2657723,1.1362991,-0.69834363,-0.5458979,0.17617175,3.0,3.0,3.0,3.0,3.0,3.0,2.2304556,1.7467464,1.4722075,1.3065534,1.2073833,1.1548187,1.1398283,1.1600169,1.2186288,1.3259096,1.5040127,1.8005867,2.331077,3.0,3.0,3.0,3.0,3.0,3.0,3.0,3.0,3.0,3.0,3.0,3.0,3.0,3.0,3.0,3.0,3.0,-4.9803023,3.715704,0.19919443,17.99403
520,-1.2609870083981332,5.938749,-0.40787062,-0.13867544,0.68728864,-0.35935137,-0.52492267,0.35065237,-5.2194257,3.2679632,0.9607174,-0.56464577,-0.10795533,-0.33489788,3.0,3.0,3.0,3.0,3.0,3.0,2.2247434,1.753137,1.4837002,1.3208358,1.2236936,1.1730623,1.1603092,1.1834005,1.2460593,1.3593364,1.5469729,1.8602812,2.4251287,3.0,3.0,3.0,3.0,3.0,3.0,3.0,3.0,3.0,3.0,3.0,3.0,3.0,3.0,3.0,3.0,3.0,-4.91318,-1.7622681,0.9678204,11.975628
525,-1.2650743834810705,6.0484004,-0.47587702,-0.15632604,0.68847275,-0.36373356,-0.5209202,0.3497789,-5.293709,3.2621741,0.7719626,-0.16169068,0.32830545,-0.5485731,3.0,3.0,3.0,3.0,3.0,3.0,2.2326353,1.7659819,1.4983343,1.336399,1.240056,1.1904078,1.1790271,1.2041014,1.2696825,1.3874024,1.5821682,1.907988,2.4984026,3.0,3.0,3.0,3.0,3.0,3.0,3.0,3.0,3.0,3.0,3.0,3.0,3.0,3.0,3.0,3.0,3.0,-4.9950523,1.4056787,0.56780684,30.706635
530,-1.2986562980908203,6.159655,-0.5437855,-0.17007507,0.6951764,-0.36410347,-0.5140245,0.3463195,-5.370024,3.2579403,0.5853821,0.3581316,0.8732159,-0.8220073,3.0,3.0,3.0,3.0,3.0,3.0,2.269776,1.7943566,1.5218378,1.3569773,1.2588555,1.208202,1.1964134,1.2216121,1.2878681,1.4069235,1.6039318,1.9334079,2.529984,3.0,3.0,3.0,3.0,3.0,3.0,3.0,3.0,3.0,3.0,3.0,3.0,3.0,3.0,3.0,3.0,3.0,-4.9841137,0.19593477,0.7729957,-19.893976
535,-1.352553999229281,6.272636,-0.61164975,-0.1800064,0.7083477,-0.3595196,-0.503604,0.33966488,-5.475378,3.2602313,0.40864828,1.0513864,1.563461,-1.1728097,3.0,3.0,3.0,3.0,3.0,3.0,2.347054,1.8448796,1.558735,1.3858901,1.2826338,1.2284341,1.2140211,1.2370951,1.3013706,1.4181424,1.611735,1.934614,2.5148196,3.0,3.0,3.0,3.0,3.0,3.0,3.0,3.0,3.0,3.0,3.0,3.0,3.0,3.0,3.0,3.0,3.0,-4.999881,0.67819405,0.9297168,16.960888
540,-1.398522709767118,6.388383,-0.67968965,-0.18646069,0.7278576,-0.35064712,-0.4885976,0.32945752,-5.6099772,3.2703135,0.24525976,1.4120111,2.114699,-1.5730081,3.0,3.0,3.0,3.0,3.0,3.0,2.467876,1.9200091,1.6112665,1.425372,1.3137225,1.253617,1.2346437,1.2537631,1.3140383,1.4259156,1.6121595,1.9215207,2.4707003,3.0,3.0,3.0,3.0,3.0,3.0,3.0,3.0,3.0,3.0,3.0,3.0,3.0,3.0,3.0,3.0,3.0,-4.9874263,4.0372744,0.97507334,-6.7390366
545,-1.4233654393756483,6.5078425,-0.7481754,-0.18989828,0.74957603,-0.3447333,-0.46905637,0.31508863,-5.807821,3.297922,0.11079348,0.9561822,2.1733394,-2.3190823,3.0,3.0,3.0,3.0,3.0,3.0,2.5834556,1.9924611,1.6626332,1.4646771,1.345373,1.2800037,1.2571193,1.2730402,1.3303087,1.4387472,1.6200253,1.9203297,2.448634,3.0,3.0,3.0,3.0,3.0,3.0,3.0,3.0,3.0,3.0,3.0,3.0,3.0,3.0,3.0,3.0,3.0,-4.9975486,3.7489414,0.38918817,30.422455
550,-1.4679386282028348,6.631107,-0.8172875,-0.19062223,0.7730412,-0.3421067,-0.44319114,0.2982481,-5.988209,3.331368,-0.014551307,1.0262067,2.6617749,-2.870773,3.0,3.0,3.0,3.0,3.0,3.0,2.6669593,2.0496702,1.7065319,1.500872,1.376784,1.3083658,1.2835804,1.2984353,1.3553004,1.4638911,1.64576,1.9467722,2.474562,3.0,3.0,3.0,3.0,3.0,3.0,3.0,3.0,3.0,3.0,3.0,3.0,3.0,3.0,3.0,3.0,3.0,-4.997353,1.4455462,0.82175004,40.67891
555,-1.510614409630766,6.757898,-0.88718015,-0.18884818,0.8001286,-0.3371057,-0.41068912,0.27836752,-6.1349297,3.366649,-0.1374849,1.2283893,3.2420633,-3.228885,3.0,3.0,3.0,3.0,3.0,3.0,2.7620013,2.118441,1.761521,1.5477762,1.4187331,1.3473394,1.3210016,1.3354735,1.3930625,1.5035864,1.688898,1.9954625,2.5319982,3.0,3.0,3.0,3.0,3.0,3.0,3.0,3.0,3.0,3.0,3.0,3.0,3.0,3.0,3.0,3.0,3.0,-4.9990826,3.968955,0.80537474,32.477913
560,-1.518057677235348,6.8871984,-0.9577678,-0.18447009,0.82603693,-0.33461457,-0.37311774,0.2578356,-6.2234464,3.3925455,-0.27249297,0.7671308,3.3318558,-3.4016607,3.0,3.0,3.0,3.0,3.0,3.0,2.7972503,2.159626,1.8033516,1.5894359,1.4605609,1.3900867,1.3656859,1.3834369,1.4461755,1.564675,1.7626653,2.0907502,2.668525,3.0,3.0,3.0,3.0,3.0,3.0,3.0,3.0,3.0,3.0,3.0,3.0,3.0,3.0,3.0,3.0,3.0,-4.999069,1.0158033,0.6810099,37.81878
565,-1.5407591572357358,7.018242,-1.0290369,-0.1774818,0.8510657,-0.33091986,-0.32970574,0.23973599,-6.3124156,3.430819,-0.38964176,0.64981204,3.9843104,-3.2791967,3.0,3.0,3.0,3.0,3.0,3.0,2.780734,2.1798136,1.838393,1.6323223,1.5090226,1.4438308,1.4255599,1.4512911,1.5251614,1.6601015,1.8840392,2.257087,2.9251611,3.0,3.0,3.0,3.0,3.0,3.0,3.0,3.0,3.0,3.0,3.0,3.0,3.0,3.0,3.0,3.0,3.0,-4.997298,-1.2803075,0.45114315,43.916656
570,-1.5324480431076988,7.150123,-1.1007422,-0.16757852,0.873671,-0.32456052,-0.28496265,0.22395478,-6.3443294,3.45156,-0.5289039,0.8210333,4.0231857,-2.8167684,3.0,3.0,3.0,3.0,3.0,3.0,2.7446644,2.1935568,1.8741814,1.6805598,1.5663342,1.5095971,1.5008346,1.5386547,1.6292127,1.7888492,2.0522995,2.4956768,3.0,3.0,3.0,3.0,3.0,3.0,3.0,3.0,3.0,3.0,3.0,3.0,3.0,3.0,3.0,3.0,3.0,3.0,-4.9800177,-0.3659196,0.7738235,43.18123
575,-1.5553529002342443,7.2840447,-1.1739501,-0.15635055,0.8947556,-0.31286725,-0.2396072,0.21003537,-6.494637,3.5661292,-0.52904063,1.151428,4.435649,-2.661346,3.0,3.0,3.0,3.0,3.0,3.0,2.7313628,2.2280545,1.9309145,1.7506367,1.6469148,1.6007127,1.604452,1.6587266,1.7725452,1.9673142,2.2882812,2.8374193,3.0,3.0,3.0,3.0,3.0,3.0,3.0,3.0,3.0,3.0,3.0,3.0,3.0,3.0,3.0,3.0,3.0,3.0,-4.997774,-2.3446984,0.13230109,43.2462
580,-1.5678105093928214,7.4205384,-1.2494339,-0.14511354,0.91425365,-0.29790512,-0.19066133,0.19758815,-6.622343,3.6924531,-0.49700972,1.2170658,4.6025734,-2.5428996,3.0,3.0,3.0,3.0,3.0,3.0,2.7164807,2.2734072,2.0070317,1.8467593,1.7597051,1.730708,1.7551149,1.8368295,1.9899404,2.2453249,2.6689463,3.0,3.0,3.0,3.0,3.0,3.0,3.0,3.0,3.0,3.0,3.0,3.0,3.0,3.0,3.0,3.0,3.0,3.0,3.0,-4.9909773,2.5831976,0.035835743,44.636757
585,-1.5687790606549736,7.5598717,-1.3280472,-0.13550904,0.93098176,-0.27898294,-0.14274286,0.18725915,-6.7399263,3.841006,-0.4120038,1.5018901,4.5330358,-2.224834,3.0,3.0,3.0,3.0,3.0,3.0,2.7328026,2.3499885,2.1176853,1.9819822,1.9173737,1.9131391,1.9686065,2.0928757,2.308769,2.6646018,3.0,3.0,3.0,3.0,3.0,3.0,3.0,3.0,3.0,3.0,3.0,3.0,3.0,3.0,3.0,3.0,3.0,3.0,3.0,3.0,-4.993032,4.1898594,0.880239,44.950195
590,-1.5729257203464313,7.7017374,-1.4103616,-0.1290043,0.94515884,-0.25767583,-0.09582952,0.1763368,-6.8499336,4.023825,-0.24255358,1.6151431,4.459541,-2.1863472,3.0,3.0,3.0,3.0,3.0,3.0,2.7810462,2.461864,2.2702837,2.1674702,2.1356447,2.1697118,2.275133,2.4702106,2.79476,3.0,3.0,3.0,3.0,3.0,3.0,3.0,3.0,3.0,3.0,3.0,3.0,3.0,3.0,3.0,3.0,3.0,3.0,3.0,3.0,3.0,-4.9853597,4.9383297,0.6703352,44.62053
595,-1.5761273470469277,7.8453197,-1.496397,-0.12628862,0.9565421,-0.2353758,-0.04909016,0.16497153,-6.9136724,4.198975,-0.05338554,1.6218419,4.4337177,-2.169574,3.0,3.0,3.0,3.0,3.0,3.0,2.845124,2.6023364,2.4667864,2.414386,2.4366624,2.537162,2.732919,3.0,3.0,3.0,3.0,3.0,3.0,3.0,3.0,3.0,3.0,3.0,3.0,3.0,3.0,3.0,3.0,3.0,3.0,3.0,3.0,3.0,3.0,3.0,-4.9810286,4.6207733,0.9648266,44.889816
600,-1.5775529681661418,7.989635,-1.5859348,-0.12766959,0.96518016,-0.21231744,-0.0026333898,0.15277961,-6.9299345,4.3623137,0.14812078,1.6404792,4.382933,-2.2021825,3.0,3.0,3.0,3.0,3.0,3.0,2.9249647,2.7751975,2.7186003,2.7460346,2.8618712,3.0,3.0,3.0,3.0,3.0,3.0,3.0,3.0,3.0,3.0,3.0,3.0,3.0,3.0,3.0,3.0,3.0,3.0,3.0,3.0,3.0,3.0,3.0,3.0,3.0,-4.9079494,4.797714,0.76358676,44.835884
605,-1.576922744966602,8.133706,-1.6787231,-0.13339657,0.9710363,-0.18858168,0.043478433,0.14012493,-6.899483,4.5129037,0.36031213,1.6502042,4.355114,-2.1879954,3.0,3.0,3.0,3.0,3.0,3.0,3.0,2.9853113,3.0,3.0,3.0,3.0,3.0,3.0,3.0,3.0,3.0,3.0,3.0,3.0,3.0,3.0,3.0,3.0,3.0,3.0,3.0,3.0,3.0,3.0,3.0,3.0,3.0,3.0,3.0,3.0,-4.930704,4.8387165,0.9331268,44.749565
610,-1.5603953871246175,8.276584,-1.7742637,-0.14313386,0.974554,-0.16487834,0.08632054,0.12493352,-6.82479,4.633681,0.541722,1.691931,3.7706091,-2.5197344,3.0,3.0,3.0,3.0,3.0,3.0,3.0,3.0,3.0,3.0,3.0,3.0,3.0,3.0,3.0,3.0,3.0,3.0,3.0,3.0,3.0,3.0,3.0,3.0,3.0,3.0,3.0,3.0,3.0,3.0,3.0,3.0,3.0,3.0,3.0,3.0,-4.9972677,4.8376694,0.74740946,43.45687
615,-1.545432766442266,8.417399,-1.872171,-0.15679462,0.97657466,-0.1419367,0.12370826,0.104173556,-6.7105727,4.7411795,0.73164815,1.4665892,3.223672,-2.931464,3.0,3.0,3.0,3.0,3.0,3.0,3.0,3.0,3.0,3.0,3.0,3.0,3.0,3.0,3.0,3.0,3.0,3.0,3.0,3.0,3.0,3.0,3.0,3.0,3.0,3.0,3.0,3.0,3.0,3.0,3.0,3.0,3.0,3.0,3.0,3.0,-4.999815,4.907507,0.88862395,44.739662
620,-1.4936963579637947,8.555491,-1.9719754,-0.1740063,0.9772035,-0.1238235,0.15313387,0.079316445,-6.571399,4.8196173,0.88282543,0.89044493,2.206518,-2.756308,3.0,3.0,3.0,3.0,3.0,3.0,3.0,3.0,3.0,3.0,3.0,3.0,3.0,3.0,3.0,3.0,3.0,3.0,3.0,3.0,3.0,3.0,3.0,3.0,3.0,3.0,3.0,3.0,3.0,3.0,3.0,3.0,3.0,3.0,3.0,3.0,-4.9984317,4.8110085,0.95154595,43.410225
625,-1.4491957012969254,8.690615,-2.0730097,-0.19354375,0.9769827,-0.11064068,0.17293411,0.057941314,-6.430422,4.865223,0.9630266,0.6142917,1.327698,-2.4286437,3.0,3.0,3.0,2.9703894,3.0,3.0,3.0,3.0,3.0,3.0,3.0,3.0,3.0,3.0,3.0,3.0,3.0,3.0,3.0,3.0,3.0,3.0,3.0,3.0,3.0,3.0,3.0,3.0,3.0,3.0,3.0,3.0,3.0,3.0,3.0,3.0,-4.999276,4.678915,0.9638274,43.44017
630,-1.3907292307146006,8.822922,-2.1746671,-0.21392061,0.9767472,-0.10095475,0.18463509,0.04102391,-6.2962656,4.888315,0.98871213,0.52084225,0.74145263,-1.4941183,3.0,3.0,2.968127,2.9566905,3.0,3.0,3.0,3.0,3.0,3.0,3.0,3.0,3.0,3.0,3.0,3.0,3.0,3.0,3.0,3.0,3.0,3.0,3.0,3.0,3.0,3.0,3.0,3.0,3.0,3.0,3.0,3.0,3.0,3.0,3.0,3.0,-4.980025,4.6746044,0.8956039,17.181671
635,-1.3712449010406922,8.952324,-2.2767584,-0.23493016,0.9770186,-0.09621344,0.18832952,0.02663996,-6.15886,4.9052434,1.0098761,0.06255329,-0.08787077,-1.4358602,3.0,3.0,3.0,2.9964976,3.0,3.0,3.0,3.0,3.0,3.0,3.0,3.0,3.0,3.0,3.0,3.0,3.0,3.0,3.0,3.0,3.0,3.0,3.0,3.0,3.0,3.0,3.0,3.0,3.0,3.0,3.0,3.0,3.0,3.0,3.0,3.0,-4.97547,4.253824,0.7586646,15.087448
640,-1.358338765302332,9.079427,-2.3788426,-0.2549239,0.97784525,-0.09314414,0.1869181,0.014299898,-6.060312,4.8975596,0.9317802,0.084561035,-0.4367717,-1.1572841,3.0,3.0,3.0,3.0,3.0,3.0,3.0,3.0,3.0,3.0,3.0,3.0,3.0,3.0,3.0,3.0,3.0,3.0,3.0,3.0,3.0,3.0,3.0,3.0,3.0,3.0,3.0,3.0,3.0,3.0,3.0,3.0,3.0,3.0,3.0,3.0,-4.958635,3.439353,0.2435888,36.069946
645,-1.3460408976633622,9.204549,-2.480724,-0.27316093,0.9791461,-0.09042305,0.18187213,0.0043707597,-5.9701867,4.8851914,0.836941,0.0760608,-0.705341,-0.77692413,3.0,3.0,3.0,3.0,3.0,3.0,3.0,3.0,3.0,3.0,3.0,3.0,3.0,3.0,3.0,3.0,3.0,3.0,3.0,3.0,3.0,3.0,3.0,3.0,3.0,3.0,3.0,3.0,3.0,3.0,3.0,3.0,3.0,3.0,3.0,3.0,-4.912225,2.9373002,0.5190711,37.75058
650,-1.3606384506053695,9.327565,-2.5824676,-0.29010466,0.9810195,-0.08987333,0.17177075,-0.0042857616,-5.856051,4.885424,0.81240815,-0.09470787,-1.3035641,-0.55618834,3.0,3.0,3.0,3.0,3.0,3.0,3.0,3.0,3.0,3.0,3.0,3.0,3.0,3.0,3.0,3.0,3.0,3.0,3.0,3.0,3.0,3.0,3.0,3.0,3.0,3.0,3.0,3.0,3.0,3.0,3.0,3.0,3.0,3.0,3.0,3.0,-4.845669,3.603157,0.63690627,37.453293
655,-1.3737166100869165,9.448327,-2.6841786,-0.30637258,0.98357606,-0.0902196,0.1559741,-0.010518513,-5.760736,4.8782573,0.7512132,-0.22447272,-1.6841689,-0.37332895,3.0,3.0,3.0,3.0,3.0,3.0,3.0,3.0,3.0,3.0,3.0,3.0,3.0,3.0,3.0,3.0,3.0,3.0,3.0,3.0,3.0,3.0,3.0,3.0,3.0,3.0,3.0,3.0,3.0,3.0,3.0,3.0,3.0,3.0,3.0,3.0,-4.8215904,3.81324,0.23626721,-27.14291
660,-1.3754488352288252,9.567413,-2.7856133,-0.3206898,0.98592633,-0.09228464,0.13853003,-0.015565918,-5.683499,4.864667,0.65544105,-0.32913396,-1.7855406,-0.17398447,3.0,3.0,3.0,3.0,3.0,3.0,3.0,3.0,3.0,3.0,3.0,3.0,3.0,3.0,3.0,3.0,3.0,3.0,3.0,3.0,3.0,3.0,3.0,3.0,3.0,3.0,3.0,3.0,3.0,3.0,3.0,3.0,3.0,3.0,3.0,3.0,-4.652534,4.4510756,-0.05100441,21.19345
665,-1.3773278478992856,9.684962,-2.8867643,-0.33297706,0.9880953,-0.09467,0.119787455,-0.018874494,-5.6130733,4.8507113,0.5547242,-0.19933419,-1.8962092,-0.019387431,3.0,3.0,3.0,3.0,3.0,3.0,3.0,3.0,3.0,3.0,3.0,3.0,3.0,3.0,3.0,3.0,3.0,3.0,3.0,3.0,3.0,3.0,3.0,3.0,3.0,3.0,3.0,3.0,3.0,3.0,3.0,3.0,3.0,3.0,3.0,3.0,-4.2655153,4.893777,-0.21753657,2.9598618
670,-1.368921542033229,9.801114,-2.9876258,-0.34313536,0.9900028,-0.09666383,0.1005369,-0.021044148,-5.544772,4.8402395,0.46914303,-0.34582296,-1.7470431,0.04873862,3.0,3.0,3.0,3.0,3.0,3.0,3.0,3.0,3.0,3.0,3.0,3.0,3.0,3.0,3.0,3.0,3.0,3.0,3.0,3.0,3.0,3.0,3.0,3.0,3.0,3.0,3.0,3.0,3.0,3.0,3.0,3.0,3.0,3.0,3.0,3.0,-4.795982,4.8883286,-0.30028582,-5.320595
675,-1.3520662401928192,9.915796,-3.0883715,-0.352004,0.9913845,-0.09830811,0.0839367,-0.021140728,-5.4800158,4.831672,0.3903091,-0.04715453,-1.4641534,0.2562914,3.0,3.0,3.0,3.0,3.0,3.0,3.0,3.0,3.0,3.0,3.0,3.0,3.0,3.0,3.0,3.0,3.0,3.0,3.0,3.0,3.0,3.0,3.0,3.0,3.0,3.0,3.0,3.0,3.0,3.0,3.0,3.0,3.0,3.0,3.0,3.0,-4.8415575,4.743622,0.45345998,32.763855
680,-1.3669335805428091,10.028896,-3.1892886,-0.36095148,0.99245304,-0.10194875,0.065417476,-0.01907756,-5.400535,4.8467584,0.42723092,-0.36496496,-1.7524241,0.35868603,3.0,3.0,3.0,3.0,3.0,3.0,3.0,3.0,3.0,3.0,3.0,3.0,3.0,3.0,3.0,3.0,3.0,3.0,3.0,3.0,3.0,3.0,3.0,3.0,3.0,3.0,3.0,3.0,3.0,3.0,3.0,3.0,3.0,3.0,3.0,3.0,-3.9603024,4.8614655,0.26219833,6.258976
685,-1.3761791841429765,10.140693,-3.2902274,-0.3691112,0.99306554,-0.10632406,0.046531253,-0.01873027,-5.3433156,4.846072,0.37699267,-0.3838082,-1.9930137,0.22040603,3.0,3.0,3.0,3.0,3.0,3.0,3.0,3.0,3.0,3.0,3.0,3.0,3.0,3.0,3.0,3.0,3.0,3.0,3.0,3.0,3.0,3.0,3.0,3.0,3.0,3.0,3.0,3.0,3.0,3.0,3.0,3.0,3.0,3.0,3.0,3.0,-4.9166894,4.8107357,-0.086294115,17.5387
690,-1.3632082390312399,10.251377,-3.39118,-0.37626585,0.99318016,-0.11162188,0.027116057,-0.019959854,-5.2919407,4.8499103,0.34008467,-0.7009062,-1.65355,0.19591874,3.0,3.0,3.0,3.0,3.0,3.0,3.0,3.0,3.0,3.0,3.0,3.0,3.0,3.0,3.0,3.0,3.0,3.0,3.0,3.0,3.0,3.0,3.0,3.0,3.0,3.0,3.0,3.0,3.0,3.0,3.0,3.0,3.0,3.0,3.0,3.0,-4.212838,2.5940518,0.61650586,-7.0255013
695,-1.3593308191076336,10.361035,-3.492336,-0.38310963,0.99279064,-0.11791282,0.0112771075,-0.018332738,-5.2465863,4.855313,0.30233276,-0.72496337,-1.528153,0.4441968,3.0,3.0,3.0,3.0,3.0,3.0,3.0,3.0,3.0,3.0,3.0,3.0,3.0,3.0,3.0,3.0,3.0,3.0,3.0,3.0,3.0,3.0,3.0,3.0,3.0,3.0,3.0,3.0,3.0,3.0,3.0,3.0,3.0,3.0,3.0,3.0,-3.9403887,2.8776731,0.59676254,3.9941635
700,-1.319656206858871,10.469799,-3.593883,-0.39019728,0.99255,-0.12092789,-0.000582069,-0.014852676,-5.20531,4.877049,0.3234033,-0.24151817,-0.9088871,0.21791996,3.0,3.0,3.0,3.0,3.0,3.0,3.0,3.0,3.0,3.0,3.0,3.0,3.0,3.0,3.0,3.0,3.0,3.0,3.0,3.0,3.0,3.0,3.0,3.0,3.0,3.0,3.0,3.0,3.0,3.0,3.0,3.0,3.0,3.0,3.0,3.0,-4.601715,4.203332,0.6020169,27.625854
705,-1.3428487758106369,10.577801,-3.6959558,-0.39792058,0.9923676,-0.12174782,-0.013868963,-0.013844511,-5.1707687,4.9129176,0.39570168,0.029495558,-1.4253459,0.0851994,3.0,3.0,3.0,3.0,3.0,3.0,3.0,3.0,3.0,3.0,3.0,3.0,3.0,3.0,3.0,3.0,3.0,3.0,3.0,3.0,3.0,3.0,3.0,3.0,3.0,3.0,3.0,3.0,3.0,3.0,3.0,3.0,3.0,3.0,3.0,3.0,-4.579447,4.872718,0.75188637,-0.1264
710,-1.349226296743532,10.685186,-3.7988756,-0.40752825,0.9923344,-0.11959713,-0.0282244,-0.013125067,-5.144352,4.952844,0.483413,0.13021448,-1.4805971,0.4589872,3.0,3.0,3.0,3.0,3.0,3.0,3.0,3.0,3.0,3.0,3.0,3.0,3.0,3.0,3.0,3.0,3.0,3.0,3.0,3.0,3.0,3.0,3.0,3.0,3.0,3.0,3.0,3.0,3.0,3.0,3.0,3.0,3.0,3.0,3.0,3.0,-2.7318854,4.88937,0.1758976,13.711739
715,-1.3519052163220884,10.792102,-3.9023964,-0.4180917,0.99186695,-0.11910561,-0.043474365,-0.011124309,-5.124197,4.979053,0.51997554,0.028595058,-1.5504229,0.3957891,3.0,3.0,3.0,3.0,3.0,3.0,3.0,3.0,3.0,3.0,3.0,3.0,3.0,3.0,3.0,3.0,3.0,3.0,3.0,3.0,3.0,3.0,3.0,3.0,3.0,3.0,3.0,3.0,3.0,3.0,3.0,3.0,3.0,3.0,3.0,3.0,-4.0354915,3.6101933,0.45277786,-3.0328712
720,-1.358524009563753,10.898634,-4.0063004,-0.42876798,0.99114865,-0.11809673,-0.06004015,-0.008529049,-5.106212,4.990032,0.4956731,-0.0011846197,-1.6530349,0.5253425,3.0,3.0,3.0,3.0,3.0,3.0,3.0,3.0,3.0,3.0,3.0,3.0,3.0,3.0,3.0,3.0,3.0,3.0,3.0,3.0,3.0,3.0,3.0,3.0,3.0,3.0,3.0,3.0,3.0,3.0,3.0,3.0,3.0,3.0,3.0,3.0,-4.2843075,4.6429014,-0.24037963,9.206451
725,-1.3524439983375025,11.004725,-4.110123,-0.4376821,0.99017155,-0.116636515,-0.0769297,-0.00616399,-5.083397,4.978592,0.38048953,0.124259084,-1.5668483,0.41078416,3.0,3.0,3.0,3.0,3.0,3.0,3.0,3.0,3.0,3.0,3.0,3.0,3.0,3.0,3.0,3.0,3.0,3.0,3.0,3.0,3.0,3.0,3.0,3.0,3.0,3.0,3.0,3.0,3.0,3.0,3.0,3.0,3.0,3.0,3.0,3.0,-4.3274837,1.494956,0.07158458,-22.527409
730,-1.3432866844434996,11.110444,-4.2137923,-0.44455937,0.989241,-0.11344213,-0.092250526,-0.0047916723,-5.0697556,4.9752097,0.30001074,0.42844188,-1.348343,0.19596878,3.0,3.0,3.0,3.0,3.0,3.0,3.0,3.0,3.0,3.0,3.0,3.0,3.0,3.0,3.0,3.0,3.0,3.0,3.0,3.0,3.0,3.0,3.0,3.0,3.0,3.0,3.0,3.0,3.0,3.0,3.0,3.0,3.0,3.0,3.0,3.0,-4.2419825,4.46651,0.6290877,17.986454
735,-1.3237150103036521,11.216128,-4.317639,-0.45084888,0.98848236,-0.11033663,-0.10348627,-0.0043620444,-5.0728283,4.987006,0.28752738,0.18821107,-0.982531,0.24392922,3.0,3.0,3.0,3.0,3.0,3.0,3.0,3.0,3.0,3.0,3.0,3.0,3.0,3.0,3.0,3.0,3.0,3.0,3.0,3.0,3.0,3.0,3.0,3.0,3.0,3.0,3.0,3.0,3.0,3.0,3.0,3.0,3.0,3.0,3.0,3.0,-4.8711486,4.3107004,0.08941281,26.068886
740,-1.3220106334081598,11.321815,-4.421572,-0.4562658,0.98769116,-0.107477404,-0.113584384,-0.0036530753,-5.0732822,4.98977,0.24100482,0.40850824,-0.8959202,0.073309205,3.0,3.0,3.0,3.0,3.0,3.0,3.0,3.0,3.0,3.0,3.0,3.0,3.0,3.0,3.0,3.0,3.0,3.0,3.0,3.0,3.0,3.0,3.0,3.0,3.0,3.0,3.0,3.0,3.0,3.0,3.0,3.0,3.0,3.0,3.0,3.0,-4.706071,3.2209835,0.012245178,40.043137
745,-1.3158679769883939,11.427553,-4.5255527,-0.46072394,0.98720604,-0.101911694,-0.12250275,-0.0055981674,-5.074849,4.989501,0.18610783,0.4047858,-0.7507634,0.06343074,3.0,3.0,3.0,3.0,3.0,3.0,3.0,3.0,3.0,3.0,3.0,3.0,3.0,3.0,3.0,3.0,3.0,3.0,3.0,3.0,3.0,3.0,3.0,3.0,3.0,3.0,3.0,3.0,3.0,3.0,3.0,3.0,3.0,3.0,3.0,3.0,-3.8340878,4.7439632,-0.2934453,38.993744
750,-1.3055547591924392,11.533299,-4.6294494,-0.4637843,0.98667014,-0.09788497,-0.12986308,-0.0060168784,-5.085332,4.992272,0.15391771,0.32352763,-0.52495545,0.08574906,3.0,3.0,3.0,3.0,3.0,3.0,3.0,3.0,3.0,3.0,3.0,3.0,3.0,3.0,3.0,3.0,3.0,3.0,3.0,3.0,3.0,3.0,3.0,3.0,3.0,3.0,3.0,3.0,3.0,3.0,3.0,3.0,3.0,3.0,3.0,3.0,-2.1868277,4.5233192,0.33607578,34.73343
755,-1.2970876868041445,11.639356,-4.733446,-0.46643996,0.98651993,-0.0952224,-0.13298519,-0.00509869,-5.1032424,4.9978814,0.14161944,0.33579135,-0.18596566,0.17087516,3.0,3.0,3.0,3.0,3.0,3.0,3.0,3.0,3.0,3.0,3.0,3.0,3.0,3.0,3.0,3.0,3.0,3.0,3.0,3.0,3.0,3.0,3.0,3.0,3.0,3.0,3.0,3.0,3.0,3.0,3.0,3.0,3.0,3.0,3.0,3.0,-4.380101,2.7754364,0.5158993,39.79706
760,-1.301331494916076,11.746137,-4.83779,-0.47007987,0.98712665,-0.08922631,-0.13260765,-0.005907564,-5.1454015,5.0186934,0.21531764,0.40580118,0.16742371,0.12382757,3.0,3.0,3.0,3.0,3.0,3.0,3.0,3.0,3.0,3.0,3.0,3.0,3.0,3.0,3.0,3.0,3.0,3.0,3.0,3.0,3.0,3.0,3.0,3.0,3.0,3.0,3.0,3.0,3.0,3.0,3.0,3.0,3.0,3.0,3.0,3.0,-3.9913912,3.0685816,0.5137284,41.197403
765,-1.3523076887263903,11.853798,-4.942532,-0.47530225,0.98864096,-0.080192536,-0.12690799,-0.0072528683,-5.1852903,5.034979,0.28562516,1.1835247,0.7784944,-0.13923213,3.0,3.0,3.0,3.0,3.0,3.0,3.0,3.0,3.0,3.0,3.0,3.0,3.0,3.0,3.0,3.0,3.0,3.0,3.0,3.0,3.0,3.0,3.0,3.0,3.0,3.0,3.0,3.0,3.0,3.0,3.0,3.0,3.0,3.0,3.0,3.0,-4.943167,3.8169947,0.62753224,44.53881
770,-1.3549575553551634,11.96226,-5.047558,-0.48204684,0.99048716,-0.06724156,-0.11974835,-0.008605978,-5.215422,5.0418153,0.3334474,1.2738407,0.67352426,-0.04110924,3.0,3.0,3.0,3.0,3.0,3.0,3.0,3.0,3.0,3.0,3.0,3.0,3.0,3.0,3.0,3.0,3.0,3.0,3.0,3.0,3.0,3.0,3.0,3.0,3.0,3.0,3.0,3.0,3.0,3.0,3.0,3.0,3.0,3.0,3.0,3.0,-4.526968,4.684662,0.6714258,44.30842
775,-1.3411736401583823,12.0711355,-5.1525483,-0.48913282,0.99196607,-0.057756297,-0.11231477,-0.0072783367,-5.2250605,5.0330553,0.31400353,0.7779806,0.85460407,0.14090881,3.0,3.0,3.0,3.0,3.0,3.0,3.0,3.0,3.0,3.0,3.0,3.0,3.0,3.0,3.0,3.0,3.0,3.0,3.0,3.0,3.0,3.0,3.0,3.0,3.0,3.0,3.0,3.0,3.0,3.0,3.0,3.0,3.0,3.0,3.0,3.0,-4.4466023,3.9579096,0.26185,43.99549
780,-1.3412178943119404,12.180005,-5.2572117,-0.49512735,0.9932823,-0.04809974,-0.10495128,-0.007864972,-5.2267714,5.0176935,0.27434903,0.8169742,0.8333567,-0.047958642,3.0,3.0,3.0,3.0,3.0,3.0,3.0,3.0,3.0,3.0,3.0,3.0,3.0,3.0,3.0,3.0,3.0,3.0,3.0,3.0,3.0,3.0,3.0,3.0,3.0,3.0,3.0,3.0,3.0,3.0,3.0,3.0,3.0,3.0,3.0,3.0,-0.40393734,2.1290345,0.0948534,44.689255
785,-1.349052461517294,12.288853,-5.3615026,-0.5001977,0.994627,-0.03916506,-0.09550691,-0.00785526,-5.2280183,5.000222,0.24685055,0.8929296,0.95252794,0.11444983,3.0,3.0,3.0,3.0,3.0,3.0,3.0,3.0,3.0,3.0,3.0,3.0,3.0,3.0,3.0,3.0,3.0,3.0,3.0,3.0,3.0,3.0,3.0,3.0,3.0,3.0,3.0,3.0,3.0,3.0,3.0,3.0,3.0,3.0,3.0,3.0,-3.021882,3.8759956,0.65541935,44.152756
790,-1.3563414736136292,12.397771,-5.465436,-0.50508505,0.9960329,-0.030446226,-0.08343777,-0.0054496075,-5.222563,4.9786015,0.20062707,0.75426984,1.2516063,0.13438901,3.0,3.0,3.0,3.0,3.0,3.0,3.0,3.0,3.0,3.0,3.0,3.0,3.0,3.0,3.0,3.0,3.0,3.0,3.0,3.0,3.0,3.0,3.0,3.0,3.0,3.0,3.0,3.0,3.0,3.0,3.0,3.0,3.0,3.0,3.0,3.0,0.18189192,4.696657,0.5364392,44.72899
795,-1.3600946563953074,12.506644,-5.568924,-0.50977534,0.9973558,-0.024903711,-0.06808728,-0.0050336365,-5.222523,4.957896,0.21216667,0.59157455,1.4222579,0.028144402,3.0,3.0,3.0,3.0,3.0,3.0,3.0,3.0,3.0,3.0,3.0,3.0,3.0,3.0,3.0,3.0,3.0,3.0,3.0,3.0,3.0,3.0,3.0,3.0,3.0,3.0,3.0,3.0,3.0,3.0,3.0,3.0,3.0,3.0,3.0,3.0,-2.3702116,4.7513475,0.5214572,44.319016
800,-1.3727190008317387,12.615469,-5.6719656,-0.51503426,0.998504,-0.020161182,-0.05059872,-0.00480415,-5.216289,4.935113,0.2245637,0.48412997,1.7356613,0.122746184,3.0,3.0,3.0,3.0,3.0,3.0,3.0,3.0,3.0,3.0,3.0,3.0,3.0,3.0,3.0,3.0,3.0,3.0,3.0,3.0,3.0,3.0,3.0,3.0,3.0,3.0,3.0,3.0,3.0,3.0,3.0,3.0,3.0,3.0,3.0,3.0,-4.1463523,3.2623816,-0.05219537,43.857506
805,-1.3707294066774884,12.72381,-5.7744064,-0.51826507,0.99934584,-0.015074376,-0.03263009,-0.0039904644,-5.1892157,4.9050503,0.1076019,0.492439,1.7244195,0.06819973,3.0,3.0,3.0,3.0,3.0,3.0,3.0,3.0,3.0,3.0,3.0,3.0,3.0,3.0,3.0,3.0,3.0,3.0,3.0,3.0,3.0,3.0,3.0,3.0,3.0,3.0,3.0,3.0,3.0,3.0,3.0,3.0,3.0,3.0,3.0,3.0,-4.220741,2.505939,-0.31439835,44.54574
810,-1.3688739942982369,12.831616,-5.876247,-0.52023923,0.9998271,-0.01076881,-0.014759538,-0.003459267,-5.1655235,4.8776956,0.10808519,0.54181445,1.6849322,0.1717983,3.0,3.0,3.0,3.0,3.0,3.0,3.0,3.0,3.0,3.0,3.0,3.0,3.0,3.0,3.0,3.0,3.0,3.0,3.0,3.0,3.0,3.0,3.0,3.0,3.0,3.0,3.0,3.0,3.0,3.0,3.0,3.0,3.0,3.0,3.0,3.0,-2.7180874,4.1137667,-0.054356575,44.42681
815,-1.3648512282885412,12.938843,-5.9774933,-0.52176625,0.9999637,-0.0068227677,0.004120174,-0.0030203725,-5.133947,4.8481717,0.070863575,0.3187019,1.6836915,0.22164655,3.0,3.0,3.0,3.0,3.0,3.0,3.0,3.0,3.0,3.0,3.0,3.0,3.0,3.0,3.0,3.0,3.0,3.0,3.0,3.0,3.0,3.0,3.0,3.0,3.0,3.0,3.0,3.0,3.0,3.0,3.0,3.0,3.0,3.0,3.0,3.0,-3.4834366,4.8215666,-0.27051902,43.071114
820,-1.3554711877827015,13.045341,-6.0781155,-0.52265084,0.9997919,-0.0033457126,0.020055246,-0.0016588198,-5.09542,4.8181915,0.07690313,0.3201578,1.5411042,-0.00569658,3.0,3.0,3.0,3.0,3.0,3.0,3.0,3.0,3.0,3.0,3.0,3.0,3.0,3.0,3.0,3.0,3.0,3.0,3.0,3.0,3.0,3.0,3.0,3.0,3.0,3.0,3.0,3.0,3.0,3.0,3.0,3.0,3.0,3.0,3.0,3.0,-3.3095217,2.5977707,-0.5448574,43.07505
825,-1.3389257392203688,13.150975,-6.178106,-0.5237988,0.99937934,-0.0020348874,0.035083864,-0.0024300853,-5.0511737,4.7872334,0.08035064,0.07259739,1.2492877,-0.2775977,3.0,3.0,3.0,3.0,3.0,3.0,3.0,3.0,3.0,3.0,3.0,3.0,3.0,3.0,3.0,3.0,3.0,3.0,3.0,3.0,3.0,3.0,3.0,3.0,3.0,3.0,3.0,3.0,3.0,3.0,3.0,3.0,3.0,3.0,3.0,3.0,-4.5782127,4.443306,-0.28050005,43.91517
830,-1.3375338198646596,13.2555485,-6.2774553,-0.52617246,0.99879986,-0.00043243705,0.048900273,-0.0027194968,-4.995099,4.7565465,0.1692064,0.076249704,1.2983139,-0.0053005833,3.0,3.0,3.0,3.0,3.0,3.0,3.0,3.0,3.0,3.0,3.0,3.0,3.0,3.0,3.0,3.0,3.0,3.0,3.0,3.0,3.0,3.0,3.0,3.0,3.0,3.0,3.0,3.0,3.0,3.0,3.0,3.0,3.0,3.0,3.0,3.0,-2.9834728,2.9127922,0.23163283,39.32364
835,-1.3532192469990458,13.358959,-6.376161,-0.52964365,0.99787396,0.0031539677,0.06509589,0.00035661075,-4.9460025,4.7253976,0.12765498,0.39061484,1.5850564,0.2896162,3.0,3.0,3.0,3.0,3.0,3.0,3.0,3.0,3.0,3.0,3.0,3.0,3.0,3.0,3.0,3.0,3.0,3.0,3.0,3.0,3.0,3.0,3.0,3.0,3.0,3.0,3.0,3.0,3.0,3.0,3.0,3.0,3.0,3.0,3.0,3.0,-0.46748686,4.319785,-0.16980433,43.474014
840,-1.3522192378610045,13.46128,-6.474207,-0.5320898,0.99663234,0.004231306,0.08188805,0.0006830501,-4.883919,4.693127,0.13614106,-0.13216823,1.6756656,-0.17629792,3.0,3.0,3.0,3.0,3.0,3.0,3.0,3.0,3.0,3.0,3.0,3.0,3.0,3.0,3.0,3.0,3.0,3.0,3.0,3.0,3.0,3.0,3.0,3.0,3.0,3.0,3.0,3.0,3.0,3.0,3.0,3.0,3.0,3.0,3.0,3.0,-3.720893,3.29819,-0.46786547,43.916252
845,-1.3484897289365645,13.562344,-6.5715876,-0.5340702,0.9950948,0.0034502863,0.098860875,-0.0009952991,-4.82704,4.6617246,0.07766927,-0.11268516,1.6557208,-0.17308514,3.0,3.0,3.0,3.0,3.0,3.0,3.0,3.0,3.0,3.0,3.0,3.0,3.0,3.0,3.0,3.0,3.0,3.0,3.0,3.0,3.0,3.0,3.0,3.0,3.0,3.0,3.0,3.0,3.0,3.0,3.0,3.0,3.0,3.0,3.0,3.0,-1.8070221,2.2224302,-0.1543302,43.86743
850,-1.3423457603803755,13.662217,-6.668323,-0.5346416,0.9932005,0.0032179942,0.11634493,-0.0025087448,-4.7728553,4.6311064,-0.013629683,-0.036314573,1.5802268,-0.27198893,3.0,3.0,3.0,3.0,3.0,3.0,3.0,3.0,3.0,3.0,3.0,3.0,3.0,3.0,3.0,3.0,3.0,3.0,3.0,3.0,3.0,3.0,3.0,3.0,3.0,3.0,3.0,3.0,3.0,3.0,3.0,3.0,3.0,3.0,3.0,3.0,-0.20129013,-0.49758244,0.6514659,42.150414
855,-1.3463475738872834,13.760556,-6.7644153,-0.53482705,0.9910771,0.0026137605,0.13313109,-0.0059462427,-4.6820745,4.5999713,0.029950708,-0.17688653,1.695437,-0.3812619,3.0,3.0,3.0,3.0,3.0,3.0,3.0,3.0,3.0,3.0,3.0,3.0,3.0,3.0,3.0,3.0,3.0,3.0,3.0,3.0,3.0,3.0,3.0,3.0,3.0,3.0,3.0,3.0,3.0,3.0,3.0,3.0,3.0,3.0,3.0,3.0,-2.6987994,2.1768093,-0.72860086,34.948875
860,-1.3397621363945438,13.857149,-6.8598723,-0.5349995,0.9883867,0.0027251912,0.15167426,-0.008898967,-4.6014943,4.5698967,0.0069466047,0.20716116,1.6757817,-0.14640129,3.0,3.0,3.0,3.0,3.0,3.0,3.0,3.0,3.0,3.0,3.0,3.0,3.0,3.0,3.0,3.0,3.0,3.0,3.0,3.0,3.0,3.0,3.0,3.0,3.0,3.0,3.0,3.0,3.0,3.0,3.0,3.0,3.0,3.0,3.0,3.0,1.0684338,4.709776,-0.10680199,43.50923
865,-1.3417838344410613,13.951763,-6.954701,-0.53544456,0.9853914,0.003792158,0.16989017,-0.011258304,-4.51165,4.539982,-0.004048855,0.06653049,1.7821316,-0.25332147,3.0,3.0,3.0,3.0,3.0,3.0,3.0,3.0,3.0,3.0,3.0,3.0,3.0,3.0,3.0,3.0,3.0,3.0,3.0,3.0,3.0,3.0,3.0,3.0,3.0,3.0,3.0,3.0,3.0,3.0,3.0,3.0,3.0,3.0,3.0,3.0,-3.2732315,-0.04449463,-0.08126068,44.068794
870,-1.328045734851478,14.044554,-7.0489063,-0.53521365,0.9822748,0.0047972617,0.18686853,-0.013905611,-4.422008,4.510006,-0.035640057,-0.03324335,1.5652066,-0.32404622,3.0,3.0,3.0,3.0,3.0,3.0,3.0,3.0,3.0,3.0,3.0,3.0,3.0,3.0,3.0,3.0,3.0,3.0,3.0,3.0,3.0,3.0,3.0,3.0,3.0,3.0,3.0,3.0,3.0,3.0,3.0,3.0,3.0,3.0,3.0,3.0,-1.1724844,2.9600549,-0.52135646,44.839554
875,-1.3552664733842654,14.135138,-7.1424747,-0.53495675,0.9782354,0.002859125,0.20666094,-0.018399004,-4.3022017,4.4790144,-0.007604651,-0.4377135,2.1666229,-0.34027833,3.0,3.0,3.0,3.0,3.0,3.0,3.0,3.0,3.0,3.0,3.0,3.0,3.0,3.0,3.0,3.0,3.0,3.0,3.0,3.0,3.0,3.0,3.0,3.0,3.0,3.0,3.0,3.0,3.0,3.0,3.0,3.0,3.0,3.0,3.0,3.0,-2.9517438,4.4951572,-0.57311237,43.981506
880,-1.3384605456390863,14.223408,-7.2354207,-0.53455275,0.97364676,0.0019996606,0.22713332,-0.02045709,-4.170608,4.4491796,0.01980713,0.1559741,2.0191956,-0.07300206,3.0,3.0,3.0,3.0,3.0,3.0,3.0,3.0,3.0,3.0,3.0,3.0,3.0,3.0,3.0,3.0,3.0,3.0,3.0,3.0,3.0,3.0,3.0,3.0,3.0,3.0,3.0,3.0,3.0,3.0,3.0,3.0,3.0,3.0,3.0,3.0,3.7159529,2.3484588,0.020236492,44.836655
885,-1.3240968256812167,14.30786,-7.327722,-0.5367147,0.9687654,0.0023049496,0.24702142,-0.02165107,-3.9782672,4.4181185,0.15001133,0.102206305,1.8819984,-0.102785796,3.0,3.0,3.0,3.0,3.0,3.0,3.0,3.0,3.0,3.0,3.0,3.0,3.0,3.0,3.0,3.0,3.0,3.0,3.0,3.0,3.0,3.0,3.0,3.0,3.0,3.0,3.0,3.0,3.0,3.0,3.0,3.0,3.0,3.0,3.0,3.0,1.5969653,-0.27236032,-0.116158426,44.52973
890,-1.3028963212379852,14.388098,-7.419375,-0.541585,0.9643152,5.3548174e-05,0.26361465,-0.024566783,-3.7614448,4.3867903,0.29508993,-0.38723633,1.5586281,-0.27179787,3.0,3.0,3.0,3.0,3.0,3.0,3.0,3.0,3.0,3.0,3.0,3.0,3.0,3.0,3.0,3.0,3.0,3.0,3.0,3.0,3.0,3.0,3.0,3.0,3.0,3.0,3.0,3.0,3.0,3.0,3.0,3.0,3.0,3.0,3.0,3.0,0.19480515,-0.06669712,0.3379469,43.61994
895,-1.2813057568453163,14.463323,-7.510387,-0.5500106,0.95995045,-0.0029678743,0.2787456,-0.028058438,-3.5155683,4.3568892,0.46545392,-0.12783058,1.3620458,-0.19351949,2.8972304,2.9213774,3.0,3.0,3.0,3.0,3.0,3.0,3.0,3.0,3.0,3.0,3.0,3.0,3.0,3.0,3.0,3.0,3.0,3.0,3.0,3.0,3.0,3.0,3.0,3.0,3.0,3.0,3.0,3.0,3.0,3.0,3.0,3.0,3.0,2.9627633,4.2194195,4.6383915,0.031536818,42.984222
900,-1.2719830543575958,14.533275,-7.600801,-0.5619182,0.95585734,-0.003906371,0.29229113,-0.029789954,-3.2512076,4.3286448,0.6412516,-0.07713084,1.358473,-0.120062456,2.796408,2.8174157,2.928393,3.0,3.0,3.0,3.0,3.0,3.0,3.0,3.0,3.0,3.0,3.0,3.0,3.0,3.0,3.0,3.0,3.0,3.0,3.0,3.0,3.0,3.0,3.0,3.0,3.0,3.0,3.0,3.0,3.0,3.0,3.0,3.0,2.8620288,0.56325054,1.4111509,-0.41188306,37.609825
905,-1.255685056058956,14.598354,-7.690647,-0.57626975,0.95198226,-0.0033039812,0.30463368,-0.03028588,-3.0132768,4.301482,0.75651544,0.07531402,1.2384981,-0.07817962,2.7185895,2.7399116,2.8488147,3.0,3.0,3.0,3.0,3.0,3.0,3.0,3.0,3.0,3.0,3.0,3.0,3.0,3.0,3.0,3.0,3.0,3.0,3.0,3.0,3.0,3.0,3.0,3.0,3.0,3.0,3.0,3.0,3.0,3.0,3.0,2.9387069,2.7814574,3.1806784,4.555153,-0.0048478246,28.120224
910,-1.241908451281828,14.65768,-7.7799125,-0.5939853,0.94802266,-0.0024714966,0.31670707,-0.030716617,-2.7378123,4.273595,0.90952915,0.192815,1.1428246,-0.056742985,2.6551416,2.677118,2.784782,2.9963248,3.0,3.0,3.0,3.0,3.0,3.0,3.0,3.0,3.0,3.0,3.0,3.0,3.0,3.0,3.0,3.0,3.0,3.0,3.0,3.0,3.0,3.0,3.0,3.0,3.0,3.0,3.0,3.0,3.0,3.0,2.8675141,2.7153556,2.5269642,1.1364102,-0.20470917,37.509094
915,-1.2256034284041954,14.711463,-7.8685937,-0.6144122,0.9448103,0.0013833607,0.3262686,-0.029671358,-2.4680724,4.2449303,1.0386252,0.41982532,0.9560192,-0.019678835,2.6182234,2.6459417,2.7589805,2.9765868,3.0,3.0,3.0,3.0,3.0,3.0,3.0,3.0,3.0,3.0,3.0,3.0,3.0,3.0,3.0,3.0,3.0,3.0,3.0,3.0,3.0,3.0,3.0,3.0,3.0,3.0,3.0,3.0,3.0,3.0,2.8140745,2.6714077,3.8884487,4.6242514,0.12240636,-5.9493103
920,-1.2074850579696659,14.759509,-7.95665,-0.63754004,0.9416733,0.004696387,0.33529434,-0.028409002,-2.2089324,4.214615,1.1427082,0.25423944,0.8357249,-0.005417856,2.5921013,2.6246123,2.742332,2.965442,3.0,3.0,3.0,3.0,3.0,3.0,3.0,3.0,3.0,3.0,3.0,3.0,3.0,3.0,3.0,3.0,3.0,3.0,3.0,3.0,3.0,3.0,3.0,3.0,3.0,3.0,3.0,3.0,3.0,3.0,2.7747722,2.639608,4.434185,3.4992113,-0.08886808,21.58348
925,-1.200039490657296,14.802574,-8.044072,-0.66219056,0.9386983,0.006884669,0.343548,-0.027801365,-2.0038674,4.185419,1.1711293,0.22226967,0.83612597,-0.04189052,2.5756075,2.610934,2.731389,2.957711,3.0,3.0,3.0,3.0,3.0,3.0,3.0,3.0,3.0,3.0,3.0,3.0,3.0,3.0,3.0,3.0,3.0,3.0,3.0,3.0,3.0,3.0,3.0,3.0,3.0,3.0,3.0,3.0,3.0,2.9905815,2.7504861,2.6197617,3.089508,1.3810372,-0.10639453,23.489433
930,-1.1661165988107542,14.84186,-8.130899,-0.68674415,0.9373517,0.009932077,0.34727877,-0.025895676,-1.8171527,4.156275,1.1709586,0.26707873,0.18011118,0.08514338,2.5887814,2.6291685,2.7558992,2.9909468,3.0,3.0,3.0,3.0,3.0,3.0,3.0,3.0,3.0,3.0,3.0,3.0,3.0,3.0,3.0,3.0,3.0,3.0,3.0,3.0,3.0,3.0,3.0,3.0,3.0,3.0,3.0,3.0,3.0,2.9875898,2.753949,2.6282668,4.5155535,1.9398694,-0.36047626,4.4803314
935,-1.1801861057922272,14.87657,-8.217072,-0.7120641,0.93585694,0.013742184,0.35136104,-0.02298688,-1.5874469,4.1240015,1.2190233,0.5567719,0.53552604,0.16538103,2.600818,2.6477256,2.7824526,3.0,3.0,3.0,3.0,3.0,3.0,3.0,3.0,3.0,3.0,3.0,3.0,3.0,3.0,3.0,3.0,3.0,3.0,3.0,3.0,3.0,3.0,3.0,3.0,3.0,3.0,3.0,3.0,3.0,3.0,2.9781737,2.7531676,2.6341887,4.1939507,2.3191905,0.32509065,-21.110144
940,-1.1694882896959877,14.906194,-8.302533,-0.7386826,0.93468285,0.019593606,0.3544508,-0.018673247,-1.323799,4.088107,1.302315,0.73969054,0.028377691,0.2123016,2.621143,2.6782305,2.8256269,3.0,3.0,3.0,3.0,3.0,3.0,3.0,3.0,3.0,3.0,3.0,3.0,3.0,3.0,3.0,3.0,3.0,3.0,3.0,3.0,3.0,3.0,3.0,3.0,3.0,3.0,3.0,3.0,3.0,3.0,2.9662476,2.7540166,2.645132,4.6446457,3.120161,0.4921913,11.235447
945,-1.1368118246562227,14.9305935,-8.387236,-0.7666985,0.9344438,0.021330358,0.35509232,-0.016411116,-1.0834806,4.051599,1.3572016,-0.26800027,0.02018362,0.07789257,2.659378,2.7207744,2.8744764,3.0,3.0,3.0,3.0,3.0,3.0,3.0,3.0,3.0,3.0,3.0,3.0,3.0,3.0,3.0,3.0,3.0,3.0,3.0,3.0,3.0,3.0,3.0,3.0,3.0,3.0,3.0,3.0,3.0,3.0,2.997304,2.7869778,2.6803348,4.2740707,4.9026985,-0.13293499,32.38678
950,-1.143033699965575,14.950703,-8.471232,-0.79505265,0.93377656,0.016785381,0.35703608,-0.017460471,-0.89475214,4.019594,1.3541331,-0.5151844,0.1551883,0.06166772,2.6897414,2.7449272,2.892142,3.0,3.0,3.0,3.0,3.0,3.0,3.0,3.0,3.0,3.0,3.0,3.0,3.0,3.0,3.0,3.0,3.0,3.0,3.0,3.0,3.0,3.0,3.0,3.0,3.0,3.0,3.0,3.0,3.0,3.0,3.0,2.833191,2.7176785,3.492814,2.4636736,0.06709623,-32.47464
955,-1.1337644455722893,14.9669285,-8.554596,-0.82328266,0.93333095,0.013050847,0.35833257,-0.017910948,-0.723856,3.9910166,1.330728,-0.46577248,0.057673525,0.07820637,2.7239468,2.7743914,2.9170449,3.0,3.0,3.0,3.0,3.0,3.0,3.0,3.0,3.0,3.0,3.0,3.0,3.0,3.0,3.0,3.0,3.0,3.0,3.0,3.0,3.0,3.0,3.0,3.0,3.0,3.0,3.0,3.0,3.0,3.0,3.0,2.88071,2.7575958,4.7079544,1.2591,-0.5081845,-36.559536
960,-1.1317510379286426,14.980182,-8.637424,-0.8503699,0.9330283,0.007909313,0.35921562,-0.018968547,-0.5988356,3.9669452,1.2564418,-0.5235142,0.07245393,0.08120717,2.7592063,2.8026054,2.9380906,3.0,3.0,3.0,3.0,3.0,3.0,3.0,3.0,3.0,3.0,3.0,3.0,3.0,3.0,3.0,3.0,3.0,3.0,3.0,3.0,3.0,3.0,3.0,3.0,3.0,3.0,3.0,3.0,3.0,3.0,3.0,2.9344838,2.8009381,3.750392,2.5068893,0.04451239,-23.845873
965,-1.1402218671756676,14.99015,-8.719751,-0.8766673,0.93279594,0.0019503315,0.35976952,-0.021303196,-0.3860085,3.9414697,1.2797215,-0.8290865,0.04396588,-0.08458422,2.7957125,2.8301504,2.956396,3.0,3.0,3.0,3.0,3.0,3.0,3.0,3.0,3.0,3.0,3.0,3.0,3.0,3.0,3.0,3.0,3.0,3.0,3.0,3.0,3.0,3.0,3.0,3.0,3.0,3.0,3.0,3.0,3.0,3.0,3.0,2.9941132,2.847585,3.7564678,3.4690914,-0.50828207,-17.081463
970,-1.1052312066071444,14.995703,-8.801588,-0.9034339,0.93178856,-0.001334724,0.36218992,-0.024222886,-0.16175197,3.9189923,1.3156842,-0.09498764,0.2579384,-0.1270214,2.8203025,2.8488986,2.9692233,3.0,3.0,3.0,3.0,3.0,3.0,3.0,3.0,3.0,3.0,3.0,3.0,3.0,3.0,3.0,3.0,3.0,3.0,3.0,3.0,3.0,3.0,3.0,3.0,3.0,3.0,3.0,3.0,3.0,3.0,3.0,3.0,2.8788786,4.629734,3.8391485,-0.37667847,-17.565737
975,-1.1089967019515543,14.997357,-8.882988,-0.93008924,0.931493,-0.0038168766,0.36275944,-0.026679697,-0.004651404,3.8989885,1.2770628,-0.44131684,0.14788717,-0.10479593,2.8568008,2.8809707,2.9974048,3.0,3.0,3.0,3.0,3.0,3.0,3.0,3.0,3.0,3.0,3.0,3.0,3.0,3.0,3.0,3.0,3.0,3.0,3.0,3.0,3.0,3.0,3.0,3.0,3.0,3.0,3.0,3.0,3.0,3.0,3.0,3.0,2.9210494,3.9895363,4.259595,-0.50923115,-35.122047
980,-1.1099468791817828,14.995351,-8.963977,-0.9563693,0.9307785,-0.008641715,0.36426422,-0.029804226,0.19337015,3.8795671,1.2833674,-0.55036926,0.32369897,-0.12517142,2.8872743,2.9032564,3.0,3.0,3.0,3.0,3.0,3.0,3.0,3.0,3.0,3.0,3.0,3.0,3.0,3.0,3.0,3.0,3.0,3.0,3.0,3.0,3.0,3.0,3.0,3.0,3.0,3.0,3.0,3.0,3.0,3.0,3.0,3.0,3.0,2.960941,4.65623,0.431314,-0.12348783,-13.573164
985,-1.093753056796869,14.989154,-9.044577,-0.9828453,0.9297472,-0.01147092,0.36663094,-0.0319409,0.3578935,3.8618202,1.2526754,-0.37742683,0.18589115,-0.1051573,2.911601,2.9226527,3.0,3.0,3.0,3.0,3.0,3.0,3.0,3.0,3.0,3.0,3.0,3.0,3.0,3.0,3.0,3.0,3.0,3.0,3.0,3.0,3.0,3.0,3.0,3.0,3.0,3.0,3.0,3.0,3.0,3.0,3.0,3.0,3.0,2.9911757,4.5203257,3.2254562,-0.2467128,-27.411736
990,-1.0935085940806095,14.9794445,-9.124824,-1.0087603,0.928628,-0.015148766,0.3690254,-0.035224542,0.55989474,3.8454711,1.2612906,-0.045776132,0.54540867,-0.17834902,2.9354646,2.939744,3.0,3.0,3.0,3.0,3.0,3.0,3.0,3.0,3.0,3.0,3.0,3.0,3.0,3.0,3.0,3.0,3.0,3.0,3.0,3.0,3.0,3.0,3.0,3.0,3.0,3.0,3.0,3.0,3.0,3.0,3.0,3.0,3.0,3.0,4.6060038,2.6836147,0.10683918,-26.98033
995,-1.0881507847196008,14.964935,-9.2047415,-1.0354643,0.9271952,-0.016284393,0.37232915,-0.037615426,0.79003555,3.8296638,1.2976556,-0.52405405,0.21198155,-0.20370401,2.953293,2.9548495,3.0,3.0,3.0,3.0,3.0,3.0,3.0,3.0,3.0,3.0,3.0,3.0,3.0,3.0,3.0,3.0,3.0,3.0,3.0,3.0,3.0,3.0,3.0,3.0,3.0,3.0,3.0,3.0,3.0,3.0,3.0,3.0,3.0,3.0,4.2960587,2.7482204,-0.38548386,-34.740158
1000,-1.0803421485208984,14.946104,-9.284331,-1.0623977,0.92560786,-0.020464221,0.37566474,-0.04131901,0.9911194,3.8142715,1.3013114,-0.42660028,0.39074174,-0.18372478,2.9728456,2.9667318,3.0,3.0,3.0,3.0,3.0,3.0,3.0,3.0,3.0,3.0,3.0,3.0,3.0,3.0,3.0,3.0,3.0,3.0,3.0,3.0,3.0,3.0,3.0,3.0,3.0,3.0,3.0,3.0,3.0,3.0,3.0,3.0,3.0,3.0,4.4094334,4.948557,0.53413486,-16.927483
1005,-1.0928510928682345,14.922536,-9.363621,-1.0899438,0.9229388,-0.02578408,0.3813889,-0.045405608,1.2216984,3.8005905,1.3322946,-0.48713133,0.8360296,-0.20460525,2.9785886,2.9633038,3.0,3.0,3.0,3.0,3.0,3.0,3.0,3.0,3.0,3.0,3.0,3.0,3.0,3.0,3.0,3.0,3.0,3.0,3.0,3.0,3.0,3.0,3.0,3.0,3.0,3.0,3.0,3.0,3.0,3.0,3.0,3.0,3.0,3.0,3.309785,3.5095348,0.41493344,-35.24922
1010,-1.0869015794165582,14.895268,-9.442632,-1.1169596,0.9199781,-0.033537224,0.38722607,-0.050710354,1.3791956,3.7876616,1.2847421,-0.66519827,0.6946777,-0.20750731,2.9855118,2.957308,3.0,3.0,3.0,3.0,3.0,3.0,3.0,3.0,3.0,3.0,3.0,3.0,3.0,3.0,3.0,3.0,3.0,3.0,3.0,3.0,3.0,3.0,3.0,3.0,3.0,3.0,3.0,3.0,3.0,3.0,3.0,3.0,3.0,3.0,3.7948275,2.4689455,0.60676265,-16.479782
1015,-1.0769612386985619,14.864369,-9.521404,-1.1432891,0.9168109,-0.037962202,0.39378583,-0.054308064,1.5294466,3.7760613,1.2270575,-0.5675625,0.6197511,-0.1801494,2.9853694,2.9500008,3.0,3.0,3.0,3.0,3.0,3.0,3.0,3.0,3.0,3.0,3.0,3.0,3.0,3.0,3.0,3.0,3.0,3.0,3.0,3.0,3.0,3.0,3.0,3.0,3.0,3.0,3.0,3.0,3.0,3.0,3.0,3.0,3.0,3.0,0.65349007,3.876645,0.24067998,-28.82036
1020,-1.0806911764535427,14.830695,-9.599937,-1.1680232,0.9149808,-0.045863554,0.39648008,-0.059247,1.6811956,3.7657351,1.1669852,-1.0558847,0.054749426,-0.12383794,3.0,2.9621818,3.0,3.0,3.0,3.0,3.0,3.0,3.0,3.0,3.0,3.0,3.0,3.0,3.0,3.0,3.0,3.0,3.0,3.0,3.0,3.0,3.0,3.0,3.0,3.0,3.0,3.0,3.0,3.0,3.0,3.0,3.0,3.0,3.0,3.0,4.5984373,4.468647,0.9054142,-33.404285
1025,-1.0776050702192803,14.79307,-9.678319,-1.1922319,0.91362774,-0.056058165,0.39735183,-0.06521774,1.8679351,3.7593904,1.1388568,-1.0265834,0.30863997,-0.16961943,3.0,2.9841747,3.0,3.0,3.0,3.0,3.0,3.0,3.0,3.0,3.0,3.0,3.0,3.0,3.0,3.0,3.0,3.0,3.0,3.0,3.0,3.0,3.0,3.0,3.0,3.0,3.0,3.0,3.0,3.0,3.0,3.0,3.0,3.0,3.0,3.0,1.0274096,4.526263,0.83256173,-28.071344
1030,-1.111228520816696,14.752138,-9.756581,-1.2153015,0.911077,-0.06932,0.39985272,-0.07246523,2.0401158,3.7558331,1.0963124,-1.8376349,0.42566067,-0.1605623,3.0,2.9951596,3.0,3.0,3.0,3.0,3.0,3.0,3.0,3.0,3.0,3.0,3.0,3.0,3.0,3.0,3.0,3.0,3.0,3.0,3.0,3.0,3.0,3.0,3.0,3.0,3.0,3.0,3.0,3.0,3.0,3.0,3.0,3.0,3.0,3.0,4.230095,3.2149105,0.7809863,-39.74808
1035,-1.094333134342965,14.70697,-9.834873,-1.2380503,0.9073081,-0.084776185,0.40377906,-0.08103994,2.2538016,3.7604737,1.0885957,-1.6268672,0.32058176,-0.14800878,3.0,2.9995909,2.9816694,3.0,3.0,3.0,3.0,3.0,3.0,3.0,3.0,3.0,3.0,3.0,3.0,3.0,3.0,3.0,3.0,3.0,3.0,3.0,3.0,3.0,3.0,3.0,3.0,3.0,3.0,3.0,3.0,3.0,3.0,3.0,3.0,3.0,4.691633,-0.82436705,0.22972643,4.2039337
1040,-1.094161135125719,14.6571865,-9.913356,-1.2607288,0.90417844,-0.097745284,0.40585503,-0.09049232,2.4991415,3.7745795,1.104859,-1.6911747,0.42681548,-0.47615668,3.0,3.0,2.9800415,3.0,3.0,3.0,3.0,3.0,3.0,3.0,3.0,3.0,3.0,3.0,3.0,3.0,3.0,3.0,3.0,3.0,3.0,3.0,3.0,3.0,3.0,3.0,3.0,3.0,3.0,3.0,3.0,3.0,3.0,3.0,3.0,3.0,4.4929934,0.04423523,0.61568725,-5.9198875
1045,-1.0545988516763243,14.602047,-9.992213,-1.2839226,0.90062916,-0.106481,0.40950808,-0.09915693,2.7425885,3.7922332,1.1162597,-0.859976,0.56711733,-0.5027438,3.0,3.0,2.978988,3.0,3.0,3.0,3.0,3.0,3.0,3.0,3.0,3.0,3.0,3.0,3.0,3.0,3.0,3.0,3.0,3.0,3.0,3.0,3.0,3.0,3.0,3.0,3.0,3.0,3.0,3.0,3.0,3.0,3.0,3.0,3.0,3.0,4.4616356,4.5467987,0.19341588,11.579819
1050,-1.090472827432998,14.541846,-10.071463,-1.3072882,0.89659846,-0.11875895,0.41240895,-0.109208,2.9956856,3.8132553,1.1314727,-1.8634562,0.573222,-0.49975222,3.0,3.0,2.9802194,2.9984024,3.0,3.0,3.0,3.0,3.0,3.0,3.0,3.0,3.0,3.0,3.0,3.0,3.0,3.0,3.0,3.0,3.0,3.0,3.0,3.0,3.0,3.0,3.0,3.0,3.0,3.0,3.0,3.0,3.0,3.0,3.0,3.0,4.338545,3.9321127,0.78207624,-8.705124
1055,-1.0887084686290003,14.476703,-10.151136,-1.330647,0.88972986,-0.13361275,0.41877475,-0.12311026,3.1867256,3.8275285,1.0911051,-1.7815331,0.7209499,-0.76100314,3.0,3.0,2.9654932,2.9603038,3.0,3.0,3.0,3.0,3.0,3.0,3.0,3.0,3.0,3.0,3.0,3.0,3.0,3.0,3.0,3.0,3.0,3.0,3.0,3.0,3.0,3.0,3.0,3.0,3.0,3.0,3.0,3.0,3.0,3.0,3.0,3.0,4.016961,4.4991264,0.47969007,-15.676184
1060,-1.0925089773808951,14.40833,-10.231012,-1.3524803,0.8830767,-0.14906874,0.42325112,-0.13715863,3.3369646,3.8371909,1.012198,-2.0337226,0.59895533,-0.6794453,3.0,3.0,2.9636586,2.9345298,2.9961176,3.0,3.0,3.0,3.0,3.0,3.0,3.0,3.0,3.0,3.0,3.0,3.0,3.0,3.0,3.0,3.0,3.0,3.0,3.0,3.0,3.0,3.0,3.0,3.0,3.0,3.0,3.0,3.0,3.0,3.0,3.0,4.185652,2.7765155,0.81775784,-28.805445
1065,-1.0760634552319028,14.3357115,-10.311325,-1.3734542,0.87587464,-0.16288885,0.42847544,-0.15073016,3.5957022,3.8691652,1.0102514,-1.734699,0.7337009,-0.77483696,3.0,3.0,2.9633243,2.9131026,2.9527783,3.0,3.0,3.0,3.0,3.0,3.0,3.0,3.0,3.0,3.0,3.0,3.0,3.0,3.0,3.0,3.0,3.0,3.0,3.0,3.0,3.0,3.0,3.0,3.0,3.0,3.0,3.0,3.0,3.0,3.0,3.0,4.6968803,4.4988937,0.78818476,7.103859
1070,-1.092431810207146,14.257606,-10.392349,-1.3943701,0.86827075,-0.17922929,0.4323052,-0.16460541,3.8515112,3.9028673,0.9989067,-2.3188272,0.61088413,-0.6565836,3.0,3.0,2.9739199,2.8993876,2.9149022,3.0,3.0,3.0,3.0,3.0,3.0,3.0,3.0,3.0,3.0,3.0,3.0,3.0,3.0,3.0,3.0,3.0,3.0,3.0,3.0,3.0,3.0,3.0,3.0,3.0,3.0,3.0,3.0,3.0,3.0,3.0,4.719103,4.3465624,0.68572164,36.594635
1075,-1.0726538898829139,14.174985,-10.473943,-1.4143977,0.8597498,-0.19713685,0.43493244,-0.18111074,4.0373445,3.9251807,0.9322975,-1.9437507,0.51969063,-0.820211,3.0,3.0,2.997454,2.8946493,2.8833668,2.961816,3.0,3.0,3.0,3.0,3.0,3.0,3.0,3.0,3.0,3.0,3.0,3.0,3.0,3.0,3.0,3.0,3.0,3.0,3.0,3.0,3.0,3.0,3.0,3.0,3.0,3.0,3.0,3.0,3.0,3.0,4.815403,4.3301353,0.44584775,-6.677803
1080,-1.0812649035703368,14.088063,-10.55613,-1.4332559,0.8521246,-0.21425419,0.4359161,-0.1948229,4.2603917,3.9580579,0.88529444,-2.398365,0.3332238,-0.3376635,3.0,3.0,3.0,2.9016461,2.8658962,2.918618,3.0,3.0,3.0,3.0,3.0,3.0,3.0,3.0,3.0,3.0,3.0,3.0,3.0,3.0,3.0,3.0,3.0,3.0,3.0,3.0,3.0,3.0,3.0,3.0,3.0,3.0,3.0,3.0,3.0,3.0,4.9765673,3.5621634,0.38157034,35.60138
1085,-1.0882404959773995,13.99737,-10.638836,-1.4505168,0.8438183,-0.23413809,0.4351694,-0.20923105,4.4029336,3.975124,0.7826216,-2.5780897,0.3520552,-0.3840064,3.0,3.0,3.0,2.9180274,2.854159,2.8786187,2.9952984,3.0,3.0,3.0,3.0,3.0,3.0,3.0,3.0,3.0,3.0,3.0,3.0,3.0,3.0,3.0,3.0,3.0,3.0,3.0,3.0,3.0,3.0,3.0,3.0,3.0,3.0,3.0,3.0,3.0,4.96778,-1.2713122,0.17398119,-10.042603
1090,-1.08636829539689,13.904643,-10.721705,-1.4650211,0.8350777,-0.25561848,0.4331962,-0.2228127,4.5108933,3.9871776,0.6553567,-2.5999255,0.32291827,-0.2546863,3.0,3.0,3.0,2.9418774,2.8481448,2.8439443,2.9286096,3.0,3.0,3.0,3.0,3.0,3.0,3.0,3.0,3.0,3.0,3.0,3.0,3.0,3.0,3.0,3.0,3.0,3.0,3.0,3.0,3.0,3.0,3.0,3.0,3.0,3.0,3.0,3.0,3.0,4.9252243,-1.9220662,0.67033076,32.701027
1095,-1.0514058919054698,13.809561,-10.804886,-1.4769189,0.8262878,-0.27517438,0.43166947,-0.23492342,4.6270137,4.0046425,0.5308032,-1.9410338,0.2896736,-0.322958,3.0,3.0,3.0,2.9677644,2.8466954,2.817366,2.8751025,3.0,3.0,3.0,3.0,3.0,3.0,3.0,3.0,3.0,3.0,3.0,3.0,3.0,3.0,3.0,3.0,3.0,3.0,3.0,3.0,3.0,3.0,3.0,3.0,3.0,3.0,3.0,3.0,3.0,4.952037,4.139573,0.4017918,36.566734
1100,-1.0219858807888886,13.710017,-10.889065,-1.4873616,0.8229662,-0.2874081,0.4266154,-0.24108611,4.8799667,4.065404,0.4819795,-1.4032398,-0.36419597,0.3614402,3.0,3.0,3.0,3.0,2.865496,2.8193944,2.8602848,2.9947107,3.0,3.0,3.0,3.0,3.0,3.0,3.0,3.0,3.0,3.0,3.0,3.0,3.0,3.0,3.0,3.0,3.0,3.0,3.0,3.0,3.0,3.0,3.0,3.0,3.0,3.0,3.0,3.0,4.95315,4.7995815,0.06447911,37.46569
1105,-1.0545741766758052,13.606759,-10.974073,-1.4959196,0.82062167,-0.30494803,0.4160721,-0.24590813,4.9811654,4.082519,0.3488844,-2.0138016,-0.48177093,0.6211321,3.0,3.0,3.0,3.0,2.897285,2.8276072,2.8456347,2.9542327,3.0,3.0,3.0,3.0,3.0,3.0,3.0,3.0,3.0,3.0,3.0,3.0,3.0,3.0,3.0,3.0,3.0,3.0,3.0,3.0,3.0,3.0,3.0,3.0,3.0,3.0,3.0,3.0,4.958637,-1.9962926,-0.0801335,38.589684
1110,-1.0489236020538597,13.502154,-11.059244,-1.5012974,0.818774,-0.32240507,0.40402058,-0.24986301,5.041137,4.090044,0.19417016,-1.8373626,-0.5971364,0.7134121,3.0,3.0,3.0,3.0,2.9339445,2.8397753,2.8349223,2.918615,3.0,3.0,3.0,3.0,3.0,3.0,3.0,3.0,3.0,3.0,3.0,3.0,3.0,3.0,3.0,3.0,3.0,3.0,3.0,3.0,3.0,3.0,3.0,3.0,3.0,3.0,3.0,3.0,4.923357,4.0218716,-0.16381001,25.198883
1115,-1.0602223833882423,13.39635,-11.1446,-1.5034442,0.8163935,-0.34148878,0.39057174,-0.2536549,5.09431,4.098607,0.037266515,-2.0452836,-0.61269367,0.7990035,3.0,3.0,3.0,3.0,2.9746983,2.8530045,2.823289,2.8808157,3.0,3.0,3.0,3.0,3.0,3.0,3.0,3.0,3.0,3.0,3.0,3.0,3.0,3.0,3.0,3.0,3.0,3.0,3.0,3.0,3.0,3.0,3.0,3.0,3.0,3.0,3.0,3.0,4.9400883,-3.2026072,-0.25305164,31.585693
1120,-1.060355377247828,13.28974,-11.230059,-1.5021702,0.8134022,-0.36046788,0.3771624,-0.2572709,5.132434,4.104615,-0.12669085,-2.0495944,-0.5837024,0.7920206,3.0,3.0,3.0,3.0,3.0,2.8660002,2.8115556,2.8439417,2.9683247,3.0,3.0,3.0,3.0,3.0,3.0,3.0,3.0,3.0,3.0,3.0,3.0,3.0,3.0,3.0,3.0,3.0,3.0,3.0,3.0,3.0,3.0,3.0,3.0,3.0,3.0,3.0,4.9448433,-2.180173,-0.22792125,19.311462
1125,-1.0606478535266117,13.182352,-11.315676,-1.4974866,0.80980474,-0.37932724,0.36380246,-0.26072,5.1691275,4.1133046,-0.2901739,-2.0539765,-0.5553449,0.783375,3.0,3.0,3.0,3.0,3.0,2.8787844,2.7997165,2.8079119,2.9046714,3.0,3.0,3.0,3.0,3.0,3.0,3.0,3.0,3.0,3.0,3.0,3.0,3.0,3.0,3.0,3.0,3.0,3.0,3.0,3.0,3.0,3.0,3.0,3.0,3.0,3.0,3.0,4.725153,-4.447202,-0.7147359,22.806671
1130,-1.0611032795554387,13.07422,-11.401506,-1.4894012,0.8056064,-0.3980517,0.3505014,-0.26401123,5.204368,4.124588,-0.45335132,-2.0583928,-0.5277087,0.7731173,3.0,3.0,3.0,3.0,3.0,2.8913743,2.7877595,2.7726452,2.84363,3.0,3.0,3.0,3.0,3.0,3.0,3.0,3.0,3.0,3.0,3.0,3.0,3.0,3.0,3.0,3.0,3.0,3.0,3.0,3.0,3.0,3.0,3.0,3.0,3.0,3.0,3.0,4.926403,-0.14326286,-0.49596447,1.4554482
1135,-1.0617246211431135,12.96537,-11.487603,-1.4779184,0.8008131,-0.4166264,0.33726817,-0.26715353,5.2381387,4.1383715,-0.6163849,-2.0628066,-0.50087726,0.7613031,3.0,3.0,3.0,3.0,3.0,2.9037826,2.775668,2.7380595,2.7849448,2.923851,3.0,3.0,3.0,3.0,3.0,3.0,3.0,3.0,3.0,3.0,3.0,3.0,3.0,3.0,3.0,3.0,3.0,3.0,3.0,3.0,3.0,3.0,3.0,3.0,3.0,3.0,4.6933765,-4.427541,-0.63893497,22.4272
1140,-1.0625143603722083,12.855837,-11.574018,-1.463039,0.79543126,-0.4350365,0.32411137,-0.27015588,5.270426,4.1545506,-0.77942914,-2.0671825,-0.4749294,0.7479927,3.0,3.0,3.0,3.0,3.0,2.9160178,2.763418,2.7040713,2.7283776,2.840206,3.0,3.0,3.0,3.0,3.0,3.0,3.0,3.0,3.0,3.0,3.0,3.0,3.0,3.0,3.0,3.0,3.0,3.0,3.0,3.0,3.0,3.0,3.0,3.0,3.0,3.0,4.825472,-4.863855,-0.8012531,20.554504
1145,-1.063474513363794,12.745648,-11.660798,-1.4447614,0.7894678,-0.45326748,0.31103912,-0.27302712,5.3012204,4.173014,-0.9426307,-2.0714858,-0.44993937,0.7332506,3.0,3.0,3.0,3.0,3.0,2.9280841,2.7509792,2.670593,2.6737041,2.760806,2.946311,3.0,3.0,3.0,3.0,3.0,3.0,3.0,3.0,3.0,3.0,3.0,3.0,3.0,3.0,3.0,3.0,3.0,3.0,3.0,3.0,3.0,3.0,3.0,3.0,3.0,4.6334896,-4.9007816,-0.62606907,-12.558067
1150,-1.0646066479330478,12.634838,-11.747991,-1.4230801,0.7829304,-0.471305,0.2980591,-0.27577606,5.3305187,4.193642,-1.106128,-2.0756822,-0.42597663,0.71714544,3.0,3.0,3.0,3.0,3.0,2.9399807,2.7383142,2.637534,2.6207106,2.6851714,2.8413944,3.0,3.0,3.0,3.0,3.0,3.0,3.0,3.0,3.0,3.0,3.0,3.0,3.0,3.0,3.0,3.0,3.0,3.0,3.0,3.0,3.0,3.0,3.0,3.0,3.0,4.8840847,-4.8830767,-0.31098473,-8.912983
1155,-1.065911901060023,12.523436,-11.835638,-1.3979875,0.7758269,-0.48913488,0.28517857,-0.2784114,5.3583198,4.2163086,-1.2700509,-2.0797393,-0.40310562,0.69974923,3.0,3.0,3.0,3.0,3.0,2.9517024,2.7253773,2.6047971,2.5691907,2.6128645,2.7428296,2.9817417,3.0,3.0,3.0,3.0,3.0,3.0,3.0,3.0,3.0,3.0,3.0,3.0,3.0,3.0,3.0,3.0,3.0,3.0,3.0,3.0,3.0,3.0,3.0,3.0,4.8862896,0.015422821,-0.7232701,-17.016579
1160,-1.0673909961059151,12.411472,-11.923781,-1.3694733,0.768166,-0.5067432,0.2724043,-0.28094172,5.3846283,4.240879,-1.4345204,-2.0836256,-0.38138583,0.6811374,3.0,3.0,3.0,3.0,3.0,2.963237,2.7121139,2.5722802,2.5189428,2.5434852,2.649816,2.8559887,3.0,3.0,3.0,3.0,3.0,3.0,3.0,3.0,3.0,3.0,3.0,3.0,3.0,3.0,3.0,3.0,3.0,3.0,3.0,3.0,3.0,3.0,3.0,3.0,4.9434795,-4.4398746,-0.94423956,-18.83724
1165,-1.0642960961937962,12.298933,-12.012503,-1.3375463,0.7602461,-0.52391464,0.25961646,-0.28308767,5.4206786,4.277533,-1.5944116,-1.9221704,-0.39891875,0.81208956,3.0,3.0,3.0,3.0,3.0,2.9743354,2.698506,2.5401244,2.4701982,2.477273,2.5624716,2.7399564,3.0,3.0,3.0,3.0,3.0,3.0,3.0,3.0,3.0,3.0,3.0,3.0,3.0,3.0,3.0,3.0,3.0,3.0,3.0,3.0,3.0,3.0,3.0,3.0,4.8525352,-4.5087247,-0.9420053,-22.050205
1170,-1.0661601055099355,12.18571,-12.101964,-1.3022578,0.7529678,-0.54005605,0.24643113,-0.28399062,5.443811,4.305409,-1.7602202,-1.9270896,-0.38045403,0.79475814,3.0,3.0,3.0,3.0,3.0,2.9836962,2.6841307,2.508495,2.423549,2.4151468,2.4819553,2.6349027,2.9019017,3.0,3.0,3.0,3.0,3.0,3.0,3.0,3.0,3.0,3.0,3.0,3.0,3.0,3.0,3.0,3.0,3.0,3.0,3.0,3.0,3.0,3.0,3.0,4.917115,-3.022957,-0.92403346,-20.658165
1175,-1.0682074555004402,12.072026,-12.192025,-1.2635074,0.7451969,-0.5559794,0.23335199,-0.28480762,5.465279,4.3348603,-1.9266411,-1.9318724,-0.36303797,0.776523,3.0,3.0,3.0,3.0,3.0,2.9917824,2.6683748,2.4759579,2.3767848,2.3540218,2.4040432,2.5349314,2.769901,3.0,3.0,3.0,3.0,3.0,3.0,3.0,3.0,3.0,3.0,3.0,3.0,3.0,3.0,3.0,3.0,3.0,3.0,3.0,3.0,3.0,3.0,3.0,4.957239,-0.34975243,-0.9675093,-9.88731
1180,-1.0704379112247522,11.957916,-12.282719,-1.2212813,0.7369415,-0.5716739,0.22038466,-0.28554642,5.4850917,4.3657475,-2.0937605,-1.9364915,-0.34670463,0.7574475,3.0,3.0,3.0,3.0,3.0,2.9984777,2.6511197,2.4423923,2.3297548,2.293668,2.3283489,2.4393508,2.645885,2.9898767,3.0,3.0,3.0,3.0,3.0,3.0,3.0,3.0,3.0,3.0,3.0,3.0,3.0,3.0,3.0,3.0,3.0,3.0,3.0,3.0,3.0,3.0,4.9754343,-3.9678118,-0.9928312,-10.940414
1185,-1.063564698125723,11.843251,-12.374253,-1.1756245,0.72944874,-0.58618104,0.2074331,-0.28507513,5.5206075,4.41735,-2.2551737,-1.623393,-0.3251673,0.9617977,3.0,3.0,3.0,3.0,3.0,2.9992115,2.6299949,2.4068334,2.2825096,2.2349718,2.2565386,2.3506448,2.5332632,2.8402145,3.0,3.0,3.0,3.0,3.0,3.0,3.0,3.0,3.0,3.0,3.0,3.0,3.0,3.0,3.0,3.0,3.0,3.0,3.0,3.0,3.0,3.0,4.971773,-0.8083763,-0.975341,-8.664883
1190,-1.0642865602585583,11.727907,-12.466841,-1.1265819,0.7241329,-0.59879977,0.19385232,-0.2819427,5.5449057,4.4600735,-2.4206808,-1.4083384,-0.3384078,1.1826719,3.0,3.0,3.0,3.0,3.0,2.9889176,2.6021228,2.3676646,2.2342398,2.1776886,2.1887932,2.269317,2.4327323,2.7102494,3.0,3.0,3.0,3.0,3.0,3.0,3.0,3.0,3.0,3.0,3.0,3.0,3.0,3.0,3.0,3.0,3.0,3.0,3.0,3.0,3.0,3.0,4.9352436,1.8813047,-0.9750497,-35.92294
1195,-1.0688720382843584,11.611953,-12.560511,-1.0741285,0.7206177,-0.6099665,0.17942873,-0.27650726,5.592688,4.537199,-2.5781922,-1.0448551,-0.2966818,1.5413375,3.0,3.0,3.0,3.0,3.0,2.9679387,2.5673091,2.3241951,2.1837547,2.120066,2.122655,2.1919324,2.3393629,2.5925086,3.0,3.0,3.0,3.0,3.0,3.0,3.0,3.0,3.0,3.0,3.0,3.0,3.0,3.0,3.0,3.0,3.0,3.0,3.0,3.0,3.0,3.0,4.788768,4.6128387,-0.9770264,-23.124159
1200,-1.0869283195050208,11.494261,-12.656825,-1.0186452,0.72298896,-0.617221,0.16316067,-0.2640147,5.6599846,4.646263,-2.7282774,-0.4832543,-0.22801055,2.1003158,3.0,3.0,3.0,3.0,3.0,2.9177823,2.5153315,2.2710857,2.1290395,2.0627012,2.0611053,2.1239984,2.2617352,2.499797,2.892081,3.0,3.0,3.0,3.0,3.0,3.0,3.0,3.0,3.0,3.0,3.0,3.0,3.0,3.0,3.0,3.0,3.0,3.0,3.0,3.0,3.0,4.9647427,3.6049538,-0.9530545,-34.70228
1205,-1.1316987518866446,11.3755045,-12.755163,-0.95996064,0.73029566,-0.62084013,0.14530076,-0.24518059,5.724105,4.7671676,-2.876381,0.35554403,-0.08327109,2.9388058,3.0,3.0,3.0,3.0,3.0,2.840717,2.4471822,2.208351,2.0692751,2.0039606,2.0015998,2.0618181,2.1945198,2.4242034,2.8026989,3.0,3.0,3.0,3.0,3.0,3.0,3.0,3.0,3.0,3.0,3.0,3.0,3.0,3.0,3.0,3.0,3.0,3.0,3.0,3.0,3.0,4.152157,4.774107,-0.96358967,-42.56421
1210,-1.1713499987526292,11.255372,-12.856346,-0.89827865,0.74234945,-0.6202845,0.12239659,-0.22177355,5.7948246,4.921334,-3.0155165,0.6764914,-0.6089378,3.5141516,3.0,3.0,3.0,3.0,3.0,2.7630348,2.3791907,2.1462443,2.0104854,1.9465046,1.9437073,2.0016499,2.1298563,2.3519638,2.7179878,3.0,3.0,3.0,3.0,3.0,3.0,3.0,3.0,3.0,3.0,3.0,3.0,3.0,3.0,3.0,3.0,3.0,3.0,3.0,3.0,3.0,4.5725527,4.9175844,-0.9798565,-32.643887
1215,-1.2280880911711167,11.1335,-12.961679,-0.83396196,0.7571139,-0.6157948,0.08843442,-0.19938593,5.885474,5.151056,-3.1328478,0.7994628,-1.8627561,4.1274414,3.0,3.0,3.0,3.0,3.0,2.739108,2.3444912,2.1051688,1.9643376,1.8951396,1.8860064,1.9354875,2.051653,2.255563,2.591924,3.0,3.0,3.0,3.0,3.0,3.0,3.0,3.0,3.0,3.0,3.0,3.0,3.0,3.0,3.0,3.0,3.0,3.0,3.0,3.0,3.0,4.9395037,4.882436,-0.9970946,-38.215244
1220,-1.234815432284702,11.009859,-13.072348,-0.7674396,0.7731907,-0.60427254,0.048098214,-0.18632613,5.9639845,5.421161,-3.2311397,1.3771452,-2.936755,3.1575336,3.0,3.0,3.0,3.0,3.0,2.793867,2.358583,2.0957444,1.9386109,1.855853,1.8332947,1.8673348,1.9634501,2.1385,2.4288406,2.9128125,3.0,3.0,3.0,3.0,3.0,3.0,3.0,3.0,3.0,3.0,3.0,3.0,3.0,3.0,3.0,3.0,3.0,3.0,3.0,3.0,4.8705864,4.9760065,-0.9866685,-42.877647
1225,-1.2399870231009151,10.884857,-13.18896,-0.6991432,0.7921155,-0.58341223,0.012529084,-0.17895862,6.021074,5.71751,-3.306194,2.5325456,-2.335739,2.7176328,3.0,3.0,3.0,3.0,3.0,2.8799262,2.3937194,2.1026282,1.926857,1.8295062,1.7933898,1.8126831,1.8904612,2.0399756,2.2907522,2.705556,3.0,3.0,3.0,3.0,3.0,3.0,3.0,3.0,3.0,3.0,3.0,3.0,3.0,3.0,3.0,3.0,3.0,3.0,3.0,3.0,4.9691334,4.9997425,-0.9768052,-43.874126
1230,-1.2707052534511618,10.758913,-13.31212,-0.6296979,0.81624395,-0.5525344,-0.011275794,-0.16829851,6.0589767,6.045112,-3.3459983,3.8200603,-1.3737527,2.4124658,3.0,3.0,3.0,3.0,3.0,2.9274766,2.411943,2.1051817,1.9193856,1.8143834,1.7713023,1.783143,1.8517874,1.9887757,2.22051,2.6028886,3.0,3.0,3.0,3.0,3.0,3.0,3.0,3.0,3.0,3.0,3.0,3.0,3.0,3.0,3.0,3.0,3.0,3.0,3.0,3.0,4.9852705,4.99992,-0.8412285,-23.15822
1235,-1.306069232924972,10.632436,-13.442334,-0.55995023,0.8441643,-0.5126002,-0.024893606,-0.15494482,6.0757136,6.3857594,-3.3438299,4.531774,-0.74302113,2.2804193,3.0,3.0,3.0,3.0,3.0,2.9548302,2.428425,2.1157837,1.9263152,1.8187102,1.7735279,1.7834104,1.8499278,1.9842248,2.2120192,2.5877237,3.0,3.0,3.0,3.0,3.0,3.0,3.0,3.0,3.0,3.0,3.0,3.0,3.0,3.0,3.0,3.0,3.0,3.0,3.0,3.0,4.9939566,4.9999847,-0.95326185,43.860054
1240,-1.321761858861299,10.50588,-13.579578,-0.49080467,0.8707726,-0.47027948,-0.035301358,-0.13909014,6.071089,6.721007,-3.296438,4.551812,-0.60446584,2.2786486,3.0,3.0,3.0,3.0,3.0,3.0,2.4656444,2.1462111,1.952576,1.8423355,1.7955182,1.804491,1.8706793,2.0051532,2.2335808,2.6102524,3.0,3.0,3.0,3.0,3.0,3.0,3.0,3.0,3.0,3.0,3.0,3.0,3.0,3.0,3.0,3.0,3.0,3.0,3.0,3.0,4.9896326,4.9999733,-0.82417333,41.736366
1245,-1.3361937057384636,10.379695,-13.723564,-0.42314813,0.89487267,-0.42665267,-0.044942446,-0.12308756,6.0445704,7.0345573,-3.2101462,4.555384,-0.56992227,2.221358,3.0,3.0,3.0,3.0,3.0,3.0,2.545965,2.2108219,2.0075521,1.8911365,1.8403352,1.8468392,1.9116808,2.045659,2.2741385,2.6507409,3.0,3.0,3.0,3.0,3.0,3.0,3.0,3.0,3.0,3.0,3.0,3.0,3.0,3.0,3.0,3.0,3.0,3.0,3.0,3.0,4.99864,4.9999876,-0.85535794,43.71016
1250,-1.3502955511061923,10.254324,-13.873723,-0.3577209,0.91640854,-0.381874,-0.053859074,-0.1070834,5.9973516,7.318803,-3.089741,4.5570307,-0.5303451,2.1681604,3.0,3.0,3.0,3.0,3.0,3.0,2.6837897,2.320405,2.099885,1.9723699,1.9142898,1.9160864,1.9780447,2.1104105,2.3378918,2.7127209,3.0,3.0,3.0,3.0,3.0,3.0,3.0,3.0,3.0,3.0,3.0,3.0,3.0,3.0,3.0,3.0,3.0,3.0,3.0,3.0,4.999648,4.9999065,-0.6934614,44.886543
1255,-1.3638067814586443,10.130175,-14.029397,-0.2951934,0.93535614,-0.33610132,-0.062020008,-0.0910948,5.931328,7.5701103,-2.9384925,4.5565186,-0.4863245,2.1194372,3.0,3.0,3.0,3.0,3.0,3.0,2.903376,2.492733,2.2435791,2.0976508,2.0273852,2.021094,2.0777786,2.2067196,2.4314904,2.8020372,3.0,3.0,3.0,3.0,3.0,3.0,3.0,3.0,3.0,3.0,3.0,3.0,3.0,3.0,3.0,3.0,3.0,3.0,3.0,3.0,4.999981,4.999996,0.18130612,44.850502
1260,-1.3764824827355246,10.007613,-14.18986,-0.236164,0.95169973,-0.2894921,-0.06939886,-0.07513783,5.8485746,7.785324,-2.7599695,4.55365,-0.43848318,2.0755045,3.0,3.0,3.0,3.0,3.0,3.0,3.0,2.7597213,2.4630413,2.2866933,2.196182,2.1761672,2.2234626,2.345716,2.5646553,2.9267542,3.0,3.0,3.0,3.0,3.0,3.0,3.0,3.0,3.0,3.0,3.0,3.0,3.0,3.0,3.0,3.0,3.0,3.0,3.0,3.0,4.9999533,4.9999504,0.45179498,44.991478
1265,-1.3880977300544017,9.886962,-14.354327,-0.18115364,0.96543145,-0.24220264,-0.07597401,-0.059227657,5.751317,7.961789,-2.557984,4.548264,-0.38746756,2.0366125,3.0,3.0,3.0,3.0,3.0,3.0,3.0,3.0,2.8040113,2.5752237,2.4497745,2.40568,2.435848,2.5450957,2.7521524,3.0,3.0,3.0,3.0,3.0,3.0,3.0,3.0,3.0,3.0,3.0,3.0,3.0,3.0,3.0,3.0,3.0,3.0,3.0,3.0,3.0,4.999958,4.999958,0.010199785,44.992546
1270,-1.398451093704531,9.768492,-14.521962,-0.13060136,0.9765512,-0.19438778,-0.08172852,-0.04337855,5.641897,8.097365,-2.3365366,4.5402374,-0.33393878,2.0029454,3.0,3.0,3.0,3.0,3.0,3.0,3.0,3.0,3.0,3.0,2.8438835,2.7544558,2.751536,2.834661,3.0,3.0,3.0,3.0,3.0,3.0,3.0,3.0,3.0,3.0,3.0,3.0,3.0,3.0,3.0,3.0,3.0,3.0,3.0,3.0,3.0,3.0,4.999998,4.999958,0.67086136,44.996506
1275,-1.407367302443634,9.652428,-14.691893,-0.084861174,0.9850661,-0.14620031,-0.08665003,-0.027603995,5.5227423,8.1904335,-2.0997603,4.5294843,-0.2785645,1.9746217,3.0,3.0,3.0,3.0,3.0,3.0,3.0,3.0,3.0,3.0,3.0,3.0,3.0,3.0,3.0,3.0,3.0,3.0,3.0,3.0,3.0,3.0,3.0,3.0,3.0,3.0,3.0,3.0,3.0,3.0,3.0,3.0,3.0,3.0,3.0,3.0,4.999997,4.999995,0.44201016,44.997826
1280,-1.4146990519974616,9.53894,-14.863217,-0.044199828,0.9909909,-0.09779065,-0.09073065,-0.011916755,5.3963337,8.239893,-1.8518684,4.515954,-0.2220108,1.9516954,3.0,3.0,3.0,3.0,3.0,3.0,3.0,3.0,3.0,3.0,3.0,3.0,3.0,3.0,3.0,3.0,3.0,3.0,3.0,3.0,3.0,3.0,3.0,3.0,3.0,3.0,3.0,3.0,3.0,3.0,3.0,3.0,3.0,3.0,3.0,3.0,4.999999,4.999982,0.60111797,44.99936
1285,-1.420327989092525,9.428151,-15.035022,-0.008795877,0.99434686,-0.049306273,-0.093966834,0.0036710592,5.2651787,8.245159,-1.5971031,4.499632,-0.16493446,1.9341594,3.0,3.0,3.0,3.0,3.0,3.0,3.0,3.0,3.0,3.0,3.0,3.0,3.0,3.0,3.0,3.0,3.0,3.0,3.0,3.0,3.0,3.0,3.0,3.0,3.0,3.0,3.0,3.0,3.0,3.0,3.0,3.0,3.0,3.0,3.0,3.0,5.0,4.9999914,0.3990878,44.999054
1290,-1.4241649365351159,9.320126,-15.206382,0.021260325,0.995162,-0.00089143205,-0.096359186,0.019147916,5.131779,8.206148,-1.3396866,4.4805374,-0.107975915,1.921947,3.0,3.0,3.0,3.0,3.0,3.0,3.0,3.0,3.0,3.0,3.0,3.0,3.0,3.0,3.0,3.0,3.0,3.0,3.0,3.0,3.0,3.0,3.0,3.0,3.0,3.0,3.0,3.0,3.0,3.0,3.0,3.0,3.0,3.0,3.0,3.0,5.0,4.9998684,0.9257889,44.99746
1295,-1.426149451080006,9.21488,-15.37638,0.045965653,0.9934708,0.04731325,-0.09791237,0.0345028,4.998608,8.1232605,-1.0837758,4.4587216,-0.051752795,1.9149361,3.0,3.0,3.0,3.0,3.0,3.0,3.0,3.0,3.0,3.0,3.0,3.0,3.0,3.0,3.0,3.0,3.0,3.0,3.0,3.0,3.0,3.0,3.0,3.0,3.0,3.0,3.0,3.0,3.0,3.0,3.0,3.0,3.0,3.0,3.0,3.0,5.0,4.998435,0.7394438,44.993813
1300,-1.4262488225756356,9.112381,-15.544111,0.06540231,0.9893134,0.09517111,-0.098634884,0.04972515,4.8680825,7.997358,-0.8334199,4.434267,0.0031461397,1.9129518,3.0,3.0,3.0,3.0,3.0,3.0,3.0,3.0,3.0,3.0,3.0,3.0,3.0,3.0,3.0,3.0,3.0,3.0,3.0,3.0,3.0,3.0,3.0,3.0,3.0,3.0,3.0,3.0,3.0,3.0,3.0,3.0,3.0,3.0,3.0,3.0,5.0,4.9948797,0.83367217,44.993958
1305,-1.4244566305759419,9.012542,-15.708696,0.07973507,0.982736,0.14254974,-0.09853892,0.0648048,4.74254,7.829738,-0.592522,4.407283,0.056166235,1.9157723,3.0,3.0,3.0,3.0,3.0,3.0,3.0,3.0,3.0,3.0,3.0,3.0,3.0,3.0,3.0,3.0,3.0,3.0,3.0,3.0,3.0,2.8990989,2.7519677,2.6970391,2.7254515,2.8417325,3.0,3.0,3.0,3.0,3.0,3.0,3.0,3.0,3.0,3.0,5.0,4.9998627,0.70707536,44.9971
1310,-1.4207909744691618,8.915232,-15.869286,0.08920785,0.9737899,0.18932126,-0.09764014,0.07973192,4.62422,7.622107,-0.36480427,4.3779044,0.1067916,1.9231315,3.0,3.0,3.0,3.0,3.0,3.0,3.0,3.0,3.0,3.0,3.0,3.0,3.0,3.0,3.0,3.0,3.0,3.0,3.0,3.0,2.7781029,2.4789908,2.3011506,2.2097666,2.1893451,2.2366343,2.3592792,2.579065,2.9426014,3.0,3.0,3.0,3.0,3.0,3.0,3.0,5.0,4.999984,0.6638807,44.999786
1315,-1.4157080760432632,8.820273,-16.02507,0.09413947,0.9625315,0.23536265,-0.09595754,0.09449698,4.515243,7.376543,-0.15377653,4.3462896,0.15454906,1.9347249,3.0,3.0,3.0,3.0,3.0,3.0,3.0,3.0,3.0,3.0,3.0,3.0,3.0,3.0,3.0,3.0,3.0,3.0,3.0,3.0,2.4876292,2.177681,1.9901831,1.8851514,1.8438665,1.8596444,1.9349961,2.0826652,2.331427,2.7423022,3.0,3.0,3.0,3.0,3.0,3.0,5.0,4.999996,0.071664095,44.99971
1320,-1.3670504192753068,8.727308,-16.175749,0.09576506,0.9513663,0.27587622,-0.088223614,0.104933515,4.4266124,7.1258154,-0.016910769,3.4386866,1.1639757,1.4209924,3.0,3.0,3.0,3.0,3.0,3.0,3.0,3.0,3.0,3.0,3.0,3.0,3.0,3.0,3.0,3.0,3.0,3.0,3.0,2.9143536,2.3465395,2.0151498,1.8140769,1.6963563,1.6397705,1.6349103,1.6810045,1.7856017,1.9678384,2.2682538,2.7764807,3.0,3.0,3.0,3.0,3.0,5.0,4.9956455,0.80508304,44.99939
1325,-1.3412903545841495,8.636099,-16.32057,0.09418521,0.94165623,0.3092974,-0.07315685,0.11075508,4.3504624,6.846814,0.1144717,2.7554474,1.8549093,1.1539863,3.0,3.0,3.0,3.0,3.0,3.0,3.0,3.0,3.0,3.0,3.0,3.0,3.0,3.0,3.0,3.0,3.0,3.0,3.0,3.0,2.3373785,1.9614809,1.7351547,1.5992198,1.5260353,1.5029233,1.5261812,1.5995353,1.735698,1.9623734,2.3388891,3.0,3.0,3.0,3.0,3.0,5.0,4.6663523,0.8776252,44.991318
1330,-1.328099654418107,8.546213,-16.459522,0.09031706,0.93362117,0.33637595,-0.051372234,0.112087354,4.293886,6.5537386,0.22564323,2.2339113,2.3894918,0.9529436,3.0,3.0,3.0,3.0,3.0,3.0,3.0,3.0,3.0,3.0,3.0,3.0,3.0,3.0,3.0,3.0,3.0,3.0,3.0,3.0,2.4461646,1.9920055,1.7242662,1.5618036,1.4680856,1.4258496,1.428156,1.475371,1.5753163,1.7467164,2.0291498,2.5115676,3.0,3.0,3.0,3.0,5.0,3.8901587,0.7981057,44.996017
1335,-1.322534288091239,8.457245,-16.591978,0.084018596,0.9265832,0.3586487,-0.024722006,0.11046978,4.258183,6.2326913,0.34369513,1.6150068,2.9726155,0.82589364,3.0,3.0,3.0,3.0,3.0,3.0,3.0,3.0,3.0,3.0,3.0,3.0,3.0,3.0,3.0,3.0,3.0,3.0,3.0,3.0,2.6707904,2.091824,1.7631801,1.5648727,1.4461617,1.3832576,1.3653541,1.3895905,1.4598618,1.5884538,1.8019274,2.1574163,2.793376,3.0,3.0,3.0,4.999998,-2.8317122,0.6111692,44.99076
1340,-1.3107667708895436,8.368695,-16.71744,0.07521041,0.9196901,0.3778134,0.0049669147,0.10678273,4.248779,5.8808284,0.4738497,1.6501848,2.9441988,0.80353045,3.0,3.0,3.0,3.0,3.0,3.0,3.0,3.0,3.0,3.0,3.0,3.0,3.0,3.0,3.0,3.0,3.0,3.0,3.0,3.0,3.0,2.2557642,1.8414983,1.5967718,1.4483049,1.3629888,1.3251903,1.3287146,1.374121,1.4689531,1.6310782,1.898263,2.3557296,3.0,3.0,3.0,4.999999,2.7405949,0.7534528,44.992424
1345,-1.3039431801944952,8.280015,-16.83554,0.06391485,0.9120224,0.3956279,0.03565094,0.102091804,4.2653713,5.526656,0.58584255,1.4577498,3.1471443,0.74930274,3.0,3.0,3.0,3.0,3.0,3.0,3.0,3.0,3.0,3.0,3.0,3.0,3.0,3.0,3.0,3.0,3.0,3.0,3.0,3.0,3.0,2.4757435,1.9477069,1.6465532,1.4645985,1.3559567,1.2990652,1.2842042,1.309003,1.3774557,1.501606,1.7073689,2.0506794,2.6682801,3.0,3.0,4.9999876,3.899496,0.58225274,44.9943
1350,-1.2952385052348834,8.190752,-16.946672,0.05092707,0.9040254,0.41095003,0.06871394,0.095585294,4.3043504,5.1883106,0.6632282,1.3182678,3.3095279,0.6987985,3.0,3.0,3.0,3.0,3.0,3.0,3.0,3.0,3.0,3.0,3.0,3.0,3.0,3.0,3.0,3.0,3.0,3.0,3.0,3.0,3.0,2.803594,2.1041114,1.7259399,1.5016721,1.3657091,1.2882143,1.2551308,1.2610612,1.3069475,1.4004581,1.5594146,1.821507,2.2724965,3.0,3.0,4.9999905,-2.43335,0.25871992,44.986214
1355,-1.2834772576456532,8.100316,-17.050398,0.03619025,0.89459026,0.4261226,0.101233885,0.08876645,4.3570023,4.8753057,0.7033647,1.3636519,3.2832668,0.6627769,3.0,3.0,3.0,3.0,3.0,3.0,3.0,3.0,3.0,3.0,3.0,3.0,3.0,3.0,3.0,3.0,3.0,3.0,3.0,3.0,3.0,3.0,2.2903037,1.8184752,1.5468134,1.382311,1.2847177,1.2350477,1.2249082,1.2526863,1.3228812,1.448019,1.6548399,2.0015352,2.6332119,3.0,4.999999,2.12847,0.74875784,44.950005
1360,-1.2741610377265236,8.008653,-17.148006,0.021174807,0.8835767,0.44168383,0.13272852,0.08118378,4.4115114,4.610905,0.6879836,1.5539445,3.1682196,0.53332657,3.0,3.0,3.0,3.0,3.0,3.0,3.0,3.0,3.0,3.0,3.0,3.0,3.0,3.0,3.0,3.0,3.0,3.0,3.0,3.0,3.0,3.0,2.504522,1.9201878,1.5962627,1.4023092,1.2852014,1.2203679,1.1963668,1.2093276,1.2613164,1.3611932,1.5286902,1.805759,2.2904978,3.0,4.999996,3.8120728,-0.37219715,44.977135
1365,-1.2709648777198954,7.916748,-17.242882,0.008819303,0.8709212,0.4578797,0.16258554,0.07354199,4.412011,4.515964,0.52953005,1.6026757,3.1228452,0.49538508,3.0,3.0,3.0,3.0,3.0,3.0,3.0,3.0,3.0,3.0,3.0,3.0,3.0,3.0,3.0,3.0,3.0,3.0,3.0,3.0,3.0,3.0,2.7329533,2.0206146,1.6424245,1.4198226,1.2847352,1.2065969,1.1709574,1.1719506,1.2097337,1.2905533,1.4294885,1.6584164,2.0487711,2.790339,4.999979,4.0725393,0.09765828,44.998886
1370,-1.267571243487056,7.824784,-17.335781,-0.00019322877,0.85697883,0.47385803,0.19166166,0.06566303,4.416327,4.4212227,0.36754557,1.6321617,3.099313,0.4498395,3.0,3.0,3.0,3.0,3.0,3.0,3.0,3.0,3.0,3.0,3.0,3.0,3.0,3.0,3.0,3.0,3.0,3.0,3.0,3.0,3.0,3.0,2.9922714,2.1267734,1.689444,1.4375237,1.2849606,1.1944848,1.1485134,1.1392831,1.1653255,1.2308602,1.347591,1.5404936,1.8639452,2.453692,4.9999905,3.954401,0.5392499,44.995056
1375,-1.2557280163130211,7.732533,-17.426397,-0.0059779626,0.8430003,0.4879911,0.21939313,0.05551415,4.4341016,4.3064523,0.21411768,1.317902,3.0852616,0.1439063,3.0,3.0,3.0,3.0,3.0,3.0,3.0,3.0,3.0,3.0,3.0,3.0,3.0,3.0,3.0,3.0,3.0,3.0,3.0,3.0,3.0,3.0,3.0,2.255621,1.7472097,1.4620843,1.2906766,1.1875381,1.1314995,1.1127998,1.1284374,1.1809138,1.2792748,1.4433502,1.7154987,2.1963665,4.999975,4.1559906,0.6880771,44.996986
1380,-1.2446007915550696,7.6398215,-17.514544,-0.0085420925,0.83019954,0.49888477,0.24526569,0.041562255,4.458243,4.186464,0.058704756,0.9334796,3.068236,-0.1753891,2.7573168,3.0,3.0,3.0,3.0,3.0,3.0,3.0,3.0,3.0,3.0,3.0,3.0,3.0,3.0,3.0,3.0,3.0,3.0,3.0,3.0,3.0,3.0,2.4298882,1.8266001,1.4998026,1.3058503,1.188288,1.1214043,1.0930917,1.0987362,1.1392337,1.2213616,1.3608106,1.5907719,1.9869075,4.9993286,3.7646456,0.66011727,44.99717
1385,-1.236981209315489,7.5465255,-17.60011,-0.007849289,0.81887853,0.50634855,0.26921752,0.023897065,4.484437,4.067591,-0.10137602,0.5162772,3.0311003,-0.47017473,2.418573,3.0,3.0,3.0,3.0,3.0,3.0,3.0,3.0,3.0,3.0,3.0,3.0,3.0,3.0,3.0,3.0,3.0,3.0,3.0,3.0,3.0,3.0,2.6714885,1.9345967,1.55333,1.3313949,1.1967676,1.1177087,1.0792071,1.0748405,1.1039159,1.1711835,1.288884,1.4829788,1.8106655,4.991314,4.7489433,0.8199916,44.99553
1390,-1.231708260300723,7.45291,-17.683643,-0.0035751427,0.8079455,0.5120031,0.29164237,0.004646935,4.499355,3.9717734,-0.27495295,0.4319532,2.9862187,-0.5634008,2.1512692,3.0,3.0,3.0,3.0,3.0,3.0,3.0,3.0,3.0,3.0,3.0,3.0,3.0,3.0,3.0,3.0,3.0,3.0,3.0,3.0,3.0,3.0,2.986887,2.066696,1.6175222,1.3627499,1.2090514,1.1170086,1.0681477,1.0540674,1.0725173,1.1264613,1.2253217,1.3894842,1.6627774,4.9758854,4.032524,0.94543946,44.99862
1395,-1.228954963969394,7.3587728,-17.76484,0.0042124353,0.79754394,0.51553386,0.31284612,-0.016606798,4.5247746,3.8593957,-0.4443989,0.17415264,2.9720552,-0.7216282,1.9292982,2.7110415,3.0,3.0,3.0,3.0,3.0,3.0,3.0,3.0,3.0,3.0,3.0,3.0,3.0,3.0,3.0,3.0,3.0,3.0,3.0,3.0,3.0,3.0,2.2373075,1.6980345,1.4025784,1.2264435,1.1198404,1.059917,1.0359591,1.0440831,1.0855811,1.1674552,1.3055921,1.5336589,4.7528687,4.927932,0.9651542,44.998978
1400,-1.2259932045083144,7.2643113,-17.844059,0.015693305,0.78641856,0.51866925,0.3332787,-0.03812311,4.5404763,3.7647376,-0.6224491,0.17802982,2.9500988,-0.7658882,1.7460306,2.3552024,3.0,3.0,3.0,3.0,3.0,3.0,3.0,3.0,3.0,3.0,3.0,3.0,3.0,3.0,3.0,3.0,3.0,3.0,3.0,3.0,3.0,3.0,2.444805,1.7899886,1.4465076,1.2453729,1.1233096,1.0521536,1.0185807,1.0170305,1.047257,1.1142274,1.2302837,1.4215423,3.3286963,4.985655,0.97988105,44.99971
1405,-1.2230195380055375,7.169519,-17.921307,0.03090656,0.774551,0.5214527,0.35295507,-0.05983766,4.556386,3.6699777,-0.80233896,0.17757505,2.9277742,-0.809764,1.5908464,2.0752418,3.0,3.0,3.0,3.0,3.0,3.0,3.0,3.0,3.0,3.0,3.0,3.0,3.0,3.0,3.0,3.0,3.0,3.0,3.0,3.0,3.0,3.0,2.703975,1.8963621,1.4952097,1.2658895,1.1272538,1.0445931,1.0015805,0.9908868,1.0108075,1.0645553,1.1616172,1.3223644,2.1052895,4.9982595,0.9691107,44.999657
1410,-1.2200418076846022,7.074396,-17.99658,0.04989033,0.7619778,0.52386224,0.3718577,-0.08173179,4.572213,3.5750608,-0.984049,0.17287314,2.9051898,-0.85288763,1.4564929,1.8472363,2.633872,3.0,3.0,3.0,3.0,3.0,3.0,3.0,3.0,3.0,3.0,3.0,3.0,3.0,3.0,3.0,3.0,3.0,3.0,3.0,3.0,3.0,3.0,2.0216458,1.5497395,1.2881838,1.1315843,1.0370266,0.98466444,0.9652549,0.97566795,1.0175633,1.0980799,1.2331204,0.950819,4.995555,0.99040246,44.980713
1415,-1.2170678412082399,6.9789476,-18.069872,0.07268201,0.7487356,0.52587616,0.38997144,-0.10378585,4.5876718,3.4799414,-1.1675341,0.16404119,2.8824546,-0.8949058,1.337874,1.6561943,2.263533,3.0,3.0,3.0,3.0,3.0,3.0,3.0,3.0,3.0,3.0,3.0,3.0,3.0,3.0,3.0,3.0,3.0,3.0,3.0,3.0,3.0,3.0,2.1723957,1.6114851,1.3124825,1.1361909,1.0292193,0.9675251,0.93974787,0.9413246,0.9725053,1.0384564,1.1515375,0.42087364,4.9993334,0.98787415,44.992363
1420,-1.2141054346968447,6.883185,-18.141178,0.09931774,0.7348613,0.52747345,0.40728346,-0.1259793,4.602483,3.3845816,-1.3527242,0.15122667,2.8596766,-0.93548256,1.2312894,1.4922267,1.9694332,3.0,3.0,3.0,3.0,3.0,3.0,3.0,3.0,3.0,3.0,3.0,3.0,3.0,3.0,3.0,3.0,3.0,3.0,3.0,3.0,3.0,3.0,2.3586037,1.6823245,1.3390634,1.1409342,1.0209002,0.9498317,0.91397727,0.9072961,0.9287261,0.9817443,1.0758505,-3.656514,4.9970856,0.9839971,44.9905
1425,-1.2111623343584603,6.787124,-18.210495,0.12983191,0.7203916,0.5286336,0.4237834,-0.14829078,4.616376,3.2889526,-1.5395253,0.13460533,2.8369617,-0.97430104,1.133972,1.3485298,1.727984,2.5107584,3.0,3.0,3.0,3.0,3.0,3.0,3.0,3.0,3.0,3.0,3.0,3.0,3.0,3.0,3.0,3.0,3.0,3.0,3.0,3.0,3.0,2.5963283,1.7648779,1.3682748,1.145637,1.0117521,0.9312198,0.8875417,0.87311804,0.88563496,0.92709506,1.0046526,-3.6572847,4.9989233,0.9992813,44.99807
1430,-1.2082462159685516,6.6907887,-18.277817,0.16425666,0.7053629,0.52933687,0.4394631,-0.17069806,4.6290913,3.1930342,-1.7278205,0.114378974,2.8144138,-1.0110658,1.0437979,1.2202549,1.5242468,2.1155584,3.0,3.0,3.0,3.0,3.0,3.0,3.0,3.0,3.0,3.0,3.0,3.0,3.0,3.0,3.0,3.0,3.0,3.0,3.0,3.0,3.0,2.9131696,1.8629334,1.4005662,1.1500709,1.0013953,0.9112784,0.86001563,0.83832866,0.8426833,0.8737712,0.936795,-4.843646,4.999958,0.9991236,44.99723
1435,-1.2053646624617964,6.5942054,-18.343136,0.20262143,0.6898117,0.5295643,0.45431668,-0.1931782,4.640381,3.0968146,-1.9174716,0.09077307,2.792133,-1.0455043,0.95909494,1.1038387,1.3482846,1.8021228,2.8469045,3.0,3.0,3.0,3.0,3.0,3.0,3.0,3.0,3.0,3.0,3.0,3.0,3.0,3.0,3.0,3.0,3.0,3.0,3.0,3.0,3.0,1.9821994,1.436534,1.1539369,0.98936826,0.88953537,0.83093673,0.8024566,0.79934704,0.8211143,0.87131584,-4.9574685,4.999529,0.9998002,44.998352
1440,-1.2025251399210641,6.4974074,-18.406446,0.2449525,0.673774,0.5292977,0.46834046,-0.21570759,4.6500115,3.0002904,-2.1083202,0.064034306,2.7702162,-1.0773686,0.8785156,0.9965895,1.1932148,1.5449798,2.2895,3.0,3.0,3.0,3.0,3.0,3.0,3.0,3.0,3.0,3.0,3.0,3.0,3.0,3.0,3.0,3.0,3.0,3.0,3.0,3.0,3.0,2.1317272,1.4769958,1.1568384,0.97510093,0.8654379,0.799792,0.76500833,0.7551116,0.7685204,0.8073898,-4.9842305,4.9999695,0.99983656,44.999176
1445,-1.1997349722740205,6.400432,-18.467743,0.29127267,0.65728533,0.52852,0.48153284,-0.2382619,4.6577663,2.9034665,-2.3001895,0.03442801,2.7487547,-1.1064366,0.80094737,0.89642286,1.0541039,1.328063,1.871255,3.0,3.0,3.0,3.0,3.0,3.0,3.0,3.0,3.0,3.0,3.0,3.0,3.0,3.0,3.0,3.0,3.0,3.0,3.0,3.0,3.0,2.3268144,1.523113,1.1582397,0.9578775,0.8383285,0.76600134,0.725455,0.7094582,0.71542025,0.74429,-4.9982057,4.999996,0.99991846,44.99891
1450,-1.1970013150281842,6.303321,-18.52702,0.34160078,0.6403809,0.5272148,0.49389434,-0.2608163,4.6634445,2.8063555,-2.4928854,0.0022355437,2.7278354,-1.1325125,0.72545004,0.8016852,0.92730886,1.1407192,1.5426044,2.4989266,3.0,3.0,3.0,3.0,3.0,3.0,3.0,3.0,3.0,3.0,3.0,3.0,3.0,3.0,3.0,3.0,3.0,3.0,3.0,3.0,2.5955727,1.5766066,1.1574024,0.9367844,0.80741245,0.72889733,0.6832184,0.6618512,0.6612628,0.6813598,-4.999251,4.999998,0.9990256,44.999535
1455,-1.1943311283955134,6.206119,-18.584269,0.39595145,0.6230953,0.5253672,0.5054274,-0.2833455,4.666864,2.708978,-2.6861994,-0.032248348,2.7075396,-1.1554283,0.6512093,0.71103394,0.81006575,0.9755868,1.2748016,1.92303,3.0,3.0,3.0,3.0,3.0,3.0,3.0,3.0,3.0,3.0,3.0,3.0,3.0,3.0,3.0,3.0,3.0,3.0,3.0,3.0,2.9959912,1.640159,1.1532838,0.91063446,0.77171487,0.6876999,0.6376546,0.61172515,0.605501,0.6179904,-4.9997673,4.9999733,0.9978224,44.999474
1460,-1.1917311501717394,6.108876,-18.639484,0.45433486,0.60546243,0.5229631,0.5161364,-0.3058236,4.6678624,2.6113613,-2.8799093,-0.06871819,2.6879413,-1.175044,0.5775021,0.6233536,0.7002249,0.82739884,1.0500028,1.4987733,2.764162,3.0,3.0,3.0,3.0,3.0,3.0,3.0,3.0,3.0,3.0,3.0,3.0,3.0,3.0,3.0,3.0,3.0,3.0,3.0,3.0,1.7182211,1.1443692,0.8778559,0.7300218,0.6414846,0.58803475,0.55847067,0.54757845,0.55360216,-4.9993553,4.999997,0.9990318,44.999474
1465,-1.189207868746646,6.011644,-18.692665,0.5167563,0.5875155,0.5199897,0.52602756,-0.32822445,4.666298,2.5135405,-3.0737817,-0.10686041,2.6691093,-1.1912475,0.50366986,0.53769505,0.5960739,0.69226956,0.85652184,1.169554,1.935878,3.0,3.0,3.0,3.0,3.0,3.0,3.0,3.0,3.0,3.0,3.0,3.0,3.0,3.0,3.0,3.0,3.0,3.0,3.0,3.0,1.8187993,1.1283801,0.836322,0.6807973,0.58913994,0.5335215,0.5014197,0.48691684,0.48762923,-4.9991536,4.999983,0.9978913,44.993774
1470,-1.1867674966252872,5.9144783,-18.743807,0.5832162,0.569287,0.5164354,0.53510875,-0.3505216,4.6620502,2.4155567,-3.2675748,-0.146356,2.6511045,-1.203955,0.429097,0.45323062,0.49621654,0.56725234,0.68636334,0.9035416,1.3832613,3.0,3.0,3.0,3.0,3.0,3.0,3.0,3.0,3.0,3.0,3.0,3.0,3.0,3.0,3.0,3.0,3.0,3.0,3.0,3.0,1.9579669,1.1017373,0.7830839,0.62206614,0.52931184,0.4731396,0.43982765,0.4229024,0.41950563,-4.9992185,5.0,0.9977095,44.993584
1475,-1.1844159448387919,5.8174353,-18.792904,0.6537097,0.5508087,0.5122899,0.5433897,-0.37268823,4.65502,2.3174565,-3.4610388,-0.18688303,2.6339812,-1.2131113,0.35319299,0.36922044,0.39948687,0.4500542,0.53385013,0.68143123,0.9830668,1.8655243,3.0,3.0,3.0,3.0,3.0,3.0,3.0,3.0,3.0,3.0,3.0,3.0,3.0,3.0,3.0,3.0,3.0,3.0,3.0,2.173585,1.0585009,0.7139338,0.55124104,0.46032742,0.40573895,0.37285274,0.35487202,0.34865198,-4.999696,4.999999,0.99981356,44.999466
1480,-1.1821587986149151,5.7205744,-18.839958,0.7282269,0.53211135,0.5075441,0.5508814,-0.39469752,4.645131,2.2192924,-3.6539195,-0.22811918,2.617786,-1.218688,0.2753769,0.2849854,0.30488747,0.33884662,0.39481893,0.49080545,0.675575,1.1389548,3.0,3.0,3.0,3.0,3.0,3.0,3.0,3.0,3.0,3.0,3.0,3.0,3.0,3.0,3.0,3.0,3.0,3.0,3.0,2.5815065,0.98807454,0.6226585,0.4648641,0.38009033,0.3299458,0.29953048,0.2820973,0.27446258,-4.999762,5.0,0.99925923,44.994858
1485,-1.1800012946654836,5.623956,-18.884966,0.8067523,0.5132249,0.5021905,0.5575967,-0.41652235,4.6323295,2.121122,-3.8459587,-0.26974416,2.6025581,-1.2206845,0.19506332,0.19988583,0.21154341,0.23213512,0.266126,0.32328692,0.42829296,0.6642179,1.586131,3.0,3.0,3.0,3.0,3.0,3.0,3.0,3.0,3.0,3.0,3.0,3.0,3.0,3.0,3.0,3.0,3.0,3.0,3.0,0.86959255,0.49969268,0.35820597,0.28593275,0.24409908,0.21874216,0.20376633,0.19629176,-4.9984236,5.0,0.999444,44.97988
