step,reward,rel_x,rel_y,rel_z,qw,qx,qy,qz,vx,vy,vz,wx,wy,wz,lidar_0,lidar_1,lidar_2,lidar_3,lidar_4,lidar_5,lidar_6,lidar_7,lidar_8,lidar_9,lidar_10,lidar_11,lidar_12,lidar_13,lidar_14,lidar_15,lidar_16,lidar_17,lidar_18,lidar_19,lidar_20,lidar_21,lidar_22,lidar_23,lidar_24,lidar_25,lidar_26,lidar_27,lidar_28,lidar_29,lidar_30,lidar_31,lidar_32,lidar_33,lidar_34,lidar_35,act_vx,act_vy,act_vz,act_yaw
5,-1.0128126213502064,-0.815924,3.1458254,0.49793714,0.9999978,-0.0013687884,0.0013699326,-0.0007927967,0.00014205372,0.00014193973,0.19939514,-0.18830863,0.18858595,-0.109102614,3.0,3.0,3.0,3.0,3.0,3.0,3.0,3.0,3.0,3.0,3.0,3.0,3.0,3.0,3.0,3.0,3.0,3.0,3.0,3.0,3.0,3.0,3.0,3.0,3.0,3.0,3.0,3.0,3.0,3.0,3.0,3.0,3.0,3.0,3.0,3.0,-3.199395,0.89586926,0.9461248,41.642113
10,-1.0134882970288277,-0.81594414,3.1458051,0.4906194,0.9999863,-0.0034262761,0.00343345,-0.0019857418,0.0017583433,0.0017526624,0.4521961,-0.21698798,0.21779667,-0.12586313,3.0,3.0,3.0,3.0,3.0,3.0,3.0,3.0,3.0,3.0,3.0,3.0,3.0,3.0,3.0,3.0,3.0,3.0,3.0,3.0,3.0,3.0,3.0,3.0,3.0,3.0,3.0,3.0,3.0,3.0,3.0,3.0,3.0,3.0,3.0,3.0,1.9642801,-1.180706,0.7747941,42.813957
15,-1.0276900479917004,-0.81602025,3.1457343,0.4785376,0.99996054,-0.0036674691,0.0073546525,-0.003378293,0.0052793343,0.00453774,0.6620032,-0.12161763,0.4708193,-0.41900426,3.0,3.0,3.0,3.0,3.0,3.0,3.0,3.0,3.0,3.0,3.0,3.0,3.0,3.0,3.0,3.0,3.0,3.0,3.0,3.0,3.0,3.0,3.0,3.0,3.0,3.0,3.0,3.0,3.0,3.0,3.0,3.0,3.0,3.0,3.0,3.0,-1.7402568,3.272768,0.9756025,40.27903
20,-1.04159175083268,-0.81620455,3.1456017,0.46233845,0.99989474,-0.005372247,0.011943684,-0.0062496522,0.011564005,0.007688795,0.84890056,-0.30909255,0.6508066,-0.60060567,3.0,3.0,3.0,3.0,3.0,3.0,3.0,3.0,3.0,3.0,3.0,3.0,3.0,3.0,3.0,3.0,3.0,3.0,3.0,3.0,3.0,3.0,3.0,3.0,3.0,3.0,3.0,3.0,3.0,3.0,3.0,3.0,3.0,3.0,3.0,3.0,-4.5267143,-1.1502693,0.9871563,8.549622
25,-1.028051809447008,-0.81653494,3.1454022,0.44346738,0.9997802,-0.0078766355,0.015458956,-0.011773159,0.018741764,0.010870447,0.9305295,-0.3943448,0.43833768,-0.32378012,3.0,3.0,3.0,3.0,3.0,3.0,3.0,3.0,3.0,3.0,3.0,3.0,3.0,3.0,3.0,3.0,3.0,3.0,3.0,3.0,3.0,3.0,3.0,3.0,3.0,3.0,3.0,3.0,3.0,3.0,3.0,3.0,3.0,3.0,3.0,3.0,-2.825513,-2.9861312,0.99507236,44.16607
30,-1.0265703265505755,-0.8170445,3.1451175,0.42284694,0.99966663,-0.011016001,0.018427849,-0.014341358,0.028429074,0.015640013,1.0250194,-0.53937936,0.287726,-0.20928353,3.0,3.0,3.0,3.0,3.0,3.0,3.0,3.0,3.0,3.0,3.0,3.0,3.0,3.0,3.0,3.0,3.0,3.0,3.0,3.0,3.0,3.0,3.0,3.0,3.0,3.0,3.0,3.0,3.0,3.0,3.0,3.0,3.0,3.0,3.0,3.0,0.2920437,-2.218371,0.66741025,36.856552
35,-1.0230335799983437,-0.81774086,3.1447296,0.4013267,0.9995325,-0.015438364,0.02250275,-0.013785515,0.037896972,0.021473417,1.0626847,-0.42419797,0.39142668,0.057474174,3.0,3.0,3.0,3.0,3.0,3.0,3.0,3.0,3.0,3.0,3.0,3.0,3.0,3.0,3.0,3.0,3.0,3.0,3.0,3.0,3.0,3.0,3.0,3.0,3.0,3.0,3.0,3.0,3.0,3.0,3.0,3.0,3.0,3.0,3.0,3.0,3.049511,-1.8430068,0.9618833,42.47261
40,-1.0334768871647526,-0.81867,3.1441905,0.37871972,0.99934256,-0.018182622,0.027686454,-0.014742072,0.049160954,0.028847896,1.0952286,-0.3548092,0.5746209,-0.4072875,3.0,3.0,3.0,3.0,3.0,3.0,3.0,3.0,3.0,3.0,3.0,3.0,3.0,3.0,3.0,3.0,3.0,3.0,3.0,3.0,3.0,3.0,3.0,3.0,3.0,3.0,3.0,3.0,3.0,3.0,3.0,3.0,3.0,3.0,3.0,3.0,-1.9123664,1.6524544,0.94902325,42.803307
45,-1.0293290995496793,-0.81985193,3.1434875,0.3556678,0.9990171,-0.024220837,0.032943092,-0.017113673,0.06184342,0.037158675,1.1097271,-0.482071,0.46944833,-0.20465471,3.0,3.0,3.0,3.0,3.0,3.0,3.0,3.0,3.0,3.0,3.0,3.0,3.0,3.0,3.0,3.0,3.0,3.0,3.0,3.0,3.0,3.0,3.0,3.0,3.0,3.0,3.0,3.0,3.0,3.0,3.0,3.0,3.0,3.0,3.0,3.0,-2.3999267,-1.873627,0.8906795,40.729263
50,-1.0313820620208785,-0.8213182,3.1425867,0.33247015,0.9986416,-0.028758079,0.038442798,-0.0202493,0.07608255,0.047328867,1.1125884,-0.3707635,0.64181864,-0.082316585,3.0,3.0,3.0,3.0,3.0,3.0,3.0,3.0,3.0,3.0,2.5171733,3.0,3.0,3.0,3.0,3.0,3.0,3.0,3.0,3.0,3.0,3.0,3.0,3.0,3.0,3.0,3.0,3.0,3.0,3.0,3.0,3.0,3.0,3.0,3.0,3.0,-1.3850718,2.6695004,0.9949899,40.627884
55,-1.0137396130176388,-0.82312596,3.1414402,0.30901438,0.9983809,-0.03206393,0.04320155,-0.018468456,0.09403033,0.06024841,1.1313206,-0.2857543,0.24019712,0.1151831,3.0,3.0,3.0,3.0,3.0,3.0,3.0,3.0,3.0,3.0,2.5180051,3.0,3.0,3.0,3.0,3.0,3.0,3.0,3.0,3.0,3.0,3.0,3.0,3.0,3.0,3.0,3.0,3.0,3.0,3.0,3.0,3.0,3.0,3.0,3.0,3.0,3.7529478,-0.4227295,0.44309938,30.327309
60,-1.0353285745580991,-0.825293,3.1400354,0.28565818,0.9980172,-0.035909586,0.04833857,-0.018317766,0.11277118,0.07377124,1.1359237,-0.31984636,0.7586302,0.027604297,3.0,3.0,3.0,3.0,3.0,3.0,3.0,3.0,3.0,3.0,2.5176966,3.0,3.0,3.0,3.0,3.0,3.0,3.0,3.0,3.0,3.0,3.0,3.0,3.0,3.0,3.0,3.0,3.0,3.0,3.0,3.0,3.0,3.0,3.0,3.0,3.0,-3.4919405,-2.8781497,0.9332316,19.37751
65,-1.0220551809791578,-0.8278585,3.1383457,0.26239344,0.9976777,-0.03794288,0.05340676,-0.018636633,0.1340094,0.08862727,1.1394893,-0.32297248,0.45917788,-0.033984102,3.0,3.0,3.0,3.0,3.0,3.0,3.0,3.0,3.0,3.0,2.5162668,3.0,3.0,3.0,3.0,3.0,3.0,3.0,3.0,3.0,3.0,3.0,3.0,3.0,3.0,3.0,3.0,3.0,3.0,3.0,3.0,3.0,3.0,3.0,3.0,3.0,2.3146172,-0.3064971,0.9649999,43.95159
70,-1.0185853515899064,-0.8308685,3.1363513,0.2392015,0.9973302,-0.03914045,0.05890383,-0.018190634,0.14901236,0.0987538,1.0716373,-0.06741981,0.48183796,-0.026670935,3.0,3.0,3.0,3.0,3.0,3.0,3.0,3.0,3.0,3.0,2.5147815,3.0,3.0,3.0,3.0,3.0,3.0,3.0,3.0,3.0,3.0,3.0,3.0,3.0,3.0,3.0,3.0,3.0,3.0,3.0,3.0,3.0,3.0,3.0,3.0,3.0,0.24981308,3.0549889,0.92744625,39.45851
75,-1.0252580757288936,-0.8342736,3.1341012,0.21691336,0.9969605,-0.04009516,0.06419826,-0.018458465,0.16946444,0.11181499,1.0372783,-0.04149276,0.6157878,-0.022131156,3.0,3.0,3.0,3.0,3.0,3.0,3.0,3.0,3.0,3.0,2.5124655,3.0,3.0,3.0,3.0,3.0,3.0,3.0,3.0,3.0,3.0,3.0,3.0,3.0,3.0,3.0,3.0,3.0,3.0,3.0,3.0,3.0,3.0,3.0,3.0,3.0,2.2192006,0.6976023,0.7496282,44.695267
80,-1.0221732957257783,-0.8381426,3.13157,0.19528835,0.9964349,-0.040747996,0.07118225,-0.019751512,0.19652958,0.12773895,1.0355822,0.020551197,0.5395208,-0.12641104,3.0,3.0,3.0,3.0,3.0,3.0,3.0,3.0,3.0,3.0,2.509,3.0,3.0,3.0,3.0,3.0,3.0,3.0,3.0,3.0,3.0,3.0,3.0,3.0,3.0,3.0,3.0,3.0,3.0,3.0,3.0,3.0,3.0,3.0,3.0,3.0,-0.033950806,3.243329,0.44849706,43.709
85,-1.0244130205219475,-0.842573,3.1287272,0.17396727,0.9959002,-0.041728158,0.07715843,-0.022092823,0.22604065,0.14351076,1.0304959,-0.258576,0.41125557,-0.3531043,3.0,3.0,3.0,3.0,3.0,3.0,3.0,3.0,3.0,3.0,2.990107,3.0,3.0,3.0,3.0,3.0,3.0,3.0,3.0,3.0,3.0,3.0,3.0,3.0,3.0,3.0,3.0,3.0,3.0,3.0,3.0,3.0,3.0,3.0,3.0,3.0,4.6495495,1.7262435,0.40406537,44.618744
90,-1.0482831138670665,-0.847694,3.1255267,0.15244152,0.9949356,-0.046196535,0.08474296,-0.028066272,0.25428224,0.15795231,1.0042366,-0.44367743,0.7979321,-0.568696,3.0,3.0,3.0,3.0,3.0,3.0,3.0,3.0,3.0,3.0,3.0,3.0,3.0,3.0,3.0,3.0,3.0,3.0,3.0,3.0,3.0,3.0,3.0,3.0,3.0,3.0,3.0,3.0,3.0,3.0,3.0,3.0,3.0,3.0,3.0,3.0,-3.3432312,-3.9927588,0.9296621,23.741173
95,-1.0437847152526694,-0.8532954,3.1220825,0.13234149,0.9939604,-0.05113803,0.09084692,-0.034270674,0.28284028,0.17236811,0.96036524,-0.7353193,0.33954892,-0.5587689,3.0,3.0,3.0,3.0,3.0,3.0,3.0,3.0,3.0,3.0,3.0,3.0,3.0,3.0,3.0,3.0,3.0,3.0,3.0,3.0,3.0,3.0,3.0,3.0,3.0,3.0,3.0,3.0,3.0,3.0,3.0,3.0,3.0,3.0,3.0,3.0,3.7990694,-3.2197886,-0.6656325,37.225372
100,-1.0373690869059835,-0.8594417,3.1183586,0.11353394,0.9930022,-0.05763074,0.0950296,-0.039933916,0.30560496,0.18440536,0.87670076,-0.54801154,0.4909592,-0.43154445,3.0,3.0,3.0,3.0,3.0,3.0,3.0,3.0,3.0,3.0,3.0,3.0,3.0,3.0,3.0,3.0,3.0,3.0,3.0,3.0,3.0,3.0,3.0,3.0,3.0,3.0,3.0,3.0,3.0,3.0,3.0,3.0,3.0,3.0,3.0,3.0,0.005060196,-1.5906239,0.28138745,42.110573
105,-1.028186972087617,-0.86610746,3.1143517,0.09630809,0.99206173,-0.06148095,0.100565925,-0.043818433,0.3298889,0.19783337,0.7945529,-0.29266885,0.46902928,-0.37723517,3.0,3.0,3.0,3.0,3.0,3.0,3.0,3.0,3.0,3.0,3.0,3.0,3.0,3.0,3.0,3.0,3.0,3.0,3.0,3.0,3.0,3.0,3.0,3.0,3.0,3.0,3.0,3.0,3.0,3.0,3.0,3.0,3.0,3.0,3.0,3.0,1.036931,-3.6439915,0.646891,43.72547
110,-1.0133750142319384,-0.8734222,3.1099863,0.080192685,0.9915938,-0.06340223,0.103836335,-0.04404527,0.3606374,0.21478863,0.73715293,-0.1463118,0.3408967,0.054539196,3.0,3.0,3.0,3.0,3.0,3.0,3.0,3.0,3.0,3.0,3.0,3.0,3.0,3.0,3.0,3.0,3.0,3.0,3.0,3.0,3.0,3.0,3.0,3.0,3.0,3.0,3.0,3.0,3.0,3.0,3.0,3.0,3.0,3.0,3.0,3.0,0.5238657,-0.10649967,0.5501354,43.81401
115,-1.0249930479348532,-0.88148963,3.105207,0.06483273,0.991086,-0.0649406,0.10780311,-0.043700714,0.41188326,0.2429474,0.7679206,-0.04348831,0.61345625,-0.006578767,3.0,3.0,3.0,3.0,3.0,3.0,3.0,3.0,3.0,3.0,3.0,3.0,3.0,3.0,3.0,3.0,3.0,3.0,3.0,3.0,3.0,3.0,3.0,3.0,3.0,3.0,3.0,3.0,3.0,3.0,3.0,3.0,3.0,3.0,3.0,3.0,-0.26371622,-0.04053402,0.6726527,44.201866
120,-1.0194835591453795,-0.890763,3.0997708,0.048319194,0.9904658,-0.066027366,0.11325672,-0.042317323,0.46811265,0.2731736,0.8110074,-0.051130492,0.38419744,0.33671102,3.0,3.0,3.0,3.0,3.0,3.0,3.0,3.0,3.0,3.0,3.0,3.0,3.0,3.0,3.0,3.0,3.0,3.0,3.0,3.0,3.0,3.0,3.0,3.0,3.0,3.0,3.0,3.0,3.0,3.0,3.0,3.0,3.0,3.0,3.0,3.0,2.3671203,-3.4951398,0.91893876,43.68055
125,-1.0422727222893495,-0.901323,3.0936565,0.030563863,0.99020344,-0.06398497,0.11880077,-0.035909645,0.525511,0.3031126,0.8486953,0.37112996,0.67657155,0.5940103,3.0,3.0,3.0,3.0,3.0,3.0,3.0,3.0,3.0,3.0,3.0,3.0,3.0,3.0,3.0,3.0,3.0,3.0,3.0,3.0,3.0,3.0,3.0,3.0,3.0,3.0,3.0,3.0,3.0,3.0,3.0,3.0,3.0,3.0,3.0,3.0,-1.376585,4.497711,0.81406224,37.07715
130,-1.0331874094750568,-0.91310066,3.0869331,0.012076453,0.98977953,-0.06500802,0.123593524,-0.028897364,0.58566225,0.33262694,0.88735265,-0.0067318007,0.44177288,0.66000473,3.0,3.0,3.0,3.0,3.0,3.0,3.0,3.0,3.0,3.0,3.0,3.0,3.0,3.0,3.0,3.0,3.0,3.0,3.0,3.0,3.0,3.0,3.0,3.0,3.0,3.0,3.0,3.0,3.0,3.0,3.0,3.0,3.0,3.0,3.0,3.0,3.4636679,1.7986102,0.2172265,13.618778
135,-1.0400270691390463,-0.92573285,3.0797937,-0.005553752,0.989132,-0.06582891,0.1296424,-0.021848379,0.61613226,0.34743154,0.8028751,0.0610022,0.646075,0.66463387,3.0,3.0,3.0,3.0,3.0,3.0,3.0,3.0,3.0,3.0,3.0,3.0,3.0,3.0,3.0,3.0,3.0,3.0,3.0,3.0,3.0,3.0,3.0,3.0,3.0,3.0,3.0,3.0,3.0,3.0,3.0,3.0,3.0,3.0,3.0,3.0,-1.764379,1.4876175,0.5221102,39.802574
140,-1.022660046533557,-0.93924445,3.0722327,-0.02224462,0.9884381,-0.0675485,0.13468094,-0.01698027,0.6688557,0.37261093,0.79459095,-0.11804005,0.450734,0.3499348,3.0,3.0,3.0,3.0,3.0,3.0,3.0,3.0,3.0,3.0,3.0,3.0,3.0,3.0,3.0,3.0,3.0,3.0,3.0,3.0,3.0,3.0,3.0,3.0,3.0,3.0,3.0,3.0,3.0,3.0,3.0,3.0,3.0,3.0,3.0,3.0,2.5411997,-0.5524807,-0.30058098,41.92051
145,-1.036260478711452,-0.9535199,3.0643072,-0.037489597,0.9877089,-0.068110816,0.14015709,-0.012163094,0.69725674,0.38616166,0.69348663,0.144284,0.6727935,0.5047404,3.0,3.0,3.0,3.0,3.0,3.0,3.0,3.0,3.0,3.0,3.0,3.0,3.0,3.0,3.0,3.0,3.0,3.0,3.0,3.0,3.0,3.0,3.0,3.0,3.0,3.0,3.0,3.0,3.0,3.0,3.0,3.0,3.0,3.0,3.0,3.0,1.7150884,-3.7609732,0.40557742,22.027847
150,-1.046845007518689,-0.9686347,3.0559876,-0.051425807,0.9867656,-0.06642323,0.14780496,-0.005938425,0.74202657,0.4069555,0.6441609,0.2969446,0.87014127,0.53925073,3.0,3.0,3.0,3.0,3.0,3.0,3.0,3.0,3.0,3.0,3.0,3.0,3.0,3.0,3.0,3.0,3.0,3.0,3.0,3.0,3.0,3.0,3.0,3.0,3.0,3.0,3.0,3.0,3.0,3.0,3.0,3.0,3.0,3.0,3.0,3.0,2.0333385,4.2441263,0.52621293,26.206284
155,-1.021642425680623,-0.98539877,3.0469327,-0.06655546,0.98563397,-0.06793016,0.15460452,-0.002936109,0.83880097,0.44955173,0.75446975,-0.19496466,0.48797074,0.1979293,3.0,3.0,3.0,3.0,3.0,3.0,3.0,3.0,3.0,3.0,3.0,3.0,3.0,3.0,3.0,3.0,3.0,3.0,3.0,3.0,3.0,3.0,3.0,3.0,3.0,3.0,3.0,3.0,3.0,3.0,3.0,3.0,3.0,3.0,3.0,3.0,2.6671262,-1.1760488,0.598747,27.380325
160,-1.0292821073508902,-1.0034138,3.0373344,-0.08143491,0.98456717,-0.06854742,0.16102307,0.0005548195,0.87485766,0.46503565,0.6647466,-0.012676655,0.64556384,0.29749185,3.0,3.0,3.0,3.0,3.0,3.0,3.0,3.0,3.0,3.0,3.0,3.0,3.0,3.0,3.0,3.0,3.0,3.0,3.0,3.0,3.0,3.0,3.0,3.0,3.0,3.0,3.0,3.0,3.0,3.0,3.0,3.0,3.0,3.0,3.0,3.0,-1.6890798,-2.8255134,0.7343075,41.230034
165,-1.0227269176395184,-1.02201,3.0274909,-0.09386723,0.9835009,-0.06979864,0.16685684,0.0035923882,0.9063737,0.47823954,0.55661,-0.1762948,0.50156105,0.22448058,3.0,3.0,3.0,3.0,3.0,3.0,3.0,3.0,3.0,3.0,3.0,3.0,3.0,3.0,3.0,3.0,3.0,3.0,3.0,3.0,3.0,3.0,3.0,3.0,3.0,3.0,3.0,3.0,3.0,3.0,3.0,3.0,3.0,3.0,3.0,3.0,2.5110655,-0.54583836,-0.20913583,25.424698
170,-1.019778904955384,-1.041239,3.017383,-0.10394291,0.9825297,-0.071713924,0.171623,0.0061726323,0.9358036,0.49053103,0.43950775,-0.030790523,0.40764475,0.31471613,3.0,3.0,3.0,3.0,3.0,3.0,3.0,3.0,3.0,3.0,3.0,3.0,3.0,3.0,3.0,3.0,3.0,3.0,3.0,3.0,3.0,3.0,3.0,3.0,3.0,3.0,3.0,3.0,3.0,3.0,3.0,3.0,3.0,3.0,3.0,3.0,2.9668684,3.336502,-0.41138726,34.643806
175,-1.0140703248317393,-1.0611616,3.0069845,-0.11177343,0.9818129,-0.07328516,0.17489848,0.009123269,0.973283,0.50630045,0.34239385,-0.21910745,0.23905027,0.23352796,3.0,3.0,2.98778,3.0,3.0,3.0,3.0,3.0,3.0,3.0,3.0,3.0,3.0,3.0,3.0,3.0,3.0,3.0,3.0,3.0,3.0,3.0,3.0,3.0,3.0,3.0,3.0,3.0,3.0,3.0,3.0,3.0,3.0,3.0,3.0,3.0,2.9458952,-2.2989488,-0.8554263,43.066277
180,-1.0135184636456696,-1.0820336,2.996181,-0.11801703,0.981138,-0.07612434,0.17733707,0.011176189,1.0359498,0.533358,0.31168494,-0.16952279,0.21305971,0.27281275,3.0,3.0,2.9551265,2.9770653,3.0,3.0,3.0,3.0,3.0,3.0,3.0,3.0,3.0,3.0,3.0,3.0,3.0,3.0,3.0,3.0,3.0,3.0,3.0,3.0,3.0,3.0,3.0,3.0,3.0,3.0,3.0,3.0,3.0,3.0,3.0,3.0,4.4354353,3.7097893,-0.19961977,41.58178
185,-1.0303791583965978,-1.1044824,2.9846869,-0.1243302,0.97993684,-0.08111004,0.18170905,0.01126102,1.0959761,0.55994165,0.272143,-0.5267773,0.49020064,-0.00712289,3.0,2.963374,2.8878148,2.9019964,3.0,3.0,3.0,3.0,3.0,3.0,3.0,3.0,3.0,3.0,3.0,3.0,3.0,3.0,3.0,3.0,3.0,3.0,3.0,3.0,3.0,3.0,3.0,3.0,3.0,3.0,3.0,3.0,3.0,3.0,3.0,3.0,-0.5088644,-4.637776,-0.35142875,9.0824585
190,-1.0304539915409257,-1.1276749,2.9728568,-0.12844218,0.97853804,-0.08640532,0.18677513,0.010604559,1.1248461,0.5732226,0.14749736,-0.5254378,0.49012205,-0.007454185,3.0,2.8900256,2.809221,2.8160486,2.9115925,3.0,3.0,3.0,3.0,3.0,3.0,3.0,3.0,3.0,3.0,3.0,3.0,3.0,3.0,3.0,3.0,3.0,3.0,3.0,3.0,3.0,3.0,3.0,3.0,3.0,3.0,3.0,3.0,3.0,3.0,3.0,-3.5168247,-3.052929,-0.25499392,-1.8519554
195,-1.0228347057269853,-1.1514846,2.9607363,-0.1299703,0.9771441,-0.09142686,0.19164394,0.010153394,1.1560177,0.5880923,0.026445687,-0.38226134,0.40761226,0.07371809,3.0,2.817764,2.7329314,2.733692,2.8201659,3.0,3.0,3.0,3.0,3.0,3.0,3.0,3.0,3.0,3.0,3.0,3.0,3.0,3.0,3.0,3.0,3.0,3.0,3.0,3.0,3.0,3.0,3.0,3.0,3.0,3.0,3.0,3.0,3.0,3.0,3.0,-0.35978222,0.7505226,-0.2306974,32.14949
200,-1.0229430341509147,-1.1759459,2.9482996,-0.12895751,0.9759427,-0.095417045,0.19575655,0.010528352,1.1862892,0.6029524,-0.09867505,-0.3817596,0.40708566,0.07361961,2.939201,2.7542727,2.6674902,2.664496,2.7448144,2.921658,3.0,3.0,3.0,3.0,3.0,3.0,3.0,3.0,3.0,3.0,3.0,3.0,3.0,3.0,3.0,3.0,3.0,3.0,3.0,3.0,3.0,3.0,3.0,3.0,3.0,3.0,3.0,3.0,3.0,3.0,-2.9795032,2.000311,-0.41024965,33.14675
205,-1.0232100450456014,-1.201057,2.9355395,-0.12536566,0.97470886,-0.099352404,0.19985628,0.011365477,1.2178481,0.6188141,-0.2221807,-0.36498952,0.4117984,0.12667604,2.8718436,2.6874294,2.5994887,2.593424,2.668273,2.8363118,3.0,3.0,3.0,3.0,3.0,3.0,3.0,3.0,3.0,3.0,3.0,3.0,3.0,3.0,3.0,3.0,3.0,3.0,3.0,3.0,3.0,3.0,3.0,3.0,3.0,3.0,3.0,3.0,3.0,3.0,-1.192038,2.4496088,-0.96106476,-17.897066
210,-1.0234022845216053,-1.2268195,2.9224472,-0.119169086,0.97344315,-0.10326988,0.2039413,0.012317497,1.2491723,0.63492584,-0.34762576,-0.3647279,0.41102734,0.12665647,2.8007615,2.6175463,2.5289528,2.520229,2.5899901,2.7496483,3.0,3.0,3.0,3.0,3.0,3.0,3.0,3.0,3.0,3.0,3.0,3.0,3.0,3.0,3.0,3.0,3.0,3.0,3.0,3.0,3.0,3.0,3.0,3.0,3.0,3.0,3.0,3.0,3.0,3.0,-1.9972837,-1.9412284,-0.30558896,21.875252
215,-1.0140863994059124,-1.2536198,2.9088123,-0.11121143,0.97245806,-0.10728295,0.20646733,0.013671743,1.3192877,0.6718053,-0.38691044,-0.32935673,0.09446582,0.14471132,2.7471566,2.562743,2.4719138,2.4594746,2.52345,2.6742687,2.9392457,3.0,3.0,3.0,3.0,3.0,3.0,3.0,3.0,3.0,3.0,3.0,3.0,3.0,3.0,3.0,3.0,3.0,3.0,3.0,3.0,3.0,3.0,3.0,3.0,3.0,3.0,3.0,3.0,3.0,-1.0369058,1.855927,-0.95439756,-15.404211
220,-1.014438149015564,-1.2815028,2.8946009,-0.101578556,0.97185946,-0.11091383,0.20730685,0.014534232,1.3511157,0.68911254,-0.5126765,-0.32899126,0.09428557,0.14456846,2.7121098,2.5243027,2.4298701,2.4129198,2.470757,2.6127722,2.8644514,3.0,3.0,3.0,3.0,3.0,3.0,3.0,3.0,3.0,3.0,3.0,3.0,3.0,3.0,3.0,3.0,3.0,3.0,3.0,3.0,3.0,3.0,3.0,3.0,3.0,3.0,3.0,3.0,3.0,-0.10936594,-1.1989336,-0.59758663,15.926006
225,-1.0148699604393683,-1.3100483,2.880022,-0.089326836,0.9712471,-0.11453907,0.20814155,0.015395643,1.3828864,0.70697457,-0.6383388,-0.328626,0.09410585,0.14442629,2.6709626,2.4804394,2.3828688,2.3617275,2.4136508,2.5470386,2.7856228,3.0,3.0,3.0,3.0,3.0,3.0,3.0,3.0,3.0,3.0,3.0,3.0,3.0,3.0,3.0,3.0,3.0,3.0,3.0,3.0,3.0,3.0,3.0,3.0,3.0,3.0,3.0,3.0,2.9916518,-3.2823267,1.8408556,-0.79050475,-19.634386
230,-1.010571532632951,-1.3394172,2.8649702,-0.07481735,0.9708485,-0.11767258,0.20825085,0.015425361,1.434071,0.7366404,-0.7208419,-0.24750035,-0.106710486,-0.05426038,2.6344187,2.4408123,2.339945,2.3146214,2.3608038,2.4859383,2.712099,3.0,3.0,3.0,3.0,3.0,3.0,3.0,3.0,3.0,3.0,3.0,3.0,3.0,3.0,3.0,3.0,3.0,3.0,3.0,3.0,3.0,3.0,3.0,3.0,3.0,3.0,3.0,3.0,2.9590402,-2.510553,3.9763699,-0.947907,-16.170834
235,-1.0112177051771962,-1.3696871,2.8493896,-0.058231786,0.9707808,-0.12007388,0.20728013,0.014209531,1.4654961,0.7553932,-0.84624153,-0.24739824,-0.106207766,-0.05423418,2.6073844,2.4097085,2.304994,2.275255,2.3157396,2.4329545,2.6473966,3.0,3.0,3.0,3.0,3.0,3.0,3.0,3.0,3.0,3.0,3.0,3.0,3.0,3.0,3.0,3.0,3.0,3.0,3.0,3.0,3.0,3.0,3.0,3.0,3.0,3.0,3.0,3.0,2.9376252,0.36606407,-1.0162468,-0.80411696,-2.1905746
240,-1.0119888701708257,-1.4006075,2.833415,-0.03903781,0.97070414,-0.12247313,0.20631275,0.012994683,1.4965913,0.7744028,-0.9713119,-0.24729475,-0.10570617,-0.054210696,2.5736578,2.372535,2.264383,2.2304788,2.2653923,2.374718,2.5774152,2.9147735,3.0,3.0,3.0,3.0,3.0,3.0,3.0,3.0,3.0,3.0,3.0,3.0,3.0,3.0,3.0,3.0,3.0,3.0,3.0,3.0,3.0,3.0,3.0,3.0,3.0,3.0,3.0,2.9085996,-3.778838,-1.8989456,-0.73900634,-23.73536
245,-1.0128982888698224,-1.4321716,2.8170414,-0.017242521,0.9706186,-0.1248703,0.20534872,0.011780814,1.5273489,0.7936628,-1.096034,-0.2471899,-0.10520571,-0.054189906,2.5331464,2.3292542,2.2181149,2.1803298,2.2098303,2.311332,2.5022984,2.8211005,3.0,3.0,3.0,3.0,3.0,3.0,3.0,3.0,3.0,3.0,3.0,3.0,3.0,3.0,3.0,3.0,3.0,3.0,3.0,3.0,3.0,3.0,3.0,3.0,3.0,3.0,3.0,2.8717875,-3.6984255,1.8977714,-0.7134224,-40.148094
250,-1.018891774343333,-1.4644345,2.800224,0.007006792,0.9706892,-0.1269136,0.20385331,0.009962167,1.5652533,0.81788725,-1.2036183,-0.18855102,-0.2547822,-0.19674854,2.4931722,2.2863505,2.1721587,2.130485,2.1546152,2.2483969,2.42784,2.7285042,3.0,3.0,3.0,3.0,3.0,3.0,3.0,3.0,3.0,3.0,3.0,3.0,3.0,3.0,3.0,3.0,3.0,3.0,3.0,3.0,3.0,3.0,3.0,3.0,3.0,3.0,3.0,2.835869,-3.6937375,-1.5107837,-0.5500436,-37.910145
255,-1.0297626468054817,-1.4974511,2.782919,0.033559684,0.9710732,-0.12828894,0.20127717,0.0068004336,1.6024425,0.8421658,-1.3111385,-0.14551044,-0.41068384,-0.36582056,2.461299,2.25026,2.1322238,2.0861816,2.1046839,2.1906753,2.358714,2.6416063,3.0,3.0,3.0,3.0,3.0,3.0,3.0,3.0,3.0,3.0,3.0,3.0,3.0,3.0,3.0,3.0,3.0,3.0,3.0,3.0,3.0,3.0,3.0,3.0,3.0,3.0,3.0,2.8102434,-4.088063,-2.010817,0.6796106,-42.738537
260,-1.0674161586106716,-1.5318563,2.7647069,0.060930457,0.97260344,-0.12709746,0.19464788,-0.0010163578,1.6748676,0.88960725,-1.3358955,0.06546819,-0.96186227,-0.87068266,2.4818683,2.259423,2.133053,2.0799203,2.0913708,2.169224,2.3265207,2.593372,3.0,3.0,3.0,3.0,3.0,3.0,3.0,3.0,3.0,3.0,3.0,3.0,3.0,3.0,3.0,3.0,3.0,3.0,3.0,3.0,3.0,3.0,3.0,3.0,3.0,3.0,3.0,2.8489127,-3.4408422,2.5925627,0.61702824,-40.33931
265,-1.0750072119840404,-1.5683672,2.745112,0.08730756,0.97509074,-0.12368376,0.18393949,-0.008161771,1.802913,0.9736724,-1.2205011,0.3767279,-1.3147972,-0.418847,2.5587373,2.318339,2.1797767,2.1175554,2.121458,2.1921043,2.3412046,2.5967262,3.0,3.0,3.0,3.0,3.0,3.0,3.0,3.0,3.0,3.0,3.0,3.0,3.0,3.0,3.0,3.0,3.0,3.0,3.0,3.0,3.0,3.0,3.0,3.0,3.0,3.0,3.0,2.95493,-0.5160389,0.89600563,-0.2637484,-27.520971
270,-1.0896354984836711,-1.6077739,2.723599,0.11042835,0.97842157,-0.11765623,0.16916014,-0.015267032,1.953523,1.0740982,-1.0240599,0.46210256,-1.532183,-0.59084916,2.7168522,2.4483864,2.291573,2.2169437,2.2121162,2.276324,2.4201026,2.6698604,3.0,3.0,3.0,3.0,3.0,3.0,3.0,3.0,3.0,3.0,3.0,3.0,3.0,3.0,3.0,3.0,3.0,3.0,3.0,3.0,3.0,3.0,3.0,3.0,3.0,3.0,3.0,3.0,-0.5622163,1.7779417,0.6227839,-26.978924
275,-1.090400472192891,-1.650305,2.6999786,0.12903829,0.9814334,-0.11172167,0.15429983,-0.022323959,2.098439,1.1727407,-0.80539274,0.45035335,-1.5338447,-0.58452624,2.9238496,2.6183882,2.4377782,2.347193,2.3313992,2.3878863,2.5258303,2.7700145,3.0,3.0,3.0,3.0,3.0,3.0,3.0,3.0,3.0,3.0,3.0,3.0,3.0,3.0,3.0,3.0,3.0,3.0,3.0,3.0,3.0,3.0,3.0,3.0,3.0,3.0,3.0,3.0,1.2954121,2.9251108,0.66366684,-15.939087
280,-1.0912803809408316,-1.6956948,2.67438,0.14302975,0.98412687,-0.10588267,0.13936546,-0.029332766,2.2304893,1.265262,-0.5817602,0.4384195,-1.5353019,-0.57863986,3.0,2.8411243,2.6287308,2.5170436,2.4869452,2.5336313,2.6646159,2.9028938,3.0,3.0,3.0,3.0,3.0,3.0,3.0,3.0,3.0,3.0,3.0,3.0,3.0,3.0,3.0,3.0,3.0,3.0,3.0,3.0,3.0,3.0,3.0,3.0,3.0,3.0,3.0,3.0,3.9494095,2.2824955,0.92648697,-5.4794273
285,-1.092281086336133,-1.7436719,2.646928,0.15230566,0.98650295,-0.10014167,0.124363974,-0.036293693,2.3494072,1.3518786,-0.35367396,0.42632106,-1.5365497,-0.5731916,3.0,3.0,2.879334,2.7388632,2.6893752,2.7229097,2.8448207,3.0,3.0,3.0,3.0,3.0,3.0,3.0,3.0,3.0,3.0,3.0,3.0,3.0,3.0,3.0,3.0,3.0,3.0,3.0,3.0,3.0,3.0,3.0,3.0,3.0,3.0,3.0,3.0,3.0,4.0514965,2.7309656,0.94052315,24.818855
290,-1.0843773563767467,-1.7938299,2.617842,0.15729539,0.98859227,-0.09351553,0.110196225,-0.042390734,2.4355469,1.417948,-0.19908653,0.77820975,-1.2356133,-0.3676637,3.0,3.0,3.0,3.0,2.9497576,2.9698873,3.0,3.0,3.0,3.0,3.0,3.0,3.0,3.0,3.0,3.0,3.0,3.0,3.0,3.0,3.0,3.0,3.0,3.0,3.0,3.0,3.0,3.0,3.0,3.0,3.0,3.0,3.0,3.0,3.0,3.0,2.4536328,0.9443512,0.40672052,36.870804
295,-1.0831151206825527,-1.845644,2.58745,0.1589865,0.9905839,-0.08405441,0.09860152,-0.044228043,2.5174146,1.4829208,-0.01438198,0.92981446,-1.1100465,0.0102791125,3.0,3.0,3.0,3.0,3.0,3.0,3.0,3.0,3.0,3.0,3.0,3.0,3.0,3.0,3.0,3.0,3.0,3.0,3.0,3.0,3.0,3.0,3.0,3.0,3.0,3.0,3.0,3.0,3.0,3.0,3.0,3.0,3.0,3.0,3.0,3.0,3.0594769,0.19074965,0.7463062,11.2216
300,-1.0749574283556407,-1.8990048,2.5558248,0.15695451,0.99216616,-0.074981034,0.08905166,-0.045319952,2.5864763,1.5381576,0.15763775,0.9344912,-0.8229632,-0.04602095,3.0,3.0,3.0,3.0,3.0,3.0,3.0,3.0,3.0,3.0,3.0,3.0,3.0,3.0,3.0,3.0,3.0,3.0,3.0,3.0,3.0,3.0,3.0,3.0,3.0,3.0,3.0,3.0,3.0,3.0,3.0,3.0,3.0,3.0,3.0,3.0,0.16609287,0.797596,0.6476327,17.532791
305,-1.1045931894669503,-1.9532682,2.5234704,0.15365054,0.99383307,-0.062231265,0.07738704,-0.049339537,2.6094398,1.5571738,0.122911036,1.1423496,-1.2642665,-0.5406377,3.0,3.0,3.0,3.0,3.0,3.0,3.0,3.0,3.0,3.0,3.0,3.0,3.0,3.0,3.0,3.0,3.0,3.0,3.0,3.0,3.0,3.0,3.0,3.0,3.0,3.0,3.0,3.0,3.0,3.0,3.0,3.0,3.0,3.0,3.0,3.0,2.76902,4.459733,0.025867224,2.0196533
310,-1.097016680290348,-2.0079255,2.4908035,0.15113494,0.9949054,-0.051165976,0.06630558,-0.056114223,2.6365042,1.5775201,0.14695798,0.8498275,-1.2468076,-0.49019688,3.0,3.0,3.0,3.0,3.0,3.0,3.0,3.0,3.0,3.0,3.0,3.0,3.0,3.0,3.0,3.0,3.0,3.0,3.0,3.0,3.0,3.0,3.0,3.0,3.0,3.0,3.0,3.0,3.0,3.0,3.0,3.0,3.0,3.0,3.0,3.0,4.076071,1.3296084,0.29782987,40.473747
315,-1.083855025740956,-2.0632083,2.457685,0.14730735,0.9958037,-0.04162195,0.057294626,-0.057964597,2.6566699,1.592062,0.1519671,0.8769436,-0.9097255,-0.13754563,3.0,3.0,3.0,3.0,3.0,3.0,3.0,3.0,3.0,3.0,3.0,3.0,3.0,3.0,3.0,3.0,3.0,3.0,3.0,3.0,3.0,3.0,3.0,3.0,3.0,3.0,3.0,3.0,3.0,3.0,3.0,3.0,3.0,3.0,3.0,3.0,0.40358067,1.4771976,0.4108405,43.597702
320,-1.0972662789487193,-2.1189184,2.4242797,0.14269198,0.9968266,-0.031615186,0.04721853,-0.05574638,2.682501,1.6088225,0.24656841,0.9856024,-1.0521609,0.37059996,3.0,3.0,3.0,3.0,3.0,3.0,3.0,3.0,3.0,3.0,3.0,3.0,3.0,3.0,3.0,3.0,3.0,3.0,3.0,3.0,3.0,3.0,3.0,3.0,3.0,3.0,3.0,3.0,3.0,3.0,3.0,3.0,3.0,3.0,3.0,3.0,1.0648022,2.6233263,0.79662085,44.72805
325,-1.1060033195307137,-2.1750348,2.3906262,0.1365266,0.99785364,-0.021172568,0.036549922,-0.050039254,2.7019174,1.6200484,0.35302812,1.1737416,-0.9002512,0.6389454,3.0,3.0,3.0,3.0,3.0,3.0,3.0,3.0,3.0,3.0,3.0,3.0,3.0,3.0,3.0,3.0,3.0,3.0,3.0,3.0,3.0,3.0,3.0,3.0,3.0,3.0,3.0,3.0,3.0,3.0,3.0,3.0,3.0,3.0,3.0,3.0,1.1678123,-1.7064157,0.73927116,44.59189
330,-1.1303083517279486,-2.2314355,2.3568316,0.12863767,0.9986313,-0.0059884945,0.02610551,-0.044924375,2.7111444,1.6229908,0.41619954,1.6616195,-1.1167917,0.4085193,3.0,3.0,3.0,3.0,3.0,3.0,3.0,3.0,3.0,3.0,3.0,3.0,3.0,3.0,3.0,3.0,3.0,3.0,3.0,3.0,3.0,3.0,3.0,3.0,3.0,3.0,3.0,3.0,3.0,3.0,3.0,3.0,3.0,3.0,3.0,3.0,2.803113,2.9759831,0.17514229,41.589188
335,-1.1130777159731218,-2.2879322,2.323069,0.11995909,0.99904764,0.00894649,0.015355708,-0.039848827,2.7116504,1.6180921,0.41777518,1.2568356,-0.9828159,0.39668804,3.0,3.0,3.0,3.0,3.0,3.0,3.0,3.0,3.0,3.0,3.0,3.0,3.0,3.0,3.0,3.0,3.0,3.0,3.0,3.0,3.0,3.0,3.0,3.0,3.0,3.0,3.0,3.0,3.0,3.0,3.0,3.0,3.0,3.0,3.0,3.0,0.31355858,-1.0556884,0.5013151,40.053963
340,-1.1113728168633543,-2.3444254,2.2895172,0.109647,0.9990026,0.02297417,0.007119084,-0.037621703,2.7106156,1.6047008,0.53422105,1.3540024,-0.7447426,0.17211096,3.0,3.0,3.0,3.0,3.0,3.0,3.0,3.0,3.0,3.0,3.0,3.0,3.0,3.0,3.0,3.0,3.0,3.0,3.0,3.0,3.0,3.0,3.0,3.0,3.0,3.0,3.0,3.0,3.0,3.0,3.0,3.0,3.0,3.0,3.0,3.0,-0.18458843,2.1279068,0.77779055,43.366905
345,-1.1266202963634608,-2.4008136,2.2562878,0.098222114,0.9987473,0.037667632,-0.001318148,-0.032912437,2.7031894,1.5895312,0.5245175,1.5299886,-0.7844411,0.5502779,3.0,3.0,3.0,3.0,3.0,3.0,3.0,3.0,3.0,3.0,3.0,3.0,3.0,3.0,3.0,3.0,3.0,3.0,3.0,3.0,3.0,3.0,3.0,3.0,3.0,3.0,3.0,3.0,3.0,3.0,3.0,3.0,3.0,3.0,3.0,3.0,-0.45105696,-0.96481276,0.45252144,42.705734
350,-1.1331431541649715,-2.456994,2.2234979,0.086497,0.9979999,0.05509517,-0.008177463,-0.029897595,2.692243,1.5659623,0.54818255,1.7342865,-0.69361246,0.21408795,3.0,3.0,3.0,3.0,3.0,3.0,3.0,3.0,3.0,3.0,3.0,3.0,3.0,3.0,3.0,3.0,3.0,3.0,3.0,3.0,3.0,3.0,3.0,3.0,3.0,3.0,3.0,3.0,3.0,3.0,3.0,3.0,3.0,3.0,3.0,3.0,3.738697,2.060833,0.8785956,39.071167
355,-1.128526572159379,-2.5129063,2.1912763,0.07461668,0.99699485,0.07051326,-0.014485075,-0.028624807,2.6774824,1.5315961,0.59049,1.4895018,-0.8834633,0.0071750907,3.0,3.0,3.0,3.0,3.0,3.0,3.0,3.0,3.0,3.0,3.0,3.0,3.0,3.0,3.0,3.0,3.0,3.0,3.0,3.0,3.0,3.0,3.0,3.0,3.0,3.0,3.0,3.0,3.0,3.0,3.0,3.0,3.0,3.0,3.0,3.0,2.9068956,3.8361511,0.8628509,36.069748
360,-1.1341355839440472,-2.5684583,2.1599152,0.061487168,0.99559534,0.08578931,-0.023233883,-0.029838307,2.6590183,1.4889355,0.64060324,1.5691918,-0.8551223,0.038619656,3.0,3.0,3.0,3.0,3.0,3.0,3.0,3.0,3.0,3.0,3.0,3.0,3.0,3.0,3.0,3.0,3.0,3.0,3.0,3.0,3.0,3.0,3.0,3.0,3.0,3.0,3.0,3.0,3.0,3.0,3.0,3.0,3.0,3.0,3.0,3.0,1.5692401,1.3958597,0.9419575,31.807266
365,-1.1205563055846777,-2.6235783,2.1294944,0.047587294,0.9941091,0.10005375,-0.03142772,-0.027360547,2.638412,1.446713,0.64725,1.2982382,-0.66529673,0.15165879,3.0,3.0,3.0,3.0,3.0,3.0,3.0,3.0,3.0,3.0,3.0,3.0,3.0,3.0,3.0,3.0,3.0,3.0,3.0,3.0,3.0,3.0,3.0,3.0,3.0,3.0,3.0,3.0,3.0,3.0,3.0,3.0,3.0,3.0,3.0,3.0,3.5497303,2.3404837,0.12877607,44.567154
370,-1.1193094656791707,-2.6783175,2.0997503,0.035054088,0.99250275,0.11385693,-0.03733541,-0.024103954,2.6192474,1.4124057,0.5820628,1.2157997,-0.58121175,0.35438544,3.0,3.0,3.0,3.0,3.0,3.0,3.0,3.0,3.0,3.0,3.0,3.0,3.0,3.0,3.0,3.0,3.0,3.0,3.0,3.0,3.0,3.0,3.0,3.0,3.0,3.0,3.0,3.0,3.0,3.0,3.0,3.0,3.0,3.0,3.0,3.0,2.5236473,-1.1138563,0.3740623,41.27392
375,-1.1292066005108572,-2.7325869,2.0709193,0.023184253,0.9906878,0.12899068,-0.040126607,-0.016998043,2.5971036,1.3695194,0.5387071,1.3805434,-0.25017458,0.652388,3.0,3.0,3.0,3.0,3.0,3.0,3.0,3.0,3.0,3.0,3.0,3.0,3.0,3.0,3.0,3.0,3.0,3.0,3.0,3.0,3.0,3.0,3.0,3.0,3.0,3.0,3.0,3.0,3.0,3.0,3.0,3.0,3.0,3.0,3.0,3.0,1.8364143,1.2744994,-0.013519287,44.005913
380,-1.1184458576053287,-2.786454,2.0428495,0.013026397,0.9889159,0.14207318,-0.041918382,-0.010166533,2.5759006,1.3256943,0.47685122,1.0133362,-0.3513207,0.7134933,3.0,3.0,3.0,3.0,3.0,3.0,3.0,3.0,3.0,3.0,3.0,3.0,3.0,3.0,3.0,3.0,3.0,3.0,3.0,3.0,3.0,3.0,3.0,3.0,3.0,3.0,3.0,3.0,3.0,3.0,3.0,3.0,3.0,3.0,3.0,3.0,2.0405889,2.8667836,0.34337044,44.828476
385,-1.1116799161723532,-2.8399053,2.01564,0.004457237,0.9875024,0.1515707,-0.043092314,-0.0028916425,2.558714,1.2923115,0.3690142,0.8264657,-0.2067177,0.7185492,3.0,3.0,3.0,3.0,3.0,3.0,3.0,3.0,3.0,3.0,3.0,3.0,3.0,3.0,3.0,3.0,3.0,3.0,3.0,3.0,3.0,3.0,3.0,3.0,3.0,3.0,3.0,3.0,3.0,3.0,3.0,3.0,3.0,3.0,3.0,3.0,1.4369812,4.1021004,0.12749648,44.979805
390,-1.099710297982925,-2.892894,1.989519,-0.0030336713,0.98651385,0.1575386,-0.04415791,0.004694353,2.5324063,1.2246103,0.36320952,0.29011044,-0.24691604,0.73087984,3.0,3.0,3.0,3.0,3.0,3.0,3.0,3.0,3.0,3.0,3.0,3.0,3.0,3.0,3.0,3.0,3.0,3.0,3.0,3.0,3.0,3.0,3.0,3.0,3.0,3.0,3.0,3.0,3.0,3.0,3.0,3.0,3.0,3.0,3.0,3.0,0.70066166,2.8493652,0.9141679,44.22383
395,-1.0916292307804158,-2.9452732,1.965062,-0.011101998,0.9863743,0.15750279,-0.045827083,0.012587829,2.5047143,1.1498026,0.37370068,-0.16697888,-0.088557616,0.58929116,3.0,3.0,3.0,3.0,3.0,3.0,3.0,3.0,3.0,3.0,3.0,3.0,3.0,3.0,3.0,3.0,3.0,3.0,3.0,3.0,3.0,3.0,3.0,3.0,3.0,3.0,3.0,3.0,3.0,3.0,3.0,3.0,3.0,3.0,3.0,3.0,3.7424278,1.5521665,0.81397855,44.871765
400,-1.09941223067587,-2.9970527,1.942254,-0.01966998,0.98695076,0.1537574,-0.04446299,0.017603643,2.4747317,1.0656434,0.41394365,-0.4817173,-0.06994651,0.54453546,3.0,3.0,3.0,3.0,3.0,3.0,3.0,3.0,3.0,3.0,3.0,3.0,3.0,3.0,3.0,3.0,3.0,3.0,3.0,3.0,3.0,3.0,3.0,3.0,3.0,3.0,3.0,3.0,3.0,3.0,3.0,3.0,3.0,3.0,3.0,3.0,1.8130693,-2.334526,0.36422682,29.62246
405,-1.0965305999385497,-3.0482676,1.9210074,-0.028561143,0.9874348,0.14981733,-0.044967603,0.022477215,2.451811,1.0057435,0.38481164,-0.42873722,-0.1596728,0.4463401,3.0,3.0,3.0,3.0,3.0,3.0,3.0,3.0,3.0,3.0,3.0,3.0,3.0,3.0,3.0,3.0,3.0,3.0,3.0,3.0,3.0,3.0,3.0,3.0,3.0,3.0,3.0,3.0,3.0,3.0,3.0,3.0,3.0,3.0,3.0,3.0,3.1160307,0.64434147,0.6980759,44.131508
410,-1.1123892296531719,-3.0990078,1.9009868,-0.036868878,0.9884873,0.14203246,-0.0449707,0.026405308,2.4283805,0.9447102,0.36559632,-0.838655,-0.13375773,0.37200898,3.0,3.0,3.0,3.0,3.0,3.0,3.0,3.0,3.0,3.0,3.0,3.0,3.0,3.0,3.0,3.0,3.0,3.0,3.0,3.0,3.0,3.0,3.0,3.0,3.0,3.0,3.0,3.0,3.0,3.0,3.0,3.0,3.0,3.0,3.0,3.0,0.5948281,-2.737106,-0.10123259,43.88056
415,-1.1028401953882159,-3.1493669,1.8818285,-0.043565597,0.989295,0.13518225,-0.046432056,0.029414663,2.4102998,0.90497583,0.28608546,-0.595423,-0.13382763,0.3721521,3.0,3.0,3.0,3.0,3.0,3.0,3.0,3.0,3.0,3.0,3.0,3.0,3.0,3.0,3.0,3.0,3.0,3.0,3.0,3.0,3.0,3.0,3.0,3.0,3.0,3.0,3.0,3.0,3.0,3.0,3.0,3.0,3.0,3.0,3.0,3.0,2.6539917,-2.0566673,-0.3595053,20.44986
420,-1.1037646060495225,-3.1994007,1.8633012,-0.04800647,0.989926,0.12918696,-0.047120415,0.033719245,2.395828,0.8790196,0.16463141,-0.59441686,-0.13637574,0.37087655,3.0,3.0,3.0,3.0,3.0,3.0,3.0,3.0,3.0,3.0,3.0,3.0,3.0,3.0,3.0,3.0,3.0,3.0,3.0,3.0,3.0,3.0,3.0,3.0,3.0,3.0,3.0,3.0,3.0,3.0,3.0,3.0,3.0,3.0,3.0,3.0,4.2539253,2.3576741,0.43860865,44.1465
425,-1.1153870107735822,-3.249075,1.8454815,-0.050595865,0.99079925,0.12161134,-0.04663574,0.03677867,2.3768325,0.84010625,0.09684831,-0.8497461,-0.15009001,0.34406266,3.0,3.0,3.0,3.0,3.0,3.0,3.0,3.0,3.0,3.0,3.0,3.0,3.0,3.0,3.0,3.0,3.0,3.0,3.0,3.0,3.0,3.0,3.0,3.0,3.0,3.0,3.0,3.0,3.0,3.0,3.0,3.0,3.0,3.0,3.0,3.0,3.3952446,-2.8947008,-0.7085674,25.295517
430,-1.116113252283994,-3.2983768,1.8283808,-0.051542614,0.9915425,0.113569014,-0.046838887,0.041853096,2.3581002,0.8039339,0.028597867,-0.7159694,-0.030580211,0.58826375,3.0,3.0,3.0,3.0,3.0,3.0,3.0,3.0,3.0,3.0,3.0,3.0,3.0,3.0,3.0,3.0,3.0,3.0,3.0,3.0,3.0,3.0,3.0,3.0,3.0,3.0,3.0,3.0,3.0,3.0,3.0,3.0,3.0,3.0,3.0,3.0,4.1095486,3.3586988,-0.8502542,31.310104
435,-1.1069980884288135,-3.3472717,1.8120633,-0.05130757,0.9921683,0.106478706,-0.04480068,0.04751062,2.3373969,0.7637756,-0.012017665,-0.53967124,0.15458824,0.4657906,3.0,3.0,3.0,3.0,3.0,3.0,3.0,3.0,3.0,3.0,3.0,3.0,3.0,3.0,3.0,3.0,3.0,3.0,3.0,3.0,3.0,3.0,3.0,3.0,3.0,3.0,3.0,3.0,3.0,3.0,3.0,3.0,3.0,3.0,3.0,3.0,3.575593,0.39120483,-0.7919564,32.459747
440,-1.1068269320539634,-3.3957975,1.7964139,-0.049572725,0.99258685,0.10119367,-0.042421646,0.052264307,2.3238773,0.7428984,-0.1307,-0.5385058,0.15642163,0.4435895,3.0,3.0,3.0,3.0,3.0,3.0,3.0,3.0,3.0,3.0,3.0,3.0,3.0,3.0,3.0,3.0,3.0,3.0,3.0,3.0,3.0,3.0,3.0,3.0,3.0,3.0,3.0,3.0,3.0,3.0,3.0,3.0,3.0,3.0,3.0,3.0,3.560358,3.5631428,-0.97798055,31.229591
445,-1.097415204341712,-3.443984,1.7813668,-0.046234835,0.9929207,0.096584484,-0.040546156,0.055999678,2.305715,0.7085407,-0.17943802,-0.41836622,0.09969376,0.28061184,3.0,3.0,3.0,3.0,3.0,3.0,3.0,3.0,3.0,3.0,3.0,3.0,3.0,3.0,3.0,3.0,3.0,3.0,3.0,3.0,3.0,3.0,3.0,3.0,3.0,3.0,3.0,3.0,3.0,3.0,3.0,3.0,3.0,3.0,3.0,3.0,0.13302612,3.4861183,-0.009759247,38.96216
450,-1.0962795808271684,-3.4918041,1.7670052,-0.04182626,0.99331725,0.09103845,-0.039995793,0.058593452,2.288904,0.6778662,-0.23841682,-0.46825942,-0.030284561,0.1030468,3.0,3.0,3.0,3.0,3.0,3.0,3.0,3.0,3.0,3.0,3.0,3.0,3.0,3.0,3.0,3.0,3.0,3.0,3.0,3.0,3.0,3.0,3.0,3.0,3.0,3.0,3.0,3.0,3.0,3.0,3.0,3.0,3.0,3.0,3.0,3.0,0.35149002,4.78286,-0.7913034,29.09858
455,-1.1129842128342549,-3.5392826,1.7532437,-0.036116954,0.9937367,0.08517624,-0.040399533,0.06000223,2.2685673,0.63927394,-0.24415748,-0.7981135,-0.07827594,0.053108275,3.0,3.0,3.0,3.0,3.0,3.0,3.0,3.0,3.0,3.0,3.0,3.0,3.0,3.0,3.0,3.0,3.0,3.0,3.0,3.0,3.0,3.0,3.0,3.0,3.0,3.0,3.0,3.0,3.0,3.0,3.0,3.0,3.0,3.0,3.0,3.0,3.5217075,-1.0907159,-0.7356858,35.87326
460,-1.1201085721774342,-3.586361,1.7402025,-0.029943885,0.994455,0.0766239,-0.03985866,0.059994258,2.2526252,0.614351,-0.31328443,-0.89525455,0.12051779,-0.25224406,3.0,3.0,3.0,3.0,3.0,3.0,3.0,3.0,3.0,3.0,3.0,3.0,3.0,3.0,3.0,3.0,3.0,3.0,3.0,3.0,3.0,3.0,3.0,3.0,3.0,3.0,3.0,3.0,3.0,3.0,3.0,3.0,3.0,3.0,3.0,3.0,0.8666091,3.2242146,0.29581904,7.3862762
465,-1.1051075804127914,-3.6328688,1.728184,-0.025671802,0.995123,0.06802409,-0.04107772,0.058442038,2.2206368,0.5567459,-0.15845476,-0.57312137,-0.1515262,-0.21711324,3.0,3.0,3.0,3.0,3.0,3.0,3.0,3.0,3.0,3.0,3.0,3.0,3.0,3.0,3.0,3.0,3.0,3.0,3.0,3.0,3.0,3.0,3.0,3.0,3.0,3.0,3.0,3.0,3.0,3.0,3.0,3.0,3.0,3.0,3.0,3.0,4.0709476,1.619318,-0.7105081,4.494652
470,-1.1050606144397028,-3.678843,1.7170031,-0.02266143,0.9955471,0.06272204,-0.04308391,0.055638485,2.1976597,0.5239464,-0.13786092,-0.35809618,-0.27786604,-0.43440074,3.0,3.0,3.0,3.0,3.0,3.0,3.0,3.0,3.0,3.0,3.0,3.0,3.0,3.0,3.0,3.0,3.0,3.0,3.0,3.0,3.0,3.0,3.0,3.0,3.0,3.0,3.0,3.0,3.0,3.0,3.0,3.0,3.0,3.0,3.0,3.0,1.5280571,2.2465029,0.43697953,31.805046
475,-1.1106245947576356,-3.7243588,1.7064295,-0.019706916,0.99610674,0.056613345,-0.044164464,0.0511445,2.179601,0.50264543,-0.18894677,-0.5628098,-0.10537227,-0.46389058,3.0,3.0,3.0,3.0,3.0,3.0,3.0,3.0,3.0,3.0,3.0,3.0,3.0,3.0,3.0,3.0,3.0,3.0,3.0,3.0,3.0,3.0,3.0,3.0,3.0,3.0,3.0,3.0,3.0,3.0,3.0,3.0,3.0,3.0,3.0,3.0,2.065692,-0.109665394,-0.6538464,44.116577
480,-1.1119684636976226,-3.769603,1.6961026,-0.014313666,0.9966177,0.05051276,-0.045200694,0.04646014,2.1663978,0.49115026,-0.30494344,-0.55880934,-0.097073965,-0.50953984,3.0,3.0,3.0,3.0,3.0,3.0,3.0,3.0,3.0,3.0,3.0,3.0,3.0,3.0,3.0,3.0,3.0,3.0,3.0,3.0,3.0,3.0,3.0,3.0,3.0,3.0,3.0,3.0,3.0,3.0,3.0,3.0,3.0,3.0,3.0,3.0,2.7787237,0.4421811,-0.45070702,35.48201
485,-1.1057922687079702,-3.8145566,1.6860167,-0.0066550584,0.9970649,0.04498647,-0.045440007,0.042107932,2.1522236,0.47984633,-0.41181654,-0.513245,0.0014506971,-0.3793996,3.0,3.0,3.0,3.0,3.0,3.0,3.0,3.0,3.0,3.0,3.0,3.0,3.0,3.0,3.0,3.0,3.0,3.0,3.0,3.0,3.0,3.0,3.0,3.0,3.0,3.0,3.0,3.0,3.0,3.0,3.0,3.0,3.0,3.0,3.0,3.0,-1.8079183,0.33349276,-0.9652975,32.499557
490,-1.1112109447883805,-3.8591008,1.6762686,0.0019359834,0.99739015,0.03833945,-0.046598427,0.039642278,2.1265566,0.4579002,-0.3882143,-0.695164,-0.20992716,-0.19889078,3.0,3.0,3.0,3.0,3.0,3.0,3.0,3.0,3.0,3.0,3.0,3.0,3.0,3.0,3.0,3.0,3.0,3.0,3.0,3.0,3.0,3.0,3.0,3.0,3.0,3.0,3.0,3.0,3.0,3.0,3.0,3.0,3.0,3.0,3.0,3.0,0.47936535,-4.192019,-0.36807132,39.121628
495,-1.1110377432792395,-3.9030392,1.667,0.00935046,0.9975476,0.033073854,-0.050337885,0.035649963,2.0941591,0.43423414,-0.30242878,-0.38999513,-0.42022055,-0.5022064,3.0,3.0,3.0,3.0,3.0,3.0,3.0,3.0,3.0,3.0,3.0,3.0,3.0,3.0,3.0,3.0,3.0,3.0,3.0,3.0,3.0,3.0,3.0,3.0,3.0,3.0,3.0,3.0,3.0,3.0,3.0,3.0,3.0,3.0,3.0,3.0,3.8379765,3.4092293,0.49042153,27.37806
500,-1.1106532714723147,-3.9461915,1.6582576,0.014050474,0.99774116,0.028053632,-0.05298724,0.030296486,2.059095,0.41274944,-0.20781842,-0.2546988,-0.3308668,-0.64640695,3.0,3.0,3.0,3.0,3.0,3.0,3.0,3.0,3.0,3.0,3.0,3.0,3.0,3.0,3.0,3.0,3.0,3.0,3.0,3.0,3.0,3.0,3.0,3.0,3.0,3.0,3.0,3.0,3.0,3.0,3.0,3.0,3.0,3.0,3.0,3.0,4.915509,-1.0732245,0.58415437,-30.81539
505,-1.08008139407318,-3.9885006,1.6499687,0.015941503,0.9978114,0.02693016,-0.054346666,0.026337836,2.0176153,0.39140224,-0.06785021,0.051294625,0.041387383,-0.162955,3.0,3.0,3.0,3.0,3.0,3.0,3.0,3.0,3.0,3.0,3.0,3.0,3.0,3.0,3.0,3.0,3.0,3.0,3.0,3.0,3.0,3.0,3.0,3.0,3.0,3.0,3.0,3.0,3.0,3.0,3.0,3.0,3.0,3.0,3.0,3.0,2.7410822,4.415262,0.15151572,33.08613
510,-1.0888994515495096,-4.03023,1.6419532,0.017669523,0.9979926,0.025955163,-0.052923646,0.023157328,1.9907432,0.37901452,-0.06837944,-0.0074600703,0.12143792,-0.34608278,3.0,3.0,3.0,3.0,3.0,3.0,3.0,3.0,3.0,3.0,3.0,3.0,3.0,3.0,3.0,3.0,3.0,3.0,3.0,3.0,3.0,3.0,3.0,3.0,3.0,3.0,3.0,3.0,3.0,3.0,3.0,3.0,3.0,3.0,3.0,3.0,-0.54206467,2.972928,0.8374702,34.858894
515,-1.1026191046981773,-4.071185,1.6343055,0.017300727,0.9982064,0.022968045,-0.051649906,0.01971757,1.9518831,0.3605826,0.0504377,-0.5428238,0.12990284,-0.35433084,3.0,3.0,3.0,3.0,3.0,3.0,3.0,3.0,3.0,3.0,3.0,3.0,3.0,3.0,3.0,3.0,3.0,3.0,3.0,3.0,3.0,3.0,3.0,3.0,3.0,3.0,3.0,3.0,3.0,3.0,3.0,3.0,3.0,3.0,3.0,3.0,-1.1576688,-3.8449218,0.4399048,12.093269
520,-1.0982803838779827,-4.1113977,1.6269906,0.015008306,0.9983807,0.01849656,-0.051483527,0.015598039,1.9232297,0.34852827,0.07754688,-0.40855163,0.018186262,-0.41665137,3.0,3.0,3.0,3.0,3.0,3.0,3.0,3.0,3.0,3.0,3.0,3.0,3.0,3.0,3.0,3.0,3.0,3.0,3.0,3.0,3.0,3.0,3.0,3.0,3.0,3.0,3.0,3.0,3.0,3.0,3.0,3.0,3.0,3.0,3.0,3.0,2.5830135,-3.8114614,-0.6028832,26.298286
525,-1.111726801684533,-4.151271,1.6197891,0.014633882,0.99854636,0.013699244,-0.05094365,0.011053699,1.9039013,0.34264114,0.015476669,-0.5585461,0.19051741,-0.6279676,3.0,3.0,3.0,3.0,3.0,3.0,3.0,3.0,3.0,3.0,3.0,3.0,3.0,3.0,3.0,3.0,3.0,3.0,3.0,3.0,3.0,3.0,3.0,3.0,3.0,3.0,3.0,3.0,3.0,3.0,3.0,3.0,3.0,3.0,3.0,3.0,4.0414658,-2.8055727,-0.9394002,-21.781212
530,-1.0961547858099197,-4.1906486,1.6127223,0.014606471,0.99873626,0.009156749,-0.04899921,0.006411343,1.880378,0.33695874,-0.0020146742,-0.24176554,0.15569244,-0.48418522,3.0,3.0,3.0,3.0,3.0,3.0,3.0,3.0,3.0,3.0,3.0,3.0,3.0,3.0,3.0,3.0,3.0,3.0,3.0,3.0,3.0,3.0,3.0,3.0,3.0,3.0,3.0,3.0,3.0,3.0,3.0,3.0,3.0,3.0,3.0,3.0,2.0855289,-2.0654395,-0.23391098,-21.2787
535,-1.0851238311046132,-4.2293973,1.6057814,0.01343144,0.9988546,0.0063991314,-0.04732015,0.0030605008,1.8451642,0.33055103,0.10846377,-0.24356739,0.26259464,-0.085360564,3.0,3.0,3.0,3.0,3.0,3.0,3.0,3.0,3.0,3.0,3.0,3.0,3.0,3.0,3.0,3.0,3.0,3.0,3.0,3.0,3.0,3.0,3.0,3.0,3.0,3.0,3.0,3.0,3.0,3.0,3.0,3.0,3.0,3.0,3.0,3.0,-0.67995644,-2.3388197,0.28181243,-19.911558
540,-1.107457367119899,-4.2673545,1.5989643,0.009208936,0.9989601,0.004797998,-0.04526345,-0.0026361803,1.8105161,0.32564738,0.22383185,-0.165355,0.26193413,-0.77361876,3.0,3.0,3.0,3.0,3.0,3.0,3.0,3.0,3.0,3.0,3.0,3.0,3.0,3.0,3.0,3.0,3.0,3.0,3.0,3.0,3.0,3.0,3.0,3.0,3.0,3.0,3.0,3.0,3.0,3.0,3.0,3.0,3.0,3.0,3.0,3.0,0.17737675,0.14616108,-0.23705614,35.252937
545,-1.1016106070806717,-4.3047867,1.5922126,0.004520508,0.9989531,0.0036161942,-0.04413996,-0.011456631,1.7832459,0.32272062,0.27551916,-0.19721851,-0.051423866,-0.7095153,3.0,3.0,3.0,3.0,3.0,3.0,3.0,3.0,3.0,3.0,3.0,3.0,3.0,3.0,3.0,3.0,3.0,3.0,3.0,3.0,3.0,3.0,3.0,3.0,3.0,3.0,3.0,3.0,3.0,3.0,3.0,3.0,3.0,3.0,3.0,3.0,3.2571583,-2.9134727,0.84334505,-0.10145569
550,-1.0986486913083502,-4.341608,1.5855196,-0.0018061164,0.9989491,0.0028436705,-0.042212818,-0.01762562,1.756316,0.32039395,0.32950282,-0.06473401,0.29570055,-0.6266051,3.0,3.0,3.0,3.0,3.0,3.0,3.0,3.0,3.0,3.0,3.0,3.0,3.0,3.0,3.0,3.0,3.0,3.0,3.0,3.0,3.0,3.0,3.0,3.0,3.0,3.0,3.0,3.0,3.0,3.0,3.0,3.0,3.0,3.0,3.0,3.0,0.81112766,-0.31830215,0.8395201,39.36383
555,-1.0872802528551768,-4.3777127,1.5788754,-0.011243244,0.9990282,0.0026002636,-0.03835036,-0.021567622,1.7202004,0.31812507,0.50721365,0.090453334,0.47968507,-0.02804024,3.0,3.0,3.0,3.0,3.0,3.0,3.0,3.0,3.0,3.0,3.0,3.0,3.0,3.0,3.0,3.0,3.0,3.0,3.0,3.0,3.0,3.0,3.0,3.0,3.0,3.0,3.0,3.0,3.0,3.0,3.0,3.0,3.0,3.0,3.0,3.0,-0.20989227,-1.6254168,0.38670337,17.754173
560,-1.0889693797629294,-4.4132633,1.5722703,-0.022345636,0.9991235,0.003285049,-0.03392243,-0.024303684,1.696986,0.31622508,0.556238,-0.043848727,0.44524917,-0.2984021,3.0,3.0,3.0,3.0,3.0,3.0,3.0,3.0,3.0,3.0,3.0,3.0,3.0,3.0,3.0,3.0,3.0,3.0,3.0,3.0,3.0,3.0,3.0,3.0,3.0,3.0,3.0,3.0,3.0,3.0,3.0,3.0,3.0,3.0,3.0,3.0,0.92371273,-2.4221122,0.83307207,29.099792
565,-1.0837764393311085,-4.4483013,1.5657123,-0.035265204,0.9991861,0.004623774,-0.031021338,-0.025365476,1.6727346,0.31378788,0.6522802,0.2139987,0.3568999,0.16411594,3.0,3.0,3.0,3.0,3.0,3.0,3.0,3.0,3.0,3.0,3.0,3.0,3.0,3.0,3.0,3.0,3.0,3.0,3.0,3.0,3.0,3.0,3.0,3.0,3.0,3.0,3.0,3.0,3.0,3.0,3.0,3.0,3.0,3.0,3.0,3.0,1.3878732,2.1920586,0.96921873,40.089478
570,-1.0950904603337215,-4.4828267,1.5592184,-0.050694186,0.9993545,0.006338392,-0.026763488,-0.023111446,1.6472192,0.31013066,0.7987015,0.055608634,0.6833228,-0.01381326,3.0,3.0,3.0,3.0,3.0,3.0,3.0,3.0,3.0,3.0,3.0,3.0,3.0,3.0,3.0,3.0,3.0,3.0,3.0,3.0,3.0,3.0,3.0,3.0,3.0,3.0,3.0,3.0,3.0,3.0,3.0,3.0,3.0,3.0,3.0,3.0,0.7467537,1.1127806,0.8671472,23.331688
575,-1.096632011100745,-4.5169435,1.5527976,-0.067561865,0.9995459,0.0035550622,-0.022610543,-0.019600974,1.6328338,0.3072358,0.7912249,-0.38918465,0.2974704,0.5303499,3.0,3.0,3.0,3.0,3.0,3.0,3.0,3.0,3.0,3.0,3.0,3.0,3.0,3.0,3.0,3.0,3.0,3.0,3.0,3.0,3.0,3.0,3.0,3.0,3.0,3.0,3.0,3.0,3.0,3.0,3.0,3.0,3.0,3.0,3.0,3.0,3.6162167,0.5901294,0.9205377,-2.1714745
580,-1.1098002544921493,-4.5507717,1.5464251,-0.08459721,0.99975693,-0.0013059626,-0.01719905,-0.013731927,1.6195875,0.30538756,0.79851156,-0.5273907,0.47632977,0.6884613,3.0,3.0,3.0,3.0,3.0,3.0,3.0,3.0,3.0,3.0,3.0,3.0,3.0,3.0,3.0,3.0,3.0,3.0,3.0,3.0,3.0,3.0,3.0,3.0,3.0,3.0,3.0,3.0,3.0,3.0,3.0,3.0,3.0,3.0,3.0,3.0,4.6398125,-1.0918033,-0.34374738,30.475868
585,-1.1118739812622636,-4.58442,1.5400654,-0.10004648,0.99990016,-0.005808196,-0.011407922,-0.005982191,1.6114109,0.30557847,0.7343761,-0.26168185,0.73130727,0.6828569,3.0,3.0,3.0,3.0,3.0,3.0,3.0,3.0,3.0,3.0,3.0,3.0,3.0,3.0,3.0,3.0,3.0,3.0,3.0,3.0,3.0,3.0,3.0,3.0,3.0,3.0,3.0,3.0,3.0,3.0,3.0,3.0,3.0,3.0,3.0,3.0,-0.8641567,-2.929777,-0.54101783,36.42414
590,-1.0915783900363427,-4.617908,1.5336859,-0.11455535,0.99995786,-0.00724056,-0.0056361794,-0.0003171927,1.6045132,0.30706653,0.69832784,-0.1174619,0.3455246,0.5145064,3.0,3.0,3.0,3.0,3.0,3.0,3.0,3.0,3.0,3.0,3.0,3.0,3.0,3.0,3.0,3.0,3.0,3.0,3.0,3.0,3.0,3.0,3.0,3.0,3.0,3.0,3.0,3.0,3.0,3.0,3.0,3.0,3.0,3.0,3.0,3.0,1.6794472,-1.7908974,-0.5781426,34.872345
595,-1.1028902121920068,-4.651274,1.5272753,-0.12802328,0.9999594,-0.007534323,-0.001168209,0.0047989343,1.5994315,0.3087841,0.6510079,0.17532428,0.6437194,0.5398603,3.0,3.0,3.0,3.0,3.0,3.0,3.0,3.0,3.0,3.0,3.0,3.0,3.0,3.0,3.0,3.0,3.0,3.0,3.0,3.0,3.0,3.0,3.0,3.0,3.0,3.0,3.0,3.0,3.0,3.0,3.0,3.0,3.0,3.0,3.0,3.0,-0.9542699,3.410263,0.68314815,41.920914
600,-1.1188254979741092,-4.6845436,1.5208032,-0.1421081,0.9998671,-0.00891924,0.004475354,0.012891557,1.5957253,0.3120359,0.69885397,-0.26811624,0.46804732,1.0446699,3.0,3.0,3.0,3.0,3.0,3.0,3.0,3.0,3.0,3.0,3.0,3.0,3.0,3.0,3.0,3.0,3.0,3.0,3.0,3.0,3.0,3.0,3.0,3.0,3.0,3.0,3.0,3.0,3.0,3.0,3.0,3.0,3.0,3.0,3.0,3.0,2.6384811,-0.83782387,0.6109116,29.242508
605,-1.1192478020355567,-4.7177696,1.5142596,-0.15694608,0.9995931,-0.012797829,0.010936004,0.023029225,1.5947888,0.31583303,0.72943836,-0.6079246,0.697381,0.7356569,3.0,3.0,3.0,3.0,3.0,3.0,3.0,3.0,3.0,3.0,3.0,3.0,3.0,3.0,3.0,3.0,3.0,3.0,3.0,3.0,3.0,3.0,3.0,3.0,3.0,3.0,3.0,3.0,3.0,3.0,3.0,3.0,3.0,3.0,3.0,3.0,-0.80485535,-2.8083181,-0.0041204095,-6.9507446
610,-1.1005808219500988,-4.751007,1.5076185,-0.17213158,0.9992564,-0.01651695,0.017709658,0.030004898,1.5965832,0.32151455,0.7467523,-0.14654736,0.5667837,0.5514988,3.0,3.0,3.0,3.0,3.0,3.0,3.0,3.0,3.0,3.0,3.0,3.0,3.0,3.0,3.0,3.0,3.0,3.0,3.0,3.0,3.0,3.0,3.0,3.0,3.0,3.0,3.0,3.0,3.0,3.0,3.0,3.0,3.0,3.0,3.0,3.0,2.7181969,0.4741087,0.19327259,37.98648
615,-1.0951314057754769,-4.7842884,1.5008649,-0.18700042,0.9989662,-0.01910726,0.02235124,0.03466712,1.597793,0.3255621,0.67841786,-0.24959846,0.451005,0.46390978,3.0,3.0,3.0,3.0,3.0,3.0,3.0,3.0,3.0,3.0,3.0,3.0,3.0,3.0,3.0,3.0,3.0,3.0,3.0,3.0,3.0,3.0,3.0,3.0,3.0,3.0,3.0,3.0,3.0,3.0,3.0,3.0,3.0,3.0,3.0,3.0,-1.1110883,3.1944332,0.31690216,43.556778
620,-1.0761052044422235,-4.8176103,1.494018,-0.20039871,0.9987176,-0.021076059,0.025732877,0.038167413,1.6010734,0.33113506,0.6275841,-0.13397694,0.25452498,0.10714545,3.0,3.0,3.0,3.0,3.0,3.0,3.0,3.0,3.0,3.0,3.0,3.0,3.0,3.0,3.0,3.0,3.0,3.0,3.0,3.0,3.0,3.0,3.0,3.0,3.0,3.0,3.0,3.0,3.0,3.0,3.0,3.0,3.0,3.0,3.0,3.0,3.227641,1.75212,0.7386532,10.885567
625,-1.0887395907763773,-4.8510523,1.4870118,-0.21353652,0.9984982,-0.022651762,0.030712675,0.039305735,1.6067964,0.33865106,0.60574126,-0.025108378,0.4923605,0.25807044,3.0,3.0,3.0,3.0,3.0,3.0,3.0,3.0,3.0,3.0,3.0,3.0,3.0,3.0,3.0,3.0,3.0,3.0,3.0,3.0,3.0,3.0,3.0,3.0,3.0,3.0,3.0,3.0,3.0,3.0,3.0,3.0,3.0,3.0,3.0,3.0,-1.7209296,0.42172337,0.47263217,36.755104
630,-1.0813865914719694,-4.8846726,1.4798138,-0.22676809,0.99837446,-0.02242878,0.034256592,0.03964751,1.6195062,0.35074326,0.66872746,-0.10692199,0.28127694,-0.25675964,3.0,3.0,3.0,3.0,3.0,3.0,3.0,3.0,3.0,3.0,3.0,3.0,3.0,3.0,3.0,3.0,3.0,3.0,3.0,3.0,3.0,3.0,3.0,3.0,3.0,3.0,3.0,3.0,3.0,3.0,3.0,3.0,3.0,3.0,3.0,3.0,-1.0155008,-3.0600953,0.69122005,37.733803
635,-1.0898395436899913,-4.918589,1.4723572,-0.24148303,0.9984552,-0.024053603,0.035150453,0.035678945,1.6327304,0.36204478,0.71652716,-0.1601463,-0.018997157,-0.5250472,3.0,3.0,3.0,3.0,3.0,3.0,3.0,3.0,3.0,3.0,3.0,3.0,3.0,3.0,3.0,3.0,3.0,3.0,3.0,3.0,3.0,3.0,3.0,3.0,3.0,3.0,3.0,3.0,3.0,3.0,3.0,3.0,3.0,3.0,3.0,3.0,-0.7496109,0.024068832,0.92671657,-1.0968704
640,-1.085399455544751,-4.952855,1.464606,-0.25820658,0.9987162,-0.021603335,0.03360246,0.031148149,1.6522739,0.37826842,0.8535431,0.37167323,-0.13977806,-0.19034407,3.0,3.0,3.0,3.0,3.0,3.0,3.0,3.0,3.0,3.0,3.0,3.0,3.0,3.0,3.0,3.0,3.0,3.0,3.0,3.0,3.0,3.0,3.0,3.0,3.0,3.0,3.0,3.0,3.0,3.0,3.0,3.0,3.0,3.0,3.0,3.0,4.3125973,-3.252083,0.8043871,44.58654
645,-1.0941922020240815,-4.987471,1.4565738,-0.27710328,0.9989049,-0.016281767,0.03175304,0.030259898,1.6680015,0.39018986,0.94800574,0.52263767,-0.28701133,-0.044241443,3.0,3.0,3.0,3.0,3.0,3.0,3.0,3.0,3.0,3.0,3.0,3.0,3.0,3.0,3.0,3.0,3.0,3.0,3.0,3.0,3.0,3.0,3.0,3.0,3.0,3.0,3.0,3.0,3.0,3.0,3.0,3.0,3.0,3.0,3.0,3.0,4.1036396,-4.036253,0.8560623,35.687683
650,-1.0912446874260346,-5.0223546,1.4483563,-0.29721367,0.99901956,-0.010656943,0.03116541,0.02958198,1.6775427,0.39635813,0.9597431,0.467473,0.0075421534,-0.25034416,3.0,3.0,3.0,3.0,3.0,3.0,3.0,3.0,3.0,3.0,3.0,3.0,3.0,3.0,3.0,3.0,3.0,3.0,3.0,3.0,3.0,3.0,3.0,3.0,3.0,3.0,3.0,3.0,3.0,3.0,3.0,3.0,3.0,3.0,3.0,3.0,0.5767851,3.6001205,0.37069654,44.333656
655,-1.0882794886004294,-5.0574145,1.4400533,-0.31726703,0.9992057,-0.0062242276,0.030154116,0.025297103,1.6868689,0.39991543,0.97214586,0.22791515,-0.2280583,-0.32414198,3.0,3.0,3.0,3.0,3.0,3.0,3.0,3.0,3.0,3.0,3.0,3.0,3.0,3.0,3.0,3.0,3.0,3.0,3.0,3.0,3.0,3.0,3.0,3.0,3.0,3.0,3.0,3.0,3.0,3.0,3.0,3.0,3.0,3.0,3.0,3.0,3.3187609,0.28455162,0.6711434,35.814255
660,-1.0838693138687336,-5.0926614,1.4317002,-0.3375399,0.9992185,-0.0021009548,0.030095784,0.02553714,1.6959143,0.40155917,0.9869018,0.3139139,0.16591178,0.04783121,3.0,3.0,3.0,3.0,3.0,3.0,3.0,3.0,3.0,3.0,3.0,3.0,3.0,3.0,3.0,3.0,3.0,3.0,3.0,3.0,3.0,3.0,3.0,3.0,3.0,3.0,3.0,3.0,3.0,3.0,3.0,3.0,3.0,3.0,3.0,3.0,-1.5405629,1.8718047,0.15382433,42.45658
665,-1.0912931304841904,-5.1280394,1.4233394,-0.35715944,0.9992134,0.0018864196,0.030859888,0.024832739,1.7019795,0.40114218,0.9487823,0.34134182,0.096357584,-0.35129488,3.0,3.0,3.0,3.0,3.0,3.0,3.0,3.0,3.0,3.0,3.0,3.0,3.0,3.0,3.0,3.0,3.0,3.0,3.0,3.0,3.0,3.0,3.0,3.0,3.0,3.0,3.0,3.0,3.0,3.0,3.0,3.0,3.0,3.0,3.0,3.0,2.2276993,3.4980564,0.27226377,44.217705
670,-1.09482652751101,-5.163527,1.4149985,-0.37567133,0.99925244,0.0048082136,0.032466788,0.020428965,1.7043782,0.39976048,0.8484615,0.21170457,0.20577152,-0.48371708,3.0,3.0,3.0,3.0,3.0,3.0,3.0,3.0,3.0,3.0,3.0,3.0,3.0,3.0,3.0,3.0,3.0,3.0,3.0,3.0,3.0,3.0,3.0,3.0,3.0,3.0,3.0,3.0,3.0,3.0,3.0,3.0,3.0,3.0,3.0,3.0,-0.45615005,4.4334526,0.71238184,41.501602
675,-1.094214603342691,-5.19909,1.4066958,-0.39242056,0.99929667,0.00630791,0.03299095,0.016673928,1.7090963,0.39759716,0.7781755,0.22954182,-0.043847617,-0.49752417,3.0,3.0,3.0,3.0,3.0,3.0,3.0,3.0,3.0,3.0,3.0,3.0,3.0,3.0,3.0,3.0,3.0,3.0,3.0,3.0,3.0,3.0,3.0,3.0,3.0,3.0,3.0,3.0,3.0,3.0,3.0,3.0,3.0,3.0,3.0,3.0,1.8844199,2.076654,0.66771436,39.741425
680,-1.0901313533270054,-5.2348065,1.398452,-0.40850523,0.9993859,0.0061934544,0.032493,0.011562409,1.7156278,0.3947991,0.73346704,-0.054176163,-0.07730756,-0.45147082,3.0,3.0,3.0,3.0,3.0,3.0,3.0,3.0,3.0,3.0,3.0,3.0,3.0,3.0,3.0,3.0,3.0,3.0,3.0,3.0,3.0,3.0,3.0,3.0,3.0,3.0,3.0,3.0,3.0,3.0,3.0,3.0,3.0,3.0,3.0,3.0,0.6742549,4.284177,0.6886759,35.641235
685,-1.0970620511428302,-5.2706165,1.3902599,-0.42305386,0.99950737,0.0046916497,0.029994752,0.007954302,1.7206947,0.39228633,0.6711879,-0.06001098,-0.33622757,-0.4898801,3.0,3.0,3.0,3.0,3.0,3.0,3.0,3.0,3.0,3.0,3.0,3.0,3.0,3.0,3.0,3.0,3.0,3.0,3.0,3.0,3.0,3.0,3.0,3.0,3.0,3.0,3.0,3.0,3.0,3.0,3.0,3.0,3.0,3.0,3.0,3.0,1.0905533,-0.77255154,0.51744187,38.300423
690,-1.1058771037431008,-5.306513,1.3821146,-0.43615463,0.99966,0.005178831,0.025471754,0.0020429483,1.7248999,0.3899693,0.61001587,-0.08922924,-0.31741962,-0.69960237,3.0,3.0,3.0,3.0,3.0,3.0,3.0,3.0,3.0,3.0,3.0,3.0,3.0,3.0,3.0,3.0,3.0,3.0,3.0,3.0,3.0,3.0,3.0,3.0,3.0,3.0,3.0,3.0,3.0,3.0,3.0,3.0,3.0,3.0,3.0,3.0,1.9888487,-2.8240128,-0.10907704,40.2369
695,-1.1055736559247085,-5.342452,1.374013,-0.447379,0.9997315,0.0044128224,0.022135533,-0.0052417633,1.7251054,0.3881722,0.49131745,-0.091689065,-0.31649935,-0.6984397,3.0,3.0,3.0,3.0,3.0,3.0,3.0,3.0,3.0,3.0,3.0,3.0,3.0,3.0,3.0,3.0,3.0,3.0,3.0,3.0,3.0,3.0,3.0,3.0,3.0,3.0,3.0,3.0,3.0,3.0,3.0,3.0,3.0,3.0,3.0,3.0,1.0880737,2.338328,-0.67634815,44.584457
700,-1.1044716614358596,-5.3783965,1.3659487,-0.45632133,0.9997231,0.0027206067,0.01972335,-0.0125447055,1.7252905,0.38641754,0.384139,-0.20113811,-0.20469056,-0.69812536,3.0,3.0,3.0,3.0,3.0,3.0,3.0,3.0,3.0,3.0,3.0,3.0,3.0,3.0,3.0,3.0,3.0,3.0,3.0,3.0,3.0,3.0,3.0,3.0,3.0,3.0,3.0,3.0,3.0,3.0,3.0,3.0,3.0,3.0,3.0,3.0,-2.9270158,1.3062468,-0.60842633,33.41005
705,-1.1066246827454367,-5.4143434,1.3579177,-0.46313426,0.999657,0.0015602467,0.016459981,-0.02031136,1.7254083,0.38492033,0.28746754,-0.16343199,-0.385096,-0.6802883,3.0,3.0,3.0,3.0,3.0,3.0,3.0,3.0,3.0,3.0,3.0,3.0,3.0,3.0,3.0,3.0,3.0,3.0,3.0,3.0,3.0,3.0,3.0,3.0,3.0,3.0,3.0,3.0,3.0,3.0,3.0,3.0,3.0,3.0,3.0,3.0,1.2323856,-1.2248685,0.3498006,42.66452
710,-1.0964796810842503,-5.450325,1.34992,-0.46918088,0.999579,-0.00026983218,0.013236299,-0.025816346,1.7270622,0.38335446,0.26004344,-0.27039212,-0.2159027,-0.48723093,3.0,3.0,3.0,3.0,3.0,3.0,3.0,3.0,3.0,3.0,3.0,3.0,3.0,3.0,3.0,3.0,3.0,3.0,3.0,3.0,3.0,3.0,3.0,3.0,3.0,3.0,3.0,3.0,3.0,3.0,3.0,3.0,3.0,3.0,3.0,3.0,-1.2530904,-0.9034548,-0.1695323,41.857246
715,-1.0888185282106406,-5.486293,1.3419441,-0.4734837,0.99947256,-0.0020029473,0.011554335,-0.030283622,1.7260507,0.38256925,0.172099,-0.10323051,-0.13019352,-0.41142425,3.0,3.0,3.0,3.0,3.0,3.0,3.0,3.0,3.0,3.0,3.0,3.0,3.0,3.0,3.0,3.0,3.0,3.0,3.0,3.0,3.0,3.0,3.0,3.0,3.0,3.0,3.0,3.0,3.0,3.0,3.0,3.0,3.0,3.0,3.0,3.0,2.6155043,0.76763725,0.54468656,25.070587
720,-1.082156036425079,-5.522259,1.333977,-0.47691983,0.99938947,-0.004300397,0.011601466,-0.032674413,1.7255952,0.38224402,0.117871016,-0.2228589,0.011060595,-0.22699979,3.0,3.0,3.0,3.0,3.0,3.0,3.0,3.0,3.0,3.0,3.0,3.0,3.0,3.0,3.0,3.0,3.0,3.0,3.0,3.0,3.0,3.0,3.0,3.0,3.0,3.0,3.0,3.0,3.0,3.0,3.0,3.0,3.0,3.0,3.0,3.0,0.061493397,0.999207,-0.53183746,44.230774
725,-1.090683046400438,-5.5582104,1.3260059,-0.47898874,0.9993202,-0.007351917,0.0109434845,-0.034429025,1.7263266,0.38320974,0.11429528,-0.4490716,-0.18812825,-0.0006765889,3.0,3.0,3.0,3.0,3.0,3.0,3.0,3.0,3.0,3.0,3.0,3.0,3.0,3.0,3.0,3.0,3.0,3.0,3.0,3.0,3.0,3.0,3.0,3.0,3.0,3.0,3.0,3.0,3.0,3.0,3.0,3.0,3.0,3.0,3.0,3.0,-0.41717815,-2.0572023,-0.5980605,17.983246
730,-1.1008082009930227,-5.5941577,1.3180122,-0.48026717,0.99934065,-0.012997294,0.0078421375,-0.03298159,1.724721,0.3840735,0.020616734,-0.579655,-0.3039987,0.23561966,3.0,3.0,3.0,3.0,3.0,3.0,3.0,3.0,3.0,3.0,3.0,3.0,3.0,3.0,3.0,3.0,3.0,3.0,3.0,3.0,3.0,3.0,3.0,3.0,3.0,3.0,3.0,3.0,3.0,3.0,3.0,3.0,3.0,3.0,3.0,3.0,2.7592654,0.73410606,-0.76926625,34.785225
735,-1.0939837539042903,-5.630071,1.3099657,-0.48017597,0.9994016,-0.017549252,0.0057469434,-0.029245978,1.723819,0.38932842,0.026512954,-0.23976225,-0.0027198268,0.50469494,3.0,3.0,3.0,3.0,3.0,3.0,3.0,3.0,3.0,3.0,3.0,3.0,3.0,3.0,3.0,3.0,3.0,3.0,3.0,3.0,3.0,3.0,3.0,3.0,3.0,3.0,3.0,3.0,3.0,3.0,3.0,3.0,3.0,3.0,3.0,3.0,-1.7171931,-2.252854,-0.5356068,6.540718
740,-1.0934995333015054,-5.665948,1.3018278,-0.47926208,0.99949485,-0.02007138,0.005544586,-0.024010198,1.720927,0.39153746,-0.09075028,-0.23932572,-0.004125624,0.5040902,3.0,3.0,3.0,3.0,3.0,3.0,3.0,3.0,3.0,3.0,3.0,3.0,3.0,3.0,3.0,3.0,3.0,3.0,3.0,3.0,3.0,3.0,3.0,3.0,3.0,3.0,3.0,3.0,3.0,3.0,3.0,3.0,3.0,3.0,3.0,3.0,2.112596,-1.1071446,-0.512705,15.699554
745,-1.1083842271725053,-5.7017717,1.2936114,-0.47656932,0.999569,-0.023465924,0.004508007,-0.01705441,1.7186598,0.39675125,-0.1471813,-0.24278307,0.0013192905,0.8254925,3.0,3.0,3.0,3.0,3.0,3.0,3.0,3.0,3.0,3.0,3.0,3.0,3.0,3.0,3.0,3.0,3.0,3.0,3.0,3.0,3.0,3.0,3.0,3.0,3.0,3.0,3.0,3.0,3.0,3.0,3.0,3.0,3.0,3.0,3.0,3.0,-2.314971,1.4448147,-0.88982075,34.87513
750,-1.1135964141065144,-5.7375445,1.2852715,-0.47274503,0.99958825,-0.027265765,0.004169223,-0.0079041375,1.7162329,0.4038305,-0.18609099,-0.45678055,0.05778942,0.85209465,3.0,3.0,3.0,3.0,3.0,3.0,3.0,3.0,3.0,3.0,3.0,3.0,3.0,3.0,3.0,3.0,3.0,3.0,3.0,3.0,3.0,3.0,3.0,3.0,3.0,3.0,3.0,3.0,3.0,3.0,3.0,3.0,3.0,3.0,3.0,3.0,1.7928972,-2.5844705,-0.3471769,9.275314
755,-1.1054885458065158,-5.7732797,1.2766854,-0.4695897,0.9994252,-0.033273816,0.0063238274,-0.0014755275,1.7153428,0.42161182,-0.06571228,-0.6288013,0.2692167,0.41560814,3.0,3.0,3.0,3.0,3.0,3.0,3.0,3.0,3.0,3.0,3.0,3.0,3.0,3.0,3.0,3.0,3.0,3.0,3.0,3.0,3.0,3.0,3.0,3.0,3.0,3.0,3.0,3.0,3.0,3.0,3.0,3.0,3.0,3.0,3.0,3.0,-0.29122925,-4.843778,-0.5861846,37.2294
760,-1.1126406562131566,-5.8089833,1.2678285,-0.46692678,0.9991439,-0.040339123,0.008477257,0.0035189989,1.7128837,0.42812297,-0.16234967,-0.74469835,0.15739818,0.56884164,3.0,3.0,3.0,3.0,3.0,3.0,3.0,3.0,3.0,3.0,3.0,3.0,3.0,3.0,3.0,3.0,3.0,3.0,3.0,3.0,3.0,3.0,3.0,3.0,3.0,3.0,3.0,3.0,3.0,3.0,3.0,3.0,3.0,3.0,3.0,3.0,-1.3504438,-3.1850815,-0.14546263,11.344532
765,-1.1096275544008856,-5.8446565,1.2587354,-0.4632621,0.9988051,-0.04734154,0.0085623,0.008592833,1.711861,0.44179532,-0.19011424,-0.7030205,-0.007383923,0.551173,3.0,3.0,3.0,3.0,3.0,3.0,3.0,3.0,3.0,3.0,3.0,3.0,3.0,3.0,3.0,3.0,3.0,3.0,3.0,3.0,3.0,3.0,3.0,3.0,3.0,3.0,3.0,3.0,3.0,3.0,3.0,3.0,3.0,3.0,3.0,3.0,-0.09980631,-3.8493748,-0.20418781,31.440361
770,-1.0841399522259432,-5.8803105,1.2493078,-0.45922178,0.99856144,-0.051957365,0.0073696086,0.011005294,1.7107368,0.45801315,-0.21552153,-0.34699178,-0.082520135,0.14461091,3.0,3.0,3.0,3.0,3.0,3.0,3.0,3.0,3.0,3.0,3.0,3.0,3.0,3.0,3.0,3.0,3.0,3.0,3.0,3.0,3.0,3.0,3.0,3.0,3.0,3.0,3.0,3.0,3.0,3.0,3.0,3.0,3.0,3.0,3.0,3.0,3.7356262,-3.7803035,0.14434576,39.60595
775,-1.0864895399243095,-5.9159393,1.2394966,-0.45489952,0.99834126,-0.055412386,0.009328072,0.012536319,1.7092301,0.47521645,-0.2446216,-0.3663912,0.21838543,0.09886563,3.0,3.0,3.0,3.0,3.0,3.0,3.0,3.0,3.0,3.0,3.0,3.0,3.0,3.0,3.0,3.0,3.0,3.0,3.0,3.0,3.0,3.0,3.0,3.0,3.0,3.0,3.0,3.0,3.0,3.0,3.0,3.0,3.0,3.0,3.0,3.0,0.7672529,-0.31673384,-0.57189876,40.68573
780,-1.0860556557522332,-5.9515176,1.2294891,-0.44833872,0.9980854,-0.059202153,0.011585162,0.013654165,1.7068194,0.48386994,-0.361755,-0.3662255,0.21763767,0.09880822,3.0,3.0,3.0,3.0,3.0,3.0,3.0,3.0,3.0,3.0,3.0,3.0,3.0,3.0,3.0,3.0,3.0,3.0,3.0,3.0,3.0,3.0,3.0,3.0,3.0,3.0,3.0,3.0,3.0,3.0,3.0,3.0,3.0,3.0,3.0,3.0,-3.259072,-2.9474533,-0.58786964,15.476208
785,-1.0761689288656318,-5.9870725,1.2191728,-0.44033507,0.99793684,-0.06154769,0.012338516,0.013480211,1.7070746,0.5055456,-0.37677628,-0.04152789,-0.13385352,-0.19598578,3.0,3.0,3.0,3.0,3.0,3.0,3.0,3.0,3.0,3.0,3.0,3.0,3.0,3.0,3.0,3.0,3.0,3.0,3.0,3.0,3.0,3.0,3.0,3.0,3.0,3.0,3.0,3.0,3.0,3.0,3.0,3.0,3.0,3.0,3.0,3.0,2.6133394,-2.4001968,-0.385284,-14.610615
790,-1.0821542451839214,-6.0226407,1.2083604,-0.43232536,0.998054,-0.060383786,0.010738213,0.011252605,1.7079437,0.53091085,-0.36569482,0.20285513,-0.19816382,-0.21727248,3.0,3.0,3.0,3.0,3.0,3.0,3.0,3.0,3.0,3.0,3.0,3.0,3.0,3.0,3.0,3.0,3.0,3.0,3.0,3.0,3.0,3.0,3.0,3.0,3.0,3.0,3.0,3.0,3.0,3.0,3.0,3.0,3.0,3.0,3.0,3.0,-1.5008879,2.7721648,0.10562801,20.491745
795,-1.0732401190565768,-6.0582523,1.1968306,-0.42613742,0.99809,-0.060141273,0.009354742,0.010572331,1.7093484,0.5635703,-0.29090285,0.16868119,0.024525644,0.049593505,3.0,3.0,3.0,3.0,3.0,3.0,3.0,3.0,3.0,3.0,3.0,3.0,3.0,3.0,3.0,3.0,3.0,3.0,3.0,3.0,3.0,3.0,3.0,3.0,3.0,3.0,3.0,3.0,3.0,3.0,3.0,3.0,3.0,3.0,3.0,3.0,-0.24687195,1.9366655,-0.0481897,34.320366
800,-1.0713829563888684,-6.093852,1.1848329,-0.41978326,0.99805284,-0.06050595,0.008506781,0.012536818,1.7079766,0.58124834,-0.33762023,-0.109918475,-0.009228187,0.096664794,3.0,3.0,3.0,3.0,3.0,3.0,3.0,3.0,3.0,3.0,3.0,3.0,3.0,3.0,3.0,3.0,3.0,3.0,3.0,3.0,3.0,3.0,3.0,3.0,3.0,3.0,3.0,3.0,3.0,3.0,3.0,3.0,3.0,3.0,3.0,3.0,0.15591526,-0.77454805,-0.61650896,29.181877
805,-1.0764181079695856,-6.129412,1.17252,-0.41201207,0.9980277,-0.060595516,0.0087237675,0.013884908,1.7071005,0.6051,-0.33534402,0.23485053,-0.013445061,0.07853197,3.0,3.0,3.0,3.0,3.0,3.0,3.0,3.0,3.0,3.0,3.0,3.0,3.0,3.0,3.0,3.0,3.0,3.0,3.0,3.0,3.0,3.0,3.0,3.0,3.0,3.0,3.0,3.0,3.0,3.0,3.0,3.0,3.0,3.0,3.0,3.0,1.4486337,1.2933722,-0.37873256,44.103348
810,-1.080966257976451,-6.164998,1.1594002,-0.40685624,0.99813706,-0.05809415,0.010958847,0.015078235,1.709625,0.65065676,-0.1501633,0.1861242,0.17922436,0.20211945,3.0,3.0,3.0,3.0,3.0,3.0,3.0,3.0,3.0,3.0,3.0,3.0,3.0,3.0,3.0,3.0,3.0,3.0,3.0,3.0,3.0,3.0,3.0,3.0,3.0,3.0,3.0,3.0,3.0,3.0,3.0,3.0,3.0,3.0,3.0,3.0,3.37389,1.0014744,0.52793384,5.6271896
815,-1.0834816271368146,-6.200654,1.1453469,-0.40559518,0.99826306,-0.05543686,0.011149496,0.016531847,1.7114298,0.6825753,-0.06742796,0.33530116,-0.16338359,0.06354948,3.0,3.0,3.0,3.0,3.0,3.0,3.0,3.0,3.0,3.0,3.0,3.0,3.0,3.0,3.0,3.0,3.0,3.0,3.0,3.0,3.0,3.0,3.0,3.0,3.0,3.0,3.0,3.0,3.0,3.0,3.0,3.0,3.0,3.0,3.0,3.0,3.3273058,3.0696049,-0.6102917,43.581505
820,-1.0911052032642297,-6.23632,1.1308043,-0.40473413,0.99842334,-0.052308463,0.009072828,0.018229902,1.7130258,0.71271324,0.018136952,0.34902272,-0.12058462,0.37033468,3.0,3.0,3.0,3.0,3.0,3.0,3.0,3.0,3.0,3.0,3.0,3.0,3.0,3.0,3.0,3.0,3.0,3.0,3.0,3.0,3.0,3.0,3.0,3.0,3.0,3.0,3.0,3.0,3.0,3.0,3.0,3.0,3.0,3.0,3.0,3.0,3.5955324,1.8213916,0.6647916,40.729492
825,-1.1079889099562157,-6.272029,1.1155092,-0.40701255,0.99854827,-0.048318516,0.0065470403,0.022886494,1.7141299,0.74569017,0.14758562,0.44398022,-0.16834857,0.7125452,3.0,3.0,3.0,3.0,3.0,3.0,3.0,3.0,3.0,3.0,3.0,3.0,3.0,3.0,3.0,3.0,3.0,3.0,3.0,3.0,3.0,3.0,3.0,3.0,3.0,3.0,3.0,3.0,3.0,3.0,3.0,3.0,3.0,3.0,3.0,3.0,3.010785,-0.16508389,0.41285908,42.32699
830,-1.1165754438311357,-6.307744,1.0995158,-0.41252792,0.998526,-0.043364424,0.0067549795,0.031934634,1.714232,0.7808316,0.33225346,0.31424648,0.021123817,0.969721,3.0,3.0,3.0,3.0,3.0,3.0,3.0,3.0,3.0,3.0,3.0,3.0,3.0,3.0,3.0,3.0,3.0,3.0,3.0,3.0,3.0,3.0,3.0,3.0,3.0,3.0,3.0,3.0,3.0,3.0,3.0,3.0,3.0,3.0,3.0,3.0,3.4016314,-1.0410204,0.66286623,43.545418
835,-1.1183737188759497,-6.3434577,1.0828583,-0.42166483,0.9982521,-0.040102955,0.008264261,0.04261738,1.7140801,0.80968094,0.4860953,0.21806863,0.33417696,0.97211003,3.0,3.0,3.0,3.0,3.0,3.0,3.0,3.0,3.0,3.0,3.0,3.0,3.0,3.0,3.0,3.0,3.0,3.0,3.0,3.0,3.0,3.0,3.0,3.0,3.0,3.0,3.0,3.0,3.0,3.0,3.0,3.0,3.0,3.0,3.0,3.0,1.4176755,1.6991167,0.09392214,40.929802
840,-1.1100846554038055,-6.3791494,1.0658112,-0.43175846,0.99802554,-0.036048863,0.008527119,0.050722845,1.7125611,0.82334334,0.47681335,0.41818345,-0.0893199,0.7742653,3.0,3.0,3.0,3.0,3.0,3.0,3.0,3.0,3.0,3.0,3.0,3.0,3.0,3.0,3.0,3.0,3.0,3.0,3.0,3.0,3.0,3.0,3.0,3.0,3.0,3.0,3.0,3.0,3.0,3.0,3.0,3.0,3.0,3.0,3.0,3.0,-0.16451645,1.1774497,0.23907602,39.207657
845,-1.1070197408348974,-6.41481,1.0484791,-0.4419714,0.9976295,-0.032322478,0.00719037,0.060322896,1.7115115,0.8400779,0.53581935,0.2696941,0.040065017,0.7713987,3.0,3.0,3.0,3.0,3.0,3.0,3.0,3.0,3.0,3.0,3.0,3.0,3.0,3.0,3.0,3.0,3.0,3.0,3.0,3.0,3.0,3.0,3.0,3.0,3.0,3.0,3.0,3.0,3.0,3.0,3.0,3.0,3.0,3.0,3.0,3.0,-1.7546511,-2.2993922,0.6128895,43.186417
850,-1.092059812368641,-6.4504485,1.0307807,-0.45400387,0.9975407,-0.027346905,0.006018439,0.06425319,1.7096784,0.85377574,0.5771539,0.43907017,0.08698983,0.25518197,3.0,3.0,3.0,3.0,3.0,3.0,3.0,3.0,3.0,3.0,3.0,3.0,3.0,3.0,3.0,3.0,3.0,3.0,3.0,3.0,3.0,3.0,3.0,3.0,3.0,3.0,3.0,3.0,3.0,3.0,3.0,3.0,3.0,3.0,3.0,3.0,0.87444115,2.5419354,0.6759012,43.744263
855,-1.0855130741066379,-6.4860373,1.0128559,-0.46642426,0.9976388,-0.025899203,0.0058014994,0.06334292,1.7073573,0.8650776,0.61829865,-0.09050852,0.14870696,-0.3392957,3.0,3.0,3.0,3.0,3.0,3.0,3.0,3.0,3.0,3.0,3.0,3.0,3.0,3.0,3.0,3.0,3.0,3.0,3.0,3.0,3.0,3.0,3.0,3.0,3.0,3.0,3.0,3.0,3.0,3.0,3.0,3.0,3.0,3.0,3.0,3.0,-2.0243149,-3.548224,0.8319776,39.045204
860,-1.1157562175782443,-6.5215793,0.9946945,-0.4799355,0.99814385,-0.023202408,0.0045764986,0.056121394,1.7051287,0.8760789,0.6689915,0.28209025,-0.30239117,-0.894153,3.0,3.0,3.0,3.0,3.0,3.0,3.0,3.0,3.0,3.0,3.0,3.0,3.0,3.0,3.0,3.0,3.0,3.0,3.0,3.0,3.0,3.0,3.0,3.0,3.0,3.0,3.0,3.0,3.0,3.0,3.0,3.0,3.0,3.0,3.0,3.0,-2.145348,-3.068601,0.32164896,44.711113
865,-1.1336015313251078,-6.5570645,0.97635496,-0.49379507,0.99877375,-0.018971875,0.0018317506,0.045690805,1.7019628,0.88287324,0.66107494,0.5904013,-0.37698582,-1.1441166,3.0,3.0,3.0,3.0,3.0,3.0,3.0,3.0,3.0,3.0,3.0,3.0,3.0,3.0,3.0,3.0,3.0,3.0,3.0,3.0,3.0,3.0,3.0,3.0,3.0,3.0,3.0,3.0,3.0,3.0,3.0,3.0,3.0,3.0,3.0,3.0,-0.2445302,3.9262123,0.3087281,44.626335
870,-1.153729667507501,-6.5924687,0.9579144,-0.50706613,0.9993658,-0.0129407225,-0.004154527,0.03291224,1.697405,0.8879128,0.66608423,0.58795387,-0.572525,-1.5396485,3.0,3.0,3.0,3.0,3.0,3.0,3.0,3.0,3.0,3.0,3.0,3.0,3.0,3.0,3.0,3.0,3.0,3.0,3.0,3.0,3.0,3.0,3.0,3.0,3.0,3.0,3.0,3.0,3.0,3.0,3.0,3.0,3.0,3.0,3.0,3.0,1.6877165,0.33877182,-0.40254617,40.928375
875,-1.1358048623979158,-6.6277575,0.93939155,-0.5204865,0.9997663,-0.0062788385,-0.008219558,0.018984664,1.6915289,0.8893188,0.61417687,0.6137675,-0.28601712,-1.2147186,3.0,3.0,3.0,3.0,3.0,3.0,3.0,3.0,3.0,3.0,3.0,3.0,3.0,3.0,3.0,3.0,3.0,3.0,3.0,3.0,3.0,3.0,3.0,3.0,3.0,3.0,3.0,3.0,3.0,3.0,3.0,3.0,3.0,3.0,3.0,3.0,0.68856,2.447229,-0.35743284,43.59195
880,-1.113694338532466,-6.662909,0.9208678,-0.5328229,0.99990696,-0.0020892092,-0.010445812,0.008520655,1.6844425,0.88879997,0.5731931,0.29580858,-0.26323068,-0.86434084,3.0,3.0,3.0,3.0,3.0,3.0,3.0,3.0,3.0,3.0,3.0,3.0,3.0,3.0,3.0,3.0,3.0,3.0,3.0,3.0,3.0,3.0,3.0,3.0,3.0,3.0,3.0,3.0,3.0,3.0,3.0,3.0,3.0,3.0,3.0,3.0,1.8508139,-3.1842213,0.74920833,44.495308
885,-1.106348227463211,-6.6979055,0.90236986,-0.54434854,0.9999295,0.002514602,-0.011506045,0.0015195606,1.6774018,0.8870339,0.505772,0.449236,-0.100678355,-0.6668483,3.0,3.0,3.0,3.0,3.0,3.0,3.0,3.0,3.0,3.0,3.0,3.0,3.0,3.0,3.0,3.0,3.0,3.0,3.0,3.0,3.0,3.0,3.0,3.0,3.0,3.0,3.0,3.0,3.0,3.0,3.0,3.0,3.0,3.0,3.0,3.0,2.836875,1.1579294,0.7037387,44.495033
890,-1.1099095516710538,-6.7327166,0.8839349,-0.5560059,0.9999226,0.004312049,-0.0094297845,-0.0068783965,1.6669823,0.88330996,0.58358103,0.12688701,0.30856925,-0.81597614,3.0,3.0,3.0,3.0,3.0,3.0,3.0,3.0,3.0,3.0,3.0,3.0,3.0,3.0,3.0,3.0,3.0,3.0,3.0,3.0,3.0,3.0,3.0,3.0,3.0,3.0,3.0,3.0,3.0,3.0,3.0,3.0,3.0,3.0,3.0,3.0,-0.099782944,-2.3757796,0.567667,43.047516
895,-1.1132825340318095,-6.7673545,0.8655784,-0.56765234,0.9998052,0.007371278,-0.007400638,-0.016744932,1.6596327,0.8793742,0.55461365,0.43784478,0.3211719,-0.78102505,3.0,3.0,3.0,3.0,3.0,3.0,3.0,3.0,3.0,3.0,3.0,3.0,3.0,3.0,3.0,3.0,3.0,3.0,3.0,3.0,3.0,3.0,3.0,3.0,3.0,3.0,3.0,3.0,3.0,3.0,3.0,3.0,3.0,3.0,3.0,3.0,-0.2675619,3.2750406,0.8783519,40.313057
900,-1.0971671916557946,-6.801837,0.84732246,-0.57932246,0.99968296,0.0102607645,-0.005559077,-0.022310657,1.6524658,0.8740705,0.5571513,0.42175165,0.29994252,-0.36656988,3.0,3.0,3.0,3.0,3.0,3.0,3.0,3.0,3.0,3.0,3.0,3.0,3.0,3.0,3.0,3.0,3.0,3.0,3.0,3.0,3.0,3.0,3.0,3.0,3.0,3.0,3.0,3.0,3.0,3.0,3.0,3.0,3.0,3.0,3.0,3.0,-0.28854418,3.7950306,0.24148035,43.896255
905,-1.0848736416080296,-6.8361955,0.8291734,-0.5899488,0.9995892,0.013298013,-0.0023302152,-0.025281694,1.6469188,0.8685463,0.501858,0.11607882,0.31567165,-0.19696292,3.0,3.0,3.0,3.0,3.0,3.0,3.0,3.0,3.0,3.0,3.0,3.0,3.0,3.0,3.0,3.0,3.0,3.0,3.0,3.0,3.0,3.0,3.0,3.0,3.0,3.0,3.0,3.0,3.0,3.0,3.0,3.0,3.0,3.0,3.0,3.0,2.7896838,1.7337341,0.6809031,44.64466
910,-1.087805579387651,-6.8704414,0.8111753,-0.60052145,0.9995395,0.011623144,0.0015508456,-0.02798783,1.6420888,0.86200315,0.46680722,-0.17936692,0.35298613,-0.22243673,3.0,3.0,3.0,3.0,3.0,3.0,3.0,3.0,3.0,3.0,3.0,3.0,3.0,3.0,3.0,3.0,3.0,3.0,3.0,3.0,3.0,3.0,3.0,3.0,3.0,3.0,3.0,3.0,3.0,3.0,3.0,3.0,3.0,3.0,3.0,3.0,-1.587621,-0.5529432,0.15115285,39.206123
915,-1.087381965365196,-6.904605,0.7932703,-0.6088581,0.99945045,0.010128977,0.004667225,-0.031216467,1.6384457,0.85783744,0.3528654,-0.13488545,0.3067089,-0.30619764,3.0,3.0,3.0,3.0,3.0,3.0,3.0,3.0,3.0,3.0,3.0,3.0,3.0,3.0,3.0,3.0,3.0,3.0,3.0,3.0,3.0,3.0,3.0,3.0,3.0,3.0,3.0,3.0,3.0,3.0,3.0,3.0,3.0,3.0,3.0,3.0,-1.4626384,-1.003644,-0.5009445,43.20659
920,-1.0824095747114497,-6.938703,0.77545226,-0.6150262,0.99938256,0.007858928,0.007033866,-0.033514638,1.6356132,0.85359097,0.25822732,-0.26295003,0.1893782,-0.15799047,3.0,3.0,3.0,3.0,3.0,3.0,3.0,3.0,3.0,3.0,3.0,3.0,3.0,3.0,3.0,3.0,3.0,3.0,3.0,3.0,3.0,3.0,3.0,3.0,3.0,3.0,3.0,3.0,3.0,3.0,3.0,3.0,3.0,3.0,3.0,3.0,-3.486765,0.15913248,-0.80693793,43.307014
925,-1.0821580181045016,-6.972749,0.7577159,-0.6192292,0.9993047,0.0056325807,0.008300807,-0.035909053,1.6335022,0.8497529,0.1759593,-0.13398658,0.041832995,-0.33178008,3.0,3.0,3.0,3.0,3.0,3.0,3.0,3.0,3.0,3.0,3.0,3.0,3.0,3.0,3.0,3.0,3.0,3.0,3.0,3.0,3.0,3.0,3.0,3.0,3.0,3.0,3.0,3.0,3.0,3.0,3.0,3.0,3.0,3.0,3.0,3.0,0.80390835,-4.047258,-0.45639527,43.74243
930,-1.0817470989564912,-7.0067496,0.7400505,-0.6214249,0.9991779,0.0042526023,0.008669478,-0.039374106,1.631053,0.8467576,0.058388542,-0.13368769,0.042276986,-0.33140132,3.0,3.0,3.0,3.0,3.0,3.0,3.0,3.0,3.0,3.0,3.0,3.0,3.0,3.0,3.0,3.0,3.0,3.0,3.0,3.0,3.0,3.0,3.0,3.0,3.0,3.0,3.0,3.0,3.0,3.0,3.0,3.0,3.0,3.0,3.0,3.0,1.8726501,-3.9502983,-0.50990844,32.203415
935,-1.078730758724634,-7.040701,0.7224448,-0.6212023,0.9990511,0.0027561693,0.008929383,-0.04253913,1.6287479,0.84398,-0.05559717,-0.16251194,0.01644593,-0.2598688,3.0,3.0,3.0,3.0,3.0,3.0,3.0,3.0,3.0,3.0,3.0,3.0,3.0,3.0,3.0,3.0,3.0,3.0,3.0,3.0,3.0,3.0,3.0,3.0,3.0,3.0,3.0,3.0,3.0,3.0,3.0,3.0,3.0,3.0,3.0,3.0,-0.24623632,-0.46307325,-0.68147564,35.44034
940,-1.0819385051449903,-7.07461,0.70489526,-0.6189355,0.9989131,0.0020570098,0.007955273,-0.045881204,1.6271439,0.84127885,-0.13163887,0.06546067,-0.25580713,-0.26645237,3.0,3.0,3.0,3.0,3.0,3.0,3.0,3.0,3.0,3.0,3.0,3.0,3.0,3.0,3.0,3.0,3.0,3.0,3.0,3.0,3.0,3.0,3.0,3.0,3.0,3.0,3.0,3.0,3.0,3.0,3.0,3.0,3.0,3.0,3.0,3.0,0.029366016,1.9434681,-0.9091171,38.186493
945,-1.0799640735414064,-7.1084776,0.6873989,-0.6147448,0.9988053,0.0028272488,0.00527277,-0.048499614,1.6246059,0.83882767,-0.24544756,0.040015526,-0.27709067,-0.19832613,3.0,3.0,3.0,3.0,3.0,3.0,3.0,3.0,3.0,3.0,3.0,3.0,3.0,3.0,3.0,3.0,3.0,3.0,3.0,3.0,3.0,3.0,3.0,3.0,3.0,3.0,3.0,3.0,3.0,3.0,3.0,3.0,3.0,3.0,3.0,3.0,-1.1015892,2.4094143,-0.67363244,36.143692
950,-1.0838052785444863,-7.1422925,0.66995865,-0.60881233,0.99879104,0.0021362924,0.0012554745,-0.049095504,1.62191,0.8360882,-0.32372317,-0.11668274,-0.40780243,-0.022953194,3.0,3.0,3.0,3.0,3.0,3.0,3.0,3.0,3.0,3.0,3.0,3.0,3.0,3.0,3.0,3.0,3.0,3.0,3.0,3.0,3.0,3.0,3.0,3.0,3.0,3.0,3.0,3.0,3.0,3.0,3.0,3.0,3.0,3.0,3.0,3.0,1.4823556,-2.5196686,-0.8513104,44.27629
955,-1.0919160950590385,-7.176036,0.6525757,-0.6022664,0.9988389,0.0006084215,-0.0035246378,-0.04804246,1.6180066,0.83314645,-0.2669395,-0.17904453,-0.4599744,0.31100643,3.0,3.0,3.0,3.0,3.0,3.0,3.0,3.0,3.0,3.0,3.0,3.0,3.0,3.0,3.0,3.0,3.0,3.0,3.0,3.0,3.0,3.0,3.0,3.0,3.0,3.0,3.0,3.0,3.0,3.0,3.0,3.0,3.0,3.0,3.0,3.0,0.22165108,-1.6128459,-0.6771879,38.232773
960,-1.103869656255768,-7.2096834,0.63524425,-0.5958009,0.99903685,-0.00026201204,-0.0077250474,-0.04319317,1.6127696,0.831121,-0.31979445,-0.20759805,-0.4843577,0.63597697,3.0,3.0,3.0,3.0,3.0,3.0,3.0,3.0,3.0,3.0,3.0,3.0,3.0,3.0,3.0,3.0,3.0,3.0,3.0,3.0,3.0,3.0,3.0,3.0,3.0,3.0,3.0,3.0,3.0,3.0,3.0,3.0,3.0,3.0,3.0,3.0,3.7984924,-3.2417223,-0.17216939,34.651955
965,-1.1062451861272953,-7.243203,0.6179519,-0.58862936,0.99932504,-0.00068519596,-0.011528925,-0.03487215,1.6055995,0.82940876,-0.3314603,-0.061150473,-0.36258677,0.79856527,3.0,3.0,3.0,3.0,3.0,3.0,3.0,3.0,3.0,3.0,3.0,3.0,3.0,3.0,3.0,3.0,3.0,3.0,3.0,3.0,3.0,3.0,3.0,3.0,3.0,3.0,3.0,3.0,3.0,3.0,3.0,3.0,3.0,3.0,3.0,3.0,3.3748808,-3.3098567,-0.724645,29.174202
970,-1.1080747180077428,-7.2765794,0.6006946,-0.5802985,0.99954104,-0.0010578237,-0.015310724,-0.026117614,1.5996287,0.8276513,-0.4460581,-0.05644442,-0.3602114,0.8505912,3.0,3.0,3.0,3.0,3.0,3.0,3.0,3.0,3.0,3.0,3.0,3.0,3.0,3.0,3.0,3.0,3.0,3.0,3.0,3.0,3.0,3.0,3.0,3.0,3.0,3.0,3.0,3.0,3.0,3.0,3.0,3.0,3.0,3.0,3.0,3.0,0.3018961,0.69872093,-0.82877433,29.433037
975,-1.1076252889367206,-7.309824,0.5834733,-0.5695537,0.9996679,-0.0013893493,-0.019082699,-0.017263412,1.5930289,0.8259401,-0.5621752,-0.05282375,-0.35989127,0.84934705,3.0,3.0,3.0,3.0,3.0,3.0,3.0,3.0,3.0,3.0,3.0,3.0,3.0,3.0,3.0,3.0,3.0,3.0,3.0,3.0,3.0,3.0,3.0,3.0,3.0,3.0,3.0,3.0,3.0,3.0,3.0,3.0,3.0,3.0,3.0,3.0,2.3426952,3.8227072,0.095371604,30.612823
980,-1.0914656456175902,-7.34283,0.5662771,-0.5588493,0.99974257,-0.0024810783,-0.020341149,-0.009741797,1.5788431,0.8251214,-0.49488083,-0.09434227,-0.033077747,0.59925425,3.0,3.0,3.0,3.0,3.0,3.0,3.0,3.0,3.0,3.0,3.0,3.0,3.0,3.0,3.0,3.0,3.0,3.0,3.0,3.0,3.0,3.0,3.0,3.0,3.0,3.0,3.0,3.0,3.0,3.0,3.0,3.0,3.0,3.0,3.0,3.0,-2.493223,1.565567,-0.98948383,35.838852
985,-1.0865091011975216,-7.3756166,0.5491033,-0.5474512,0.9997504,-0.0036066496,-0.021716356,-0.0038203935,1.5686203,0.8241166,-0.540533,-0.01682334,-0.31232297,0.41113496,3.0,3.0,3.0,3.0,3.0,3.0,3.0,3.0,3.0,3.0,3.0,3.0,3.0,3.0,3.0,3.0,3.0,3.0,3.0,3.0,3.0,3.0,3.0,3.0,3.0,3.0,3.0,3.0,3.0,3.0,3.0,3.0,3.0,3.0,3.0,3.0,-0.13737011,1.0944886,-0.93977386,42.353172
990,-1.097410777219093,-7.4081492,0.5319416,-0.53590393,0.99964553,-0.004836519,-0.026117356,0.0018081303,1.5561069,0.82365924,-0.54966366,-0.1591748,-0.44738677,0.570861,3.0,3.0,3.0,3.0,3.0,3.0,3.0,3.0,3.0,3.0,3.0,3.0,3.0,3.0,3.0,3.0,3.0,3.0,3.0,3.0,3.0,3.0,3.0,3.0,3.0,3.0,3.0,3.0,3.0,3.0,3.0,3.0,3.0,3.0,3.0,3.0,-2.3533835,-3.8208172,-0.96303886,37.06427
995,-1.0958011620866341,-7.4403906,0.51478255,-0.52437156,0.9994893,-0.004414818,-0.031104013,0.005846084,1.5405924,0.82380366,-0.53661156,0.0004936294,-0.5564354,0.45621482,3.0,3.0,3.0,3.0,3.0,3.0,3.0,3.0,3.0,3.0,3.0,3.0,3.0,3.0,3.0,3.0,3.0,3.0,3.0,3.0,3.0,3.0,3.0,3.0,3.0,3.0,3.0,3.0,3.0,3.0,3.0,3.0,3.0,3.0,3.0,3.0,0.8166113,-4.6537323,-0.91493183,36.071518
1000,-1.0970234750731447,-7.472362,0.49763387,-0.5118965,0.9992436,-0.00377718,-0.037388258,0.010002174,1.530098,0.82273424,-0.63402903,0.12901482,-0.6694003,0.3250966,3.0,3.0,3.0,3.0,3.0,3.0,3.0,3.0,3.0,3.0,3.0,3.0,3.0,3.0,3.0,3.0,3.0,3.0,3.0,3.0,3.0,3.0,3.0,3.0,3.0,3.0,3.0,3.0,3.0,3.0,3.0,3.0,3.0,3.0,3.0,3.0,1.2341976,-4.695013,-0.80079734,33.651443
1005,-1.1008881395429466,-7.503949,0.4804979,-0.49934444,0.99889094,3.159415e-05,-0.045867693,0.010634931,1.5061322,0.8222635,-0.5769742,0.41265562,-0.72202533,-0.16090138,3.0,3.0,3.0,3.0,3.0,3.0,3.0,3.0,3.0,3.0,3.0,3.0,3.0,3.0,3.0,3.0,3.0,3.0,3.0,3.0,3.0,3.0,3.0,3.0,3.0,3.0,3.0,3.0,3.0,3.0,3.0,3.0,3.0,3.0,3.0,3.0,-0.10171509,-0.24884892,-0.36709046,39.24276
1010,-1.1008743533425343,-7.5350757,0.4633952,-0.4870188,0.9984335,0.0046874243,-0.055196855,0.007868243,1.4843762,0.8196435,-0.5908399,0.27685022,-0.7972879,-0.17540473,3.0,3.0,3.0,3.0,3.0,3.0,3.0,3.0,3.0,3.0,3.0,3.0,3.0,3.0,3.0,3.0,3.0,3.0,3.0,3.0,3.0,3.0,3.0,3.0,3.0,3.0,3.0,3.0,3.0,3.0,3.0,3.0,3.0,3.0,3.0,3.0,-0.5839591,-2.0937796,-0.8085529,44.21113
1015,-1.0949482091067078,-7.5656657,0.44637224,-0.474739,0.99801624,0.008881687,-0.061964866,0.006714965,1.452616,0.8147472,-0.5483685,0.60290205,-0.45593277,-0.11522868,3.0,3.0,3.0,3.0,3.0,3.0,3.0,3.0,3.0,3.0,3.0,3.0,3.0,3.0,3.0,3.0,3.0,3.0,3.0,3.0,3.0,3.0,3.0,3.0,3.0,3.0,3.0,3.0,3.0,3.0,3.0,3.0,3.0,3.0,3.0,3.0,0.46862364,3.0944061,-0.7303536,41.77935
1020,-1.0936959584216743,-7.595535,0.42947727,-0.46358564,0.99760413,0.013914358,-0.067517556,0.0058129663,1.4183282,0.8076457,-0.50728357,0.37365207,-0.655552,-0.11670263,3.0,3.0,3.0,3.0,3.0,3.0,3.0,3.0,3.0,3.0,3.0,3.0,3.0,3.0,3.0,3.0,3.0,3.0,3.0,3.0,3.0,3.0,3.0,3.0,3.0,3.0,3.0,3.0,3.0,3.0,3.0,3.0,3.0,3.0,3.0,3.0,0.95508194,-0.14961147,-0.57518905,34.90439
1025,-1.0739241586560864,-7.62468,0.4127537,-0.45313153,0.9973532,0.017263215,-0.0705384,0.0035867172,1.3800789,0.7979663,-0.45704412,0.31716034,-0.116142206,-0.20290613,3.0,3.0,3.0,3.0,3.0,3.0,3.0,3.0,3.0,3.0,3.0,3.0,3.0,3.0,3.0,3.0,3.0,3.0,3.0,3.0,3.0,3.0,3.0,3.0,3.0,3.0,3.0,3.0,3.0,3.0,3.0,3.0,3.0,3.0,3.0,3.0,-2.2761643,-0.70599556,-0.82752776,33.657394
1030,-1.0891738238021447,-7.6529083,0.3962744,-0.44447747,0.9971074,0.021611698,-0.07286817,-0.00026626108,1.3346953,0.7852423,-0.363789,0.5250819,-0.28480577,-0.4192399,3.0,3.0,3.0,3.0,3.0,3.0,3.0,3.0,3.0,3.0,3.0,3.0,3.0,3.0,3.0,3.0,3.0,3.0,3.0,3.0,3.0,3.0,3.0,3.0,3.0,3.0,3.0,3.0,3.0,3.0,3.0,3.0,3.0,3.0,3.0,3.0,1.5578861,2.2023969,-0.41758537,44.45234
1035,-1.0882036619794533,-7.680224,0.38007334,-0.43744183,0.99687827,0.02390807,-0.07501687,-0.005877803,1.2913328,0.771227,-0.29311582,0.27941346,-0.33134255,-0.59987533,3.0,3.0,3.0,3.0,3.0,3.0,3.0,3.0,3.0,3.0,3.0,3.0,3.0,3.0,3.0,3.0,3.0,3.0,3.0,3.0,3.0,3.0,3.0,3.0,3.0,3.0,3.0,3.0,3.0,3.0,3.0,3.0,3.0,3.0,3.0,3.0,3.982997,-1.6960979,-0.6950748,44.194992
1040,-1.093701376319987,-7.7068915,0.3640895,-0.43011287,0.9964174,0.02782186,-0.078819424,-0.012875519,1.272951,0.76466006,-0.39432856,0.48147437,-0.33687985,-0.64699996,3.0,3.0,3.0,3.0,3.0,3.0,3.0,3.0,3.0,3.0,3.0,3.0,3.0,3.0,3.0,3.0,3.0,3.0,3.0,3.0,3.0,3.0,3.0,3.0,3.0,3.0,3.0,3.0,3.0,3.0,3.0,3.0,3.0,3.0,3.0,3.0,2.9556618,1.6580629,0.7759485,38.739944
1045,-1.0830900251268587,-7.7328033,0.34837225,-0.42296237,0.9960572,0.030764041,-0.08091074,-0.019416882,1.2352245,0.75120646,-0.37820324,0.29115462,-0.15197341,-0.5999216,3.0,3.0,3.0,3.0,3.0,3.0,3.0,3.0,3.0,3.0,3.0,3.0,3.0,3.0,3.0,3.0,3.0,3.0,3.0,3.0,3.0,3.0,3.0,3.0,3.0,3.0,3.0,3.0,3.0,3.0,3.0,3.0,3.0,3.0,3.0,3.0,4.213768,-2.960153,-0.5009945,41.007446
1050,-1.055711589661175,-7.758229,0.33284122,-0.4142142,0.99580425,0.033180825,-0.08207317,-0.023171805,1.2087638,0.74096555,-0.43717685,0.12045901,-0.0057134684,-0.103181966,3.0,3.0,3.0,3.0,3.0,3.0,3.0,3.0,3.0,3.0,3.0,3.0,3.0,3.0,3.0,3.0,3.0,3.0,3.0,3.0,3.0,3.0,3.0,3.0,3.0,3.0,3.0,3.0,3.0,3.0,3.0,3.0,3.0,3.0,3.0,3.0,-1.3281102,-0.3902259,-0.84595937,38.04209
1055,-1.059777619641416,-7.783078,0.3175381,-0.40436417,0.995619,0.03424361,-0.08334667,-0.0249692,1.1758696,0.72784597,-0.459795,-0.03341827,-0.027355775,-0.26422256,3.0,3.0,3.0,3.0,3.0,3.0,3.0,3.0,3.0,3.0,3.0,3.0,3.0,3.0,3.0,3.0,3.0,3.0,3.0,3.0,3.0,3.0,3.0,3.0,3.0,3.0,3.0,3.0,3.0,3.0,3.0,3.0,3.0,3.0,3.0,3.0,1.8577528,-1.1950481,-0.39747536,37.49848
1060,-1.054217437397396,-7.80713,0.30255228,-0.39468592,0.9956107,0.034874648,-0.08337067,-0.024339959,1.1428444,0.71464366,-0.48296574,0.1470771,-0.051362574,0.09174764,3.0,3.0,3.0,3.0,3.0,3.0,3.0,3.0,3.0,3.0,3.0,3.0,3.0,3.0,3.0,3.0,3.0,3.0,3.0,3.0,3.0,3.0,3.0,3.0,3.0,3.0,3.0,3.0,3.0,3.0,3.0,3.0,3.0,3.0,3.0,3.0,1.9131427,-1.5419366,-0.8506042,34.084023
1065,-1.0656751210840099,-7.8305497,0.28782284,-0.38419873,0.99530834,0.038073506,-0.085260674,-0.025343336,1.115123,0.70321876,-0.5372659,0.35450843,-0.21973191,-0.13999033,3.0,3.0,3.0,3.0,3.0,3.0,3.0,3.0,3.0,3.0,3.0,3.0,3.0,3.0,3.0,3.0,3.0,3.0,3.0,3.0,3.0,3.0,3.0,3.0,3.0,3.0,3.0,3.0,3.0,3.0,3.0,3.0,3.0,3.0,3.0,3.0,2.6053333,0.57605267,0.21756959,40.14019
1070,-1.0670827997835575,-7.853204,0.27341944,-0.37361446,0.9950165,0.04164366,-0.087182276,-0.024642264,1.0667654,0.6823293,-0.47771862,0.23454656,-0.26235768,0.35020396,3.0,3.0,3.0,3.0,3.0,3.0,3.0,3.0,3.0,3.0,3.0,3.0,3.0,3.0,3.0,3.0,3.0,3.0,3.0,3.0,3.0,3.0,3.0,3.0,3.0,3.0,3.0,3.0,3.0,3.0,3.0,3.0,3.0,3.0,3.0,3.0,0.5839782,2.1283655,-0.96336204,44.142693
1075,-1.0656952472961714,-7.875047,0.25938067,-0.36309788,0.99475366,0.044462625,-0.089679465,-0.021113262,1.0362669,0.6681505,-0.52286285,0.23509902,-0.26094928,0.35000968,3.0,3.0,3.0,3.0,3.0,3.0,3.0,3.0,3.0,3.0,3.0,3.0,3.0,3.0,3.0,3.0,3.0,3.0,3.0,3.0,3.0,3.0,3.0,3.0,3.0,3.0,3.0,3.0,3.0,3.0,3.0,3.0,3.0,3.0,3.0,3.0,-3.107386,-1.0713875,-0.78423464,41.639275
1080,-1.0711638493239408,-7.8963375,0.24560581,-0.35115153,0.9942472,0.04872435,-0.09343749,-0.019178728,1.0140371,0.65726554,-0.61678535,0.4398392,-0.41889206,0.13839915,3.0,3.0,3.0,3.0,3.0,3.0,3.0,3.0,3.0,3.0,3.0,3.0,3.0,3.0,3.0,3.0,3.0,3.0,3.0,3.0,3.0,3.0,3.0,3.0,3.0,3.0,3.0,3.0,3.0,3.0,3.0,3.0,3.0,3.0,3.0,3.0,2.0447292,2.4459448,-0.9515565,44.384132
1085,-1.0702589564805085,-7.917234,0.23203099,-0.3368279,0.9936237,0.05349572,-0.09760928,-0.01796105,0.99559206,0.64769876,-0.7346951,0.43966046,-0.41784647,0.13834105,3.0,3.0,3.0,3.0,3.0,3.0,3.0,3.0,3.0,3.0,3.0,3.0,3.0,3.0,3.0,3.0,3.0,3.0,3.0,3.0,3.0,3.0,3.0,3.0,3.0,3.0,3.0,3.0,3.0,3.0,3.0,3.0,3.0,3.0,3.0,3.0,1.8808699,3.1985006,-0.95648324,30.992775
1090,-1.0569345568562942,-7.937628,0.21872386,-0.32058102,0.9929918,0.057087455,-0.10217628,-0.016379701,0.9595594,0.62829477,-0.7705142,0.1629005,-0.34671023,0.029764596,3.0,3.0,3.0,3.0,3.0,3.0,3.0,3.0,3.0,3.0,3.0,3.0,3.0,3.0,3.0,3.0,3.0,3.0,3.0,3.0,3.0,3.0,3.0,3.0,3.0,3.0,3.0,3.0,3.0,3.0,3.0,3.0,3.0,3.0,3.0,3.0,0.69530725,1.2972393,-0.8490697,40.78807
1095,-1.0640611519589038,-7.95719,0.20586649,-0.30390778,0.9924844,0.058348354,-0.106470436,-0.015304309,0.9175553,0.60566837,-0.78462714,0.28793854,-0.45509076,0.15069747,3.0,3.0,3.0,3.0,3.0,3.0,3.0,3.0,3.0,3.0,3.0,3.0,3.0,3.0,3.0,3.0,3.0,3.0,3.0,3.0,3.0,3.0,3.0,3.0,3.0,3.0,3.0,3.0,3.0,3.0,3.0,3.0,3.0,3.0,3.0,3.0,3.0834713,1.2642336,-0.902372,-2.5829964
1100,-1.0600897022428935,-7.9759283,0.193451,-0.28664076,0.99200743,0.06113322,-0.10949298,-0.013972092,0.8833491,0.58731765,-0.84097993,0.33309448,-0.16084912,0.35695413,3.0,3.0,3.0,3.0,3.0,3.0,3.0,3.0,3.0,3.0,3.0,3.0,3.0,3.0,3.0,3.0,3.0,3.0,3.0,3.0,3.0,3.0,3.0,3.0,3.0,3.0,3.0,3.0,3.0,3.0,3.0,3.0,3.0,3.0,3.0,3.0,-1.7481971,2.776188,-0.5333957,2.905014
1105,-1.0733891580054373,-7.9935045,0.18166348,-0.27014497,0.99117154,0.06507927,-0.114994794,-0.010946609,0.82498294,0.5555586,-0.793938,0.3544649,-0.68661535,0.26736283,3.0,3.0,3.0,3.0,3.0,3.0,3.0,3.0,3.0,3.0,3.0,3.0,3.0,3.0,3.0,3.0,3.0,3.0,3.0,3.0,3.0,3.0,3.0,3.0,3.0,3.0,3.0,3.0,3.0,3.0,3.0,3.0,3.0,3.0,3.0,3.0,4.7440405,0.5641751,-0.8642531,30.051323
1110,-1.0717612125206109,-8.010277,0.1703208,-0.25271583,0.9901045,0.06914357,-0.12184381,-0.008145533,0.785867,0.5337396,-0.8412533,0.3558163,-0.6843554,0.26758254,3.0,3.0,3.0,3.0,3.0,3.0,3.0,3.0,3.0,3.0,3.0,3.0,3.0,3.0,3.0,3.0,3.0,3.0,3.0,3.0,3.0,3.0,3.0,3.0,3.0,3.0,3.0,3.0,3.0,3.0,3.0,3.0,3.0,3.0,3.0,3.0,4.605261,3.3761845,-0.6080922,27.510307
1115,-1.0731167772321692,-8.026278,0.15941069,-0.2340504,0.9890175,0.073917,-0.12791823,-0.004202011,0.75599116,0.51688075,-0.9324293,0.44558448,-0.57705414,0.4711983,3.0,3.0,3.0,3.0,3.0,3.0,3.0,3.0,3.0,3.0,3.0,3.0,3.0,3.0,3.0,3.0,3.0,3.0,3.0,3.0,3.0,3.0,3.0,3.0,3.0,3.0,3.0,3.0,3.0,3.0,3.0,3.0,3.0,3.0,3.0,3.0,3.2802334,3.1589108,-0.9242121,-14.490141
1120,-1.0759840691942522,-8.041622,0.14887644,-0.21355228,0.98782897,0.077958725,-0.13458815,0.0015588393,0.72565854,0.4993062,-1.0266147,0.28802422,-0.71796507,0.5680461,3.0,3.0,3.0,3.0,3.0,3.0,3.0,3.0,3.0,3.0,3.0,3.0,3.0,3.0,3.0,3.0,3.0,3.0,3.0,3.0,3.0,3.0,3.0,3.0,3.0,3.0,3.0,3.0,3.0,3.0,3.0,3.0,3.0,3.0,3.0,3.0,4.298258,1.7252398,-0.026416898,-7.3632736
1125,-1.0477033370185809,-8.055876,0.1389778,-0.19267155,0.98709494,0.08063298,-0.13828872,0.004251638,0.6612916,0.46175095,-1.0039538,0.30398422,-0.2914394,0.10558779,3.0,3.0,3.0,3.0,3.0,3.0,3.0,3.0,3.0,3.0,3.0,3.0,3.0,3.0,3.0,3.0,3.0,3.0,3.0,3.0,3.0,3.0,3.0,3.0,3.0,3.0,3.0,3.0,3.0,3.0,3.0,3.0,3.0,3.0,3.0,3.0,3.0489721,4.2199965,-0.94446224,9.286587
1130,-1.0447395607356462,-8.069086,0.12969522,-0.17113774,0.9864057,0.08389589,-0.14120515,0.0051438273,0.59547997,0.42254424,-0.9831431,0.3038111,-0.29085863,0.10555673,3.0,3.0,3.0,3.0,3.0,3.0,3.0,3.0,3.0,3.0,3.0,3.0,3.0,3.0,3.0,3.0,3.0,3.0,3.0,3.0,3.0,3.0,3.0,3.0,3.0,3.0,3.0,3.0,3.0,3.0,3.0,3.0,3.0,3.0,3.0,3.0,-0.7139282,-1.0496805,-0.8527696,3.4588852
1135,-1.036998260081778,-8.080903,0.12124858,-0.15008514,0.98555416,0.08793791,-0.14465462,0.0049971626,0.5448221,0.39177594,-1.0178516,0.19159393,-0.2085939,0.154292,3.0,3.0,3.0,3.0,3.0,3.0,3.0,3.0,3.0,3.0,3.0,3.0,3.0,3.0,3.0,3.0,3.0,3.0,3.0,3.0,3.0,3.0,3.0,3.0,3.0,3.0,3.0,3.0,3.0,3.0,3.0,3.0,3.0,3.0,3.0,3.0,3.7668095,0.3469267,-0.08027995,5.425583
1140,-1.0298006100015524,-8.091369,0.11363189,-0.12924932,0.9855204,0.08985989,-0.14373375,0.003917244,0.48471665,0.3546169,-1.0236396,0.1801662,0.09518199,0.06855112,3.0,3.0,3.0,3.0,3.0,3.0,3.0,3.0,3.0,3.0,3.0,3.0,3.0,3.0,3.0,3.0,3.0,3.0,3.0,3.0,3.0,3.0,3.0,3.0,3.0,3.0,3.0,3.0,3.0,3.0,3.0,3.0,3.0,3.0,3.0,3.0,1.7477322,1.7671947,-0.75384784,-18.806732
1145,-1.0388723969981277,-8.100645,0.10676505,-0.10809967,0.98522156,0.093327545,-0.14361463,0.0018200452,0.41888762,0.3127409,-1.0090708,0.40679765,-0.0020113802,-0.18594587,3.0,3.0,3.0,3.0,3.0,3.0,3.0,3.0,3.0,3.0,3.0,3.0,3.0,3.0,3.0,3.0,3.0,3.0,3.0,3.0,3.0,3.0,3.0,3.0,3.0,3.0,3.0,3.0,3.0,3.0,3.0,3.0,3.0,3.0,3.0,3.0,1.0484977,3.0695753,-0.8098453,32.42411
1150,-1.0309606586217133,-8.108423,0.10087234,-0.08767822,0.98511624,0.09607331,-0.14252709,-0.0014083555,0.3357132,0.25797594,-0.9366131,0.18862958,0.22213948,-0.21221009,3.0,3.0,3.0,3.0,3.0,3.0,3.0,3.0,3.0,3.0,3.0,3.0,3.0,3.0,3.0,3.0,3.0,3.0,3.0,3.0,3.0,3.0,3.0,3.0,3.0,3.0,3.0,3.0,3.0,3.0,3.0,3.0,3.0,3.0,3.0,3.0,-4.0478044,4.1241465,-0.88632274,34.88646
1155,-1.0281708435510504,-8.114894,0.09584962,-0.067360975,0.98524374,0.0970093,-0.14100435,-0.0013299925,0.29710162,0.23194928,-1.0116045,0.14825271,0.2196535,0.20291181,3.0,3.0,3.0,3.0,3.0,3.0,3.0,3.0,3.0,3.0,3.0,3.0,3.0,3.0,3.0,3.0,3.0,3.0,3.0,3.0,3.0,3.0,3.0,3.0,3.0,3.0,3.0,3.0,3.0,3.0,3.0,3.0,3.0,3.0,3.0,3.0,0.8860922,3.3659477,-0.4864877,31.270912
1160,-1.0419046580867253,-8.120495,0.09142377,-0.0457384,0.9857145,0.09692478,-0.13772866,0.0018121636,0.24149783,0.19336489,-1.025688,-0.10249838,0.26120058,0.58337295,3.0,3.0,3.0,3.0,3.0,3.0,3.0,3.0,3.0,3.0,3.0,3.0,3.0,3.0,3.0,3.0,3.0,3.0,3.0,3.0,3.0,3.0,3.0,3.0,3.0,3.0,3.0,3.0,3.0,3.0,3.0,3.0,3.0,3.0,3.0,3.0,-0.16599321,3.1739426,-0.9407199,15.970806
1165,-1.0296107794324776,-8.125081,0.08771121,-0.023373429,0.9860117,0.0975987,-0.1349733,0.0061413627,0.20035721,0.16395862,-1.0853344,-0.047337417,0.35439283,0.2719821,3.0,3.0,3.0,3.0,3.0,3.0,3.0,3.0,3.0,3.0,3.0,3.0,3.0,3.0,3.0,3.0,3.0,3.0,3.0,3.0,3.0,3.0,3.0,3.0,3.0,3.0,3.0,3.0,3.0,3.0,3.0,3.0,3.0,3.0,3.0,3.0,-2.9376583,2.8285432,0.00819087,5.399395
1170,-1.0243199503684286,-8.128192,0.08507377,-0.0020024942,0.98628896,0.09835338,-0.13226366,0.00818603,0.1298238,0.11209612,-1.0369737,-0.1271231,0.15374722,0.33873656,3.0,3.0,3.0,3.0,3.0,3.0,3.0,3.0,3.0,3.0,3.0,3.0,3.0,3.0,3.0,3.0,3.0,3.0,3.0,3.0,3.0,3.0,3.0,3.0,3.0,3.0,3.0,3.0,3.0,3.0,3.0,3.0,3.0,3.0,3.0,3.0,2.544499,-0.51550674,-0.32852733,35.399887
1175,-1.0280655569398438,-8.129761,0.08360206,0.017984858,0.9868212,0.09737907,-0.1288347,0.010143118,0.040806796,0.044113964,-0.91318166,-0.4480394,0.0983088,0.294467,3.0,3.0,3.0,3.0,3.0,3.0,3.0,3.0,3.0,3.0,3.0,3.0,3.0,3.0,3.0,3.0,3.0,3.0,3.0,3.0,3.0,3.0,3.0,3.0,3.0,3.0,3.0,3.0,3.0,3.0,3.0,3.0,3.0,3.0,3.0,3.0,1.1907969,-3.3271108,0.6970421,0.06548309
1180,-1.036333171529085,-8.129587,0.08347435,0.03570213,0.98737013,0.09372707,-0.12689139,0.01463096,-0.026735978,-0.007959289,-0.8620246,-0.31317538,0.26224488,0.64636886,3.0,3.0,3.0,3.0,3.0,3.0,3.0,3.0,3.0,3.0,3.0,3.0,3.0,3.0,3.0,3.0,3.0,3.0,3.0,3.0,3.0,3.0,3.0,3.0,3.0,3.0,3.0,3.0,3.0,3.0,3.0,3.0,3.0,3.0,3.0,3.0,-0.97662354,-4.5003505,-0.38311613,-7.3872604
1185,-1.0405112463427348,-8.128235,0.084247105,0.05314232,0.98800206,0.09248523,-0.12176757,0.021703217,-0.08567397,-0.053101193,-0.8371465,-0.18672651,0.68814415,0.5344719,3.0,3.0,3.0,3.0,3.0,3.0,3.0,3.0,3.0,3.0,3.0,3.0,3.0,3.0,3.0,3.0,3.0,3.0,3.0,3.0,3.0,3.0,3.0,3.0,3.0,3.0,3.0,3.0,3.0,3.0,3.0,3.0,3.0,3.0,3.0,3.0,-2.5763462,-3.5887098,-0.79647195,-6.9362183
1190,-1.030394949229853,-8.125543,0.08607424,0.069463134,0.9886495,0.09274684,-0.115708135,0.024121907,-0.14961332,-0.10428208,-0.7804239,-0.08275597,0.73006314,0.11350806,3.0,3.0,3.0,3.0,3.0,3.0,3.0,3.0,3.0,3.0,3.0,3.0,3.0,3.0,3.0,3.0,3.0,3.0,3.0,3.0,3.0,3.0,3.0,3.0,3.0,3.0,3.0,3.0,3.0,3.0,3.0,3.0,3.0,3.0,3.0,3.0,-2.9046285,-1.1791444,-0.04799652,40.924896
1195,-1.0172516061588794,-8.121433,0.08908333,0.084017105,0.9894665,0.09215593,-0.10864403,0.025687221,-0.21948214,-0.16364895,-0.6819135,-0.05215473,0.49335456,0.20374358,3.0,3.0,3.0,3.0,3.0,3.0,3.0,3.0,3.0,3.0,3.0,3.0,3.0,3.0,3.0,3.0,3.0,3.0,3.0,3.0,3.0,3.0,3.0,3.0,3.0,3.0,3.0,3.0,3.0,3.0,3.0,3.0,3.0,3.0,3.0,3.0,1.3714385,-0.1533184,0.18550336,8.683006
1200,-1.0229569730897319,-8.116122,0.09315384,0.09736995,0.9903858,0.09149902,-0.10057708,0.025460793,-0.2745943,-0.21357739,-0.62828535,-0.2121914,0.64065033,0.098782375,3.0,3.0,3.0,3.0,3.0,3.0,3.0,3.0,3.0,3.0,3.0,3.0,3.0,3.0,3.0,3.0,3.0,3.0,3.0,3.0,3.0,3.0,3.0,3.0,3.0,3.0,3.0,3.0,3.0,3.0,3.0,3.0,3.0,3.0,3.0,3.0,1.4628325,-4.0695543,-0.9173339,-21.031067
1205,-1.0191096952626557,-8.110094,0.097899415,0.11144796,0.99103147,0.09099721,-0.09457023,0.025151223,-0.2984251,-0.23668905,-0.71004933,0.023168312,0.62231827,0.110714644,3.0,3.0,3.0,3.0,3.0,3.0,3.0,3.0,3.0,3.0,3.0,3.0,3.0,3.0,3.0,3.0,3.0,3.0,3.0,3.0,3.0,3.0,3.0,3.0,3.0,3.0,3.0,3.0,3.0,3.0,3.0,3.0,3.0,3.0,3.0,3.0,0.77558947,-0.33665514,-0.07987535,-23.295973
1210,-1.0259715178857776,-8.103256,0.1034605,0.12546179,0.9918651,0.09057803,-0.08656662,0.022483844,-0.34093612,-0.2801619,-0.6837013,0.04348631,0.7445139,-0.27526602,3.0,3.0,3.0,3.0,3.0,3.0,3.0,3.0,3.0,3.0,3.0,3.0,3.0,3.0,3.0,3.0,3.0,3.0,3.0,3.0,3.0,3.0,3.0,3.0,3.0,3.0,3.0,3.0,3.0,3.0,3.0,3.0,3.0,3.0,3.0,3.0,2.2660136,-1.7276671,-0.6235239,5.703182
1215,-1.0205391274772448,-8.095876,0.1096056,0.14059131,0.99237424,0.09221058,-0.07942153,0.01956376,-0.3626297,-0.30458894,-0.75599307,0.06537545,0.6702778,-0.22428082,3.0,3.0,3.0,3.0,3.0,3.0,3.0,3.0,3.0,3.0,3.0,3.0,3.0,3.0,3.0,3.0,3.0,3.0,3.0,3.0,3.0,3.0,3.0,3.0,3.0,3.0,3.0,3.0,3.0,3.0,3.0,3.0,3.0,3.0,3.0,3.0,1.9572964,-0.12828016,0.036751032,-6.8790703
1220,-1.0313366576781622,-8.087817,0.11656431,0.15564215,0.9930826,0.092134275,-0.07151254,0.013572567,-0.40282363,-0.3543048,-0.69601417,0.090582,0.76619565,-0.5680699,3.0,3.0,3.0,3.0,3.0,3.0,3.0,3.0,3.0,3.0,3.0,3.0,3.0,3.0,3.0,3.0,3.0,3.0,3.0,3.0,3.0,3.0,3.0,3.0,3.0,3.0,3.0,3.0,3.0,3.0,3.0,3.0,3.0,3.0,3.0,3.0,1.6362047,-0.9380188,0.24850082,-27.682516
1225,-1.0209187781726472,-8.078887,0.12466538,0.16886128,0.9935554,0.09356372,-0.0633783,0.008756193,-0.4421597,-0.40775234,-0.61543256,0.0724053,0.72861123,-0.25317904,3.0,3.0,3.0,3.0,3.0,3.0,3.0,3.0,3.0,3.0,3.0,3.0,3.0,3.0,3.0,3.0,3.0,3.0,3.0,3.0,3.0,3.0,3.0,3.0,3.0,3.0,3.0,3.0,3.0,3.0,3.0,3.0,3.0,3.0,3.0,3.0,-2.7052088,-0.9366727,-0.6360425,12.883335
1230,-1.0073056270327982,-8.069456,0.13349669,0.18243194,0.9937821,0.09522324,-0.057550944,0.0041903774,-0.46244502,-0.43970254,-0.64966846,0.022069795,0.45618019,-0.2466998,3.0,3.0,3.0,3.0,3.0,3.0,3.0,3.0,3.0,3.0,3.0,3.0,3.0,3.0,3.0,3.0,3.0,3.0,3.0,3.0,3.0,3.0,3.0,3.0,3.0,3.0,3.0,3.0,3.0,3.0,3.0,3.0,3.0,3.0,3.0,3.0,0.7921605,-3.7778738,-0.46988404,19.981956
1235,-1.0284505535309179,-8.0595,0.14320965,0.19562668,0.99415743,0.09560338,-0.050077926,0.001802788,-0.4908203,-0.4893356,-0.59493667,-0.0486686,0.91809386,-0.2799616,3.0,3.0,3.0,3.0,3.0,3.0,3.0,3.0,3.0,3.0,3.0,3.0,3.0,3.0,3.0,3.0,3.0,3.0,3.0,3.0,3.0,3.0,3.0,3.0,3.0,3.0,3.0,3.0,3.0,3.0,3.0,3.0,3.0,3.0,3.0,3.0,-1.3676679,-0.14255238,-0.54348725,36.029816
1240,-1.0249127670253793,-8.048973,0.15399486,0.20747204,0.9946675,0.094397284,-0.04154129,0.00020470798,-0.5128587,-0.53319603,-0.56797326,-0.023840945,0.9069506,0.06665143,3.0,3.0,3.0,3.0,3.0,3.0,3.0,3.0,3.0,3.0,3.0,3.0,3.0,3.0,3.0,3.0,3.0,3.0,3.0,3.0,3.0,3.0,3.0,3.0,3.0,3.0,3.0,3.0,3.0,3.0,3.0,3.0,3.0,3.0,3.0,3.0,3.0718346,-0.20806074,-0.023430645,-9.515774
1245,-1.0449696793861296,-8.037962,0.16586924,0.21778683,0.995276,0.09234079,-0.029898286,-0.002236821,-0.5372723,-0.5925022,-0.4561011,-0.29458708,1.2734703,-0.2557973,3.0,3.0,3.0,3.0,3.0,3.0,3.0,3.0,3.0,3.0,3.0,3.0,3.0,3.0,3.0,3.0,3.0,3.0,3.0,3.0,3.0,3.0,3.0,3.0,3.0,3.0,3.0,3.0,3.0,3.0,3.0,3.0,3.0,3.0,3.0,3.0,-3.2942924,-2.3599892,0.49244344,-7.947418
1250,-1.0424358891456142,-8.026446,0.17924823,0.22422428,0.9958652,0.08901123,-0.017156668,-0.0059252237,-0.5615219,-0.6749111,-0.2108241,-0.320387,1.2386919,-0.24414244,3.0,3.0,3.0,3.0,3.0,3.0,3.0,3.0,3.0,3.0,3.0,3.0,3.0,3.0,3.0,3.0,3.0,3.0,3.0,3.0,3.0,3.0,3.0,3.0,3.0,3.0,3.0,3.0,3.0,3.0,3.0,3.0,3.0,3.0,3.0,3.0,-0.8083372,-1.6898136,0.93781173,27.39595
1255,-1.0378677243538372,-8.01457,0.19427471,0.22571373,0.9962445,0.08588213,-0.004806936,-0.009900873,-0.5736107,-0.746751,-0.006975506,-0.1779646,1.1313468,-0.42402533,3.0,3.0,3.0,3.0,3.0,3.0,3.0,3.0,3.0,3.0,3.0,3.0,3.0,3.0,3.0,3.0,3.0,3.0,3.0,3.0,3.0,3.0,3.0,3.0,3.0,3.0,3.0,3.0,3.0,3.0,3.0,3.0,3.0,3.0,3.0,3.0,-2.4122782,-3.930429,0.2040137,14.453819
1260,-1.0440991511824955,-8.002577,0.21069933,0.22333372,0.9960789,0.086716846,0.0060708853,-0.016434602,-0.57599455,-0.8097024,0.15825133,0.09665383,1.2405982,-0.5172725,3.0,3.0,3.0,3.0,3.0,3.0,3.0,3.0,3.0,3.0,3.0,3.0,3.0,3.0,3.0,3.0,3.0,3.0,3.0,3.0,3.0,3.0,3.0,3.0,3.0,3.0,3.0,3.0,3.0,3.0,3.0,3.0,3.0,3.0,3.0,3.0,2.6144943,-3.091817,0.42497802,39.09378
1265,-1.0469494860119553,-7.9906344,0.22833847,0.21812098,0.995429,0.09098361,0.018698884,-0.0222138,-0.57036114,-0.8682024,0.29183885,0.5025622,1.1852834,-0.54540694,3.0,3.0,3.0,3.0,3.0,3.0,3.0,3.0,3.0,3.0,3.0,3.0,3.0,3.0,3.0,3.0,3.0,3.0,3.0,3.0,3.0,3.0,3.0,3.0,3.0,3.0,3.0,3.0,3.0,3.0,3.0,3.0,3.0,3.0,3.0,3.0,-1.2218664,3.9414873,0.9092171,41.577927
1270,-1.0260857011258964,-7.978906,0.24717575,0.21044436,0.9949124,0.09361921,0.027790708,-0.024749126,-0.55892575,-0.92093396,0.37952545,0.3330548,0.9089294,-0.025785794,3.0,3.0,3.0,3.0,3.0,3.0,3.0,3.0,3.0,3.0,3.0,3.0,3.0,3.0,3.0,3.0,3.0,3.0,3.0,3.0,3.0,3.0,3.0,3.0,3.0,3.0,3.0,3.0,3.0,3.0,3.0,3.0,3.0,3.0,3.0,3.0,-1.4075189,-3.484489,0.7210268,37.91397
1275,-1.0273717355100163,-7.967509,0.26721084,0.20055181,0.99440783,0.09592293,0.03647605,-0.024926912,-0.5413851,-0.979029,0.4861667,0.26299238,0.9261308,0.1631105,3.0,3.0,3.0,3.0,3.0,3.0,3.0,3.0,3.0,3.0,3.0,3.0,3.0,3.0,3.0,3.0,3.0,3.0,3.0,3.0,3.0,3.0,3.0,3.0,3.0,3.0,3.0,3.0,3.0,3.0,3.0,3.0,3.0,3.0,3.0,3.0,2.923668,-0.52934027,0.8267652,42.443123
1280,-1.0224544424973356,-7.9565654,0.28849012,0.18837868,0.9939313,0.09594212,0.047054633,-0.026106946,-0.51539356,-1.0446925,0.6237443,-0.2033857,0.81717217,0.13697162,3.0,3.0,3.0,3.0,3.0,3.0,3.0,3.0,3.0,3.0,3.0,3.0,3.0,3.0,3.0,3.0,3.0,3.0,3.0,3.0,3.0,3.0,3.0,3.0,3.0,3.0,3.0,3.0,3.0,3.0,3.0,3.0,3.0,3.0,3.0,3.0,-1.272183,-2.3901582,0.81085634,43.293083
1285,-1.02188559893706,-7.9462576,0.31113842,0.17335515,0.9935696,0.095978856,0.054481294,-0.025284212,-0.4843043,-1.1071721,0.7447559,0.09134445,0.7782346,0.22458829,3.0,3.0,3.0,3.0,3.0,3.0,3.0,3.0,3.0,3.0,3.0,3.0,3.0,3.0,3.0,3.0,3.0,3.0,3.0,3.0,3.0,3.0,3.0,3.0,3.0,3.0,3.0,3.0,3.0,3.0,3.0,3.0,3.0,3.0,3.0,3.0,-0.10368967,-0.61659765,0.461228,23.816147
1290,-1.0198617521154354,-7.936455,0.3346857,0.15784109,0.99303246,0.096577555,0.062825374,-0.024744751,-0.4630537,-1.1419615,0.72589326,0.13995536,0.7386912,0.007649041,3.0,3.0,3.0,3.0,3.0,3.0,3.0,3.0,3.0,3.0,3.0,3.0,3.0,3.0,3.0,3.0,3.0,3.0,3.0,3.0,3.0,3.0,3.0,3.0,3.0,3.0,3.0,3.0,3.0,3.0,3.0,3.0,3.0,3.0,3.0,3.0,0.8068614,-3.3146489,-0.42702758,33.275017
1295,-1.0116922866354032,-7.927063,0.35883594,0.14335267,0.9924709,0.096752636,0.07018862,-0.026720157,-0.4378801,-1.1776469,0.709536,0.09656524,0.5450165,-0.095441446,3.0,3.0,3.0,3.0,3.0,3.0,3.0,3.0,3.0,3.0,3.0,3.0,3.0,3.0,3.0,3.0,3.0,3.0,3.0,3.0,3.0,3.0,3.0,3.0,3.0,3.0,3.0,3.0,3.0,3.0,3.0,3.0,3.0,3.0,3.0,3.0,3.5441408,-2.0597453,-0.21785074,42.223442
1300,-1.0213517068720503,-7.9181437,0.3836188,0.12975979,0.9919199,0.096835785,0.076656185,-0.029011598,-0.42150354,-1.1975496,0.6144086,-0.0405815,0.70507956,-0.20303598,3.0,3.0,3.0,3.0,3.0,3.0,3.0,3.0,3.0,3.0,3.0,3.0,3.0,3.0,3.0,3.0,3.0,3.0,3.0,3.0,3.0,3.0,3.0,3.0,3.0,3.0,3.0,3.0,3.0,3.0,3.0,3.0,3.0,3.0,3.0,3.0,-2.6805792,-0.56767464,-0.28264403,27.740387
1305,-1.0316368845180666,-7.9095664,0.4087955,0.1182548,0.99126726,0.095778614,0.084380396,-0.033100426,-0.40516162,-1.215585,0.5099217,-0.14709802,0.83415985,-0.3609188,3.0,3.0,3.0,3.0,3.0,3.0,3.0,3.0,3.0,3.0,3.0,3.0,3.0,3.0,3.0,3.0,3.0,3.0,3.0,3.0,3.0,3.0,3.0,3.0,3.0,3.0,3.0,3.0,3.0,3.0,3.0,3.0,3.0,3.0,3.0,3.0,1.6982465,-3.934337,-0.3506723,36.08706
1310,-1.0357887686665082,-7.901352,0.43434834,0.108915836,0.9904589,0.094711475,0.09286927,-0.037365887,-0.38045746,-1.2411802,0.44374672,0.07210147,0.94953275,-0.16673397,3.0,3.0,3.0,3.0,3.0,3.0,3.0,3.0,3.0,3.0,3.0,3.0,3.0,3.0,3.0,3.0,3.0,3.0,3.0,3.0,3.0,3.0,3.0,3.0,3.0,3.0,3.0,3.0,3.0,3.0,3.0,3.0,3.0,3.0,3.0,3.0,1.8993449,-3.7351623,0.67623794,41.777924
1315,-1.0310016920201213,-7.893961,0.46075854,0.09933921,0.98934835,0.09685703,0.10154454,-0.038695212,-0.34727123,-1.2743913,0.41555104,0.26368442,0.8039928,-0.051861446,3.0,3.0,3.0,3.0,3.0,3.0,3.0,3.0,3.0,3.0,3.0,3.0,3.0,3.0,3.0,3.0,3.0,3.0,3.0,3.0,3.0,3.0,3.0,3.0,3.0,3.0,3.0,3.0,3.0,3.0,3.0,3.0,3.0,3.0,3.0,3.0,4.076703,-1.3738542,-0.33167005,35.00463
1320,-1.031938019297296,-7.886946,0.48749396,0.09219957,0.9881734,0.099323384,0.10985318,-0.039754905,-0.32950526,-1.2892997,0.29410237,0.2660952,0.8006031,-0.051925935,3.0,3.0,3.0,3.0,3.0,3.0,3.0,3.0,3.0,3.0,3.0,3.0,3.0,3.0,3.0,3.0,3.0,3.0,3.0,3.0,3.0,3.0,3.0,3.0,3.0,3.0,3.0,3.0,3.0,3.0,3.0,3.0,3.0,3.0,3.0,3.0,2.1839833,3.8081102,0.17857647,43.270927
1325,-1.0302100803208436,-7.880524,0.51474345,0.0866785,0.9870823,0.100901,0.11740503,-0.04127494,-0.27805147,-1.3356284,0.3154226,0.1733924,0.73578537,-0.09312371,3.0,3.0,3.0,3.0,3.0,3.0,3.0,3.0,3.0,3.0,3.0,3.0,3.0,3.0,3.0,3.0,3.0,3.0,3.0,3.0,3.0,3.0,3.0,3.0,3.0,3.0,3.0,3.0,3.0,3.0,3.0,3.0,2.9872248,3.0,3.0,3.0,2.3879805,2.907323,-0.7305138,33.92984
1330,-1.0382275389498148,-7.8751073,0.5428787,0.08110686,0.98608005,0.10106801,0.12444229,-0.044108145,-0.24335557,-1.3644799,0.25369143,-0.17945439,0.7976867,-0.34274665,3.0,3.0,3.0,3.0,3.0,3.0,3.0,3.0,3.0,3.0,3.0,3.0,3.0,3.0,3.0,3.0,3.0,3.0,3.0,3.0,3.0,3.0,3.0,3.0,3.0,3.0,3.0,3.0,3.0,3.0,3.0,2.985705,2.9088273,2.9223754,3.0,3.0,0.8539753,-2.9156506,-0.7362575,39.051727
1335,-1.0503795231343285,-7.870897,0.5720192,0.074994504,0.98520494,0.09732559,0.1318007,-0.05027467,-0.15970162,-1.4340293,0.3769283,-0.40487885,0.84195435,-0.48406267,3.0,3.0,3.0,3.0,3.0,3.0,3.0,3.0,3.0,3.0,3.0,3.0,3.0,3.0,3.0,3.0,3.0,3.0,3.0,3.0,3.0,3.0,3.0,3.0,3.0,3.0,3.0,3.0,3.0,3.0,3.0,2.9841144,2.879941,2.8669684,2.943137,3.0,1.3204803,1.9306335,-0.5466461,30.849998
1340,-1.042188842766333,-7.867881,0.6021086,0.06854305,0.9842428,0.09442203,0.13867491,-0.05585576,-0.13535261,-1.4505066,0.26219368,-0.27664077,0.70002735,-0.4185692,3.0,3.0,3.0,3.0,3.0,3.0,3.0,3.0,3.0,3.0,3.0,3.0,3.0,3.0,3.0,3.0,3.0,3.0,3.0,3.0,3.0,3.0,3.0,3.0,3.0,3.0,3.0,3.0,3.0,3.0,3.0,2.9781442,2.8510134,2.8163624,2.8686597,3.0,-1.8818235,1.4336343,-0.4153731,29.66278
1345,-1.038947474832376,-7.8659453,0.63295984,0.062491134,0.9833791,0.0900099,0.14563745,-0.06044344,-0.06519437,-1.5003258,0.30629095,-0.41095716,0.58394146,-0.12814023,3.0,3.0,3.0,3.0,3.0,3.0,3.0,3.0,3.0,3.0,3.0,3.0,3.0,3.0,3.0,3.0,3.0,3.0,3.0,3.0,3.0,3.0,3.0,3.0,3.0,3.0,3.0,3.0,3.0,3.0,3.0,2.9929929,2.8389506,2.7803323,2.8076696,2.9253166,-0.8849125,-1.141988,0.31612813,22.408707
1350,-1.0372458523996912,-7.865132,0.6645577,0.056819372,0.9830618,0.08543325,0.1504936,-0.060351964,-0.012353939,-1.5334876,0.27970734,-0.43108428,0.4370499,0.17785919,3.0,3.0,3.0,3.0,3.0,3.0,3.0,3.0,3.0,3.0,3.0,3.0,3.0,3.0,3.0,3.0,3.0,3.0,3.0,3.0,3.0,3.0,3.0,3.0,3.0,3.0,3.0,3.0,3.0,3.0,3.0,3.0,2.8507123,2.7733953,2.782473,2.8793867,1.8831673,2.2847414,0.26355088,21.647453
1355,-1.065466103463875,-7.8655725,0.6969149,0.051258624,0.98295105,0.076958306,0.15481414,-0.062588364,0.042436436,-1.565242,0.25447062,-1.0058317,0.50147986,-0.17591567,3.0,3.0,3.0,3.0,3.0,3.0,3.0,3.0,3.0,3.0,3.0,3.0,3.0,3.0,3.0,3.0,3.0,3.0,3.0,3.0,3.0,3.0,3.0,3.0,3.0,3.0,3.0,3.0,3.0,3.0,3.0,3.0,2.9163592,2.8079758,2.7890675,2.856629,1.2317061,-0.5822315,0.67388797,26.310478
1360,-1.0636041810437777,-7.86747,0.73006964,0.045279205,0.98256415,0.067480505,0.16053005,-0.065147564,0.10981723,-1.6004494,0.26451293,-0.8088713,0.6744007,-0.03777622,2.9443562,3.0,3.0,3.0,3.0,3.0,3.0,3.0,3.0,3.0,3.0,3.0,3.0,3.0,3.0,3.0,3.0,3.0,3.0,3.0,3.0,3.0,3.0,3.0,3.0,3.0,3.0,3.0,3.0,3.0,3.0,3.0,2.981757,2.8358736,2.7842515,2.8185852,1.9470615,-1.3837936,-0.7828727,25.680588
1365,-1.0575023301682558,-7.8703413,0.76365554,0.04054093,0.9820804,0.06021967,0.16585505,-0.066210546,0.17140281,-1.6265482,0.2468591,-0.72632414,0.48367858,0.011994469,2.874867,3.0,3.0,3.0,3.0,3.0,3.0,3.0,3.0,3.0,3.0,3.0,3.0,3.0,3.0,3.0,3.0,3.0,3.0,3.0,3.0,3.0,3.0,3.0,3.0,3.0,3.0,3.0,3.0,3.0,3.0,3.0,3.0,2.845482,2.7685528,2.7778556,0.4451747,-0.92326593,-0.36547673,1.4197044
1370,-1.058492301879389,-7.874422,0.7977204,0.036442053,0.9817871,0.051100142,0.16957876,-0.068745166,0.2174007,-1.6426387,0.17813574,-0.7800031,0.27239972,-0.02292648,2.833942,2.9973886,3.0,3.0,3.0,3.0,3.0,3.0,3.0,3.0,3.0,3.0,3.0,3.0,3.0,3.0,3.0,3.0,3.0,3.0,3.0,3.0,3.0,3.0,3.0,3.0,3.0,3.0,3.0,3.0,3.0,3.0,3.0,2.8938646,2.7860982,2.767129,4.5234566,-1.7593062,0.2669139,25.775581
1375,-1.0541473198083051,-7.8801,0.8323354,0.03196842,0.9814738,0.044724263,0.17300121,-0.069133505,0.30568835,-1.6719556,0.22791363,-0.5404096,0.392355,0.10624734,2.7995899,2.9384868,3.0,3.0,3.0,3.0,3.0,3.0,3.0,3.0,3.0,3.0,3.0,3.0,3.0,3.0,3.0,3.0,3.0,3.0,3.0,3.0,3.0,3.0,3.0,3.0,3.0,3.0,3.0,3.0,3.0,3.0,3.0,2.9211557,2.7915785,2.7531073,3.5644655,-2.068021,-0.45570838,9.312023
1380,-1.068896141145069,-7.887021,0.86730635,0.028206658,0.98074985,0.039245777,0.17862633,-0.06842644,0.35820153,-1.6854093,0.17135385,-0.45858747,0.7448824,0.29348144,2.7317026,2.8480031,3.0,3.0,3.0,3.0,3.0,3.0,3.0,3.0,3.0,3.0,3.0,3.0,3.0,3.0,3.0,3.0,3.0,3.0,3.0,3.0,3.0,3.0,3.0,3.0,3.0,3.0,3.0,3.0,3.0,3.0,3.0,2.9064896,2.7587364,2.7034478,-2.6874375,3.2352858,-0.7283413,-21.663912
1385,-1.0839938024430884,-7.8950295,0.90252984,0.025702521,0.97975045,0.032282576,0.18570498,-0.067532055,0.41481128,-1.6976109,0.1198296,-0.8694273,0.78014994,0.07250052,2.6457553,2.7365937,2.9259562,3.0,3.0,3.0,3.0,3.0,3.0,3.0,3.0,3.0,3.0,3.0,3.0,3.0,3.0,3.0,3.0,3.0,3.0,3.0,3.0,3.0,3.0,3.0,3.0,3.0,3.0,3.0,3.0,3.0,3.0,2.8825278,2.71318,2.6383429,1.0150013,-0.481575,-0.7618034,15.741627
1390,-1.0854867148209444,-7.904051,0.93794274,0.024751691,0.978509,0.022744292,0.19307709,-0.0687321,0.44534588,-1.701089,-0.0038327284,-0.86523336,0.78172725,0.07159738,2.5598288,2.6211176,2.7716956,3.0,3.0,3.0,3.0,3.0,3.0,3.0,3.0,3.0,3.0,3.0,3.0,3.0,3.0,3.0,3.0,3.0,3.0,3.0,3.0,3.0,3.0,3.0,3.0,3.0,3.0,3.0,3.0,3.0,3.0,2.8774765,2.678136,2.5778785,3.2117567,1.5895724,-0.8625976,29.429062
1395,-1.0870608900477505,-7.913724,0.9734091,0.026378578,0.97711784,0.013246044,0.20043926,-0.069923736,0.4771253,-1.7030466,-0.12761489,-0.86106604,0.7832716,0.07059816,2.4738958,2.5096476,2.6274526,2.8476477,3.0,3.0,3.0,3.0,3.0,3.0,3.0,3.0,3.0,3.0,3.0,3.0,3.0,3.0,3.0,3.0,3.0,3.0,3.0,3.0,3.0,3.0,3.0,3.0,3.0,3.0,3.0,3.0,3.0,2.865626,2.6378977,2.514476,3.2177505,-3.835401,-0.85015213,-2.3754807
1400,-1.0798307423248585,-7.9241257,1.0089042,0.030466566,0.97567356,0.0048783678,0.20773143,-0.06989263,0.5140039,-1.7040015,-0.2425288,-0.6395588,0.7160986,0.19808102,2.3877897,2.4042466,2.4973388,2.682727,2.9961843,3.0,3.0,3.0,3.0,3.0,3.0,3.0,3.0,3.0,3.0,3.0,3.0,3.0,3.0,3.0,3.0,3.0,3.0,3.0,3.0,3.0,3.0,3.0,3.0,3.0,3.0,3.0,3.0,2.8358877,2.5862827,2.4453523,3.4216795,1.059237,-0.73894006,-17.573303
1405,-1.0919191367878667,-7.93539,1.0444083,0.036775928,0.97393394,-0.004098317,0.21555568,-0.0705099,0.55524063,-1.7037754,-0.35084316,-0.90235955,0.76461285,0.09371461,2.297241,2.2956278,2.3658514,2.5194757,2.7849312,3.0,3.0,3.0,3.0,3.0,3.0,3.0,3.0,3.0,3.0,3.0,3.0,3.0,3.0,3.0,3.0,3.0,3.0,3.0,3.0,3.0,3.0,3.0,3.0,3.0,3.0,3.0,3.0,2.800634,2.5289273,2.3709474,2.9006653,-2.0622606,-0.9901845,-38.365543
1410,-1.0905234370288683,-7.947543,1.0798826,0.04533109,0.97234166,-0.014265476,0.22180457,-0.07176981,0.60797393,-1.7019815,-0.43850827,-0.7918245,0.7534654,0.14518635,2.2238219,2.2041876,2.2527468,2.3773556,2.6001883,2.968644,3.0,3.0,3.0,3.0,3.0,3.0,3.0,3.0,3.0,3.0,3.0,3.0,3.0,3.0,3.0,3.0,3.0,3.0,3.0,3.0,3.0,3.0,3.0,3.0,3.0,3.0,3.0,2.7915275,2.4924448,2.3147743,3.6084547,-0.27113724,-0.96417964,-39.406845
1415,-1.1112895213965313,-7.9609346,1.1152946,0.055461418,0.9700712,-0.025868908,0.22981492,-0.07401219,0.666874,-1.6979039,-0.51710254,-1.0722474,0.9823475,0.0016188486,2.1367502,2.099202,2.1264455,2.2228334,2.4049158,2.709151,3.0,3.0,3.0,3.0,3.0,3.0,3.0,3.0,3.0,3.0,3.0,3.0,3.0,3.0,3.0,3.0,3.0,3.0,3.0,3.0,3.0,3.0,3.0,3.0,3.0,3.0,3.0,2.772201,2.443287,2.2451258,4.317566,0.5523453,-0.91148514,-41.834656
1420,-1.1387158011644818,-7.9759245,1.1505749,0.06655689,0.96662116,-0.039182916,0.24096628,-0.07774015,0.7511982,-1.6900289,-0.55111337,-1.471998,1.2492713,-0.2022765,2.0303097,1.9758378,1.9828871,2.0525768,2.1965146,2.441955,2.8465176,3.0,3.0,3.0,3.0,3.0,3.0,3.0,3.0,3.0,3.0,3.0,3.0,3.0,3.0,3.0,3.0,3.0,3.0,3.0,3.0,3.0,3.0,3.0,3.0,3.0,3.0,2.7329547,2.3733287,2.155212,2.4835448,-4.6561174,-0.9609443,-41.346916
1425,-1.1268689408809254,-7.992358,1.1856647,0.07907198,0.962801,-0.051217653,0.2527376,-0.080714084,0.81201136,-1.6803465,-0.6380437,-0.9625155,1.3399799,-0.029207423,1.9250004,1.8591584,1.8520851,1.9026575,2.0191422,2.2227619,2.5585132,3.0,3.0,3.0,3.0,3.0,3.0,3.0,3.0,3.0,3.0,3.0,3.0,3.0,3.0,3.0,3.0,3.0,3.0,3.0,3.0,3.0,3.0,3.0,3.0,3.0,3.0,2.6724691,2.2916238,2.0605857,0.7946534,1.2270665,-0.9243313,-41.63818
1430,-1.1347722332929178,-8.010904,1.2204199,0.092023835,0.9585355,-0.06136557,0.26567557,-0.08282795,0.9550828,-1.6581601,-0.5904893,-0.8787403,1.439261,-0.062626645,1.8190325,1.7473149,1.7316579,1.7695687,1.8671799,2.041851,2.3307009,2.8143435,3.0,3.0,3.0,3.0,3.0,3.0,3.0,3.0,3.0,3.0,3.0,3.0,3.0,3.0,3.0,3.0,3.0,3.0,3.0,3.0,3.0,3.0,3.0,3.0,3.0,2.583492,2.1944396,1.9589589,1.0273695,-1.4070363,-0.94736683,-44.336277
1435,-1.1489739122413871,-8.031903,1.2547491,0.10501728,0.95360214,-0.07326739,0.27896428,-0.08633515,1.0560322,-1.6385882,-0.62664205,-0.99737066,1.5568457,-0.13524231,1.7231395,1.6447977,1.6203625,1.6459211,1.7255697,1.8731273,2.118675,2.5266666,3.0,3.0,3.0,3.0,3.0,3.0,3.0,3.0,3.0,3.0,3.0,3.0,3.0,3.0,3.0,3.0,3.0,3.0,3.0,3.0,3.0,3.0,3.0,3.0,3.0,2.5150332,2.111802,1.8689443,4.5446157,-3.095845,-0.5320152,-42.787453
1440,-1.146466108815611,-8.055873,1.2884985,0.11753546,0.9479632,-0.0829858,0.2941005,-0.08935384,1.1864431,-1.611872,-0.6264593,-0.72263944,1.5516385,-0.15165544,1.6258755,1.5455683,1.5167372,1.5347403,1.6024504,1.7314482,1.9473834,2.3048635,2.9322243,3.0,3.0,3.0,3.0,3.0,3.0,3.0,3.0,3.0,3.0,3.0,3.0,3.0,3.0,3.0,3.0,3.0,3.0,3.0,3.0,3.0,3.0,3.0,3.0,2.4170504,2.0136447,1.7717704,2.4298997,-0.47085,-0.9663557,-43.605762
1445,-1.1678013530004907,-8.082342,1.3216959,0.13059525,0.9419002,-0.093155004,0.30902746,-0.09299578,1.3381419,-1.5788722,-0.6125976,-0.9911691,1.7388831,-0.26598293,1.5392598,1.4570397,1.4242383,1.4355391,1.4927394,1.605494,1.7956936,2.1097324,2.6546493,3.0,3.0,3.0,3.0,3.0,3.0,3.0,3.0,3.0,3.0,3.0,3.0,3.0,3.0,3.0,3.0,3.0,3.0,3.0,3.0,3.0,3.0,3.0,3.0,2.3329232,1.9273868,1.6855929,2.0334663,-3.3557324,-0.65253973,-44.767773
1450,-1.1646223223181962,-8.11168,1.3542402,0.14390923,0.9351951,-0.10335625,0.32454973,-0.0969282,1.4525602,-1.5512314,-0.66133463,-1.0626781,1.5176716,-0.234781,1.458421,1.3750808,1.3392432,1.3450569,1.393445,1.4924853,1.661012,1.9388523,2.4164855,3.0,3.0,3.0,3.0,3.0,3.0,3.0,3.0,3.0,3.0,3.0,3.0,3.0,3.0,3.0,3.0,3.0,3.0,3.0,3.0,3.0,3.0,3.0,3.0,2.251453,1.8451769,1.6044093,0.8345146,-2.7407198,-0.8105513,-44.459812
1455,-1.1496588239567034,-8.142912,1.3862904,0.15898407,0.92891973,-0.11319196,0.33788848,-0.10063332,1.560571,-1.5232139,-0.7297769,-0.60347563,1.3407769,-0.14041369,1.3901991,1.3057306,1.2672377,1.2683849,1.3093543,1.3969202,1.5474254,1.7954178,2.218334,3.0,3.0,3.0,3.0,3.0,3.0,3.0,3.0,3.0,3.0,3.0,3.0,3.0,3.0,3.0,3.0,3.0,3.0,3.0,3.0,3.0,3.0,3.0,2.9557014,2.1858063,1.7769433,1.536259,1.3749151,-0.39655256,-0.90523356,-44.82202
1460,-1.157599864055855,-8.177036,1.4176046,0.17482065,0.92358583,-0.11958808,0.3496366,-0.10218664,1.7105495,-1.4849285,-0.75742364,-0.551768,1.3917962,-0.15636984,1.3279395,1.245131,1.2065524,1.2058301,1.2428493,1.3237077,1.4633772,1.6935246,2.0847378,2.8225145,3.0,3.0,3.0,3.0,3.0,3.0,3.0,3.0,3.0,3.0,3.0,3.0,3.0,3.0,3.0,3.0,3.0,3.0,3.0,3.0,3.0,3.0,2.8642533,2.1052177,1.7051567,1.470408,2.9639683,-3.1513717,-0.9762992,-44.86627
1465,-1.152344311348552,-8.214491,1.4480685,0.19109279,0.9186045,-0.12714203,0.3594008,-0.10407552,1.8553123,-1.4471751,-0.7984838,-0.6645312,1.0980985,-0.072267406,1.2762218,1.1935136,1.153797,1.1504693,1.1830022,1.2567247,1.38513,1.5968003,1.9549481,2.6229486,3.0,3.0,3.0,3.0,3.0,3.0,3.0,3.0,3.0,3.0,3.0,3.0,3.0,3.0,3.0,3.0,3.0,3.0,3.0,3.0,3.0,3.0,2.815466,2.0493476,1.6504021,1.4175241,1.7668195,-0.6431351,-0.83765155,-44.62531
1470,-1.1537741653438247,-8.255335,1.4776382,0.20792499,0.91421556,-0.13639732,0.36641654,-0.106510796,2.034354,-1.3996547,-0.81120473,-0.8574945,0.7504499,-0.019038508,1.2358564,1.1512121,1.1089544,1.101987,1.1292026,1.1950263,1.3113086,1.5032597,1.8260411,2.4189355,3.0,3.0,3.0,3.0,3.0,3.0,3.0,3.0,3.0,3.0,3.0,3.0,3.0,3.0,3.0,3.0,3.0,3.0,3.0,3.0,3.0,3.0,2.8239214,2.0241,1.6156012,1.3791665,4.8978653,-2.1116564,-0.99025816,-44.493416
1475,-1.1779455463359993,-8.301149,1.5058839,0.22386792,0.9096806,-0.14498354,0.37351143,-0.10931675,2.3062372,-1.3267201,-0.73850393,-1.0044297,1.0088608,-0.18105593,1.1980047,1.1119425,1.0676835,1.0577209,1.0804685,1.1396034,1.2456251,1.421003,1.7144884,2.2467957,3.0,3.0,3.0,3.0,3.0,3.0,3.0,3.0,3.0,3.0,3.0,3.0,3.0,3.0,3.0,3.0,3.0,3.0,3.0,3.0,3.0,3.0,2.8301132,1.9985983,1.5818888,1.3427272,3.0762339,-1.3488793,-0.9371293,-44.745613
1480,-1.195213820634177,-8.350748,1.5330507,0.24021137,0.903075,-0.15446182,0.3842924,-0.11365049,2.421156,-1.2911339,-0.82436824,-1.0619543,1.2906933,-0.2970025,1.1529762,1.0662477,1.0204921,1.0078652,1.026351,1.0789226,1.1747934,1.333844,1.5988932,2.074048,3.0,3.0,3.0,3.0,3.0,3.0,3.0,3.0,3.0,3.0,3.0,3.0,3.0,3.0,3.0,3.0,3.0,3.0,3.0,3.0,3.0,3.0,2.8209794,1.9606026,1.5382007,1.2979935,0.70249844,-3.1278925,-0.5134609,-44.354794
1485,-1.1974757559631377,-8.401884,1.5596883,0.25919086,0.8957084,-0.16469012,0.39561537,-0.11862601,2.4769258,-1.2701423,-0.96898854,-1.0521822,1.2916241,-0.30590042,1.1062814,1.0190009,0.9718554,0.95666176,0.9709846,1.0171171,1.103039,1.2461752,1.4838064,1.9049363,2.7776923,3.0,3.0,3.0,3.0,3.0,3.0,3.0,3.0,3.0,3.0,3.0,3.0,3.0,3.0,3.0,3.0,3.0,3.0,3.0,3.0,3.0,2.816764,1.9217848,1.4928238,1.2515026,-2.8803616,-4.020867,-0.3198049,-44.651592
1490,-1.1998141976686942,-8.454197,1.5858781,0.28120285,0.88806546,-0.17474109,0.40684927,-0.12360806,2.5339415,-1.2483175,-1.1151783,-1.0426704,1.292184,-0.31502178,1.057959,0.9707489,0.9227231,0.90543973,0.91611576,0.95645475,1.033354,1.1620966,1.375216,1.7491418,2.5069673,3.0,3.0,3.0,3.0,3.0,3.0,3.0,3.0,3.0,3.0,3.0,3.0,3.0,3.0,3.0,3.0,3.0,3.0,3.0,3.0,3.0,2.8043392,1.8771347,1.4436748,1.20253,-4.544858,-2.9125214,-0.21085769,-37.555847
1495,-1.2028973113464199,-8.507713,1.6116037,0.30628037,0.88015115,-0.18461266,0.4179891,-0.12859711,2.5921273,-1.2257382,-1.2629616,-1.0334266,1.2923726,-0.32434806,1.0078653,0.92133796,0.8729192,0.8539879,0.86148024,0.8965888,0.9652553,1.0808779,1.2718737,1.6040558,2.264208,3.0,3.0,3.0,3.0,3.0,3.0,3.0,3.0,3.0,3.0,3.0,3.0,3.0,3.0,3.0,3.0,3.0,3.0,3.0,3.0,3.0,2.7828813,1.8262935,1.3905553,1.1509246,0.5259781,-3.1622136,0.36447978,-44.325573
1500,-1.1709258373467604,-8.563273,1.636623,0.3338478,0.8741799,-0.19086085,0.42674163,-0.13142765,2.732623,-1.1799263,-1.3527626,-0.40248883,0.84218,-0.15093806,0.95721275,0.8733216,0.82602614,0.8068463,0.8126692,0.8444205,0.9074472,1.013934,1.1896895,1.494068,2.0932107,3.0,3.0,3.0,3.0,3.0,3.0,3.0,3.0,3.0,3.0,3.0,3.0,3.0,3.0,3.0,3.0,3.0,3.0,3.0,3.0,3.0,2.7022643,1.7541404,1.3284129,1.0957662,-1.7174146,-1.9009137,-0.20312327,-41.29252
1505,-1.1659639268081265,-8.6214905,1.6607598,0.3635314,0.8701655,-0.19455075,0.43329203,-0.13122472,2.88187,-1.1313784,-1.4410108,-0.1573814,0.66678697,0.062211253,0.90534544,0.8256469,0.7806454,0.7622596,0.76750356,0.7972108,0.85637873,0.9564237,1.1215202,1.4071823,1.9683471,3.0,3.0,3.0,3.0,3.0,3.0,3.0,3.0,3.0,3.0,3.0,3.0,3.0,3.0,3.0,3.0,3.0,3.0,3.0,3.0,3.0,2.56842,1.6632042,1.2580435,1.0369476,3.5715065,0.100097656,-0.98235595,-44.94282
1510,-1.1733754988960983,-8.685035,1.6832591,0.39355317,0.86733544,-0.1991263,0.4375477,-0.12895702,3.1094227,-1.060357,-1.4772472,-0.28702947,0.5728241,0.26458198,0.85699445,0.78103,0.738035,0.72026986,0.72484624,0.7524914,0.80784833,0.90156543,1.0561831,1.3233445,1.84653,3.0,3.0,3.0,3.0,3.0,3.0,3.0,3.0,3.0,3.0,3.0,3.0,3.0,3.0,3.0,3.0,3.0,3.0,3.0,3.0,3.0,2.4501176,1.5805094,1.1932511,0.9823934,-1.2421346,-0.91062593,-0.8113577,-44.4277
1515,-1.1703226101554571,-8.751118,1.7048795,0.42584696,0.8652101,-0.20272519,0.44090334,-0.12616748,3.2506597,-1.0118796,-1.5745159,-0.20272958,0.3600408,0.29878604,0.80662876,0.7349491,0.6943447,0.6774997,0.6816745,0.7075323,0.75941336,0.8472865,0.99225074,1.2426074,1.732331,3.0,3.0,3.0,3.0,3.0,3.0,3.0,3.0,3.0,3.0,3.0,3.0,3.0,3.0,3.0,3.0,3.0,3.0,3.0,3.0,3.0,2.312689,1.4897448,1.1239504,0.9249424,1.1064539,3.0627327,-0.93246084,-43.925304
1520,-1.1816628299453362,-8.8207245,1.7253034,0.4597931,0.863701,-0.20792045,0.44219503,-0.1235041,3.4355767,-0.9488284,-1.6439675,-0.30111122,0.29507247,0.41770405,0.7581952,0.68991864,0.6510712,0.6346201,0.6378839,0.6613811,0.70904356,0.7899762,0.92343885,1.1533321,1.6003786,2.7497795,3.0,3.0,3.0,3.0,3.0,3.0,3.0,3.0,3.0,3.0,3.0,3.0,3.0,3.0,3.0,3.0,3.0,3.0,3.0,3.0,2.2074003,1.4110482,1.0606352,0.8708359,0.39475727,3.2140207,-0.6679019,-44.97143
1525,-1.191509859109803,-8.894505,1.7442843,0.49498135,0.8636553,-0.21233797,0.441282,-0.119508184,3.6512458,-0.8733033,-1.6939186,-0.047753952,-0.051224273,0.5733116,0.7098154,0.6452471,0.60839057,0.5925485,0.59513444,0.61655897,0.6603989,0.7349923,0.85797095,1.0693946,1.4787133,2.5197117,3.0,3.0,3.0,3.0,3.0,3.0,3.0,3.0,3.0,3.0,3.0,3.0,3.0,3.0,3.0,3.0,3.0,3.0,3.0,3.0,2.0914364,1.3288735,0.9959872,0.81630385,4.3815184,-1.7730093,-0.45233136,-44.83768
1530,-1.2187127046704371,-8.974299,1.7611668,0.5302164,0.86461926,-0.21845548,0.4374296,-0.115611926,3.9166603,-0.7784488,-1.7101458,-0.5040903,-0.27949542,0.7121428,0.6655026,0.6035675,0.56796694,0.5521752,0.5536039,0.57247955,0.6119376,0.6794092,0.79060227,0.980952,1.34589,2.2521923,3.0,3.0,3.0,3.0,3.0,3.0,3.0,3.0,3.0,3.0,3.0,3.0,3.0,3.0,3.0,3.0,3.0,3.0,3.0,3.0,2.0169122,1.263262,0.94043034,0.767592,3.6573086,2.6073399,-0.7224573,-44.957027
1535,-1.2576597275539363,-9.059907,1.7758822,0.5655581,0.8656899,-0.22861074,0.43083256,-0.11270104,4.23083,-0.6593301,-1.6909215,-1.0383942,-0.5599562,0.92479694,0.6256316,0.5646129,0.5290865,0.5124139,0.5118368,0.5272637,0.56123203,0.6200146,0.71688175,0.88135946,1.1907356,1.9249068,3.0,3.0,3.0,3.0,3.0,3.0,3.0,3.0,3.0,3.0,3.0,3.0,3.0,3.0,3.0,3.0,3.0,3.0,3.0,3.0,2.0197124,1.2240856,0.897722,0.72617495,1.9320307,-0.2559452,-0.84852016,-44.85584
1540,-1.2777433119009936,-9.1503,1.7886285,0.601585,0.8682902,-0.2401014,0.41930205,-0.112291194,4.4494166,-0.564131,-1.7286034,-0.9822199,-1.1815114,0.704628,0.5909193,0.5292852,0.49285454,0.47460803,0.47147858,0.48296872,0.51094556,0.5604386,0.6421525,0.77948916,1.0314165,1.5955826,3.0,3.0,3.0,3.0,3.0,3.0,3.0,3.0,3.0,3.0,3.0,3.0,3.0,3.0,3.0,3.0,3.0,3.0,3.0,3.0,2.11984,1.2134297,0.86847264,0.6926181,4.677662,2.9443684,-0.3901794,-44.83638
1545,-1.2942714785690037,-9.246626,1.7987295,0.6373756,0.87199575,-0.25052494,0.40481,-0.11397169,4.7383337,-0.43070972,-1.7100134,-1.0236229,-1.351776,0.6203739,0.5588469,0.4961245,0.4585886,0.43872586,0.43312627,0.44089538,0.463282,0.504203,0.57212126,0.68524796,0.8877609,1.31699,2.709192,3.0,3.0,3.0,3.0,3.0,3.0,3.0,3.0,3.0,3.0,3.0,3.0,3.0,3.0,3.0,3.0,3.0,3.0,3.0,2.3109496,1.2195092,0.8457617,0.66277635,4.910084,4.540324,-0.825824,-44.98036
1550,-1.3096368973599246,-9.349365,1.80571,0.6723305,0.8755107,-0.26111227,0.38951826,-0.116519846,5.0575957,-0.27058527,-1.6563191,-1.1307567,-1.385359,0.5770901,0.52747375,0.46351403,0.42490226,0.4035474,0.39568368,0.40004334,0.4173215,0.45046455,0.50602794,0.5979519,0.758863,1.0832978,1.9983809,3.0,3.0,3.0,3.0,3.0,3.0,3.0,3.0,3.0,3.0,3.0,3.0,3.0,3.0,3.0,3.0,3.0,3.0,3.0,2.6503613,1.2412363,0.82678086,0.6342674,4.763117,3.0532799,0.015918016,-44.82081
1555,-1.3206396520306871,-9.458632,1.8092265,0.7060693,0.8785404,-0.27210817,0.37393913,-0.11955518,5.3680234,-0.099692486,-1.5941209,-1.1397259,-1.369544,0.58258873,0.4965236,0.43127802,0.3917076,0.3690595,0.35920495,0.36053267,0.37325343,0.3994868,0.44420373,0.51791334,0.6444282,0.88845277,1.5034387,3.0,3.0,3.0,3.0,3.0,3.0,3.0,3.0,3.0,3.0,3.0,3.0,3.0,3.0,3.0,3.0,3.0,3.0,3.0,3.0,1.2840838,0.8115811,0.6067514,4.40133,3.4082212,-0.36377,-44.758137
1560,-1.3325513987575612,-9.574201,1.8090729,0.73845255,0.8811223,-0.28321365,0.35826996,-0.122703426,5.664679,0.07973868,-1.5276028,-1.190904,-1.3766441,0.55365795,0.4655056,0.39915386,0.35890213,0.335279,0.32380462,0.32256633,0.33136758,0.35164687,0.38709867,0.44555604,0.54428935,0.7276404,1.1499608,2.9545386,3.0,3.0,3.0,3.0,3.0,3.0,3.0,3.0,3.0,3.0,3.0,3.0,3.0,3.0,3.0,3.0,3.0,3.0,3.0,1.3546388,0.79934514,0.5794306,4.5638723,3.4263973,-0.9320686,-44.32424
1565,-1.3619009095294543,-9.695652,1.8051494,0.7695083,0.8829983,-0.29561427,0.34160948,-0.12739402,5.9269505,0.25509226,-1.474953,-1.5854595,-1.5735337,0.5582871,0.43656856,0.36836886,0.3271967,0.30257204,0.28957728,0.2859844,0.2912197,0.3061252,0.33331266,0.37841865,0.45358214,0.58831114,0.87470514,1.8117023,3.0,3.0,3.0,3.0,3.0,3.0,3.0,3.0,3.0,3.0,3.0,3.0,3.0,3.0,3.0,3.0,3.0,3.0,3.0,1.5096116,0.8008731,0.55650985,2.2408605,3.9795742,0.04385376,-44.751186
1570,-1.3780223319516611,-9.822461,1.7974198,0.79936963,0.8852079,-0.3089452,0.32121634,-0.13334136,6.1839957,0.44464692,-1.4117664,-1.3659917,-1.933095,0.6074644,0.41256827,0.3407663,0.2979633,0.27205703,0.25749323,0.25166768,0.25363603,0.26371127,0.2835934,0.3171398,0.37252495,0.46859902,0.65840745,1.1662303,3.0,3.0,3.0,3.0,3.0,3.0,3.0,3.0,3.0,3.0,3.0,3.0,3.0,3.0,3.0,3.0,3.0,3.0,3.0,1.9138156,0.8338799,0.54363394,4.904931,3.8404026,-0.006636262,-44.45983
1575,-1.3864770972912663,-9.954525,1.7855452,0.82777196,0.8877559,-0.32093284,0.29954606,-0.13843335,6.4402256,0.6549022,-1.3302689,-1.3856387,-1.9077423,0.61512214,0.38878372,0.31336328,0.26930353,0.24256808,0.2269342,0.21945791,0.21889748,0.22516397,0.23928463,0.2638482,0.30433673,0.37288785,0.5009456,0.7999849,2.1466546,3.0,3.0,3.0,3.0,3.0,3.0,3.0,3.0,3.0,3.0,3.0,3.0,3.0,3.0,3.0,3.0,3.0,3.0,3.0,0.8922758,0.53335863,4.6791,0.6747265,0.54643416,-44.668552
1580,-1.3932533490395098,-10.091718,1.769162,0.8544128,0.88959605,-0.332954,0.27786753,-0.14335327,6.6796074,0.8754119,-1.2438481,-1.4055601,-1.882327,0.6208092,0.3649537,0.28571138,0.24075206,0.21362685,0.19738518,0.18876904,0.18629748,0.1895755,0.19912976,0.21662968,0.24568614,0.29406378,0.38056302,0.56340957,1.151808,3.0,3.0,3.0,3.0,3.0,3.0,3.0,3.0,3.0,3.0,3.0,3.0,3.0,3.0,3.0,3.0,3.0,3.0,3.0,1.004013,0.5271882,-0.99388075,3.745903,0.59564364,-44.338867
1585,-101.40561895497177,-10.233027,1.7486167,0.87988824,0.89140224,-0.34421003,0.2546628,-0.148554,6.870435,1.07931,-1.1862465,-1.3710324,-2.030944,0.6248499,0.34147245,0.25769404,0.21210083,0.18499158,0.16856822,0.15926786,0.15541539,0.15638433,0.16232865,0.1742463,0.1944282,0.22772329,0.2852355,0.3977833,0.69175273,2.9998393,3.0,3.0,3.0,3.0,3.0,3.0,3.0,3.0,3.0,3.0,3.0,3.0,3.0,3.0,3.0,3.0,3.0,3.0,1.2673795,0.52981925,4.063919,2.4177494,0.37572908,-44.938625
