step,reward,rel_x,rel_y,rel_z,qw,qx,qy,qz,vx,vy,vz,wx,wy,wz,lidar_0,lidar_1,lidar_2,lidar_3,lidar_4,lidar_5,lidar_6,lidar_7,lidar_8,lidar_9,lidar_10,lidar_11,lidar_12,lidar_13,lidar_14,lidar_15,lidar_16,lidar_17,lidar_18,lidar_19,lidar_20,lidar_21,lidar_22,lidar_23,lidar_24,lidar_25,lidar_26,lidar_27,lidar_28,lidar_29,lidar_30,lidar_31,lidar_32,lidar_33,lidar_34,lidar_35,act_vx,act_vy,act_vz,act_yaw
5,-1.0086863943027753,2.2250078,4.683368,0.4997764,0.9999989,-0.0009610274,0.00096146885,-0.0005565182,2.5076593e-05,2.5062405e-05,-0.021763096,-0.1152629,0.11536883,-0.06676265,3.0,3.0,3.0,3.0,3.0,3.0,3.0,3.0,3.0,3.0,3.0,3.0,3.0,3.0,3.0,3.0,3.0,3.0,3.0,3.0,3.0,3.0,3.0,3.0,3.0,3.0,3.0,3.0,3.0,3.0,3.0,3.0,3.0,3.0,3.0,3.0,4.996727,-1.9205565,0.757102,-27.177933
10,-1.0187008204090422,2.2250018,4.683362,0.49988574,0.9999922,-0.0022804223,0.0028960162,-0.0014064228,0.00050920155,0.00050814456,-0.0132083995,-0.06970953,0.36477134,-0.016262608,3.0,3.0,3.0,3.0,3.0,3.0,3.0,3.0,3.0,3.0,3.0,3.0,3.0,3.0,3.0,3.0,3.0,3.0,3.0,3.0,3.0,3.0,3.0,3.0,3.0,3.0,3.0,3.0,3.0,3.0,3.0,3.0,3.0,3.0,3.0,3.0,4.8747997,1.7817631,-0.594474,1.8574562
15,-1.0256031491144257,2.2249835,4.6833463,0.5015377,0.9999713,-0.0027607556,0.0069411183,-0.0012694764,0.0013643543,0.0010434637,-0.1091919,0.051343158,0.48393357,0.12653744,3.0,3.0,3.0,3.0,3.0,3.0,3.0,3.0,3.0,3.0,3.0,3.0,3.0,3.0,3.0,3.0,3.0,3.0,3.0,3.0,3.0,3.0,3.0,3.0,3.0,3.0,3.0,3.0,3.0,3.0,3.0,3.0,3.0,3.0,3.0,3.0,4.124919,-0.016241074,-0.5893736,-27.181402
20,-1.0345761794329442,2.2249336,4.683317,0.5049991,0.99992025,-0.0026252575,0.012350237,-0.00034666315,0.0040717493,0.0018287923,-0.15971619,-0.13344666,0.66284645,-0.06974576,3.0,3.0,3.0,3.0,3.0,3.0,3.0,3.0,3.0,3.0,3.0,3.0,3.0,3.0,3.0,3.0,3.0,3.0,3.0,3.0,3.0,3.0,3.0,3.0,3.0,3.0,3.0,3.0,3.0,3.0,3.0,3.0,3.0,3.0,3.0,3.0,2.2318907,-4.2769265,-0.84265757,-12.704517
25,-1.033319487421731,2.2248168,4.6832724,0.5096504,0.99980545,-0.0033707733,0.019413155,-0.0008786603,0.0072684884,0.0025000498,-0.25141802,0.073779255,0.6443833,-0.09603964,3.0,3.0,3.0,3.0,3.0,3.0,3.0,3.0,3.0,3.0,3.0,3.0,3.0,3.0,3.0,3.0,3.0,3.0,3.0,3.0,3.0,3.0,3.0,3.0,3.0,3.0,3.0,3.0,3.0,3.0,3.0,3.0,3.0,3.0,3.0,3.0,2.909855,-1.8021643,0.2608776,-3.0724335
30,-1.0516441411694029,2.224517,4.6831975,0.51372856,0.9995812,-0.00030575154,0.028934618,0.00023014113,0.020097556,0.0040844334,-0.15555157,0.3183938,0.97014004,0.13415435,3.0,3.0,3.0,3.0,3.0,3.0,3.0,3.0,3.0,3.0,3.0,3.0,3.0,3.0,3.0,3.0,3.0,3.0,3.0,3.0,3.0,3.0,3.0,3.0,3.0,3.0,3.0,3.0,3.0,3.0,3.0,3.0,3.0,3.0,3.0,3.0,-3.8177202,2.4961348,-0.17378479,-7.36211
35,-1.0538263020071539,2.224003,4.683112,0.51791435,0.99925697,0.00224928,0.038271707,0.00395971,0.029030131,0.004020392,-0.21651211,0.25060165,0.8790684,0.5568946,3.0,3.0,3.0,3.0,3.0,3.0,3.0,3.0,3.0,3.0,3.0,3.0,3.0,3.0,3.0,3.0,3.0,3.0,3.0,3.0,3.0,3.0,3.0,3.0,3.0,3.0,3.0,3.0,3.0,3.0,3.0,3.0,3.0,3.0,3.0,3.0,-1.2502894,-0.7614455,-0.42911994,-4.6096954
40,-1.0437521718934368,2.2232013,4.6830406,0.52250725,0.9988588,0.005424575,0.04661134,0.008889359,0.046562873,0.0028764054,-0.20455602,0.416537,0.6961607,0.3281774,3.0,3.0,3.0,3.0,3.0,3.0,3.0,3.0,3.0,3.0,3.0,3.0,3.0,3.0,3.0,3.0,3.0,3.0,3.0,3.0,3.0,3.0,3.0,3.0,3.0,3.0,3.0,3.0,3.0,3.0,3.0,3.0,3.0,3.0,3.0,3.0,-2.4047227,3.9842834,-0.8408293,-33.126312
45,-1.0411398363897366,2.2220285,4.683004,0.5271894,0.9984579,0.008156154,0.053211357,0.013559703,0.06446016,0.0007096592,-0.22327495,0.18190415,0.6736384,0.4417716,3.0,3.0,3.0,3.0,3.0,3.0,3.0,3.0,3.0,3.0,3.0,3.0,3.0,3.0,3.0,3.0,3.0,3.0,3.0,3.0,3.0,3.0,3.0,3.0,3.0,3.0,3.0,3.0,3.0,3.0,3.0,3.0,3.0,3.0,3.0,3.0,-1.5389423,-4.1551785,-0.48275858,-11.873577
50,-1.0352162969037533,2.2204518,4.683022,0.53224343,0.9979748,0.00964858,0.06041098,0.017425856,0.084870346,-0.002180659,-0.24197595,0.16122675,0.6667523,0.18706408,3.0,3.0,3.0,3.0,3.0,3.0,3.0,3.0,3.0,3.0,3.0,3.0,3.0,3.0,3.0,3.0,3.0,3.0,3.0,3.0,3.0,3.0,3.0,3.0,3.0,3.0,3.0,3.0,3.0,3.0,3.0,3.0,3.0,3.0,3.0,3.0,-3.7627406,1.5916109,-0.23208702,-18.54154
55,-1.0277468284395903,2.2182548,4.683129,0.536345,0.99750555,0.011494577,0.06681774,0.019644288,0.12047226,-0.0072753825,-0.15980797,0.29097113,0.49703127,0.035664998,3.0,3.0,3.0,3.0,3.0,3.0,3.0,3.0,3.0,3.0,3.0,3.0,3.0,3.0,3.0,3.0,3.0,3.0,3.0,3.0,3.0,3.0,3.0,3.0,3.0,3.0,3.0,3.0,3.0,3.0,3.0,3.0,3.0,3.0,3.0,3.0,0.24080038,-0.22520733,-0.8488972,-24.13819
60,-1.0326446607644728,2.2155163,4.683316,0.54053426,0.99706537,0.013498342,0.072910115,0.019042358,0.13888629,-0.010187056,-0.22861005,0.10099692,0.6531562,-0.1280904,3.0,3.0,3.0,3.0,3.0,3.0,3.0,3.0,3.0,3.0,3.0,3.0,3.0,3.0,3.0,3.0,3.0,3.0,3.0,3.0,3.0,3.0,3.0,3.0,3.0,3.0,3.0,3.0,3.0,3.0,3.0,3.0,3.0,3.0,3.0,3.0,-2.2362323,-3.4057117,-0.63267493,-39.63888
65,-1.0272079670639815,2.2124348,4.6835594,0.54657316,0.99659675,0.015369434,0.07907087,0.017506355,0.15774305,-0.013343015,-0.30720517,0.31988615,0.45827767,-0.07145746,2.886866,3.0,3.0,3.0,3.0,3.0,3.0,3.0,3.0,3.0,3.0,3.0,3.0,3.0,3.0,3.0,3.0,3.0,3.0,3.0,3.0,3.0,3.0,3.0,3.0,3.0,3.0,3.0,3.0,3.0,3.0,3.0,3.0,2.9689295,2.851425,2.825449,3.022211,-0.36246157,-0.5153546,-11.083889
70,-1.041493384471406,2.2087433,4.6839128,0.55301654,0.99593836,0.020737072,0.08553518,0.01898644,0.20072356,-0.021603927,-0.24874827,0.541926,0.6563049,0.13019012,2.6357007,2.8063629,3.0,3.0,3.0,3.0,3.0,3.0,3.0,3.0,3.0,3.0,3.0,3.0,3.0,3.0,3.0,3.0,3.0,3.0,3.0,3.0,3.0,3.0,3.0,3.0,3.0,3.0,3.0,3.0,3.0,3.0,2.819185,2.6426136,2.560058,2.5578694,-3.7216663,1.5514946,-0.20361489,-36.294193
75,-1.0310447942899292,2.204097,4.684471,0.5581069,0.99527216,0.025424352,0.091181844,0.021744648,0.24952573,-0.03318102,-0.1780501,0.371404,0.41993293,0.37632537,2.4495752,2.6275232,2.929329,3.0,3.0,3.0,3.0,3.0,3.0,3.0,3.0,3.0,3.0,3.0,3.0,3.0,3.0,3.0,3.0,3.0,3.0,3.0,3.0,3.0,3.0,3.0,3.0,3.0,3.0,3.0,3.0,2.8010092,2.5503073,2.4079502,2.3482227,2.3614,-3.0352488,3.2069092,0.90290475,-34.557503
80,-1.0297548053019847,2.1979184,4.6854143,0.5590888,0.9947539,0.028157301,0.09453504,0.027110849,0.32845074,-0.05366207,0.040007483,0.25702563,0.24873601,0.5790967,2.363483,2.5471532,2.8558607,3.0,3.0,3.0,3.0,3.0,3.0,3.0,3.0,3.0,3.0,3.0,3.0,3.0,3.0,3.0,3.0,3.0,3.0,3.0,3.0,3.0,3.0,3.0,3.0,3.0,3.0,3.0,3.0,2.6441011,2.4197974,2.294849,2.247095,2.2688198,-0.99580145,0.022514343,0.6962913,-25.628233
85,-1.0192054386768947,2.1901166,4.6867914,0.5558274,0.99447817,0.032060828,0.09536549,0.029844297,0.40432456,-0.0743946,0.22869287,0.49145937,-0.018220723,0.05797894,2.3655882,2.5696998,2.909099,3.0,3.0,3.0,3.0,3.0,3.0,3.0,3.0,3.0,3.0,3.0,3.0,3.0,3.0,3.0,3.0,3.0,3.0,3.0,3.0,3.0,3.0,3.0,3.0,3.0,3.0,3.0,2.883563,2.5541582,2.3565588,2.2508168,2.2186751,2.2549908,0.27557135,-0.925364,0.54214287,-36.49752
90,-1.026731098760616,2.1806698,4.68866,0.54833853,0.99446565,0.03869516,0.09339438,0.028604414,0.4880261,-0.1012881,0.45702785,0.6273269,-0.16530576,-0.18504137,2.4608166,2.7133207,3.0,3.0,3.0,3.0,3.0,3.0,3.0,3.0,3.0,3.0,3.0,3.0,3.0,3.0,3.0,3.0,3.0,3.0,3.0,3.0,3.0,3.0,3.0,3.0,3.0,3.0,3.0,3.0,2.770099,2.49499,2.3341024,2.2571344,2.2513018,2.3156784,4.34278,-3.460355,0.97175133,-39.43131
95,-1.0234071098184698,2.169446,4.6911807,0.5358192,0.99427056,0.04556308,0.09268961,0.027544629,0.57229203,-0.13491513,0.69640815,0.59623426,0.057466432,-0.17230347,2.5531507,2.8578148,3.0,3.0,3.0,3.0,3.0,3.0,3.0,3.0,3.0,3.0,3.0,3.0,3.0,3.0,3.0,3.0,3.0,3.0,3.0,3.0,3.0,3.0,3.0,3.0,3.0,3.0,3.0,3.0,2.6709135,2.440724,2.3117306,2.2609367,2.2801175,2.3723254,1.5275292,-4.397789,0.042354465,-38.248398
100,-1.034084204507609,2.1571786,4.6941543,0.5220133,0.99376136,0.05311549,0.094108246,0.027582513,0.59986085,-0.14811708,0.6401827,0.8020083,0.2276058,0.021846134,2.5961714,2.9490452,3.0,3.0,3.0,3.0,3.0,3.0,3.0,3.0,3.0,3.0,3.0,3.0,3.0,3.0,3.0,3.0,3.0,3.0,3.0,3.0,3.0,3.0,3.0,3.0,3.0,3.0,3.0,2.8613365,2.5427961,2.3523908,2.2521782,2.2249982,2.266512,2.3833995,3.427885,2.7652245,0.88847065,-28.64713
105,-1.0263577655912304,2.1440148,4.697593,0.50774914,0.99320006,0.060155194,0.096379735,0.025414301,0.64267564,-0.17108943,0.65957886,0.6242129,0.13929264,-0.21617247,2.6129196,3.0,3.0,3.0,3.0,3.0,3.0,3.0,3.0,3.0,3.0,3.0,3.0,3.0,3.0,3.0,3.0,3.0,3.0,3.0,3.0,3.0,3.0,3.0,3.0,3.0,3.0,3.0,3.0,2.7147734,2.4378335,2.2748883,2.1948729,2.184412,2.2418447,2.3765385,4.11709,-4.8845305,0.7289951,-32.37686
110,-1.0356090964108826,2.12992,4.7015805,0.4929767,0.9924564,0.06779707,0.099149466,0.024562351,0.70339316,-0.20815541,0.7623637,0.64874697,0.5381579,-0.13839887,2.6206477,3.0,3.0,3.0,3.0,3.0,3.0,3.0,3.0,3.0,3.0,3.0,3.0,3.0,3.0,3.0,3.0,3.0,3.0,3.0,3.0,3.0,3.0,3.0,3.0,3.0,3.0,3.0,2.9664419,2.5710588,2.3311787,2.1931925,2.131782,2.1368763,2.209284,2.3610253,-1.667608,-2.5489488,0.6239326,-43.931065
115,-1.035039425735023,2.1147945,4.7062297,0.47730166,0.99173534,0.07503067,0.10161041,0.022511031,0.7430034,-0.23474894,0.7537414,0.8176622,0.080901556,-0.13093498,2.637716,3.0,3.0,3.0,3.0,3.0,3.0,3.0,3.0,3.0,3.0,3.0,3.0,3.0,3.0,3.0,3.0,3.0,3.0,3.0,3.0,3.0,3.0,3.0,3.0,3.0,3.0,3.0,2.8181438,2.46648,2.2537258,2.1344652,2.0874302,2.1050036,2.189982,2.3567307,3.6425648,3.4128056,0.6874784,-1.6835518
120,-1.0190959662993737,2.0988746,4.7114363,0.46201164,0.99113524,0.08134307,0.102827795,0.021464122,0.778019,-0.2602287,0.7191704,0.47151858,0.015809836,-0.15991758,2.6853688,3.0,3.0,3.0,3.0,3.0,3.0,3.0,3.0,3.0,3.0,3.0,3.0,3.0,3.0,3.0,3.0,3.0,3.0,3.0,3.0,3.0,3.0,3.0,3.0,3.0,3.0,3.0,2.7180705,2.3997166,2.2081783,2.104164,2.0695615,2.0988188,2.196615,2.379814,2.6196947,-4.401456,0.05215156,-37.61844
125,-1.0207328236552842,2.082189,4.7172256,0.4472985,0.99051636,0.08593794,0.105288714,0.020155251,0.81013644,-0.28519252,0.669416,0.3805093,0.29836622,-0.1765545,2.6945775,3.0,3.0,3.0,3.0,3.0,3.0,3.0,3.0,3.0,3.0,3.0,3.0,3.0,3.0,3.0,3.0,3.0,3.0,3.0,3.0,3.0,3.0,3.0,3.0,3.0,3.0,3.0,2.6641703,2.360752,2.1788125,2.0816336,2.0524535,2.0866039,2.1895645,2.3792584,-3.0306232,-3.2861805,-0.087867975,-26.110275
130,-1.0269253053033058,2.0650506,4.723379,0.43465707,0.9899002,0.0907442,0.10750452,0.017492158,0.8310483,-0.3022692,0.56503195,0.46420598,0.2147889,-0.3530913,2.6964383,3.0,3.0,3.0,3.0,3.0,3.0,3.0,3.0,3.0,3.0,3.0,3.0,3.0,3.0,3.0,3.0,3.0,3.0,3.0,3.0,3.0,3.0,3.0,3.0,3.0,3.0,3.0,2.6048176,2.3163724,2.1440928,2.053748,2.0298924,2.0687199,2.1764827,2.372126,-3.7854567,-4.4975057,0.52458215,-42.69938
135,-1.0474734042857425,2.0471818,4.730141,0.42290106,0.9893075,0.0973697,0.10789102,0.0122177,0.88021445,-0.34376094,0.5847595,0.6781423,0.0016332361,-0.7542089,2.7338283,3.0,3.0,3.0,3.0,3.0,3.0,3.0,3.0,3.0,3.0,3.0,3.0,3.0,3.0,3.0,3.0,3.0,3.0,3.0,3.0,3.0,3.0,3.0,3.0,3.0,3.0,2.9550338,2.5202706,2.2568069,2.1010098,2.022828,2.009112,2.0576808,2.176424,2.38667,3.2641811,3.0839567,0.44821775,-43.51736
140,-1.0573912047975973,2.0283399,4.73776,0.41095838,0.9886779,0.10480499,0.10734822,0.002863129,0.92112327,-0.38124388,0.568349,0.5723798,0.08877954,-1.0417118,2.7828891,3.0,3.0,3.0,3.0,3.0,3.0,3.0,3.0,3.0,3.0,3.0,3.0,3.0,3.0,3.0,3.0,3.0,3.0,3.0,3.0,3.0,3.0,3.0,3.0,3.0,3.0,2.8339546,2.4396102,2.2002945,2.0607576,1.9948617,1.9916909,2.050742,2.1817174,2.408746,0.7412791,-0.9355941,0.14126694,-44.578968
145,-1.0570794591181045,2.008517,4.746336,0.398744,0.9877449,0.11324172,0.10725437,-0.0057202512,0.97277254,-0.43350908,0.6033374,0.5942492,0.29585004,-0.9501885,2.8204746,3.0,3.0,3.0,3.0,3.0,3.0,3.0,3.0,3.0,3.0,3.0,3.0,3.0,3.0,3.0,3.0,3.0,3.0,3.0,3.0,3.0,3.0,3.0,3.0,3.0,3.0,2.7025073,2.347571,2.1323109,2.0091307,1.9555792,1.9629017,2.0322604,2.175214,2.4188576,-1.661355,-1.3516366,0.55401826,-44.43645
150,-1.067157671893386,1.987685,4.755989,0.38608032,0.98655313,0.12066452,0.10885395,-0.017430836,1.0152327,-0.48054838,0.598036,0.6795563,0.19394621,-1.1284078,2.803453,3.0,3.0,3.0,3.0,3.0,3.0,3.0,3.0,3.0,3.0,3.0,3.0,3.0,3.0,3.0,3.0,3.0,3.0,3.0,3.0,3.0,3.0,3.0,3.0,3.0,3.0,2.620351,2.284298,2.0806768,1.9652109,1.9170734,1.9284312,2.0010886,2.1472328,2.394906,1.6155062,4.218158,0.96797705,-44.277584
155,-1.073685141592998,1.9661438,4.766466,0.37431815,0.9856384,0.12643583,0.1076449,-0.030717408,1.0440142,-0.5153857,0.53160095,0.30811766,-0.028052099,-1.4025713,2.8444552,3.0,3.0,3.0,3.0,3.0,3.0,3.0,3.0,3.0,3.0,3.0,3.0,3.0,3.0,3.0,3.0,3.0,3.0,3.0,3.0,3.0,3.0,3.0,3.0,3.0,3.0,2.5787823,2.2576592,2.0634089,1.954622,1.911915,1.9283739,2.0066183,2.1598833,2.4180436,2.8851652,-2.486924,-0.1903134,-41.06541
160,-1.0816160128704009,1.9440216,4.7776947,0.36396137,0.9846899,0.13136098,0.10534213,-0.045091033,1.0766402,-0.5587033,0.48815694,0.26453358,0.016197382,-1.5363486,2.9002461,3.0,3.0,3.0,3.0,3.0,3.0,3.0,3.0,3.0,3.0,3.0,3.0,3.0,3.0,3.0,3.0,3.0,3.0,3.0,3.0,3.0,3.0,3.0,3.0,3.0,3.0,2.5523252,2.2435565,2.0571935,1.9542412,1.9165606,1.9380792,2.0222287,2.183369,2.4534137,-2.682606,-4.5743113,0.55961084,-42.85122
165,-1.0818487641869146,1.921182,4.789917,0.35425448,0.98351,0.1372446,0.10174497,-0.05932884,1.1028849,-0.5968994,0.42066818,0.34880918,-0.10132599,-1.4935097,2.9837673,3.0,3.0,3.0,3.0,3.0,3.0,3.0,3.0,3.0,3.0,3.0,3.0,3.0,3.0,3.0,3.0,3.0,3.0,3.0,3.0,3.0,3.0,3.0,3.0,3.0,2.984157,2.5039568,2.214848,2.041191,1.9476619,1.918054,1.9476242,2.0411096,2.2147079,2.5037265,-1.897759,-3.6496668,-0.2641064,-44.730007
170,-1.0706684053954265,1.8978126,4.802993,0.3458815,0.9820395,0.14266033,0.09938194,-0.07327775,1.1395897,-0.65712506,0.41814616,0.3798153,0.08633393,-1.208204,3.0,3.0,3.0,3.0,3.0,3.0,3.0,3.0,3.0,3.0,3.0,3.0,3.0,3.0,3.0,3.0,3.0,3.0,3.0,3.0,3.0,3.0,3.0,3.0,3.0,3.0,2.9192593,2.462506,2.1868,2.021862,1.9347227,1.9104332,1.9451145,2.0443432,2.2254958,2.526091,-4.4254975,-3.6692505,0.31733346,-44.205357
175,-1.0755121522892734,1.8736833,4.8173766,0.33747786,0.9802594,0.14807563,0.097820275,-0.08715647,1.1717871,-0.71524704,0.40080702,0.37992144,-0.17525212,-1.2579921,3.0,3.0,3.0,3.0,3.0,3.0,3.0,3.0,3.0,3.0,3.0,3.0,3.0,3.0,3.0,3.0,3.0,3.0,3.0,3.0,3.0,3.0,3.0,3.0,3.0,3.0,2.864115,2.4245677,2.158851,2.000401,1.9179099,1.8973187,1.9353448,2.03812,2.2237809,2.5312772,0.4676032,3.4150686,0.3925643,-44.499237
180,-1.0620841615452132,1.8489544,4.8329153,0.3297053,0.9789183,0.15292317,0.09414344,-0.09731601,1.2039502,-0.78006107,0.39562362,0.31348178,-0.08568875,-0.9553687,3.0,3.0,3.0,3.0,3.0,3.0,3.0,3.0,3.0,3.0,3.0,3.0,3.0,3.0,3.0,3.0,3.0,3.0,3.0,3.0,3.0,3.0,3.0,3.0,3.0,3.0,2.7972038,2.3847518,2.134833,1.9869742,1.91262,1.899256,1.9447579,2.0565135,2.2545772,2.5816603,0.47753525,1.7518544,0.37364244,-43.955257
185,-1.0687982446008757,1.8237126,4.849542,0.32286233,0.97743523,0.15679869,0.09244354,-0.107185684,1.2198,-0.8171004,0.30356488,0.1789945,0.12685828,-1.0770322,3.0,3.0,3.0,3.0,3.0,3.0,3.0,3.0,3.0,3.0,3.0,3.0,3.0,3.0,3.0,3.0,3.0,3.0,3.0,3.0,3.0,3.0,3.0,3.0,3.0,3.0,2.762356,2.3618016,2.1189296,1.9757861,1.9049778,1.8946453,1.9431473,2.058384,2.2611866,2.5958118,-2.025716,-1.440449,0.6393287,-44.884052
190,-1.0653096556353043,1.7978321,4.867663,0.31590167,0.9760851,0.160442,0.08973282,-0.11603522,1.2582612,-0.90848255,0.36358592,0.119799025,0.042737477,-0.9585652,3.0,3.0,3.0,3.0,3.0,3.0,3.0,3.0,3.0,3.0,3.0,3.0,3.0,3.0,3.0,3.0,3.0,3.0,3.0,3.0,3.0,3.0,3.0,3.0,3.0,3.0,2.7248445,2.3397114,2.1060328,1.9691926,1.9033539,1.8975667,1.9509124,2.0721257,2.2833748,2.6316242,0.41698503,-3.2922685,0.10580075,-43.56134
195,-1.055937352599287,1.7712612,4.887522,0.3082219,0.9748248,0.16245982,0.08866795,-0.124343865,1.285989,-0.9816691,0.3676773,0.011211188,0.19602852,-0.70047766,3.0,3.0,3.0,3.0,3.0,3.0,3.0,3.0,3.0,3.0,3.0,3.0,3.0,3.0,3.0,3.0,3.0,3.0,3.0,3.0,3.0,3.0,3.0,3.0,3.0,3.0,2.7323828,2.3474846,2.1139352,1.9772947,1.9118087,1.9065951,1.9608265,2.0833893,2.2967336,2.6484075,-1.3676119,-3.2589054,-0.14713627,-40.66376
200,-1.0621590429197774,1.744153,4.9088507,0.30063987,0.9736196,0.16291475,0.0895603,-0.13229765,1.314414,-1.0598316,0.383401,0.0041152146,0.21190111,-0.7483505,3.0,3.0,3.0,3.0,3.0,3.0,3.0,3.0,3.0,3.0,3.0,3.0,3.0,3.0,3.0,3.0,3.0,3.0,3.0,3.0,3.0,3.0,3.0,3.0,3.0,3.0,2.7828753,2.38253,2.1397233,1.996892,1.926818,1.9177909,1.9683771,2.0868294,2.2946367,2.637407,-3.4017706,-4.387044,0.65623474,-40.650494
205,-1.0711178127797059,1.7164003,4.9319563,0.2923296,0.9722712,0.16413556,0.08940253,-0.14055376,1.3377069,-1.1258491,0.36536488,0.09032853,0.06761313,-0.90614027,3.0,3.0,3.0,3.0,3.0,3.0,3.0,3.0,3.0,3.0,3.0,3.0,3.0,3.0,3.0,3.0,3.0,3.0,3.0,3.0,3.0,3.0,3.0,3.0,3.0,3.0,2.8152602,2.4067407,2.1590455,2.0130343,1.9407545,1.9300977,1.9793711,2.096599,2.3029666,2.6434846,-3.3881946,-4.3174925,-0.10380721,-43.595108
210,-1.0778393737898666,1.6883917,4.9558644,0.28596926,0.97048956,0.16679129,0.08729134,-0.1507014,1.3512565,-1.1691895,0.28407,0.25816366,-0.26516238,-0.93478835,3.0,3.0,3.0,3.0,3.0,3.0,3.0,3.0,3.0,3.0,3.0,3.0,3.0,3.0,3.0,3.0,3.0,3.0,3.0,3.0,3.0,3.0,3.0,3.0,3.0,3.0,2.8027685,2.4006798,2.1567965,2.0134304,1.943302,1.9347006,1.9862608,2.1063983,2.3169358,2.6641726,3.9050884,1.2436204,-0.1912049,-35.314125
215,-1.0801040813066525,1.6601344,4.9806232,0.28145877,0.96874714,0.1703575,0.08375707,-0.15966238,1.3623536,-1.2100209,0.19426878,0.14951079,-0.047270406,-0.99557054,3.0,3.0,3.0,3.0,3.0,3.0,3.0,3.0,3.0,3.0,3.0,3.0,3.0,3.0,3.0,3.0,3.0,3.0,3.0,3.0,3.0,3.0,3.0,3.0,3.0,3.0,2.7521136,2.368914,2.1363628,2.0007453,1.93665,1.9334575,1.990661,2.1176584,2.3378386,2.7006989,0.6008477,-1.9757521,-0.36601484,-41.615067
220,-1.0799199059272244,1.6315569,5.006578,0.2779362,0.96697366,0.17343207,0.08076389,-0.16840546,1.375456,-1.261839,0.13179396,0.20958337,-0.19915296,-0.8933856,3.0,3.0,3.0,3.0,3.0,3.0,3.0,3.0,3.0,3.0,3.0,3.0,3.0,3.0,3.0,3.0,3.0,3.0,3.0,3.0,3.0,3.0,3.0,3.0,3.0,3.0,2.7118967,2.3427937,2.1187935,1.9890519,1.9295274,1.9304124,1.9918472,2.1239781,2.3514073,2.7261474,4.070671,1.0702085,0.8781543,-34.344162
225,-1.0612282510814917,1.6026043,5.0340824,0.27453804,0.96583486,0.176023,0.077692695,-0.17361675,1.3950317,-1.3446821,0.14681233,0.09223813,-0.20491184,-0.44713706,3.0,3.0,3.0,3.0,3.0,3.0,3.0,3.0,3.0,3.0,3.0,3.0,3.0,3.0,3.0,3.0,3.0,3.0,3.0,3.0,3.0,3.0,3.0,3.0,3.0,3.0,2.6709602,2.3174677,2.1030376,1.9799942,1.925834,1.9316885,1.998487,2.1373389,2.3744595,2.7652645,3.441348,1.3900375,0.6700965,-42.76254
230,-1.0514681102937808,1.573287,5.0632753,0.27095306,0.96546936,0.17624597,0.07694624,-0.17574269,1.4115111,-1.4234952,0.1498187,0.020152183,-0.0829884,-0.22180538,3.0,3.0,3.0,3.0,3.0,3.0,3.0,3.0,3.0,3.0,3.0,3.0,3.0,3.0,3.0,3.0,3.0,3.0,3.0,3.0,3.0,3.0,3.0,3.0,3.0,3.0,2.680735,2.3271809,2.1127331,1.9898319,1.9360349,1.9425396,2.0103784,2.150844,2.3905032,2.7855182,1.0914698,-2.0258422,0.18971705,-42.87842
235,-1.0692442065462622,1.543663,5.094012,0.26755175,0.9657387,0.17751873,0.072606295,-0.1748262,1.4297822,-1.5149679,0.18501416,0.17479485,-0.45876068,0.1849301,3.0,3.0,3.0,3.0,3.0,3.0,3.0,3.0,3.0,3.0,3.0,3.0,3.0,3.0,3.0,3.0,3.0,3.0,3.0,3.0,3.0,3.0,3.0,3.0,3.0,3.0,2.6391413,2.3070223,2.1059868,1.9928786,1.9474572,1.9623566,2.0399463,2.1933105,2.4521742,2.87952,2.7026005,2.45329,-0.58567345,-43.45175
240,-1.0799351112009465,1.5137268,5.126454,0.2639183,0.96651435,0.17787074,0.07005005,-0.1711869,1.4428862,-1.5917037,0.18326172,-0.0046838145,-0.271108,0.59375125,3.0,3.0,3.0,3.0,3.0,3.0,3.0,3.0,3.0,3.0,3.0,3.0,3.0,3.0,3.0,3.0,3.0,3.0,3.0,3.0,3.0,3.0,3.0,3.0,3.0,3.0,2.6204553,2.3013632,2.1086626,2.0018656,1.9621089,1.9829789,2.0678024,2.2310247,2.5048547,2.9577506,1.8524208,-3.4369287,0.3739462,-29.36161
245,-1.0901281087137034,1.4835253,5.160494,0.2603093,0.9675233,0.18016969,0.06968498,-0.16303864,1.4507469,-1.6450361,0.12358558,0.24445185,-0.21682754,0.75074947,3.0,3.0,3.0,3.0,3.0,3.0,3.0,3.0,3.0,3.0,3.0,3.0,3.0,3.0,3.0,3.0,3.0,3.0,3.0,3.0,3.0,3.0,3.0,3.0,3.0,3.0,2.5742195,2.2695882,2.0861053,1.9858977,1.951452,1.9772339,2.067363,2.237328,2.5212114,2.991717,3.3279457,4.3533716,-0.38406026,-41.05455
250,-1.0919560054831878,1.453267,5.195114,0.25928444,0.9684617,0.1824418,0.06933095,-0.15488747,1.4535133,-1.6729531,-0.00037371594,0.24335524,-0.21497254,0.7502883,3.0,3.0,3.0,3.0,3.0,3.0,3.0,3.0,3.0,3.0,3.0,3.0,3.0,3.0,3.0,3.0,3.0,3.0,3.0,3.0,3.0,3.0,3.0,3.0,3.0,3.0,2.5218112,2.2317512,2.0576038,1.9640235,1.9348161,1.9653044,2.0603745,2.2365203,2.529647,3.0,2.8425403,3.1781807,-0.2911532,-42.896233
255,-1.0937894853871146,1.4229497,5.2303185,0.26083958,0.96932995,0.18468678,0.06898776,-0.14673401,1.4563928,-1.7010667,-0.124136016,0.2422211,-0.21314697,0.7498294,3.0,3.0,3.0,3.0,3.0,3.0,3.0,3.0,3.0,3.0,3.0,3.0,3.0,3.0,3.0,3.0,3.0,3.0,3.0,3.0,3.0,3.0,3.0,3.0,3.0,2.919887,2.463612,2.1881654,2.0234158,1.9364561,1.912375,1.9473273,2.046934,2.2286463,2.5301304,3.0,-1.7362833,3.9792013,-0.072745025,-39.297554
260,-1.0998230541662475,1.3925607,5.266159,0.2648535,0.9703796,0.18622142,0.068001814,-0.13806073,1.4609381,-1.7367188,-0.22981904,0.023883158,-0.3656092,0.8141683,3.0,3.0,3.0,3.0,3.0,3.0,3.0,3.0,3.0,3.0,3.0,3.0,3.0,3.0,3.0,3.0,3.0,3.0,3.0,3.0,3.0,3.0,3.0,3.0,3.0,2.8357096,2.4057212,2.1455727,1.9907835,1.9109826,1.892623,1.9327805,2.0379431,2.2267604,2.539168,3.0,-0.9821677,3.9470453,0.5547888,-36.245056
265,-1.1242738101662682,1.3619779,5.3032074,0.2699334,0.9725,0.18359184,0.06505816,-0.12769178,1.4772307,-1.8274758,-0.20072362,-0.43336466,-0.5644353,1.0785037,3.0,3.0,3.0,3.0,3.0,3.0,3.0,3.0,3.0,3.0,3.0,3.0,3.0,3.0,3.0,3.0,3.0,3.0,3.0,3.0,3.0,3.0,3.0,3.0,3.0,2.801228,2.3922179,2.1442819,1.9979181,1.9250116,1.9133275,1.9610091,2.0758126,2.2784274,2.6128514,3.0,1.102458,-1.9535446,0.05014181,-38.825073
270,-1.1515862990688535,1.330988,5.342467,0.27355468,0.9758302,0.17749518,0.060235158,-0.11235031,1.4924134,-1.913277,-0.17756131,-0.5006014,-0.63405526,1.560144,3.0,3.0,3.0,3.0,3.0,3.0,3.0,3.0,3.0,3.0,3.0,3.0,3.0,3.0,3.0,3.0,3.0,3.0,3.0,3.0,3.0,3.0,3.0,3.0,3.0,2.8053248,2.4176257,2.182334,2.0454156,1.9813107,1.9794177,2.0394366,2.171244,2.399201,2.7748415,3.0,3.7717075,-4.441669,-0.109990776,-0.78411865
275,-1.1480030891116255,1.299604,5.383852,0.2756797,0.9782979,0.17409827,0.0589361,-0.095653616,1.5151631,-2.0313702,-0.060184397,-0.27050763,-0.2049984,1.5503376,3.0,3.0,3.0,3.0,3.0,3.0,3.0,3.0,3.0,3.0,3.0,3.0,3.0,3.0,3.0,3.0,3.0,3.0,3.0,3.0,3.0,3.0,3.0,3.0,3.0,2.8001635,2.4260983,2.1991415,2.0684884,2.0101411,2.0145264,2.08234,2.2248335,2.4687839,2.8707902,3.0,-0.3679757,-3.017325,0.40737545,-31.109581
280,-1.1427830781616304,1.2677604,5.427539,0.2756633,0.9800673,0.17228653,0.057301883,-0.08063439,1.5363283,-2.1351922,0.027767858,-0.18420625,-0.30767503,1.3584864,3.0,3.0,3.0,3.0,3.0,3.0,3.0,3.0,3.0,3.0,3.0,3.0,3.0,3.0,3.0,3.0,3.0,3.0,3.0,3.0,3.0,3.0,3.0,3.0,3.0,2.7780397,2.4213576,2.2052257,2.0826097,2.0313823,2.043206,2.119959,2.274511,2.5365007,2.9686446,3.0,2.0238347,0.5017309,0.3795929,-37.09958
285,-1.1246480390250106,1.2355429,5.4730406,0.27467248,0.98138493,0.16993684,0.05661355,-0.06928201,1.550862,-2.206667,0.034352284,-0.103857405,-0.3199717,0.9137384,3.0,3.0,3.0,3.0,3.0,3.0,3.0,3.0,3.0,3.0,3.0,3.0,3.0,3.0,3.0,3.0,3.0,3.0,3.0,3.0,3.0,3.0,3.0,3.0,3.0,2.7897062,2.439145,2.2269647,2.10766,2.0598948,2.0759246,2.1582992,2.320915,2.5953145,3.0,3.0,2.9485397,-3.6590142,-0.15603328,-4.9809036
290,-1.1226181531985573,1.2030431,5.5198975,0.27385095,0.9821535,0.16931237,0.057004005,-0.058808237,1.5684704,-2.2860844,0.06696473,-0.002162526,-0.11503075,0.85869414,3.0,3.0,3.0,3.0,3.0,3.0,3.0,3.0,3.0,3.0,3.0,3.0,3.0,3.0,3.0,3.0,3.0,3.0,3.0,3.0,3.0,3.0,3.0,3.0,3.0,2.7809446,2.436545,2.2282927,2.1119542,2.0668447,2.0856686,2.1714225,2.3386357,2.6199996,3.0,3.0,-1.7411633,-3.5400763,-0.21043026,-44.22166
295,-1.1213334966020425,1.170312,5.567863,0.27382496,0.9825676,0.16961052,0.05641658,-0.05109109,1.5726143,-2.3123,-0.044985842,0.032503005,-0.23121567,0.7702557,3.0,3.0,3.0,3.0,3.0,3.0,3.0,3.0,3.0,3.0,3.0,3.0,3.0,3.0,3.0,3.0,3.0,3.0,3.0,3.0,3.0,3.0,3.0,3.0,3.0,2.751252,2.4181213,2.2170386,2.1059055,2.0651348,2.0881555,2.1786382,2.3520193,2.64262,3.0,3.0,0.018033981,-0.5674219,-0.6060245,-43.46136
300,-1.1108152345573379,1.1373954,5.6167245,0.27515456,0.9829799,0.16907829,0.056234844,-0.04472936,1.5864077,-2.3725638,-0.061808914,-0.018184848,-0.10796493,0.51915705,3.0,3.0,3.0,3.0,3.0,3.0,3.0,3.0,3.0,3.0,3.0,3.0,3.0,3.0,3.0,3.0,3.0,3.0,3.0,3.0,3.0,3.0,3.0,3.0,3.0,2.7389646,2.4115481,2.2141447,2.1057549,2.0673664,2.0928025,2.186124,2.3633168,2.659709,3.0,3.0,-0.8357153,-0.8214145,0.16076243,-42.04264
305,-1.1419762351825684,1.1041515,5.66697,0.2764535,0.9839712,0.16639766,0.05315946,-0.035869177,1.5999577,-2.431079,-0.08121787,-0.13967706,-0.43180367,1.0009553,3.0,3.0,3.0,3.0,3.0,3.0,3.0,3.0,3.0,3.0,3.0,3.0,3.0,3.0,3.0,3.0,3.0,3.0,3.0,3.0,3.0,3.0,3.0,3.0,3.0,2.7379475,2.4240105,2.235601,2.1345475,2.1033807,2.1371114,2.2411478,2.4335577,2.7536342,3.0,3.0,4.5439053,-3.1397703,-0.5922156,-42.09377
310,-1.129734376230493,1.0705514,5.718709,0.27731034,0.9847453,0.16420059,0.05104582,-0.026630241,1.6211088,-2.5174685,-0.01648434,-0.14840342,-0.32059777,0.6867987,3.0,3.0,3.0,3.0,3.0,3.0,3.0,3.0,3.0,3.0,3.0,3.0,3.0,3.0,3.0,3.0,3.0,3.0,3.0,3.0,3.0,3.0,3.0,3.0,3.0,2.7378962,2.4347346,2.2536669,2.1587179,2.133655,2.1744797,2.2877657,2.49343,2.834351,3.0,3.0,2.3799152,-4.108347,-0.3124907,-38.611435
315,-1.1434337161771477,1.0366961,5.7715826,0.2786707,0.9852117,0.16324285,0.049221978,-0.016938346,1.6263386,-2.5467737,-0.11150879,-0.08637091,-0.37270322,0.93069917,3.0,3.0,3.0,3.0,3.0,3.0,3.0,3.0,3.0,3.0,3.0,3.0,3.0,3.0,3.0,3.0,3.0,3.0,3.0,3.0,3.0,3.0,3.0,3.0,3.0,2.7155519,2.4260504,2.254224,2.1666043,2.148376,2.1966388,2.3192074,2.537933,2.8994846,3.0,3.0,0.9201746,-4.6185827,-0.36227667,-42.624237
320,-1.1264694380857523,1.0025901,5.8255687,0.28052172,0.9855917,0.16208756,0.04720998,-0.010381375,1.6430353,-2.616808,-0.08563986,-0.06558315,-0.29656044,0.5080206,3.0,3.0,3.0,3.0,3.0,3.0,3.0,3.0,3.0,3.0,3.0,3.0,3.0,3.0,3.0,3.0,3.0,3.0,3.0,3.0,3.0,3.0,3.0,3.0,3.0,2.7013984,2.422967,2.2587874,2.1774063,2.1651857,2.220184,2.3513563,2.582393,2.9636395,3.0,3.0,3.1113653,-2.6021285,0.30199575,-41.346485
325,-1.111203603470802,0.96810985,5.881113,0.28149602,0.98572284,0.16150771,0.047114186,-0.006781971,1.6610887,-2.6917484,-0.04174087,0.14386415,-0.15269816,0.0966314,3.0,3.0,3.0,3.0,3.0,3.0,3.0,3.0,3.0,3.0,3.0,3.0,3.0,3.0,3.0,3.0,3.0,3.0,3.0,3.0,3.0,3.0,3.0,3.0,3.0,2.7002907,2.423876,2.26112,2.1809433,2.169932,2.2263377,2.3593552,2.5930734,2.9786427,3.0,3.0,1.9277363,-2.3973272,-0.58576983,-37.394783
330,-1.1236278713493253,0.93341535,5.9376416,0.28323635,0.9857708,0.1621296,0.044143453,-0.004614242,1.6689147,-2.7307904,-0.102461375,0.13416159,-0.41203278,0.014747878,3.0,3.0,3.0,3.0,3.0,3.0,3.0,3.0,3.0,3.0,3.0,3.0,3.0,3.0,3.0,3.0,3.0,3.0,3.0,3.0,3.0,3.0,3.0,3.0,3.0,2.6575592,2.3970792,2.2452338,2.1735888,2.1702783,2.2347775,2.3776853,2.6253378,3.0,3.0,3.0,2.0489368,-0.36257315,-0.5234096,-40.212162
335,-1.1206252967083459,0.89862335,5.9947762,0.28684792,0.9857535,0.16329671,0.040102087,-0.0040177363,1.671205,-2.7524407,-0.21413293,0.021717153,-0.3207855,-0.09656933,3.0,3.0,3.0,3.0,3.0,3.0,3.0,3.0,3.0,3.0,3.0,3.0,3.0,3.0,3.0,3.0,3.0,3.0,3.0,3.0,3.0,3.0,3.0,3.0,2.9921277,2.5958009,2.3553824,2.2173862,2.1565642,2.1629558,2.237575,2.3928294,2.6580188,3.0,3.0,3.0,1.9176412,0.8829646,0.17006052,-29.199804
340,-1.1241863244406634,0.8637598,6.0524955,0.29238975,0.9858762,0.16315006,0.037298523,-0.0062437346,1.6738145,-2.7782645,-0.31314814,-0.0076255295,-0.24538438,-0.27244994,3.0,3.0,3.0,3.0,3.0,3.0,3.0,3.0,3.0,3.0,3.0,3.0,3.0,3.0,3.0,3.0,3.0,3.0,3.0,3.0,3.0,3.0,3.0,3.0,2.9434793,2.5637743,2.3336442,2.2028441,2.1477222,2.1592994,2.2394142,2.4014826,2.6765077,3.0,3.0,3.0,1.891676,3.4758282,0.5958805,-41.04048
345,-1.1285705352648607,0.82875013,6.1112084,0.29864734,0.98612493,0.16174793,0.03598545,-0.0100127235,1.6815512,-2.8301156,-0.33477104,-0.15109332,-0.065079875,-0.37185302,3.0,3.0,3.0,3.0,3.0,3.0,3.0,3.0,3.0,3.0,3.0,3.0,3.0,3.0,3.0,3.0,3.0,3.0,3.0,3.0,3.0,3.0,3.0,3.0,2.9402049,2.5623941,2.3334508,2.2035246,2.1491609,2.16151,2.242534,2.405815,2.6826527,3.0,3.0,3.0,2.6726418,-1.7841477,-0.7665662,-43.80017
350,-1.1305398045982633,0.79371154,6.1704297,0.30700904,0.98648745,0.15975547,0.033938047,-0.012996145,1.6820182,-2.8510103,-0.44540823,-0.24308373,-0.20401622,-0.25502574,3.0,3.0,3.0,3.0,3.0,3.0,3.0,3.0,3.0,3.0,3.0,3.0,3.0,3.0,3.0,3.0,3.0,3.0,3.0,3.0,3.0,3.0,3.0,3.0,2.9283867,2.556836,2.3318274,2.204791,2.1529171,2.1677809,2.251745,2.418935,2.7016149,3.0,3.0,3.0,-2.8260713,-2.1486707,-0.18614697,-44.159306
355,-1.1354355614780163,0.7586171,6.2303457,0.31687272,0.98694676,0.15764835,0.029499939,-0.014588123,1.68458,-2.884956,-0.5147265,-0.15570514,-0.38879344,-0.19613239,3.0,3.0,3.0,3.0,3.0,3.0,3.0,3.0,3.0,3.0,3.0,3.0,3.0,3.0,3.0,3.0,3.0,3.0,3.0,3.0,3.0,3.0,3.0,3.0,2.8783777,2.5290065,2.3180768,2.2013614,2.1582704,2.1818554,2.2758772,2.4563637,2.7589939,3.0,3.0,3.0,2.9612865,-0.79523516,-0.192227,-44.090305
360,-1.1500044191938823,0.7234642,6.2911015,0.32773292,0.9875669,0.15425298,0.025130054,-0.016914524,1.6884358,-2.9335723,-0.53612345,-0.34695148,-0.50513774,-0.32252914,3.0,3.0,3.0,3.0,3.0,3.0,3.0,3.0,3.0,3.0,3.0,3.0,3.0,3.0,3.0,3.0,3.0,3.0,3.0,3.0,3.0,3.0,3.0,3.0,2.8523452,2.520341,2.3207293,2.212714,2.1775267,2.2095258,2.3138323,2.5084698,2.8328404,3.0,3.0,3.0,2.1142502,-3.5589886,0.0063910484,-39.539787
365,-1.1328997660825146,0.6882395,6.352938,0.33876827,0.9877766,0.15341508,0.0214863,-0.017309608,1.6900221,-2.9766061,-0.57039046,-0.03924043,-0.31313452,-0.024238171,3.0,3.0,3.0,3.0,3.0,3.0,3.0,3.0,3.0,3.0,3.0,3.0,3.0,3.0,3.0,3.0,3.0,3.0,3.0,3.0,3.0,3.0,3.0,3.0,2.7788534,2.4694169,2.284446,2.187077,2.160635,2.2008991,2.3143482,2.5208871,2.863432,3.0,3.0,3.0,-1.2825835,4.2577515,0.17463708,-40.225964
370,-1.146418094966407,0.6530444,6.4153523,0.35147837,0.98810315,0.1516616,0.018875666,-0.017165042,1.690017,-3.0190878,-0.6037344,-0.341728,-0.3975686,0.08540373,3.0,3.0,3.0,3.0,3.0,3.0,3.0,3.0,3.0,3.0,3.0,3.0,3.0,3.0,3.0,3.0,3.0,3.0,3.0,3.0,3.0,3.0,3.0,3.0,2.7278044,2.4335515,2.2585433,2.1684854,2.1481006,2.1941423,2.314052,2.5291142,2.8848836,3.0,3.0,3.0,-1.6745543,-0.10265112,0.048616886,-41.018627
375,-1.1610297960229028,0.6177921,6.4793067,0.3627544,0.9888682,0.14758922,0.013783636,-0.01292758,1.6943607,-3.1158805,-0.4588531,-0.37561452,-0.52646554,0.36587575,3.0,3.0,3.0,3.0,3.0,3.0,3.0,3.0,3.0,3.0,3.0,3.0,3.0,3.0,3.0,3.0,3.0,3.0,3.0,3.0,3.0,3.0,3.0,3.0,2.6894855,2.4199903,2.2620564,2.1858199,2.1785917,2.2392247,2.3776407,2.6191206,3.0,3.0,3.0,3.0,-0.33597565,-3.1583002,-0.3971076,-21.785604
380,-1.1871478755292806,0.58251643,6.5448375,0.3723329,0.9894046,0.14477481,0.0072656595,-0.008120266,1.6927563,-3.173091,-0.43379375,-0.43937775,-0.92974883,0.61670536,3.0,3.0,3.0,3.0,3.0,3.0,3.0,3.0,3.0,3.0,3.0,3.0,3.0,3.0,3.0,3.0,3.0,3.0,3.0,3.0,3.0,3.0,3.0,3.0,2.6192741,2.3831925,2.2488296,2.1918526,2.2029736,2.283959,2.448357,2.727561,3.0,3.0,3.0,3.0,4.0389757,-4.2002497,0.8306266,-13.314909
385,-1.1800239088174256,0.54728055,6.6120853,0.3795665,0.9898864,0.14185092,-0.0005592427,-0.0016957223,1.6895385,-3.2552662,-0.31899977,-0.22892798,-0.8306315,0.4979495,3.0,3.0,3.0,3.0,3.0,3.0,3.0,3.0,3.0,3.0,3.0,3.0,3.0,3.0,3.0,3.0,3.0,3.0,3.0,3.0,3.0,3.0,3.0,2.8785858,2.5477426,2.3491282,2.2424495,2.2092497,2.244213,2.3529437,2.5543096,2.889376,3.0,3.0,3.0,3.0,2.675273,-4.287972,-0.50925297,-23.058401
390,-1.1767036255411507,0.51217383,6.6805468,0.38600114,0.9899698,0.14099483,-0.007041214,0.005536517,1.6816342,-3.3171086,-0.2662924,-0.0053465785,-0.54922336,0.67208487,3.0,3.0,3.0,3.0,3.0,3.0,3.0,3.0,3.0,3.0,3.0,3.0,3.0,3.0,3.0,3.0,3.0,3.0,3.0,3.0,3.0,3.0,3.0,2.7440681,2.4614656,2.2948542,2.2123268,2.200056,2.2560928,2.3895621,2.6245773,3.0,3.0,3.0,3.0,3.0,-3.4983768,1.9128962,0.31038713,-39.36912
395,-1.1921343862275688,0.47727117,6.750536,0.3904853,0.9900399,0.13934556,-0.013612119,0.01478195,1.6714967,-3.3760943,-0.22085369,-0.17999254,-0.7760745,0.7935623,3.0,3.0,3.0,3.0,3.0,3.0,3.0,3.0,3.0,3.0,3.0,3.0,3.0,3.0,3.0,3.0,3.0,3.0,3.0,3.0,3.0,3.0,3.0,2.638269,2.3983657,2.261441,2.202617,2.212291,2.2919986,2.455048,2.7324553,3.0,3.0,3.0,3.0,3.0,-1.7405205,-3.691104,-0.5883155,0.428627
400,-1.1818854298083947,0.4426102,6.821614,0.39445424,0.98993987,0.13819113,-0.020801513,0.02212628,1.6588088,-3.4302373,-0.1883536,-0.09709506,-0.7401225,0.43685207,3.0,3.0,3.0,3.0,3.0,3.0,3.0,3.0,3.0,3.0,3.0,3.0,3.0,3.0,3.0,3.0,3.0,3.0,3.0,3.0,3.0,3.0,2.8629665,2.5305967,2.3308256,2.222887,2.1880434,2.2207088,2.3261135,2.522486,2.8496401,3.0,3.0,3.0,3.0,3.0,4.3152666,-3.1040044,-0.2905314,-33.391407
405,-1.170270454624695,0.40820515,6.8934345,0.39906663,0.98991674,0.13695066,-0.02537459,0.025797073,1.6455075,-3.464893,-0.22207619,-0.32088175,-0.4210869,0.25723612,3.0,3.0,3.0,3.0,3.0,3.0,3.0,3.0,3.0,3.0,3.0,3.0,3.0,3.0,3.0,3.0,3.0,3.0,3.0,3.0,3.0,3.0,2.76494,2.4675353,2.2907398,2.1999605,2.1798096,2.227079,2.3494117,2.568545,2.9309785,3.0,3.0,3.0,3.0,3.0,-1.1917219,-4.2949877,-0.2778998,25.243301
410,-1.1809196873290975,0.37418026,6.9665055,0.40248063,0.9902914,0.13291192,-0.030345958,0.027137531,1.6226716,-3.5469575,-0.08414129,-0.47291762,-0.5548684,0.080434225,3.0,3.0,3.0,3.0,3.0,3.0,3.0,3.0,3.0,3.0,3.0,3.0,3.0,3.0,3.0,3.0,3.0,3.0,3.0,3.0,3.0,3.0,2.7194817,2.4522228,2.2963228,2.2225552,2.218695,2.28413,2.429608,2.6819093,3.0,3.0,3.0,3.0,3.0,3.0,-2.8903775,-4.93507,-0.41924554,35.606262
415,-1.1779712938441294,0.3405981,7.040908,0.404271,0.9904309,0.13014905,-0.03621501,0.028219817,1.6050111,-3.5852928,-0.09481608,-0.14254156,-0.61290234,-0.059942212,3.0,3.0,3.0,3.0,3.0,3.0,3.0,3.0,3.0,3.0,3.0,3.0,3.0,3.0,3.0,3.0,3.0,3.0,3.0,3.0,3.0,3.0,2.647894,2.4142108,2.2821474,2.2279677,2.2428691,2.3292198,2.501537,2.7930326,3.0,3.0,3.0,3.0,3.0,3.0,-0.09041357,-3.5186493,-0.122288525,-14.99925
420,-1.1792254874016401,0.3074246,7.1161313,0.40614614,0.99024713,0.13014057,-0.042530335,0.025791818,1.5830785,-3.629394,-0.080188096,0.043439094,-0.4914416,-0.36058038,3.0,3.0,3.0,3.0,3.0,3.0,3.0,3.0,3.0,3.0,3.0,3.0,3.0,3.0,3.0,3.0,3.0,3.0,3.0,3.0,3.0,2.8753266,2.5385866,2.3359883,2.2259738,2.189387,2.220357,2.3238375,2.5176725,2.8409634,3.0,3.0,3.0,3.0,3.0,3.0,-1.7746806,-0.8052435,0.23052931,-6.2171097
425,-1.1908362464324869,0.2748121,7.192499,0.40686494,0.9901094,0.12867974,-0.049496803,0.025981681,1.5542272,-3.6866753,-0.015573631,-0.2254748,-0.7642726,0.023090204,3.0,3.0,3.0,3.0,3.0,3.0,3.0,3.0,3.0,3.0,3.0,3.0,3.0,3.0,3.0,3.0,3.0,3.0,3.0,3.0,3.0,2.7359278,2.4474947,2.276655,2.1903183,2.1739311,2.2248874,2.3514524,2.576286,2.9476936,3.0,3.0,3.0,3.0,3.0,3.0,3.1815176,-4.635534,-0.5703733,24.588531
430,-1.1797222078393506,0.24275754,7.2697797,0.4072416,0.9899141,0.127859,-0.055338547,0.025686774,1.5214852,-3.74165,0.044369385,-0.017684348,-0.49909136,-0.15147752,3.0,3.0,3.0,3.0,3.0,3.0,3.0,3.0,3.0,3.0,3.0,3.0,3.0,3.0,3.0,3.0,3.0,3.0,3.0,3.0,3.0,2.6260903,2.3724818,2.2252,2.1568394,2.1561139,2.2229078,2.3682303,2.6190271,3.0,3.0,3.0,3.0,3.0,3.0,3.0,1.5476513,-3.1850986,-0.04396206,-23.236538
435,-1.2011868628262272,0.21145174,7.348305,0.40597108,0.98963886,0.12761845,-0.061790448,0.022592673,1.4921942,-3.781982,0.05107462,0.13290139,-0.7206296,-0.5244717,3.0,3.0,3.0,3.0,3.0,3.0,3.0,3.0,3.0,3.0,3.0,3.0,3.0,3.0,3.0,3.0,3.0,3.0,3.0,3.0,2.8867142,2.5191064,2.2964427,2.1705396,2.1187556,2.1326752,2.2145107,2.378015,2.6546798,3.0,3.0,3.0,3.0,3.0,3.0,3.0,3.483942,-2.5078564,0.82810426,10.360149
440,-1.1938259328299738,0.18092187,7.427949,0.403499,0.9893136,0.12668253,-0.06930423,0.020175774,1.4549136,-3.8333414,0.10055711,-0.038608063,-0.6856045,-0.20085603,3.0,3.0,3.0,3.0,3.0,3.0,3.0,3.0,3.0,3.0,3.0,3.0,3.0,3.0,3.0,3.0,3.0,3.0,3.0,3.0,2.7308009,2.4138782,2.2233987,2.1205,2.0873215,2.118544,2.2191675,2.4065952,2.7188346,3.0,3.0,3.0,3.0,3.0,3.0,3.0,3.9958076,-4.720367,0.058341146,19.428978
445,-1.1911646412119261,0.15106596,7.5083275,0.40123793,0.9887148,0.12748224,-0.07527804,0.022902854,1.4178507,-3.8754838,0.11671096,0.12239382,-0.55865914,0.25280458,3.0,3.0,3.0,3.0,3.0,3.0,3.0,3.0,3.0,3.0,3.0,3.0,3.0,3.0,3.0,3.0,3.0,3.0,3.0,3.0,2.598719,2.3181727,2.1512945,2.06537,2.0458195,2.0895295,2.2035642,2.4081583,2.7466295,3.0,3.0,3.0,3.0,3.0,3.0,3.0,4.727832,-2.2383428,-0.18622255,-21.548744
450,-1.1930674684799052,0.121924564,7.589433,0.39921835,0.9879393,0.12950817,-0.08113601,0.024911378,1.3892859,-3.8988826,0.061591536,0.21999976,-0.5870991,0.106087245,3.0,3.0,3.0,3.0,3.0,3.0,3.0,3.0,3.0,3.0,3.0,3.0,3.0,3.0,3.0,3.0,3.0,3.0,3.0,2.8888304,2.4739017,2.2222385,2.0742555,2.0017762,1.992694,2.0455666,2.1690226,2.3854742,2.7424815,3.0,3.0,3.0,3.0,3.0,3.0,3.0,4.3548164,-1.577714,0.13943803,9.18959
455,-1.181189342577793,0.09341403,7.67105,0.39830032,0.9874061,0.13073996,-0.08557963,0.024747279,1.3468815,-3.9427555,0.078205414,0.009563141,-0.17158584,-0.30894592,3.0,3.0,3.0,3.0,3.0,3.0,3.0,3.0,3.0,3.0,3.0,3.0,3.0,3.0,3.0,3.0,3.0,3.0,3.0,2.7739995,2.3900814,2.1570854,2.0214465,1.9578245,1.9556948,2.0147195,2.1446085,2.3693523,2.7397034,3.0,3.0,3.0,3.0,3.0,3.0,3.0,2.4184556,-0.659811,0.41743386,19.905624
460,-1.1897325054994425,0.066078775,7.7540255,0.39541852,0.98762923,0.12872018,-0.08709105,0.020851512,1.2820415,-4.019984,0.21732508,-0.16853483,-0.10631207,-0.4202848,3.0,3.0,3.0,3.0,3.0,3.0,3.0,3.0,3.0,3.0,3.0,3.0,3.0,3.0,3.0,3.0,3.0,3.0,3.0,2.7705052,2.395184,2.1674192,2.035693,1.9756505,1.97741,2.04125,2.1777263,2.4123082,2.7988362,3.0,3.0,3.0,3.0,3.0,3.0,3.0,-0.792758,-1.3362222,-0.07551479,42.0615
465,-1.1802165286875155,0.03998436,7.8383956,0.39034894,0.9878216,0.12657729,-0.08859577,0.018371789,1.2334207,-4.068463,0.2570289,-0.08709789,-0.11682753,-0.16368027,3.0,3.0,3.0,3.0,3.0,3.0,3.0,3.0,3.0,3.0,3.0,3.0,3.0,3.0,3.0,3.0,3.0,3.0,3.0,2.773487,2.4071727,2.1849766,2.057569,2.0016701,2.0081303,2.0779748,2.2228262,2.4700606,2.8775496,3.0,3.0,3.0,3.0,3.0,3.0,3.0,-1.9994287,-3.8789053,0.94176817,21.92791
470,-1.1899528389142793,0.015097334,7.924033,0.38341418,0.9879558,0.12526874,-0.08948255,0.015617128,1.1736466,-4.131089,0.35534635,-0.03565431,-0.08429781,-0.35031295,3.0,3.0,3.0,3.0,3.0,3.0,3.0,3.0,3.0,3.0,3.0,3.0,3.0,3.0,3.0,3.0,3.0,3.0,3.0,2.7966528,2.432058,2.2109945,2.0848384,2.0306723,2.0396538,2.1132092,2.2636206,2.5195045,2.9413753,3.0,3.0,3.0,3.0,3.0,3.0,3.0,0.6955137,-4.6744227,0.86605227,31.69175
475,-1.2178660579341931,-0.008626831,8.010827,0.37493503,0.98762876,0.12651414,-0.092155665,0.009537313,1.1230487,-4.1782775,0.3991423,0.2614931,-0.15861487,-0.8332475,3.0,3.0,3.0,3.0,3.0,3.0,3.0,3.0,3.0,3.0,3.0,3.0,3.0,3.0,3.0,3.0,3.0,3.0,3.0,2.7813876,2.42095,2.202456,2.07805,2.025191,2.035261,2.1098588,2.2614608,2.5189996,2.943672,3.0,3.0,3.0,3.0,3.0,3.0,3.0,-2.8345776,-0.9320116,0.3396876,7.379036
480,-1.229899034711277,-0.031519916,8.098257,0.3668649,0.98696226,0.12817436,-0.09734531,0.00084186095,1.0856469,-4.204629,0.36348873,0.3337037,-0.4400629,-0.9584486,3.0,3.0,3.0,3.0,3.0,3.0,3.0,3.0,3.0,3.0,3.0,3.0,3.0,3.0,3.0,3.0,3.0,3.0,3.0,2.7132277,2.369126,2.1607454,2.0431185,1.9951285,2.0089822,2.0868816,2.2419343,2.504068,2.93666,3.0,3.0,3.0,3.0,3.0,3.0,3.0,4.7429523,0.51653004,0.4187441,17.019833
485,-1.2035937907211722,-0.05378287,8.186004,0.3604238,0.9864437,0.12865263,-0.101643816,-0.0067734243,1.0510576,-4.2244096,0.3018991,-0.1583499,-0.15166695,-0.5138383,3.0,3.0,3.0,3.0,3.0,3.0,3.0,3.0,3.0,3.0,3.0,3.0,3.0,3.0,3.0,3.0,3.0,3.0,3.0,2.6639805,2.333521,2.1336749,2.021948,1.9784635,1.9961861,2.0779366,2.2375596,2.506234,2.9501045,3.0,3.0,3.0,3.0,3.0,3.0,3.0,-2.7186394,-4.006495,-0.46008253,41.300987
490,-1.2016012973245929,-0.07487327,8.274703,0.35321477,0.9862312,0.12705684,-0.105267204,-0.011106801,0.9838271,-4.28267,0.38725212,-0.06763262,-0.38509405,-0.25784764,3.0,3.0,3.0,3.0,3.0,3.0,3.0,3.0,3.0,3.0,3.0,3.0,3.0,3.0,3.0,3.0,3.0,3.0,3.0,2.6332061,2.3184214,2.128633,2.0244226,1.9875107,2.0119581,2.1016681,2.272007,2.5569363,3.0,3.0,3.0,3.0,3.0,3.0,3.0,3.0,2.7548523,-4.094005,0.377002,33.25437
495,-1.2002000622027258,-0.09458417,8.364542,0.34445047,0.9858754,0.12636673,-0.10939311,-0.0106861675,0.9166927,-4.336547,0.46078432,-0.00832729,-0.34765524,0.18090987,3.0,3.0,3.0,3.0,3.0,3.0,3.0,3.0,3.0,3.0,3.0,3.0,3.0,3.0,3.0,3.0,3.0,3.0,3.0,2.5866864,2.29078,2.1132436,2.018156,1.9890925,2.0214014,2.120264,2.302864,2.606541,3.0,3.0,3.0,3.0,3.0,3.0,3.0,3.0,-0.5658679,-4.402799,0.40356684,6.7024803
500,-1.2035586120685347,-0.11318675,8.455141,0.33550954,0.98515165,0.1281225,-0.11377095,-0.010816991,0.8834484,-4.349651,0.3800914,0.16989829,-0.41343832,-0.060556352,3.0,3.0,3.0,3.0,3.0,3.0,3.0,3.0,3.0,3.0,3.0,3.0,3.0,3.0,3.0,3.0,3.0,3.0,3.0,2.5334072,2.2508209,2.0818584,1.9928143,1.9684315,2.0048172,2.1078246,2.2955163,2.6068518,3.0,3.0,3.0,3.0,3.0,3.0,3.0,3.0,2.2787404,-4.2112875,-0.3545714,-20.387197
505,-1.1941077602831354,-0.1309821,8.546127,0.32785082,0.98474306,0.12909472,-0.11624574,-0.010130559,0.8334852,-4.3802724,0.36382085,0.027289186,-0.20971625,0.10202117,3.0,3.0,3.0,3.0,3.0,3.0,3.0,3.0,3.0,3.0,3.0,3.0,3.0,3.0,3.0,3.0,3.0,3.0,2.9697912,2.5131824,2.2371883,2.0725565,1.9867218,1.9650465,2.0040748,2.1100981,2.3018124,2.6193871,3.0,3.0,3.0,3.0,3.0,3.0,3.0,3.0,2.3118834,-2.2394872,-0.038504243,26.919891
510,-1.2003070376275244,-0.14780347,8.637671,0.32083282,0.9846746,0.12930985,-0.1167464,-0.008074142,0.7850107,-4.4089303,0.3393137,-0.17766978,-0.13436067,0.24787582,3.0,3.0,3.0,3.0,3.0,3.0,3.0,3.0,3.0,3.0,3.0,3.0,3.0,3.0,3.0,3.0,3.0,3.0,2.9810743,2.5256011,2.2501717,2.08606,2.000924,1.9802748,2.020822,2.1291084,2.3242779,2.6473968,3.0,3.0,3.0,3.0,3.0,3.0,3.0,3.0,1.5325718,-4.8244586,-0.056319773,16.657547
515,-1.1939405473750833,-0.16346902,8.729973,0.31372678,0.98473275,0.128044,-0.117754914,-0.0063184844,0.7235571,-4.4515533,0.367845,-0.0148916915,-0.15337157,-0.036499985,3.0,3.0,3.0,3.0,3.0,3.0,3.0,3.0,3.0,3.0,3.0,3.0,3.0,3.0,3.0,3.0,3.0,3.0,2.9799595,2.5338123,2.2636836,2.1033552,2.021598,2.0045884,2.0496197,2.163983,2.3680675,2.7054174,3.0,3.0,3.0,3.0,3.0,3.0,3.0,3.0,-2.120295,-3.3029938,0.6715665,37.98442
520,-1.2053273172895844,-0.17762412,8.823395,0.30511406,0.9842931,0.1279766,-0.121431656,-0.006592591,0.651248,-4.5042987,0.43782222,0.28563094,-0.21052754,-0.037110656,3.0,3.0,3.0,3.0,3.0,3.0,3.0,3.0,3.0,3.0,3.0,3.0,3.0,3.0,3.0,3.0,3.0,3.0,2.9275453,2.5015607,2.2433014,2.0909646,2.015343,2.0037587,2.0543709,2.175418,2.388748,2.7407992,3.0,3.0,3.0,3.0,3.0,3.0,3.0,3.0,0.9854269,-2.7357512,-0.5676048,24.18692
525,-1.2057809995553859,-0.19089252,8.917245,0.29754964,0.9836371,0.13086906,-0.12361873,-0.0070536025,0.62727195,-4.505254,0.3133194,0.28518793,-0.2104401,-0.037140403,3.0,3.0,3.0,3.0,3.0,3.0,3.0,3.0,3.0,3.0,3.0,3.0,3.0,3.0,3.0,3.0,3.0,3.0,2.9105563,2.4848907,2.2268753,2.0745044,1.9984839,1.9860499,2.0352268,2.154011,2.3637943,2.7100787,3.0,3.0,3.0,3.0,3.0,3.0,3.0,3.0,4.740206,-3.3651333,0.7486887,-1.4419861
530,-1.2189119468114968,-0.20321906,9.0115795,0.29089686,0.9830467,0.13376679,-0.124918394,-0.011000444,0.5759797,-4.5348773,0.292465,0.29546434,0.034305137,-0.50721896,3.0,3.0,3.0,3.0,3.0,3.0,3.0,3.0,3.0,3.0,3.0,3.0,3.0,3.0,3.0,3.0,3.0,3.0,2.9222298,2.4870508,2.223488,2.0672274,1.9879235,1.9721895,2.0175228,2.1312702,2.3337567,2.668346,3.0,3.0,3.0,3.0,3.0,3.0,3.0,3.0,-2.4602537,-0.123003006,0.6972468,-8.646996
535,-1.23001152464614,-0.21439414,9.106618,0.28440687,0.9826756,0.13417369,-0.12672667,-0.016924996,0.514434,-4.5750756,0.30734897,0.20030807,-0.093105055,-0.7560737,3.0,3.0,3.0,3.0,3.0,3.0,3.0,3.0,3.0,3.0,3.0,3.0,3.0,3.0,3.0,3.0,3.0,3.0,2.9265144,2.490393,2.226269,2.069653,1.9901186,1.9742372,2.0194824,2.133186,2.3356595,2.670242,3.0,3.0,3.0,3.0,3.0,3.0,3.0,3.0,-1.289892,-1.8847835,-0.29649484,33.37642
540,-1.2189137527615344,-0.22450213,9.202255,0.2784456,0.9821665,0.1338742,-0.13002603,-0.022801118,0.4701345,-4.596298,0.2553815,0.038702004,-0.24833567,-0.47712216,3.0,3.0,3.0,3.0,3.0,3.0,3.0,3.0,3.0,3.0,3.0,3.0,3.0,3.0,3.0,3.0,3.0,3.0,2.894212,2.4692469,2.2116983,2.0594668,1.9832206,1.9701431,2.018156,2.1350605,2.3418736,2.683326,3.0,3.0,3.0,3.0,3.0,3.0,3.0,3.0,-2.3867202,-2.8510852,0.24005914,37.61019
545,-1.2455258148469228,-0.23327066,9.298719,0.27214587,0.98129517,0.13174467,-0.137878,-0.026320249,0.39777607,-4.6429653,0.29838058,-0.030263828,-0.8482993,-0.59984416,3.0,3.0,3.0,3.0,3.0,3.0,3.0,3.0,3.0,3.0,3.0,3.0,3.0,3.0,3.0,3.0,3.0,3.0,2.7605476,2.3800373,2.1491067,2.014831,1.9521756,1.9507853,2.0104396,2.1409616,2.3665051,2.7381592,3.0,3.0,3.0,3.0,3.0,3.0,3.0,3.0,4.9373217,-4.3227997,0.6859412,44.27442
550,-1.2257337974298559,-0.24076238,9.395871,0.2659193,0.9803538,0.13027336,-0.1452937,-0.028723503,0.33875832,-4.672186,0.28249687,-0.033638295,-0.6036878,-0.15040253,3.0,3.0,3.0,3.0,3.0,3.0,3.0,3.0,3.0,3.0,3.0,3.0,3.0,3.0,3.0,3.0,3.0,3.0,2.6463406,2.301306,2.0921016,1.9727087,1.9214373,1.9299176,1.999496,2.1417902,2.383871,2.7829843,3.0,3.0,3.0,3.0,3.0,3.0,3.0,3.0,4.5413103,-4.5062485,0.30567884,29.286232
555,-1.2067813465613042,-0.24708803,9.493528,0.2603652,0.98002476,0.12867735,-0.14877242,-0.029332556,0.2728887,-4.703643,0.27831677,-0.1890195,-0.046439383,-0.071342714,3.0,3.0,3.0,3.0,3.0,3.0,3.0,3.0,3.0,3.0,3.0,3.0,3.0,3.0,3.0,3.0,3.0,3.0,2.603867,2.2754557,2.0766382,1.964671,1.9194995,1.9337952,2.0098314,2.1604216,2.414719,2.8344824,3.0,3.0,3.0,3.0,3.0,3.0,3.0,3.0,1.6417785,-4.5182524,0.8432033,33.120804
560,-1.2108968383080194,-0.25187373,9.591961,0.25440395,0.98031926,0.12750603,-0.1479124,-0.02895317,0.2025091,-4.7374835,0.28684396,-0.066898905,0.16985853,-0.19780576,3.0,3.0,3.0,3.0,3.0,3.0,3.0,3.0,3.0,3.0,3.0,3.0,3.0,3.0,3.0,3.0,3.0,3.0,2.6381636,2.306748,2.106159,1.9933873,1.948267,1.9634829,2.041455,2.195339,2.4549882,2.8836668,3.0,3.0,3.0,3.0,3.0,3.0,3.0,3.0,0.28788614,-4.9104433,0.25599217,23.803604
565,-1.2088970325159012,-0.255054,9.69121,0.24779807,0.980637,0.12689257,-0.14605144,-0.030304339,0.11808975,-4.782735,0.34183702,-0.14617287,0.10319903,-0.05677619,3.0,3.0,3.0,3.0,3.0,3.0,3.0,3.0,3.0,3.0,3.0,3.0,3.0,3.0,3.0,3.0,3.0,3.0,2.6984231,2.355974,2.1485865,2.031488,1.9836509,1.9973058,2.0746233,2.2286098,2.488978,2.918644,3.0,3.0,3.0,3.0,3.0,3.0,3.0,3.0,-2.1218367,-4.107706,0.5283525,27.424362
570,-1.2155407007607724,-0.25636926,9.791488,0.23967266,0.98061734,0.12494289,-0.1476159,-0.03143942,0.03651309,-4.825268,0.39055005,0.041079447,-0.15682963,-0.25189647,3.0,3.0,3.0,3.0,3.0,3.0,3.0,3.0,3.0,3.0,3.0,3.0,3.0,3.0,3.0,3.0,3.0,3.0,2.6995168,2.364664,2.162162,2.048953,2.004896,2.0228636,2.105716,2.2674837,2.539766,2.9895983,3.0,3.0,3.0,3.0,3.0,3.0,3.0,3.0,3.7271862,-1.8718979,0.071217775,38.689064
575,-1.2261895385564165,-0.25658572,9.892149,0.23242587,0.98062867,0.123359405,-0.14828202,-0.03409293,-0.024194362,-4.849501,0.3724978,-0.30788118,0.0034159534,-0.36869743,3.0,3.0,3.0,3.0,3.0,3.0,3.0,3.0,3.0,3.0,3.0,3.0,3.0,3.0,3.0,3.0,3.0,3.0,2.7179635,2.3846188,2.1831958,2.07118,2.0287316,2.0489955,2.1351998,2.3019931,2.5821586,3.0,3.0,3.0,3.0,3.0,3.0,3.0,3.0,3.0,-4.4457903,-4.4669967,0.6679652,34.010086
580,-1.2280612344413953,-0.25457314,9.994052,0.22256666,0.9807471,0.12014844,-0.14920218,-0.03792391,-0.12674578,-4.9049315,0.4843207,-0.28364843,-0.005914337,-0.39416853,3.0,3.0,3.0,3.0,3.0,3.0,3.0,3.0,3.0,3.0,3.0,3.0,3.0,3.0,3.0,3.0,3.0,3.0,2.7418225,2.4134347,2.2154093,2.1065698,2.067811,2.0928953,2.1858263,2.362513,2.6581452,3.0,3.0,3.0,3.0,3.0,3.0,3.0,3.0,3.0,-2.490387,-3.987459,0.030171514,26.309708
585,-1.2272045732337133,-0.25127047,10.096429,0.21300282,0.98052824,0.11710915,-0.15205151,-0.041594572,-0.18913174,-4.926747,0.47081783,0.007345345,-0.25514507,-0.3660992,3.0,3.0,3.0,3.0,3.0,3.0,3.0,3.0,3.0,3.0,3.0,3.0,3.0,3.0,3.0,3.0,3.0,3.0,2.7284665,2.4131138,2.2236702,2.1215768,2.0891376,2.121155,2.2227576,2.4115431,2.7258854,3.0,3.0,3.0,3.0,3.0,3.0,3.0,3.0,3.0,-0.9842882,-4.8797936,0.46341705,34.20804
590,-1.2388962939144679,-0.24672304,10.199202,0.20390937,0.97942513,0.11848413,-0.15649967,-0.046858557,-0.22868407,-4.9308214,0.3861114,0.19978829,-0.3809503,-0.52990586,3.0,3.0,3.0,3.0,3.0,3.0,3.0,3.0,3.0,3.0,3.0,3.0,3.0,3.0,3.0,3.0,3.0,3.0,2.6944525,2.3848178,2.198939,2.0991094,2.0680587,2.1008148,2.2026281,2.3911676,2.7048855,3.0,3.0,3.0,3.0,3.0,3.0,3.0,3.0,3.0,2.7725878,-4.106483,0.07548535,29.685242
595,-1.2255390788094718,-0.24157311,10.301894,0.19728121,0.9784969,0.11910264,-0.16030437,-0.051583253,-0.26760823,-4.933596,0.29563066,-0.045491785,-0.20247068,-0.35389477,3.0,3.0,3.0,3.0,3.0,3.0,3.0,3.0,3.0,3.0,3.0,3.0,3.0,3.0,3.0,3.0,3.0,3.0,2.6630597,2.35959,2.1776059,2.0803678,2.0511003,2.0851212,2.187889,2.3772893,2.6921408,3.0,3.0,3.0,3.0,3.0,3.0,3.0,3.0,3.0,2.9629507,-4.637723,0.5010648,32.39395
600,-1.2322471945871718,-0.23511025,10.404973,0.19113794,0.97854084,0.12009053,-0.159943,-0.049541604,-0.34952435,-4.9645143,0.32504717,-0.017853538,0.106520586,0.5086762,3.0,3.0,3.0,3.0,3.0,3.0,3.0,3.0,3.0,3.0,3.0,3.0,3.0,3.0,3.0,3.0,3.0,3.0,2.6861558,2.3782244,2.1934242,2.0943198,2.0637798,2.0969157,2.19904,2.3878903,2.7020373,3.0,3.0,3.0,3.0,3.0,3.0,3.0,3.0,3.0,-1.2605891,-4.5801196,-0.025167108,35.174767
605,-1.231795377271966,-0.22701375,10.5086565,0.1845656,0.97863984,0.122309245,-0.15869145,-0.0460605,-0.40991887,-4.9818535,0.29581895,0.24512663,0.06267902,0.42923728,3.0,3.0,3.0,3.0,3.0,3.0,3.0,3.0,3.0,3.0,3.0,3.0,3.0,3.0,3.0,3.0,3.0,3.0,2.7241414,2.406139,2.2148829,2.1112175,2.0771122,2.1070967,2.2059684,2.3907952,2.6989307,3.0,3.0,3.0,3.0,3.0,3.0,3.0,3.0,3.0,1.3396449,-0.86506176,0.10189521,31.476555
610,-1.2267601146962983,-0.2180739,10.6124325,0.17975302,0.9787674,0.12502816,-0.15651226,-0.043430798,-0.44167423,-4.980778,0.18737559,0.20357944,0.22739515,0.25345054,3.0,3.0,3.0,3.0,3.0,3.0,3.0,3.0,3.0,3.0,3.0,3.0,3.0,3.0,3.0,3.0,3.0,3.0,2.775624,2.4420176,2.2407799,2.1299746,2.0901265,2.1148198,2.2079942,2.3855827,2.6828845,3.0,3.0,3.0,3.0,3.0,3.0,3.0,3.0,3.0,0.92883015,-3.788218,-0.454001,43.036514
615,-1.2316196768986503,-0.20764428,10.716807,0.17475976,0.978993,0.1257122,-0.15530214,-0.040624607,-0.54794985,-5.035599,0.29850954,-0.22791234,-0.12738249,0.36750868,3.0,3.0,3.0,3.0,3.0,3.0,3.0,3.0,3.0,3.0,3.0,3.0,3.0,3.0,3.0,3.0,3.0,3.0,2.8082254,2.4683087,2.263136,2.149761,2.1082044,2.1317682,2.22421,2.4013026,2.6981075,3.0,3.0,3.0,3.0,3.0,3.0,3.0,3.0,3.0,0.9088793,-4.983041,-0.8077555,43.656372
620,-1.2245719928915275,-0.19514681,10.822226,0.16784003,0.9789923,0.12616411,-0.1556599,-0.03777231,-0.6331752,-5.07535,0.3508385,0.22452638,-0.07750811,0.14402735,3.0,3.0,3.0,3.0,3.0,3.0,3.0,3.0,3.0,3.0,3.0,3.0,3.0,3.0,3.0,3.0,3.0,3.0,2.8185055,2.4788725,2.2739515,2.1609707,2.120053,2.144608,2.2385528,2.4179387,2.7183712,3.0,3.0,3.0,3.0,3.0,3.0,3.0,3.0,3.0,3.0855427,-2.2316298,0.018849373,36.929688
625,-1.2359220331013137,-0.18141101,10.928077,0.16139114,0.9786731,0.12777856,-0.15700465,-0.034944236,-0.6779636,-5.085546,0.28563848,0.040867265,-0.2229538,0.43999666,3.0,3.0,3.0,3.0,3.0,3.0,3.0,3.0,3.0,3.0,3.0,3.0,3.0,3.0,3.0,3.0,3.0,3.0,2.8105187,2.4724221,2.2684596,2.1561036,2.1156003,2.1404274,2.2345457,2.414045,2.7145872,3.0,3.0,3.0,3.0,3.0,3.0,3.0,3.0,3.0,4.4958553,-4.3802404,-0.7336012,40.89238
630,-1.2306851310486993,-0.1669514,11.033988,0.15690874,0.97851914,0.12864634,-0.15821886,-0.030285526,-0.70562637,-5.0831747,0.17061922,-0.02533656,-0.09763809,0.37677082,3.0,3.0,3.0,3.0,3.0,3.0,3.0,3.0,3.0,3.0,3.0,3.0,3.0,3.0,3.0,3.0,3.0,3.0,2.7930975,2.4605372,2.2601094,2.1502888,2.11184,2.1385803,2.2347798,2.4169383,2.721456,3.0,3.0,3.0,3.0,3.0,3.0,3.0,3.0,3.0,3.5987196,-4.9567823,0.2528386,38.527237
635,-1.2215543961869457,-0.15163077,11.140071,0.15399179,0.9786176,0.12940618,-0.15751612,-0.027391396,-0.76314044,-5.1040206,0.14267942,0.07917651,0.16263346,0.05038727,3.0,3.0,3.0,3.0,3.0,3.0,3.0,3.0,3.0,3.0,3.0,3.0,3.0,3.0,3.0,3.0,3.0,3.0,2.808728,2.4729083,2.2704344,2.1592498,2.1198497,2.1458955,2.2415445,2.42318,2.7270129,3.0,3.0,3.0,3.0,3.0,3.0,3.0,3.0,3.0,-1.5136743,-4.6971793,-0.19199687,44.685905
640,-1.2293426086110149,-0.13536082,11.246404,0.15235627,0.9783128,0.13194574,-0.15701143,-0.02901349,-0.79107934,-5.1026464,0.030807758,0.30995783,0.033625912,-0.1454888,3.0,3.0,3.0,3.0,3.0,3.0,3.0,3.0,3.0,3.0,3.0,3.0,3.0,3.0,3.0,3.0,3.0,3.0,2.8296652,2.4827168,2.2730782,2.156509,2.1123645,2.1335168,2.223335,2.397083,2.6889167,3.0,3.0,3.0,3.0,3.0,3.0,3.0,3.0,3.0,4.8023987,-4.329725,-0.51231056,41.038612
645,-1.229693891266424,-0.11833853,11.352852,0.1525427,0.97819495,0.13388005,-0.15564254,-0.031403355,-0.84876376,-5.1256304,0.006475467,0.20674798,0.17656462,-0.18875548,3.0,3.0,3.0,3.0,3.0,3.0,3.0,3.0,3.0,3.0,3.0,3.0,3.0,3.0,3.0,3.0,3.0,3.0,2.8621714,2.5015686,2.2832766,2.1603982,2.1109345,2.1268623,2.2107143,2.3766258,2.6567342,3.0,3.0,3.0,3.0,3.0,3.0,3.0,3.0,3.0,3.4382076,-4.5431924,-0.45143104,44.95231
650,-1.2291692377831205,-0.100128815,11.459776,0.15325055,0.9783489,0.13418968,-0.15375127,-0.03445328,-0.8969596,-5.1417675,-0.04295193,-0.050031032,0.14544967,-0.2640468,3.0,3.0,3.0,3.0,3.0,3.0,3.0,3.0,3.0,3.0,3.0,3.0,3.0,3.0,3.0,3.0,3.0,3.0,2.9038222,2.5306132,2.3044562,2.1761014,2.1223755,2.1345325,2.2145038,2.3756945,2.6490002,3.0,3.0,3.0,3.0,3.0,3.0,3.0,3.0,3.0,2.0381842,-4.595876,-0.47737908,44.972717
655,-1.2267236443279375,-0.08103846,11.566938,0.15532517,0.978641,0.13404302,-0.15175731,-0.035552833,-0.9276693,-5.1439066,-0.14177164,0.005637027,0.24847516,0.04521588,3.0,3.0,3.0,3.0,3.0,3.0,3.0,3.0,3.0,3.0,3.0,3.0,3.0,3.0,3.0,3.0,3.0,3.0,2.9379928,2.5552456,2.3231819,2.190784,2.1340077,2.1435864,2.2210407,2.3793068,2.6485064,3.0,3.0,3.0,3.0,3.0,3.0,3.0,3.0,3.0,3.2178469,-3.75793,-0.2806872,44.64872
660,-1.2365451802828298,-0.061096206,11.674327,0.15878724,0.97910255,0.13500232,-0.14828838,-0.033810858,-0.9812108,-5.165444,-0.16906348,0.08680062,0.3215359,0.26833445,3.0,3.0,3.0,3.0,3.0,3.0,3.0,3.0,3.0,3.0,3.0,3.0,3.0,3.0,3.0,3.0,3.0,3.0,2.990979,2.5913415,2.3488684,2.209273,2.1469133,2.1515563,2.2239394,2.3760712,2.6365376,3.0,3.0,3.0,3.0,3.0,3.0,3.0,3.0,3.0,2.9841704,-4.2691355,0.2122457,44.457466
665,-1.2418562468040935,-0.039888844,11.782312,0.16228311,0.9799977,0.1342709,-0.14304015,-0.033397265,-1.0559872,-5.2071357,-0.12365054,-0.17126834,0.44773215,0.117877394,3.0,3.0,3.0,3.0,3.0,3.0,3.0,3.0,3.0,3.0,3.0,3.0,3.0,3.0,3.0,3.0,3.0,3.0,3.0,2.662592,2.405159,2.2556107,2.1861064,2.1851678,2.2526464,2.3996608,2.6534576,3.0,3.0,3.0,3.0,3.0,3.0,3.0,3.0,3.0,-2.9269829,-3.814479,-0.15808588,41.461403
670,-1.2465078714095792,-0.016657596,11.891591,0.16324042,0.9810046,0.13121797,-0.13927959,-0.031827167,-1.1578813,-5.273812,0.018052928,-0.24157976,0.461398,0.09937686,3.0,3.0,3.0,3.0,3.0,3.0,3.0,3.0,3.0,3.0,3.0,3.0,3.0,3.0,3.0,3.0,3.0,3.0,3.0,2.7243943,2.4608798,2.3077824,2.236596,2.235564,2.3045223,2.454833,2.7143486,3.0,3.0,3.0,3.0,3.0,3.0,3.0,3.0,3.0,0.44069052,-4.836775,0.32945764,44.53102
675,-1.270239119210721,0.008472065,12.002069,0.16183658,0.9825368,0.12847051,-0.13115236,-0.030262597,-1.226046,-5.3115983,0.06041729,-0.34444255,0.88679874,0.16226828,3.0,3.0,3.0,3.0,3.0,3.0,3.0,3.0,3.0,3.0,3.0,3.0,3.0,3.0,3.0,3.0,3.0,3.0,3.0,2.876652,2.5874517,2.4178421,2.3357038,2.3273554,2.391471,2.5385365,2.7953768,3.0,3.0,3.0,3.0,3.0,3.0,3.0,3.0,3.0,-2.327007,-4.868905,0.92769444,44.247787
680,-1.2829246474043607,0.035415825,12.11374,0.15789525,0.9842779,0.12498284,-0.12140303,-0.028940981,-1.3344337,-5.389715,0.26609856,-0.22282332,1.1051292,0.24614659,3.0,3.0,3.0,3.0,3.0,3.0,3.0,3.0,3.0,3.0,3.0,3.0,3.0,3.0,3.0,3.0,3.0,3.0,3.0,3.0,2.7670736,2.5733821,2.4753244,2.4563608,2.5134757,2.65593,2.9092076,3.0,3.0,3.0,3.0,3.0,3.0,3.0,3.0,3.0,-2.813134,-4.104138,0.81275415,21.346268
685,-1.270829332525522,0.06425961,12.226762,0.15056707,0.9857844,0.123129725,-0.11096405,-0.027480843,-1.4185734,-5.4502497,0.41696286,0.02868359,0.8428389,0.20150255,3.0,3.0,3.0,3.0,3.0,3.0,3.0,3.0,3.0,3.0,3.0,3.0,3.0,3.0,3.0,3.0,3.0,3.0,3.0,3.0,2.9874413,2.7576199,2.6349757,2.5983644,2.64193,2.7726643,3.0,3.0,3.0,3.0,3.0,3.0,3.0,3.0,3.0,3.0,1.9534249,-4.897053,0.7588353,40.521324
690,-1.2629515304238956,0.09446839,12.340723,0.14129229,0.9867592,0.122711696,-0.1026942,-0.026495518,-1.4637202,-5.4762526,0.4355844,-0.1261394,0.63042283,0.25549188,3.0,3.0,3.0,3.0,3.0,3.0,3.0,3.0,3.0,3.0,3.0,3.0,3.0,3.0,3.0,3.0,3.0,3.0,3.0,3.0,3.0,2.9238296,2.7750704,2.7193413,2.7476485,2.8645034,3.0,3.0,3.0,3.0,3.0,3.0,3.0,3.0,3.0,3.0,-3.8283496,-4.3748465,-0.4814759,23.752098
695,-1.2528350732734836,0.12533592,12.454969,0.1326365,0.987217,0.1233443,-0.09744778,-0.026318213,-1.488607,-5.4834037,0.38025975,0.124499716,0.4613869,0.02613899,3.0,3.0,3.0,3.0,3.0,3.0,3.0,3.0,3.0,3.0,3.0,3.0,3.0,3.0,3.0,3.0,3.0,3.0,3.0,3.0,3.0,3.0,2.8696399,2.7980382,2.8133233,2.9179225,3.0,3.0,3.0,3.0,3.0,3.0,3.0,3.0,3.0,3.0,-4.701992,-4.5169396,-0.15946299,43.529366
700,-1.2464585192002486,0.15664323,12.5693035,0.12538384,0.9870776,0.12585193,-0.09505394,-0.028352141,-1.5089399,-5.487398,0.31174028,0.24958965,0.1749535,-0.16143936,3.0,3.0,3.0,3.0,3.0,3.0,3.0,3.0,3.0,3.0,3.0,3.0,3.0,3.0,3.0,3.0,3.0,3.0,3.0,3.0,3.0,3.0,2.9013793,2.816923,2.8205202,2.9127421,3.0,3.0,3.0,3.0,3.0,3.0,3.0,3.0,3.0,3.0,0.4406662,-4.640496,-0.41765738,40.278778
705,-1.2495864844518796,0.18824491,12.68358,0.12013769,0.9868733,0.12905124,-0.092642576,-0.0290546,-1.5211158,-5.4827127,0.20702988,0.33006406,0.23148876,0.05823289,3.0,3.0,3.0,3.0,3.0,3.0,3.0,3.0,3.0,3.0,3.0,3.0,3.0,3.0,3.0,3.0,3.0,3.0,3.0,3.0,3.0,3.0,2.9181228,2.8204167,2.8117058,2.890608,3.0,3.0,3.0,3.0,3.0,3.0,3.0,3.0,3.0,3.0,-1.9412374,-4.107543,-0.58525026,44.646187
710,-1.2403863675067741,0.22015552,12.797854,0.11674906,0.98675394,0.13174437,-0.09026635,-0.028497785,-1.5482183,-5.4997067,0.18142392,0.11181535,0.02444603,0.16979234,3.0,3.0,3.0,3.0,3.0,3.0,3.0,3.0,3.0,3.0,3.0,3.0,3.0,3.0,3.0,3.0,3.0,3.0,3.0,3.0,3.0,3.0,2.932996,2.8237643,2.8045313,2.8722396,3.0,3.0,3.0,3.0,3.0,3.0,3.0,3.0,3.0,3.0,1.5757627,-4.8220396,0.12416601,44.876137
715,-1.2537788069888953,0.2525582,12.9124,0.11421863,0.9866171,0.13422112,-0.089039885,-0.025363166,-1.5597934,-5.4969273,0.08035359,0.28437504,0.07471542,0.34898353,3.0,3.0,3.0,3.0,3.0,3.0,3.0,3.0,3.0,3.0,3.0,3.0,3.0,3.0,3.0,3.0,3.0,3.0,3.0,3.0,3.0,3.0,2.9279988,2.8128462,2.7879121,2.8492281,3.0,3.0,3.0,3.0,3.0,3.0,3.0,3.0,3.0,3.0,-3.458983,-4.449199,0.61817956,44.908768
720,-1.2431518577912875,0.28557402,13.027431,0.11183057,0.98644155,0.13645536,-0.08804222,-0.023697136,-1.5922043,-5.52497,0.09027262,0.15149759,-0.023572667,0.16578586,3.0,3.0,3.0,3.0,3.0,3.0,3.0,3.0,3.0,3.0,3.0,3.0,3.0,3.0,3.0,3.0,3.0,3.0,3.0,3.0,3.0,3.0,2.923218,2.802531,2.7723095,2.8277357,2.9777462,3.0,3.0,3.0,3.0,3.0,3.0,3.0,3.0,3.0,-0.16617727,-4.7829857,0.23130608,44.453712
725,-1.2547135289876432,0.31905735,13.142771,0.11027056,0.98618734,0.13836351,-0.08751226,-0.025133785,-1.6170152,-5.543773,0.06395998,0.21347581,0.16283803,-0.35290766,3.0,3.0,3.0,3.0,3.0,3.0,3.0,3.0,3.0,3.0,3.0,3.0,3.0,3.0,3.0,3.0,3.0,3.0,3.0,3.0,3.0,3.0,2.915769,2.789944,2.7547686,2.8046253,2.9475298,3.0,3.0,3.0,3.0,3.0,3.0,3.0,3.0,3.0,-4.350875,-4.7729044,-0.38393068,43.385056
730,-1.2600525122805726,0.3531,13.258576,0.109022915,0.9859739,0.13792707,-0.089754656,-0.027850997,-1.647938,-5.5724144,0.07053397,-0.2543338,-0.40172362,-0.19015384,3.0,3.0,3.0,3.0,3.0,3.0,3.0,3.0,3.0,3.0,3.0,3.0,3.0,3.0,3.0,3.0,3.0,3.0,3.0,3.0,3.0,3.0,2.895225,2.7755263,2.7454388,2.800166,2.948531,3.0,3.0,3.0,3.0,3.0,3.0,3.0,3.0,3.0,-2.498709,-4.946825,0.27917945,25.292244
735,-1.2586026487441004,0.3878941,13.375112,0.10713966,0.9859227,0.13544971,-0.094342105,-0.026633989,-1.6760808,-5.59474,0.057682123,-0.29842687,-0.3625027,0.055273943,3.0,3.0,3.0,3.0,3.0,3.0,3.0,3.0,3.0,3.0,3.0,3.0,3.0,3.0,3.0,3.0,3.0,3.0,3.0,3.0,3.0,3.0,2.8627558,2.7609563,2.7467406,2.817851,2.9858768,3.0,3.0,3.0,3.0,3.0,3.0,3.0,3.0,3.0,2.0030508,-4.950718,-0.019748032,38.108322
740,-1.2664829903993622,0.4231572,13.491894,0.10623318,0.98636127,0.13164298,-0.09548986,-0.025361722,-1.7149341,-5.6274886,0.088311926,-0.5716726,0.16786154,0.03845804,3.0,3.0,3.0,3.0,3.0,3.0,3.0,3.0,3.0,3.0,3.0,3.0,3.0,3.0,3.0,3.0,3.0,3.0,3.0,3.0,3.0,3.0,2.8902922,2.797906,2.7934928,2.8763523,3.0,3.0,3.0,3.0,3.0,3.0,3.0,3.0,3.0,3.0,3.3759346,-4.9397554,0.29975176,42.384483
745,-1.2882946737118774,0.45930922,13.609446,0.10427893,0.98748296,0.12698199,-0.089869455,-0.02600843,-1.7488749,-5.652555,0.09866213,-0.53770363,0.819715,-0.17793351,3.0,3.0,3.0,3.0,3.0,3.0,3.0,3.0,3.0,3.0,3.0,3.0,3.0,3.0,3.0,3.0,3.0,3.0,3.0,3.0,3.0,3.0,3.0,2.9316418,2.9207344,3.0,3.0,3.0,3.0,3.0,3.0,3.0,3.0,3.0,3.0,3.0,1.7429757,-4.7240744,0.89013934,22.470901
750,-1.3001450323413857,0.49652734,13.728017,0.10005531,0.9889392,0.12122418,-0.08094023,-0.02743344,-1.8057059,-5.709951,0.24594834,-0.51647377,1.0639634,-0.05684227,3.0,3.0,3.0,3.0,3.0,3.0,3.0,3.0,3.0,3.0,3.0,3.0,3.0,3.0,3.0,3.0,3.0,3.0,3.0,3.0,3.0,3.0,3.0,3.0,3.0,3.0,3.0,3.0,3.0,3.0,3.0,3.0,3.0,3.0,3.0,3.0,-1.1295199,-4.807969,0.66225374,-7.4633255
755,-1.324126029314053,0.5347263,13.847566,0.09338567,0.99090296,0.11375396,-0.066297814,-0.02785708,-1.847369,-5.7515616,0.34943104,-0.7394427,1.4420918,0.19373953,3.0,3.0,3.0,3.0,3.0,3.0,3.0,3.0,3.0,3.0,3.0,3.0,3.0,3.0,3.0,3.0,3.0,3.0,3.0,3.0,3.0,3.0,3.0,3.0,3.0,3.0,3.0,3.0,3.0,3.0,3.0,3.0,3.0,3.0,3.0,3.0,0.5760536,-4.9655113,0.44604862,9.788887
760,-1.33664168155673,0.57347095,13.967613,0.085855864,0.99260944,0.10741329,-0.049403276,-0.02735368,-1.8670796,-5.768965,0.36893398,-0.5241966,1.7766281,0.23295675,3.0,3.0,3.0,3.0,3.0,3.0,3.0,3.0,3.0,3.0,3.0,3.0,3.0,3.0,3.0,3.0,3.0,3.0,3.0,3.0,3.0,3.0,3.0,3.0,3.0,3.0,3.0,3.0,3.0,3.0,3.0,3.0,3.0,3.0,3.0,3.0,-2.9469438,-4.621722,0.16537857,9.296627
765,-1.3323078473414967,0.61256534,14.088069,0.077523366,0.99397707,0.101879925,-0.031042255,-0.025816586,-1.881248,-5.7888694,0.4149364,-0.28224835,1.7183031,0.27481166,3.0,3.0,3.0,3.0,3.0,3.0,3.0,3.0,3.0,3.0,3.0,3.0,3.0,3.0,3.0,3.0,3.0,3.0,3.0,3.0,3.0,3.0,3.0,3.0,3.0,3.0,3.0,3.0,3.0,3.0,3.0,3.0,3.0,3.0,3.0,3.0,-3.1118333,-4.96582,-0.17863566,-5.1031647
770,-1.318344623353973,0.651727,14.208599,0.06971719,0.99467933,0.098942064,-0.014478057,-0.024775792,-1.8794402,-5.787207,0.3681098,-0.25547466,1.4166261,0.29643357,3.0,3.0,3.0,3.0,3.0,3.0,3.0,3.0,3.0,3.0,3.0,3.0,3.0,3.0,3.0,3.0,3.0,3.0,3.0,3.0,3.0,3.0,3.0,3.0,3.0,3.0,3.0,3.0,3.0,3.0,3.0,3.0,3.0,3.0,3.0,3.0,-1.0208483,-4.8365316,0.86485994,28.46135
775,-1.3293213175037855,0.6908743,14.329524,0.060690608,0.99520457,0.094718635,0.0017667082,-0.024353392,-1.8768934,-5.809971,0.4482234,-0.43267927,1.6118782,0.17598005,3.0,3.0,3.0,3.0,3.0,3.0,3.0,3.0,3.0,3.0,3.0,3.0,3.0,3.0,3.0,3.0,3.0,3.0,3.0,3.0,3.0,3.0,3.0,3.0,3.0,3.0,3.0,3.0,3.0,3.0,3.0,3.0,3.0,3.0,3.0,3.0,-4.177086,-4.9320893,0.17264378,6.09552
780,-1.3001572183929189,0.72982734,14.450863,0.050121646,0.9955138,0.09052988,0.014935752,-0.023098031,-1.8641131,-5.8344784,0.5517621,-0.21676177,0.95457643,0.42877513,3.0,3.0,3.0,3.0,3.0,3.0,3.0,3.0,3.0,3.0,3.0,3.0,3.0,3.0,3.0,3.0,3.0,3.0,3.0,3.0,3.0,3.0,3.0,3.0,3.0,3.0,3.0,3.0,3.0,3.0,3.0,3.0,3.0,3.0,3.0,3.0,-0.41351557,-4.97799,0.5032841,-3.1109085
785,-1.2976325131447202,0.7684491,14.572485,0.038476966,0.99545455,0.08914116,0.026941651,-0.019956568,-1.8464347,-5.8388615,0.5577103,0.045243267,0.98289573,0.23909378,3.0,3.0,3.0,3.0,3.0,3.0,3.0,3.0,3.0,3.0,3.0,3.0,3.0,3.0,3.0,3.0,3.0,3.0,3.0,3.0,3.0,3.0,3.0,3.0,3.0,3.0,3.0,3.0,3.0,3.0,3.0,3.0,3.0,3.0,3.0,3.0,0.8269396,-4.908149,0.45478976,-2.6092148
790,-1.2996184949805443,0.80665463,14.6941185,0.02710657,0.9952208,0.0884076,0.037673052,-0.01733224,-1.8243275,-5.8398266,0.5473113,0.0068626753,0.92671204,0.50147474,3.0,3.0,3.0,3.0,3.0,3.0,3.0,3.0,3.0,3.0,3.0,3.0,3.0,3.0,3.0,3.0,3.0,3.0,3.0,3.0,3.0,3.0,3.0,3.0,3.0,3.0,3.0,3.0,3.0,3.0,3.0,3.0,3.0,3.0,3.0,3.0,-2.7325299,-4.8805304,-0.021309495,15.400375
795,-1.3101560861958585,0.8443332,14.815813,0.015712654,0.99481446,0.08755104,0.049997743,-0.0133888135,-1.799132,-5.8389783,0.52789813,0.024289029,1.1862634,0.43420455,3.0,3.0,3.0,3.0,3.0,3.0,3.0,3.0,3.0,3.0,3.0,3.0,3.0,3.0,3.0,3.0,3.0,3.0,3.0,3.0,3.0,3.0,3.0,3.0,3.0,3.0,3.0,3.0,3.0,3.0,3.0,3.0,3.0,3.0,3.0,3.0,1.9460211,-4.985456,-0.056476235,-3.616764
800,-1.2962857749904015,0.88154435,14.937264,0.0059711956,0.9942139,0.08719373,0.061914142,-0.010129262,-1.7739705,-5.828533,0.45568457,0.031174349,0.9472882,0.29357645,3.0,3.0,3.0,3.0,3.0,3.0,3.0,3.0,3.0,3.0,3.0,3.0,3.0,3.0,3.0,3.0,3.0,3.0,3.0,3.0,3.0,3.0,3.0,3.0,3.0,3.0,3.0,3.0,3.0,3.0,3.0,3.0,3.0,3.0,3.0,3.0,-4.3875,-4.9917626,0.3147645,1.8216667
805,-1.2999522672858232,0.918156,15.058567,-0.0026450993,0.99345666,0.08878242,0.07147459,-0.0072729765,-1.7446823,-5.8203316,0.3951418,0.2423244,0.87977207,0.5628752,3.0,3.0,3.0,3.0,3.0,3.0,3.0,3.0,3.0,3.0,3.0,3.0,3.0,3.0,3.0,3.0,3.0,3.0,3.0,3.0,3.0,3.0,3.0,3.0,3.0,3.0,3.0,3.0,3.0,3.0,3.0,3.0,3.0,3.0,3.0,3.0,2.2207603,-4.7863903,-0.14255661,23.512894
810,-1.3114426391043903,0.95404387,15.179811,-0.010578118,0.99246997,0.089828566,0.0832402,-0.0022875203,-1.7109952,-5.8150697,0.34821132,0.15250699,1.156666,0.58702165,3.0,3.0,3.0,3.0,3.0,3.0,3.0,3.0,3.0,3.0,3.0,3.0,3.0,3.0,3.0,3.0,3.0,3.0,3.0,3.0,3.0,3.0,3.0,3.0,3.0,3.0,3.0,3.0,3.0,3.0,3.0,3.0,3.0,3.0,3.0,3.0,-3.5911238,-4.8958755,-0.5170809,-15.42445
815,-1.3105772551865607,0.9893833,15.300725,-0.01631075,0.991251,0.090824865,0.095730305,0.0028284776,-1.6862183,-5.796453,0.22651213,0.14678226,1.1546354,0.586912,3.0,3.0,3.0,3.0,3.0,3.0,3.0,3.0,3.0,3.0,3.0,3.0,3.0,3.0,3.0,3.0,3.0,3.0,3.0,3.0,3.0,3.0,3.0,3.0,3.0,3.0,3.0,3.0,3.0,3.0,3.0,3.0,3.0,3.0,3.0,3.0,-4.7370462,-4.647215,-0.36338496,3.8947754
820,-1.2994669350910575,1.024113,15.421315,-0.019837562,0.99001896,0.09096946,0.1073166,0.008373897,-1.6500133,-5.786528,0.14998856,-0.1066838,0.88367134,0.6287334,3.0,3.0,3.0,3.0,3.0,3.0,3.0,3.0,3.0,3.0,3.0,3.0,3.0,3.0,3.0,3.0,3.0,3.0,3.0,3.0,3.0,3.0,3.0,3.0,3.0,3.0,3.0,3.0,3.0,3.0,3.0,3.0,3.0,3.0,3.0,3.0,-4.0540943,-4.792801,-0.17009234,10.759815
825,-1.281698208469762,1.0579512,15.541791,-0.022262085,0.9892567,0.08923488,0.11523579,0.0113624865,-1.6091381,-5.7784047,0.083770014,-0.18418944,0.66554844,0.2710431,3.0,3.0,3.0,3.0,3.0,3.0,3.0,3.0,3.0,3.0,3.0,3.0,3.0,3.0,3.0,3.0,3.0,3.0,3.0,3.0,3.0,3.0,3.0,3.0,3.0,3.0,3.0,3.0,3.0,3.0,3.0,3.0,3.0,3.0,3.0,3.0,-4.027347,-4.9924273,-0.18969703,38.37503
830,-1.2700991628606164,1.0909489,15.662059,-0.023139553,0.9889056,0.086183675,0.12026543,0.013203004,-1.5631894,-5.771854,0.029617129,-0.37070143,0.30866185,0.18416154,3.0,3.0,3.0,3.0,3.0,3.0,3.0,3.0,3.0,3.0,3.0,3.0,3.0,3.0,3.0,3.0,3.0,3.0,3.0,3.0,3.0,3.0,3.0,3.0,3.0,3.0,3.0,3.0,3.0,3.0,3.0,3.0,3.0,3.0,3.0,3.0,-1.6209431,-4.9798756,-0.20985079,19.038162
835,-1.2578019115583152,1.1229619,15.782193,-0.022957508,0.9888873,0.08351045,0.122326866,0.012808592,-1.5223689,-5.76035,-0.048128493,-0.22698395,0.16101123,-0.041187733,3.0,3.0,3.0,3.0,3.0,3.0,3.0,3.0,3.0,3.0,3.0,3.0,3.0,3.0,3.0,3.0,3.0,3.0,3.0,3.0,3.0,3.0,3.0,3.0,3.0,3.0,3.0,3.0,3.0,3.0,3.0,3.0,3.0,3.0,3.0,3.0,-3.334396,-4.969173,-0.52678037,32.811592
840,-1.2563637351044399,1.1542784,15.901976,-0.020542646,0.9889042,0.08162136,0.123599194,0.011390523,-1.4894234,-5.742964,-0.15720676,-0.15416257,0.08228234,-0.19382797,3.0,3.0,3.0,3.0,3.0,3.0,3.0,3.0,3.0,3.0,3.0,3.0,3.0,3.0,3.0,3.0,3.0,3.0,3.0,3.0,3.0,3.0,3.0,3.0,3.0,3.0,3.0,3.0,3.0,3.0,3.0,3.0,3.0,3.0,3.0,3.0,-3.6835413,-4.9986324,0.476938,31.845276
845,-1.249486685127891,1.1846374,16.02157,-0.016919788,0.9890987,0.081311494,0.122287214,0.01086049,-1.4453429,-5.732807,-0.22191001,-0.035808325,-0.12299606,-0.057105936,3.0,3.0,3.0,3.0,3.0,3.0,3.0,3.0,3.0,3.0,3.0,3.0,3.0,3.0,3.0,3.0,3.0,3.0,3.0,3.0,3.0,3.0,3.0,3.0,3.0,3.0,3.0,3.0,3.0,3.0,3.0,3.0,3.0,3.0,3.0,3.0,-4.3251286,-4.987312,-0.7556069,43.28077
850,-1.259551030142456,1.2140825,16.140957,-0.011979737,0.98919034,0.0826934,0.120628856,0.010625669,-1.3764203,-5.7394447,-0.18506391,0.30971813,-0.13504231,0.025989348,3.0,3.0,3.0,3.0,3.0,3.0,3.0,3.0,3.0,3.0,3.0,3.0,3.0,3.0,3.0,3.0,3.0,3.0,3.0,3.0,3.0,3.0,3.0,3.0,3.0,3.0,3.0,3.0,3.0,3.0,3.0,3.0,3.0,3.0,3.0,3.0,-1.065752,-4.9970336,-0.40828252,38.84201
855,-1.2741711104344535,1.2422569,16.26039,-0.007195959,0.98888725,0.088043064,0.119069636,0.0131481765,-1.3308637,-5.732282,-0.23695189,0.5840408,-0.13329504,0.21056074,3.0,3.0,3.0,3.0,3.0,3.0,3.0,3.0,3.0,3.0,3.0,3.0,3.0,3.0,3.0,3.0,3.0,3.0,3.0,3.0,3.0,3.0,3.0,3.0,3.0,3.0,3.0,3.0,3.0,3.0,3.0,3.0,3.0,3.0,3.0,3.0,-0.84925365,-4.9319882,-0.10539287,38.056526
860,-1.2773812516333434,1.2693632,16.37978,-0.0018387001,0.9884541,0.0944607,0.11744913,0.015537149,-1.28834,-5.724744,-0.29875356,0.6783052,-0.14727934,0.12511213,3.0,3.0,3.0,3.0,3.0,3.0,3.0,3.0,3.0,3.0,3.0,3.0,3.0,3.0,3.0,3.0,3.0,3.0,3.0,3.0,3.0,3.0,3.0,3.0,3.0,3.0,3.0,3.0,3.0,3.0,3.0,3.0,3.0,3.0,3.0,3.0,-0.39479446,-4.501725,-0.042639196,13.778336
865,-1.2674580471286148,1.2955707,16.499054,0.0047196583,0.98800135,0.09978786,0.11684697,0.015573488,-1.2417761,-5.7227283,-0.34179085,0.47657588,-0.19290741,-0.017687114,3.0,3.0,3.0,3.0,3.0,3.0,3.0,3.0,3.0,3.0,3.0,3.0,3.0,3.0,3.0,3.0,3.0,3.0,3.0,3.0,3.0,3.0,3.0,3.0,3.0,3.0,3.0,3.0,3.0,3.0,3.0,3.0,3.0,3.0,3.0,3.0,-1.6568198,-4.776036,-0.29855454,42.67221
870,-1.266230103743354,1.3208979,16.618246,0.01250918,0.9880323,0.103314586,0.11346402,0.015629338,-1.1987981,-5.7201376,-0.39655516,0.40141797,-0.2840523,0.001846134,3.0,3.0,3.0,3.0,3.0,3.0,3.0,3.0,3.0,3.0,3.0,3.0,3.0,3.0,3.0,3.0,3.0,3.0,3.0,3.0,3.0,3.0,3.0,3.0,3.0,3.0,3.0,3.0,3.0,3.0,3.0,3.0,3.0,3.0,3.0,3.0,1.0534897,-4.59308,-0.4233641,24.772964
875,-1.254883521643052,1.3453943,16.737354,0.021646112,0.9879934,0.10558798,0.11178989,0.014938518,-1.1650043,-5.711361,-0.4849965,0.17788255,-0.17777584,-0.118272424,3.0,3.0,3.0,3.0,3.0,3.0,3.0,3.0,3.0,3.0,3.0,3.0,3.0,3.0,3.0,3.0,3.0,3.0,3.0,3.0,3.0,3.0,3.0,3.0,3.0,3.0,3.0,3.0,3.0,3.0,3.0,3.0,3.0,3.0,3.0,3.0,-4.216363,-4.8705764,-0.6718898,-18.646101
880,-1.2508023225293583,1.3691564,16.856325,0.032448903,0.9880176,0.10662151,0.1106644,0.014366097,-1.1218599,-5.71256,-0.5301059,0.09740149,-0.11065643,-0.122989155,3.0,3.0,3.0,3.0,3.0,3.0,3.0,3.0,3.0,3.0,3.0,3.0,3.0,3.0,3.0,3.0,3.0,3.0,3.0,3.0,3.0,3.0,3.0,3.0,3.0,3.0,3.0,3.0,3.0,3.0,3.0,3.0,3.0,3.0,3.0,3.0,-4.56987,-4.9848847,0.00074255466,25.85167
885,-1.267709847237222,1.391786,16.975552,0.043144733,0.9885702,0.105472945,0.106695905,0.014846169,-1.056995,-5.735113,-0.47733805,-0.17542937,-0.48613074,0.063015185,3.0,3.0,3.0,3.0,3.0,3.0,3.0,3.0,3.0,3.0,3.0,3.0,3.0,3.0,3.0,3.0,3.0,3.0,3.0,3.0,3.0,3.0,3.0,3.0,3.0,3.0,3.0,3.0,3.0,3.0,3.0,3.0,3.0,3.0,3.0,3.0,-3.3803024,-4.9671984,-0.81733936,11.46579
890,-1.2580855667791444,1.4133993,17.094944,0.05411621,0.9890847,0.10392245,0.10316327,0.016396016,-1.0237341,-5.728735,-0.55571425,-0.19982708,-0.25164044,0.094608426,3.0,3.0,3.0,3.0,3.0,3.0,3.0,3.0,3.0,3.0,3.0,3.0,3.0,3.0,3.0,3.0,3.0,3.0,3.0,3.0,3.0,3.0,3.0,3.0,3.0,3.0,3.0,3.0,3.0,3.0,3.0,3.0,3.0,3.0,3.0,3.0,-3.442993,-4.95521,-0.763864,11.436676
895,-1.2714214256735434,1.4342225,17.214306,0.06620275,0.9897873,0.10103509,0.09911868,0.01698497,-0.98223215,-5.7309027,-0.59072745,-0.28674135,-0.52703977,-0.05049006,3.0,3.0,3.0,3.0,3.0,3.0,3.0,3.0,3.0,3.0,3.0,3.0,3.0,3.0,3.0,3.0,3.0,3.0,3.0,3.0,3.0,3.0,3.0,3.0,3.0,3.0,3.0,3.0,3.0,3.0,3.0,3.0,3.0,3.0,3.0,3.0,-3.0790493,-4.99935,-0.6398083,23.803123
900,-1.2707892517305241,1.4543998,17.333506,0.07997413,0.99062204,0.09803794,0.09368483,0.01672292,-0.95951825,-5.715259,-0.70776474,-0.28637105,-0.52633035,-0.05041893,3.0,3.0,3.0,3.0,3.0,3.0,3.0,3.0,3.0,3.0,3.0,3.0,3.0,3.0,3.0,3.0,3.0,3.0,3.0,3.0,3.0,3.0,3.0,3.0,3.0,3.0,3.0,3.0,3.0,3.0,3.0,3.0,3.0,3.0,3.0,3.0,-3.6300402,-4.9994,-0.5005446,34.912666
905,-1.2913267518291662,1.4739447,17.45255,0.09528289,0.99141496,0.09818668,0.08521261,0.013948199,-0.92537546,-5.7121644,-0.7590257,0.1422417,-0.92445827,-0.40124097,3.0,3.0,3.0,3.0,3.0,3.0,3.0,3.0,3.0,3.0,3.0,3.0,3.0,3.0,3.0,3.0,3.0,3.0,3.0,3.0,3.0,3.0,3.0,3.0,3.0,3.0,3.0,3.0,3.0,3.0,3.0,3.0,3.0,3.0,3.0,3.0,-2.5712178,-4.9863725,-0.81407475,33.013947
910,-1.2936427588840882,1.4929187,17.571423,0.11221499,0.992094,0.09995781,0.075143285,0.010557817,-0.89317936,-5.7115746,-0.79946417,0.15792169,-0.93786013,-0.48101088,3.0,3.0,3.0,3.0,3.0,3.0,3.0,3.0,3.0,3.0,3.0,3.0,3.0,3.0,3.0,3.0,3.0,3.0,3.0,3.0,3.0,3.0,3.0,3.0,3.0,3.0,3.0,3.0,3.0,3.0,3.0,3.0,3.0,3.0,3.0,3.0,-3.583455,-4.9988165,-0.8543444,-13.244148
915,-1.2924261665996668,1.5111995,17.69036,0.12963589,0.99259967,0.10221727,0.06501345,0.008416603,-0.86552066,-5.70971,-0.84880275,0.19734617,-1.0103568,-0.15682904,3.0,3.0,3.0,3.0,3.0,3.0,3.0,3.0,3.0,3.0,3.0,3.0,3.0,3.0,3.0,3.0,3.0,3.0,3.0,3.0,3.0,3.0,3.0,3.0,3.0,3.0,3.0,3.0,3.0,3.0,3.0,3.0,3.0,3.0,3.0,3.0,-3.3479948,-4.967297,-0.6458613,22.935425
920,-1.313582242807295,1.528961,17.809233,0.1482387,0.9929491,0.10599639,0.052738395,0.0059502516,-0.8433228,-5.705366,-0.9135479,0.5173061,-1.3029813,-0.44429487,3.0,3.0,3.0,3.0,3.0,3.0,3.0,3.0,3.0,3.0,3.0,3.0,3.0,3.0,3.0,3.0,3.0,3.0,3.0,3.0,3.0,3.0,3.0,3.0,3.0,3.0,3.0,3.0,3.0,3.0,3.0,3.0,3.0,3.0,3.0,3.0,-2.4469173,-4.9851546,-0.95940113,35.681213
925,-1.3203220931485444,1.5461531,17.928358,0.16669136,0.99300647,0.11150679,0.03849123,0.0047813724,-0.809117,-5.737094,-0.8198384,0.39046186,-1.5239375,-0.16069971,3.0,3.0,3.0,3.0,3.0,3.0,3.0,3.0,3.0,3.0,3.0,3.0,3.0,3.0,3.0,3.0,3.0,3.0,3.0,3.0,3.0,3.0,3.0,3.0,3.0,3.0,3.0,3.0,3.0,3.0,3.0,3.0,3.0,3.0,3.0,3.0,-4.4316087,-4.8828654,-0.8955152,21.138817
930,-1.3028211404200822,1.5628259,18.047853,0.18458736,0.9930744,0.1148956,0.024125185,0.004493024,-0.79422486,-5.7370934,-0.8762863,0.2732409,-1.1722757,-0.21850595,3.0,3.0,3.0,3.0,3.0,3.0,3.0,3.0,3.0,3.0,3.0,3.0,3.0,3.0,3.0,3.0,3.0,3.0,3.0,3.0,3.0,3.0,3.0,3.0,3.0,3.0,3.0,3.0,3.0,3.0,3.0,3.0,3.0,3.0,3.0,3.0,0.43890238,-4.9963326,-0.5371127,23.322914
935,-1.3113580068024664,1.5791812,18.167583,0.20269993,0.9929367,0.11799066,0.011340955,0.005130338,-0.78120065,-5.7454557,-0.90006375,0.3661334,-1.3097159,-0.25600973,3.0,3.0,3.0,3.0,3.0,3.0,3.0,3.0,3.0,3.0,3.0,3.0,3.0,3.0,3.0,3.0,3.0,3.0,3.0,3.0,3.0,3.0,3.0,3.0,3.0,3.0,3.0,3.0,3.0,3.0,3.0,3.0,3.0,3.0,3.0,3.0,1.7497387,-4.9978437,-0.38176388,20.239647
940,-1.3058369077804026,1.5953062,18.28777,0.22019346,0.99282056,0.11935452,-0.0015706288,0.0077060824,-0.771142,-5.7720346,-0.85184073,0.24012952,-1.2027662,0.28703746,3.0,3.0,3.0,3.0,3.0,3.0,3.0,3.0,3.0,3.0,3.0,3.0,3.0,3.0,3.0,3.0,3.0,3.0,3.0,3.0,3.0,3.0,3.0,3.0,3.0,3.0,3.0,3.0,3.0,3.0,3.0,3.0,3.0,3.0,3.0,3.0,-1.625576,-4.808607,-0.7663567,41.929657
945,-1.3119251734575403,1.611323,18.408085,0.23846765,0.9922844,0.12268188,-0.014356242,0.010711657,-0.7678311,-5.778232,-0.8902831,0.56329286,-1.2533007,0.03442326,3.0,3.0,3.0,3.0,3.0,3.0,3.0,3.0,3.0,3.0,3.0,3.0,3.0,3.0,3.0,3.0,3.0,3.0,3.0,3.0,3.0,3.0,3.0,3.0,3.0,3.0,3.0,3.0,3.0,3.0,3.0,3.0,3.0,3.0,3.0,3.0,-1.4431233,-4.9173822,-0.77386093,13.108246
950,-1.3146653140584763,1.6273422,18.528706,0.25690284,0.9913003,0.12819439,-0.027166149,0.012327895,-0.77087224,-5.801901,-0.8653355,0.64983857,-1.253361,-0.023273965,3.0,3.0,3.0,3.0,3.0,3.0,3.0,3.0,3.0,3.0,3.0,3.0,3.0,3.0,3.0,3.0,3.0,3.0,3.0,3.0,3.0,3.0,3.0,3.0,2.995905,2.883537,2.8631437,2.931483,3.0,3.0,3.0,3.0,3.0,3.0,3.0,3.0,-0.786047,-4.852775,-0.9260536,2.3530388
955,-1.3118170218384098,1.6434716,18.649755,0.27518317,0.9902623,0.13299786,-0.039322246,0.0120774,-0.777783,-5.820137,-0.87093633,0.423897,-1.1921071,-0.40598083,3.0,3.0,3.0,3.0,3.0,3.0,3.0,3.0,3.0,3.0,3.0,3.0,3.0,3.0,3.0,3.0,3.0,3.0,3.0,3.0,3.0,3.0,3.0,2.862884,2.706167,2.6418216,2.6593928,2.761673,2.9658558,3.0,3.0,3.0,3.0,3.0,3.0,3.0,-1.1401427,-4.788954,-0.43017828,29.394981
960,-1.3146918197488602,1.6598661,18.771446,0.29269147,0.9893744,0.13486293,-0.05339336,0.0099716745,-0.79344314,-5.8532104,-0.8280158,0.03242654,-1.2945213,-0.4414681,3.0,3.0,3.0,3.0,3.0,3.0,3.0,3.0,3.0,3.0,3.0,3.0,3.0,3.0,3.0,3.0,3.0,3.0,3.0,3.0,3.0,3.0,2.7863874,2.5884893,2.4874043,2.4660306,2.520967,2.6611054,2.9114096,3.0,3.0,3.0,3.0,3.0,3.0,3.0,1.9786777,-4.9782424,-0.9111053,14.33572
965,-1.3275749853211951,1.6765872,18.893578,0.3102338,0.98862404,0.1335171,-0.06875108,0.008304197,-0.8118279,-5.874897,-0.8281288,-0.2007982,-1.5629576,-0.30924252,3.0,3.0,3.0,3.0,3.0,3.0,3.0,3.0,3.0,3.0,3.0,3.0,3.0,3.0,3.0,3.0,3.0,3.0,3.0,3.0,3.0,2.747269,2.5101311,2.3771687,2.3246644,2.3441145,2.4386144,2.624136,2.93679,3.0,3.0,3.0,3.0,3.0,3.0,3.0,1.2247095,-4.9541025,-0.89898735,40.696114
970,-1.3226598451538207,1.6936487,19.01594,0.32854897,0.9875908,0.13165733,-0.08528625,0.0075483867,-0.8287635,-5.880285,-0.88403416,-0.21865332,-1.4730024,-0.15946428,3.0,3.0,3.0,3.0,3.0,3.0,3.0,3.0,3.0,3.0,3.0,3.0,3.0,3.0,3.0,3.0,3.0,3.0,3.0,3.0,2.7002187,2.4241147,2.2615795,2.181592,2.170774,2.2274075,2.3607259,2.5948834,2.9811625,3.0,3.0,3.0,3.0,3.0,3.0,3.0,-1.6347656,-4.9876933,-0.9020377,16.102455
975,-1.3361621815613591,1.7111108,19.138414,0.3480081,0.9862424,0.13000959,-0.10185202,0.0070450925,-0.8483089,-5.8822384,-0.95066625,-0.25827998,-1.7235888,-0.18843226,3.0,3.0,3.0,3.0,3.0,3.0,3.0,3.0,3.0,3.0,3.0,3.0,3.0,3.0,3.0,3.0,3.0,3.0,3.0,2.672811,2.3476205,2.151251,2.0424657,2.0020566,2.0235057,2.1102319,2.277009,2.5567627,3.0,3.0,3.0,3.0,3.0,3.0,3.0,3.0,-2.0255544,-4.932691,-0.48075736,39.82769
980,-1.3480613231302088,1.729182,19.261133,0.36807972,0.9845937,0.12511949,-0.12180319,0.009186087,-0.8728932,-5.8856807,-1.0098186,-0.44684464,-1.9363761,-0.084647015,3.0,3.0,3.0,3.0,3.0,3.0,3.0,3.0,3.0,3.0,3.0,3.0,3.0,3.0,3.0,3.0,3.0,3.0,2.6096017,2.2498782,2.031563,1.9046206,1.8453828,1.8440592,1.9004402,2.0238094,2.2369964,2.5882893,3.0,3.0,3.0,3.0,3.0,3.0,3.0,3.0,2.0243855,-4.9745116,-0.36795378,36.76287
985,-1.3255493907609215,1.7478417,19.38389,0.38944724,0.98294204,0.120753296,-0.13845468,0.008596208,-0.90378404,-5.888454,-1.0665807,-0.26684955,-1.4698309,-0.33691487,3.0,3.0,3.0,3.0,3.0,3.0,3.0,3.0,3.0,3.0,3.0,3.0,3.0,3.0,3.0,3.0,3.0,2.6628351,2.2261672,1.9638004,1.8058411,1.719765,1.6905508,1.713507,1.7923031,1.9404986,2.1878796,2.598024,3.0,3.0,3.0,3.0,3.0,3.0,3.0,3.0,-1.5910621,-4.9241467,-0.6877984,29.163048
990,-1.3281710177806323,1.7675098,19.506924,0.41104826,0.9815251,0.115043476,-0.15275519,0.0062665544,-0.97852916,-5.9222064,-0.9956873,-0.6930854,-1.2924384,-0.5067795,3.0,3.0,3.0,3.0,3.0,3.0,3.0,3.0,3.0,3.0,3.0,3.0,3.0,3.0,3.0,3.0,2.85136,2.2841146,1.9546504,1.7548485,1.6372387,1.5793775,1.5715884,1.6126344,1.709208,1.8788084,2.158587,2.6301692,3.0,3.0,3.0,3.0,3.0,3.0,3.0,3.0,-1.7329888,-4.9358706,-0.68126106,-20.644777
995,-1.3404414439396375,1.788645,19.630486,0.4317434,0.9795393,0.10929396,-0.16893835,0.004178266,-1.0512807,-5.9445267,-0.9572079,-0.40137446,-1.660777,-0.47188175,3.0,3.0,3.0,3.0,3.0,3.0,3.0,3.0,3.0,3.0,3.0,3.0,3.0,3.0,3.0,3.0,2.3765166,1.9601865,1.7122515,1.5621295,1.4774834,1.4431342,1.4535064,1.5102491,1.6229169,1.8132879,2.1274886,2.6715877,3.0,3.0,3.0,3.0,3.0,3.0,3.0,3.0,3.0391607,-4.866399,0.07085788,-36.82589
1000,-1.3523415864176704,1.8118635,19.754795,0.45028856,0.977234,0.1021136,-0.18597372,0.00053531677,-1.1486245,-5.9752836,-0.8710912,-0.502802,-1.7766697,-0.7149059,3.0,3.0,3.0,3.0,3.0,3.0,3.0,3.0,3.0,3.0,3.0,3.0,3.0,3.0,3.0,2.5545635,2.0101314,1.6995591,1.5119033,1.3998716,1.341239,1.3259904,1.3516935,1.4224887,1.5508354,1.7635381,2.1184611,2.7571228,3.0,3.0,3.0,3.0,3.0,3.0,3.0,3.0,-3.0184941,-4.918512,-0.7635404,-40.82531
1005,-1.363479093480473,1.8365499,19.879297,0.46881434,0.97356236,0.097432256,-0.20659077,-0.0018718679,-1.2060713,-5.9742274,-0.91180587,-0.31758326,-2.1136277,-0.5437977,3.0,3.0,3.0,3.0,3.0,3.0,3.0,3.0,3.0,3.0,3.0,3.0,3.0,3.0,2.8646784,2.1011536,1.6997614,1.4644912,1.3217083,1.2385843,1.1995894,1.1982726,1.2344248,1.3139935,1.451674,1.6785555,2.0638163,2.7885785,3.0,3.0,3.0,3.0,3.0,3.0,3.0,3.0,1.6593657,-4.9899955,-0.5499307,-42.266113
1010,-1.361574825856041,1.8623606,20.003674,0.4885939,0.96896553,0.09354513,-0.22875199,-0.005259935,-1.2643559,-5.968298,-0.96846163,-0.34726033,-2.057234,-0.5811739,3.0,3.0,3.0,3.0,3.0,3.0,3.0,3.0,3.0,3.0,3.0,3.0,3.0,3.0,2.3165288,1.7561032,1.4494799,1.2667844,1.1561865,1.0939188,1.0688317,1.0768555,1.1192664,1.2032127,1.3449514,1.5789236,1.9844394,2.7840648,3.0,3.0,3.0,3.0,3.0,3.0,3.0,3.0,4.758333,-4.8822174,-0.44619042,-42.791058
1015,-1.3529186070156245,1.889321,20.127851,0.50984466,0.96473,0.08695404,-0.24833389,-0.008077716,-1.3110988,-5.953952,-1.0609076,-0.5752102,-1.8097135,-0.62128866,3.0,3.0,3.0,3.0,3.0,3.0,3.0,3.0,3.0,3.0,3.0,3.0,3.0,2.7930195,1.9180242,1.4950751,1.2562301,1.1123282,1.0259757,0.9796878,0.96546507,0.9810309,1.0288812,1.1173291,1.2644469,1.5089833,1.9440109,2.8532856,3.0,3.0,3.0,3.0,3.0,3.0,3.0,3.0,0.4781289,-4.935795,-0.7626262,-34.954865
1020,-1.3515885582971505,1.9176515,20.251814,0.53245103,0.96038663,0.07942556,-0.26689294,-0.010826149,-1.414513,-5.9542327,-1.0643597,-0.74136686,-1.7320105,-0.5072401,3.0,3.0,3.0,3.0,3.0,3.0,3.0,3.0,3.0,3.0,3.0,3.0,3.0,2.2573788,1.6144036,1.2869432,1.0976509,0.98293954,0.91511,0.8810806,0.8751284,0.89630705,0.94805694,1.0396743,1.1909506,1.4451321,1.911075,2.9528663,3.0,3.0,3.0,3.0,3.0,3.0,3.0,3.0,0.47300386,-4.828021,0.38513863,-43.38297
1025,-1.3430616899421632,1.9485132,20.375843,0.55462706,0.9559965,0.071025945,-0.2843965,-0.012025708,-1.5259694,-5.951489,-1.0676825,-0.6902407,-1.6176853,-0.29657942,3.0,3.0,3.0,3.0,3.0,3.0,3.0,3.0,3.0,3.0,3.0,3.0,3.0,1.8622599,1.3765161,1.1187084,0.96698344,0.8749076,0.8216366,0.7973161,0.7979419,0.8236135,0.8785743,0.9730752,1.128787,1.3942611,1.8984256,3.0,3.0,3.0,3.0,3.0,3.0,3.0,3.0,3.0,2.455615,-4.86354,-0.89968866,-42.748962
1030,-1.3358661602102038,1.9813298,20.499643,0.57763714,0.95165795,0.06432624,-0.30010203,-0.012167442,-1.6498575,-5.945145,-1.0683827,-0.5393649,-1.5069859,-0.31519693,3.0,3.0,3.0,3.0,3.0,3.0,3.0,3.0,3.0,3.0,3.0,3.0,2.4490902,1.5832865,1.1966165,0.9858146,0.8603869,0.7844176,0.7414771,0.7238461,0.72865975,0.75668323,0.8126273,0.9072719,1.0634401,1.3334905,1.8632623,3.0,3.0,3.0,3.0,3.0,3.0,3.0,3.0,3.0,1.0929465,-4.447893,-0.13691479,-43.29717
1035,-1.3214749998270114,2.0167985,20.623291,0.60064214,0.94788575,0.057927072,-0.3130189,-0.013277042,-1.7564232,-5.931514,-1.1032709,-0.62804043,-1.1553085,-0.2686629,3.0,3.0,3.0,3.0,3.0,3.0,3.0,3.0,3.0,3.0,3.0,3.0,2.0624278,1.3772968,1.0579846,0.88058585,0.7742833,0.7101343,0.6747344,0.66185147,0.66940975,0.698615,0.7544543,0.8479998,1.0028088,1.2741237,1.8226227,3.0,3.0,3.0,3.0,3.0,3.0,3.0,3.0,3.0,2.4794817,-3.3024645,0.55869627,-43.15856
1040,-1.2971111481679034,2.0553002,20.746758,0.6233619,0.9455095,0.051847514,-0.32113636,-0.0139688235,-1.9268762,-5.9251075,-1.0598758,-0.49565136,-0.66718584,-0.13823943,3.0,3.0,3.0,3.0,3.0,3.0,3.0,3.0,3.0,3.0,3.0,3.0,1.7915163,1.2250849,0.9527878,0.7993969,0.70705086,0.65157866,0.62169313,0.61221486,0.6216254,0.6514322,0.70679885,0.79898274,0.9520869,1.2237753,1.7884793,3.0,3.0,3.0,3.0,3.0,3.0,3.0,3.0,3.0,-0.34974384,-4.0297384,0.21475267,-40.037106
1045,-1.2993415515084896,2.0986576,20.87023,0.64356154,0.94413286,0.044677183,-0.3262751,-0.012713498,-2.188154,-5.927509,-0.9048736,-0.6884941,-0.5062307,-0.13402946,3.0,3.0,3.0,3.0,3.0,3.0,3.0,3.0,3.0,3.0,3.0,2.8918204,1.568594,1.0990778,0.86613953,0.7330504,0.65260196,0.6046192,0.5796142,0.5733236,0.5847445,0.61571825,0.67170787,0.76444966,0.91931033,1.1985208,1.7998556,3.0,3.0,3.0,3.0,3.0,3.0,3.0,3.0,3.0,-3.90025,-4.596471,0.13288856,-35.187683
1050,-1.2999871147221638,2.1475978,20.993692,0.6604286,0.94279426,0.037285548,-0.3310757,-0.0117297275,-2.4568505,-5.924446,-0.74636173,-0.7033235,-0.46424672,-0.17200373,3.0,3.0,3.0,3.0,3.0,3.0,3.0,3.0,3.0,3.0,3.0,2.428096,1.3911926,0.9960858,0.7945668,0.67800057,0.60735345,0.56560355,0.5447106,0.5411633,0.5543981,0.5865658,0.6434515,0.7373666,0.89523137,1.1849164,1.8341541,3.0,3.0,3.0,3.0,3.0,3.0,3.0,3.0,3.0,-1.1405144,-0.9370589,0.7262428,-41.3888
1055,-1.2917197637305953,2.2019966,21.116995,0.6742343,0.9413971,0.029521327,-0.3358583,-0.009959999,-2.6957228,-5.9119782,-0.6301406,-0.59564555,-0.3325624,-0.064651415,3.0,3.0,3.0,3.0,3.0,3.0,3.0,3.0,3.0,3.0,3.0,2.067584,1.243608,0.9089794,0.73382056,0.63134456,0.56915694,0.5328607,0.51564467,0.51465434,0.52973264,0.563355,0.6217051,0.7178716,0.8808958,1.1863569,1.9047121,3.0,3.0,3.0,3.0,3.0,3.0,3.0,3.0,3.0,-4.4136443,-3.4274526,-0.04710132,-31.90227
1060,-1.3018323774045863,2.2614179,21.23996,0.6856252,0.94080263,0.022006696,-0.33815536,-0.00755321,-2.956604,-5.895265,-0.4914844,-0.8649616,-0.1559203,-0.0108858235,3.0,3.0,3.0,3.0,3.0,3.0,3.0,3.0,3.0,3.0,3.0,1.8088917,1.1321194,0.84250623,0.68751854,0.59598905,0.5404592,0.5085296,0.49434477,0.4955791,0.51242846,0.5476909,0.6080043,0.7073991,0.8775158,1.2035048,2.0121303,3.0,3.0,3.0,3.0,3.0,3.0,3.0,3.0,3.0,-3.6198127,-3.8541224,0.7710686,-25.937473
1065,-1.3018051935767878,2.3256316,21.362467,0.6949232,0.9404028,0.013516755,-0.339763,-0.00457832,-3.1817398,-5.870443,-0.39728355,-0.86284626,-0.15988979,-0.010405396,3.0,3.0,3.0,3.0,3.0,3.0,3.0,3.0,3.0,3.0,3.0,1.5913827,1.0350657,0.78461826,0.6476001,0.56596243,0.5165411,0.4887146,0.4774999,0.48107773,0.50001705,0.53751,0.6008167,0.7053183,0.8864313,1.243532,2.1940935,3.0,3.0,3.0,3.0,3.0,3.0,3.0,3.0,3.0,-2.2510033,-4.2907214,0.6909517,-18.499262
1070,-1.300346304678335,2.3951,21.484413,0.7015826,0.9403104,0.0044944226,-0.3402766,-0.0028237298,-3.433983,-5.841035,-0.27072108,-0.8080119,0.060864195,-0.25139785,3.0,3.0,3.0,3.0,3.0,3.0,3.0,3.0,3.0,3.0,2.9574945,1.4270674,0.9596377,0.7397984,0.61716664,0.5435775,0.49922046,0.4748974,0.46634573,0.47219008,0.49336362,0.5334962,0.60060096,0.7117538,0.9072172,1.305361,2.4594524,3.0,3.0,3.0,3.0,3.0,3.0,3.0,3.0,3.0,-4.7662888,-3.003242,0.97885275,-38.341267
1075,-1.29304700010081,2.4691534,21.60565,0.7063967,0.940747,-0.003308237,-0.3390781,-0.0031859279,-3.6505148,-5.804149,-0.1856163,-0.61528695,0.16720615,-0.31105262,3.0,3.0,3.0,3.0,3.0,3.0,3.0,3.0,3.0,3.0,2.5577717,1.3223841,0.91035086,0.71054596,0.59755105,0.52944297,0.48859894,0.4667723,0.46019727,0.46782202,0.49086976,0.5333515,0.60397303,0.7214163,0.93066233,1.3694941,2.7494953,3.0,3.0,3.0,3.0,3.0,3.0,3.0,3.0,3.0,-4.553846,0.5672045,0.873384,-19.330439
1080,-1.2894729471644426,2.5484614,21.726044,0.7085036,0.941397,-0.010234332,-0.33712596,-0.0036066044,-3.8982303,-5.761422,-0.059688967,-0.5346069,0.33100724,-0.14909573,3.0,3.0,3.0,3.0,3.0,3.0,3.0,3.0,3.0,3.0,2.2985845,1.2513764,0.87803334,0.69247633,0.58637327,0.52222425,0.48398226,0.46409822,0.45918503,0.46845958,0.4934178,0.5384669,0.61306775,0.73768276,0.96259135,1.4480932,3.0,3.0,3.0,3.0,3.0,3.0,3.0,3.0,3.0,3.0,-3.3503466,-2.1874876,0.9852414,-41.30984
1085,-1.288747291190472,2.6323886,21.845491,0.70859283,0.94247174,-0.0160129,-0.3338872,-0.0031579938,-4.0679317,-5.7162604,-0.024647411,-0.53456116,0.32920802,-0.14940773,3.0,3.0,3.0,3.0,3.0,3.0,3.0,3.0,3.0,3.0,2.1277962,1.2058095,0.8594989,0.6838694,0.5825347,0.5211467,0.48478934,0.46642178,0.46294817,0.47381616,0.5007887,0.5486957,0.6278324,0.76065075,1.0034112,1.542601,3.0,3.0,3.0,3.0,3.0,3.0,3.0,3.0,3.0,3.0,-4.682509,-3.504465,0.96254325,9.900028
1090,-1.3034229942564157,2.7201629,21.963924,0.70749235,0.9439539,-0.023754682,-0.32921723,-0.0016626891,-4.313834,-5.66276,0.11025296,-0.79736614,0.5099903,-0.11250866,3.0,3.0,3.0,3.0,3.0,3.0,3.0,3.0,3.0,3.0,1.9367679,1.1528908,0.8388625,0.6754132,0.5800218,0.52214247,0.48825568,0.47196582,0.47056404,0.4838279,0.5139296,0.56637615,0.65283394,0.7990969,1.0717899,1.7056826,3.0,3.0,3.0,3.0,3.0,3.0,3.0,3.0,3.0,3.0,-2.89116,-2.6904023,0.95310986,-2.8518982
1095,-1.3083783619234677,2.8130362,22.081161,0.70350534,0.945932,-0.032706145,-0.3227115,0.00056671083,-4.5567946,-5.602634,0.25037935,-0.8104526,0.6879869,-0.12622091,3.0,3.0,3.0,3.0,3.0,3.0,3.0,3.0,3.0,3.0,1.7721689,1.1092731,0.8255519,0.6737067,0.58403045,0.5296251,0.49834386,0.4844505,0.48566732,0.5021874,0.5367542,0.59587514,0.69330513,0.8600648,1.1796463,1.9725299,3.0,3.0,3.0,3.0,3.0,3.0,3.0,3.0,3.0,3.0,-4.924007,-4.930208,0.9270314,-19.809586
1100,-1.2929206346693043,2.9108946,22.197063,0.6965625,0.94762605,-0.039759748,-0.316894,0.0014831839,-4.7898803,-5.536164,0.38882613,-0.5662664,0.51367724,-0.1718384,3.0,3.0,3.0,3.0,3.0,3.0,3.0,3.0,3.0,3.0,1.6913333,1.0951711,0.82835966,0.6827661,0.59610605,0.54362434,0.5139895,0.50187975,0.5053282,0.5248829,0.5638335,0.6296949,0.73838043,0.92643213,1.2958286,2.2698576,3.0,3.0,3.0,3.0,3.0,3.0,3.0,3.0,3.0,3.0,-4.1582828,-3.9681296,0.9462359,-4.15477
1105,-1.3218209782712265,3.0131516,22.311562,0.68721104,0.95083314,-0.042688794,-0.30672657,0.0035799788,-4.985444,-5.4688916,0.48811793,-0.4581083,1.3002136,0.13419311,3.0,3.0,3.0,3.0,3.0,3.0,3.0,3.0,3.0,3.0,1.7060245,1.1261904,0.8600222,0.7131436,0.62534505,0.57227755,0.5427124,0.53140527,0.5365292,0.55890006,0.60231495,0.67528915,0.79590046,1.0061845,1.4263892,2.5840688,3.0,3.0,3.0,3.0,3.0,3.0,3.0,3.0,3.0,3.0,-4.793787,-4.7205772,0.9785727,-26.571787
1110,-1.3208558200677167,3.1196008,22.424606,0.6754307,0.954919,-0.044244193,-0.2935218,0.004140045,-5.189889,-5.3974066,0.61650795,0.06257099,1.3832754,-0.12406837,3.0,3.0,3.0,3.0,3.0,3.0,3.0,3.0,3.0,3.0,1.7746801,1.1876317,0.91327727,0.7606681,0.66918033,0.6139898,0.5835903,0.5726376,0.57936794,0.6048551,0.6534565,0.73482895,0.86952823,1.1058359,1.5846323,2.9528606,3.0,3.0,3.0,3.0,3.0,3.0,3.0,3.0,3.0,3.0,-4.9237375,-3.6963634,0.89853835,3.929119
1115,-1.3629519115515325,3.229973,22.536173,0.6611881,0.96060324,-0.04294108,-0.27454492,0.0047537847,-5.3668084,-5.3273554,0.72731507,0.21309079,2.2458339,0.010099925,3.0,3.0,3.0,3.0,3.0,3.0,3.0,3.0,3.0,3.0,1.9323459,1.3019323,1.0046874,0.838689,0.73903763,0.6789919,0.6461273,0.6346917,0.6428467,0.67189497,0.72682184,0.8186164,0.97070706,1.2384222,1.784929,3.0,3.0,3.0,3.0,3.0,3.0,3.0,3.0,3.0,3.0,3.0,-4.997724,-4.4232807,0.93797946,-17.34217
1120,-1.360214292287898,3.343705,22.64632,0.64477324,0.96666,-0.038499147,-0.2531233,0.0038518112,-5.5201926,-5.2602024,0.83216137,0.48087895,2.1701913,-0.052469753,3.0,3.0,3.0,3.0,3.0,3.0,3.0,3.0,3.0,3.0,2.218127,1.486011,1.1433704,0.95265543,0.838298,0.76932347,0.7313692,0.71776736,0.7263285,0.75841856,0.81952727,0.9218097,1.0911459,1.388375,1.9913166,3.0,3.0,3.0,3.0,3.0,3.0,3.0,3.0,3.0,3.0,3.0,-4.9947944,-0.96204376,0.95822704,2.214878
1125,-1.3495582112243285,3.4602926,22.755123,0.6263478,0.9721443,-0.036103904,-0.23154046,0.004579461,-5.638005,-5.1986384,0.9075733,0.22078824,2.0169733,0.053592954,3.0,3.0,3.0,3.0,3.0,3.0,3.0,3.0,3.0,3.0,2.502121,1.6845305,1.2994165,1.0844436,0.9554118,0.87765193,0.8350603,0.82017845,0.8306136,0.8680324,0.9388539,1.0572358,1.2533568,1.5984408,2.3022745,3.0,3.0,3.0,3.0,3.0,3.0,3.0,3.0,3.0,3.0,3.0,-4.987303,-4.2300324,0.8264301,40.320618
1130,-1.3567737345441957,3.5788016,22.86272,0.60696006,0.9769398,-0.030892152,-0.21124072,0.0034148449,-5.720822,-5.1424446,0.9469329,0.43718767,2.1477354,-0.03745237,3.0,3.0,3.0,3.0,3.0,3.0,3.0,3.0,3.0,3.0,2.9663825,1.9734093,1.5129356,1.257683,1.1048503,1.0125699,0.9614784,0.94255865,0.95275956,0.99370736,1.07238,1.2043195,1.4225681,1.8043876,2.5732336,3.0,3.0,3.0,3.0,3.0,3.0,3.0,3.0,3.0,3.0,3.0,-4.7014484,-3.4274793,0.965436,43.906548
1135,-1.340256070777738,3.6987786,22.969198,0.58695567,0.98126847,-0.030347655,-0.19015557,0.005659246,-5.7817764,-5.0901985,0.9677812,-0.2550273,1.8354558,0.30715021,3.0,3.0,3.0,3.0,3.0,3.0,3.0,3.0,3.0,3.0,3.0,2.226544,1.7219871,1.4395173,1.2698046,1.1676245,1.1119336,1.0930121,1.1078212,1.158728,1.2544917,1.4143566,1.6793963,2.1469529,3.0,3.0,3.0,3.0,3.0,3.0,3.0,3.0,3.0,3.0,3.0,3.0,-4.996004,-4.653541,0.87515855,44.282806
1140,-1.3387446834450305,3.8198843,23.074598,0.566483,0.98466027,-0.027598925,-0.17217419,0.0062027364,-5.8354626,-5.0382853,1.0001135,0.317036,1.8380946,0.0013200864,3.0,3.0,3.0,3.0,3.0,3.0,3.0,3.0,3.0,3.0,3.0,2.56624,1.9860492,1.6609908,1.4656409,1.3480554,1.2840537,1.2624747,1.2798539,1.3389703,1.4500034,1.6352968,1.9425563,2.4849665,3.0,3.0,3.0,3.0,3.0,3.0,3.0,3.0,3.0,3.0,3.0,3.0,-4.9884014,-4.1770415,0.82957435,43.208733
1145,-1.3257142294394637,3.9419088,23.178953,0.5455488,0.9874363,-0.024326177,-0.15599875,0.0064930753,-5.8644342,-4.9906416,0.99017435,0.30132505,1.5903502,0.07291231,3.0,3.0,3.0,3.0,3.0,3.0,3.0,3.0,3.0,3.0,3.0,2.9837596,2.3040504,1.9241817,1.6960831,1.5586724,1.4835571,1.4576012,1.476633,1.5436933,1.6703001,1.8818163,2.232333,2.8497245,3.0,3.0,3.0,3.0,3.0,3.0,3.0,3.0,3.0,3.0,3.0,3.0,-4.9851317,-4.7950525,0.7052307,44.85981
1150,-1.323574753165708,4.063994,23.282404,0.5261903,0.989877,-0.020432828,-0.1402933,0.0066239405,-5.8539877,-4.9496465,0.88008213,0.30942392,1.5599637,0.06274105,3.0,3.0,3.0,3.0,3.0,3.0,3.0,3.0,3.0,3.0,3.0,3.0,2.7016213,2.2479985,1.9762223,1.812196,1.7216126,1.688516,1.7075732,1.7818232,1.9239393,2.1620777,2.5561337,3.0,3.0,3.0,3.0,3.0,3.0,3.0,3.0,3.0,3.0,3.0,3.0,3.0,-3.3840542,-2.544774,0.28769493,44.410828
1155,-1.3226944977293191,4.1857214,23.385033,0.5094406,0.99207944,-0.017048499,-0.12424434,0.0071485643,-5.8352447,-4.910654,0.75348634,0.30816668,1.556723,0.062438514,3.0,3.0,3.0,3.0,3.0,3.0,3.0,3.0,3.0,3.0,3.0,3.0,3.0,2.643423,2.3189445,2.122866,2.0137784,1.9723542,1.991903,2.0755386,2.2374694,2.5095081,2.959213,3.0,3.0,3.0,3.0,3.0,3.0,3.0,3.0,3.0,3.0,3.0,3.0,3.0,-3.5003889,-4.8730717,-0.88824743,44.906776
1160,-1.3218069981223735,4.3070297,23.486862,0.49530706,0.9940061,-0.013673106,-0.10819467,0.0076692915,-5.814178,-4.872723,0.6285749,0.30691025,1.5534933,0.062157456,3.0,3.0,3.0,3.0,3.0,3.0,3.0,3.0,3.0,3.0,3.0,3.0,3.0,3.0,2.755644,2.516987,2.3830092,2.329785,2.3486915,2.4427357,2.6278002,2.9398527,3.0,3.0,3.0,3.0,3.0,3.0,3.0,3.0,3.0,3.0,3.0,3.0,3.0,3.0,-2.0751,-4.9400125,-0.85393775,44.915222
1165,-1.320912587439899,4.42787,23.587915,0.48375607,0.9956582,-0.0103075495,-0.092148766,0.008186109,-5.79078,-4.8358364,0.50523114,0.30565536,1.5502741,0.061897762,3.0,3.0,3.0,3.0,3.0,3.0,3.0,3.0,3.0,3.0,3.0,3.0,3.0,3.0,3.0,3.0,2.8710732,2.8000486,2.8159487,2.9212997,3.0,3.0,3.0,3.0,3.0,3.0,3.0,3.0,3.0,3.0,3.0,3.0,3.0,3.0,3.0,3.0,1.0445428,-4.9335012,-0.8551392,44.970734
1170,-1.3200115182235332,4.5481935,23.688211,0.47475636,0.9970372,-0.0069527095,-0.07611105,0.008699004,-5.7650466,-4.7999783,0.38333958,0.30440265,1.5470656,0.061659306,3.0,3.0,3.0,3.0,3.0,3.0,3.0,3.0,3.0,3.0,3.0,3.0,3.0,3.0,3.0,3.0,3.0,3.0,3.0,3.0,3.0,3.0,3.0,3.0,3.0,3.0,3.0,3.0,3.0,3.0,3.0,3.0,3.0,3.0,3.0,3.0,-3.3214698,-4.98959,-0.9041247,44.947136
1175,-1.319103977218644,4.6679516,23.787773,0.46827918,0.9981442,-0.0036094538,-0.0600859,0.009207964,-5.7369766,-4.7651324,0.26278597,0.30315277,1.5438675,0.06144194,3.0,3.0,3.0,3.0,3.0,3.0,3.0,3.0,3.0,3.0,3.0,3.0,3.0,3.0,3.0,3.0,3.0,3.0,3.0,3.0,3.0,3.0,3.0,3.0,3.0,3.0,3.0,3.0,3.0,3.0,3.0,3.0,3.0,3.0,3.0,3.0,-4.878594,-4.9445205,-0.9691011,44.91796
1180,-1.3181900991306195,4.7870955,23.886623,0.46429804,0.9989809,-0.00027863524,-0.044077657,0.009712981,-5.706572,-4.731282,0.14345755,0.30190638,1.5406793,0.061245486,3.0,3.0,3.0,3.0,3.0,3.0,3.0,3.0,3.0,3.0,3.0,3.0,3.0,3.0,3.0,3.0,3.0,3.0,3.0,3.0,3.0,3.0,3.0,3.0,3.0,3.0,3.0,3.0,3.0,3.0,3.0,3.0,3.0,3.0,3.0,3.0,-4.997502,-4.9764686,-0.9887013,44.995544
1185,-1.3172699794320506,4.905577,23.98478,0.4627888,0.99954855,0.0030389074,-0.02809059,0.010214044,-5.6738386,-4.6984115,0.025242835,0.30066413,1.5375013,0.061069757,3.0,3.0,3.0,3.0,3.0,3.0,3.0,3.0,3.0,3.0,3.0,3.0,3.0,3.0,3.0,3.0,3.0,3.0,3.0,3.0,3.0,3.0,3.0,3.0,3.0,3.0,3.0,3.0,3.0,3.0,3.0,3.0,3.0,3.0,3.0,3.0,-1.7586126,-4.9786663,-0.90907127,44.999626
1190,-1.3163436862655735,5.023348,24.082262,0.46372962,0.99984896,0.0063423496,-0.012128933,0.0107111465,-5.638784,-4.6665034,-0.091968164,0.2994266,1.5343331,0.060914535,3.0,3.0,3.0,3.0,3.0,3.0,3.0,3.0,3.0,3.0,3.0,3.0,3.0,3.0,3.0,3.0,3.0,3.0,3.0,3.0,3.0,3.0,3.0,3.0,3.0,3.0,3.0,3.0,3.0,3.0,3.0,3.0,3.0,3.0,3.0,3.0,-4.086727,-4.9948883,-0.96388835,44.95671
1195,-1.3154112714884478,5.1403594,24.179092,0.46710095,0.9998836,0.009630882,0.0038031398,0.011204281,-5.601419,-4.635541,-0.20828396,0.2981944,1.5311745,0.060779598,3.0,3.0,3.0,3.0,3.0,3.0,3.0,3.0,3.0,3.0,3.0,3.0,3.0,3.0,3.0,3.0,3.0,3.0,3.0,3.0,3.0,3.0,3.0,3.0,3.0,3.0,3.0,3.0,3.0,3.0,3.0,3.0,3.0,3.0,3.0,3.0,-1.0746689,-4.9676886,-0.9496043,44.99318
1200,-1.3144727808988046,5.2565637,24.27529,0.47288552,0.99965423,0.01290371,0.019701505,0.011693441,-5.561757,-4.6055074,-0.3238115,0.2969682,1.5280254,0.060664687,3.0,3.0,3.0,3.0,3.0,3.0,3.0,3.0,3.0,3.0,3.0,3.0,3.0,3.0,3.0,3.0,3.0,3.0,3.0,3.0,3.0,3.0,3.0,3.0,3.0,3.0,3.0,3.0,3.0,3.0,3.0,3.0,3.0,3.0,3.0,3.0,-4.885012,-4.9974003,-0.92749095,44.96306
1205,-1.3135282636846708,5.371913,24.37087,0.48106822,0.9991626,0.01616005,0.03556209,0.012178624,-5.5198145,-4.576385,-0.43865612,0.2957485,1.5248857,0.06056954,3.0,3.0,3.0,3.0,3.0,3.0,3.0,3.0,3.0,3.0,3.0,3.0,3.0,3.0,3.0,3.0,3.0,3.0,3.0,3.0,3.0,3.0,3.0,3.0,3.0,3.0,3.0,3.0,3.0,3.0,3.0,3.0,3.0,3.0,3.0,3.0,-3.959776,-4.9947734,-0.86853325,44.936752
1210,-1.3125777811322163,5.4863605,24.465858,0.49163607,0.99841046,0.01939914,0.051380876,0.0126598235,-5.47561,-4.5481567,-0.5529215,0.2945359,1.5217551,0.060493875,3.0,3.0,3.0,3.0,3.0,3.0,3.0,3.0,3.0,3.0,3.0,3.0,3.0,3.0,3.0,3.0,3.0,3.0,3.0,3.0,3.0,3.0,3.0,3.0,3.0,3.0,3.0,3.0,3.0,3.0,3.0,3.0,3.0,3.0,3.0,3.0,-4.942416,-4.9904833,-0.9429616,44.98707
1215,-1.3116214146307086,5.5998588,24.560268,0.50457835,0.9973997,0.022620227,0.06715391,0.013137037,-5.4291644,-4.520804,-0.6667094,0.29333097,1.5186335,0.060437385,3.0,3.0,3.0,3.0,3.0,3.0,3.0,3.0,3.0,3.0,3.0,3.0,3.0,3.0,3.0,3.0,3.0,3.0,3.0,3.0,3.0,3.0,3.0,3.0,3.0,3.0,3.0,3.0,3.0,3.0,3.0,3.0,3.0,3.0,3.0,3.0,-4.9779754,-4.996026,-0.9379042,44.998024
1220,-1.3030686408850949,5.712321,24.654133,0.51960194,0.9961942,0.026767943,0.081936955,0.01292026,-5.3759284,-4.4957604,-0.7490057,0.5310339,1.287819,0.005652506,2.9552312,3.0,3.0,3.0,3.0,3.0,3.0,3.0,3.0,3.0,3.0,3.0,3.0,3.0,3.0,3.0,3.0,3.0,3.0,3.0,3.0,3.0,3.0,3.0,3.0,3.0,3.0,3.0,3.0,3.0,3.0,3.0,2.9993148,2.8509502,2.797568,2.830573,-4.804835,-4.9796953,-0.82678705,44.98668
1225,-1.3222185709088463,5.823589,24.747507,0.5360376,0.9947542,0.035098918,0.094980925,0.014518379,-5.314619,-4.4739122,-0.80074674,1.0589886,1.4026446,0.35039818,2.4685915,2.6898525,3.0,3.0,3.0,3.0,3.0,3.0,3.0,3.0,3.0,3.0,3.0,3.0,3.0,3.0,3.0,3.0,3.0,3.0,3.0,3.0,3.0,3.0,3.0,3.0,3.0,3.0,3.0,3.0,2.9582694,2.6299522,2.4337924,2.3307672,2.3032508,2.3468528,2.9679537,-4.4925895,-0.8566501,44.96866
1230,-1.335120175259023,5.93341,24.840504,0.55282193,0.9924042,0.04682358,0.112027414,0.019780198,-5.2473226,-4.4558296,-0.83677626,0.99014187,1.7787058,0.3464106,2.0280128,2.233177,2.5714507,3.0,3.0,3.0,3.0,3.0,3.0,3.0,3.0,3.0,3.0,3.0,3.0,3.0,3.0,3.0,3.0,3.0,3.0,3.0,3.0,3.0,3.0,3.0,3.0,3.0,3.0,2.679135,2.298251,2.067177,1.9316546,1.8660177,1.8593333,1.9105402,-4.6270285,-0.56376743,-0.97646433,44.993446
1235,-1.3341451505221493,6.0420513,24.933064,0.5716817,0.98954886,0.05694325,0.1303511,0.023645673,-5.192717,-4.434493,-0.95094943,0.97958946,1.7781565,0.3479064,1.677807,1.8560694,2.1498005,2.6496222,3.0,3.0,3.0,3.0,3.0,3.0,3.0,3.0,3.0,3.0,3.0,3.0,3.0,3.0,3.0,3.0,3.0,3.0,3.0,3.0,3.0,3.0,3.0,3.0,2.654021,2.152299,1.8575796,1.6787161,1.5749223,1.526909,1.5267539,1.5744321,-3.053645,4.8520174,-0.9817912,44.997917
1240,-1.3214342485842627,6.149367,25.025267,0.59236777,0.98648477,0.065754704,0.14773884,0.026408255,-5.1231003,-4.4201,-1.0210252,0.7619132,1.6397872,0.19257799,1.4153342,1.5693069,1.8230233,2.2563808,3.0,3.0,3.0,3.0,3.0,3.0,3.0,3.0,3.0,3.0,3.0,3.0,3.0,3.0,3.0,3.0,3.0,3.0,3.0,3.0,3.0,3.0,3.0,2.9638422,2.1979733,1.7898519,1.5492579,1.4032667,1.3190476,1.2810863,1.2831461,1.3255537,-4.5027966,4.87768,-0.9975879,43.004982
1245,-1.315647744333916,6.255092,25.117235,0.614243,0.9832557,0.072321706,0.16504353,0.027174763,-5.0403056,-4.4118176,-1.0633465,0.41129068,1.6640263,-0.031201005,1.2031245,1.3324751,1.5456094,1.9089568,2.5988753,3.0,3.0,3.0,3.0,3.0,3.0,3.0,3.0,3.0,3.0,3.0,3.0,3.0,3.0,3.0,3.0,3.0,3.0,3.0,3.0,3.0,3.0,2.5514464,1.8856853,1.5323919,1.324486,1.1983159,1.125311,1.0919642,1.0927851,1.1279037,-4.883748,4.9833755,-0.9976379,44.990417
1250,-1.2971811639378978,6.3591638,25.209005,0.63738143,0.980456,0.075011775,0.18021758,0.024514081,-4.958295,-4.403197,-1.1234357,-0.08370646,1.3054014,-0.36201227,1.0369029,1.1427401,1.3172114,1.6123773,2.1627214,3.0,3.0,3.0,3.0,3.0,3.0,3.0,3.0,3.0,3.0,3.0,3.0,3.0,3.0,3.0,3.0,3.0,3.0,3.0,3.0,3.0,3.0,2.3255627,1.6922225,1.3625484,1.1701392,1.0533935,0.9850449,0.9521944,0.9493798,0.97615427,-3.8006926,4.9830713,-0.9996457,44.930122
1255,-1.2932273187478067,6.461548,25.300583,0.66192394,0.97826403,0.07441375,0.19262059,0.018957159,-4.8799186,-4.392757,-1.2017356,-0.29403093,1.1538731,-0.49969137,0.9038349,0.9890655,1.1299518,1.3660426,1.7958256,2.7417333,3.0,3.0,3.0,3.0,3.0,3.0,3.0,3.0,3.0,3.0,3.0,3.0,3.0,3.0,3.0,3.0,3.0,3.0,3.0,3.0,3.0,2.2111552,1.5686142,1.2447283,1.0583575,0.94551605,0.87854064,0.844385,0.8372739,0.85607576,-4.1240926,4.9656773,-0.99951196,44.990303
1260,-1.2925271566376288,6.562165,25.391987,0.6878283,0.97657114,0.071126625,0.20279886,0.011067015,-4.800916,-4.3821087,-1.2830983,-0.50082123,1.0088187,-0.6305713,0.7912682,0.85850066,0.97044367,1.1563612,1.4862577,2.1718526,3.0,3.0,3.0,3.0,3.0,3.0,3.0,3.0,3.0,3.0,3.0,3.0,3.0,3.0,3.0,3.0,3.0,3.0,3.0,3.0,3.0,2.1767902,1.4883869,1.1575009,0.97111696,0.85891044,0.7915063,0.755188,0.74366075,0.7550779,2.648394,4.5747957,-0.99946696,44.824905
1265,-1.3016395420300542,6.6604366,25.483398,0.7138816,0.97500104,0.065815344,0.21222432,0.0014698468,-4.678052,-4.385547,-1.2682996,-0.8755475,0.8566363,-0.8451324,0.6917013,0.7432305,0.8303146,0.97403795,1.2228662,1.7123262,3.0,3.0,3.0,3.0,3.0,3.0,3.0,3.0,3.0,3.0,3.0,3.0,3.0,3.0,3.0,3.0,3.0,3.0,3.0,3.0,3.0,2.2185922,1.4389863,1.0893059,0.89830756,0.784579,0.71571386,0.67686915,0.66107637,0.6657716,-3.4780467,4.254533,-0.9996892,44.986748
1270,-1.3162044273221805,6.756645,25.574692,0.7408295,0.9733343,0.057083905,0.22190572,-0.010937353,-4.5866385,-4.377089,-1.3293135,-1.1027385,1.0597368,-0.94210273,0.5982345,0.6349254,0.6990388,0.80475307,0.9833399,1.3151522,2.0803394,3.0,3.0,3.0,3.0,3.0,3.0,3.0,3.0,3.0,3.0,3.0,3.0,3.0,3.0,3.0,3.0,3.0,3.0,3.0,3.0,2.4388082,1.440767,1.0449059,0.83970493,0.72015995,0.64763695,0.6050875,0.5844477,0.58227813,-4.0069437,-0.5658326,-0.9997519,44.993187
1275,-1.3101333973908595,6.8509083,25.66579,0.7690302,0.9719978,0.04749209,0.22914319,-0.021405483,-4.4710426,-4.3725305,-1.3454384,-1.3091017,0.8073453,-0.71399796,0.51614904,0.5417251,0.5887908,0.66700786,0.7971202,1.0291442,1.5167085,3.0,3.0,3.0,3.0,3.0,3.0,3.0,3.0,3.0,3.0,3.0,3.0,3.0,3.0,3.0,3.0,3.0,3.0,3.0,3.0,2.799139,1.4529488,1.0016568,0.78240997,0.6583174,0.5835017,0.53865224,0.5147286,0.5076072,-3.9439356,-3.1104314,-0.9998513,44.953423
1280,-1.2732165670677997,6.942554,25.756811,0.79718363,0.97122955,0.037612982,0.23337816,-0.028861783,-4.3470044,-4.3670373,-1.3477845,-0.8507923,0.3002407,-0.38716435,0.44526222,0.46280706,0.49752852,0.55615145,0.65292287,0.8206533,1.1514324,2.0323668,3.0,3.0,3.0,3.0,3.0,3.0,3.0,3.0,3.0,3.0,3.0,3.0,3.0,3.0,3.0,3.0,3.0,3.0,3.0,3.0,1.4720147,0.9576464,0.7260139,0.5992723,0.5237537,0.47803766,0.45230132,0.44193658,-4.047558,-4.2314587,-0.99986035,44.59247
1285,-1.2491362084168374,7.0317473,25.847658,0.82566005,0.9716518,0.03300732,0.23183654,-0.032482505,-4.236454,-4.3564734,-1.3773638,-0.2893897,-0.41733575,-0.13537112,0.38513428,0.39869815,0.42669034,0.4744132,0.55307657,0.68807435,0.9483743,1.6038435,3.0,3.0,3.0,3.0,3.0,3.0,3.0,3.0,3.0,3.0,3.0,3.0,3.0,3.0,3.0,3.0,3.0,3.0,3.0,3.0,1.3733807,0.86759895,0.6484828,0.5305994,0.46083027,0.41851553,0.39429095,0.38373902,-2.6887965,2.8817148,-0.9998787,44.401665
1290,-1.2601596062900966,7.118166,25.938358,0.8537592,0.9730687,0.029051667,0.22590488,-0.0354995,-4.0679364,-4.355348,-1.2856874,-0.56293094,-0.4751139,-0.25371107,0.3310828,0.34171486,0.36449492,0.4036705,0.4682211,0.5782604,0.78717744,1.2939972,3.0,3.0,3.0,3.0,3.0,3.0,3.0,3.0,3.0,3.0,3.0,3.0,3.0,3.0,3.0,3.0,3.0,3.0,3.0,3.0,1.2543658,0.7732332,0.57141846,0.46433508,0.40132165,0.36308113,0.34095263,0.33084148,-4.5953574,-4.26902,-0.9999498,44.872597
1295,-1.2441448568162619,7.20121,26.029007,0.88010794,0.9742439,0.027716411,0.22066313,-0.03726117,-3.922887,-4.3497686,-1.2318745,-0.22135423,-0.4008451,-0.17933041,0.2775119,0.2861801,0.30497253,0.337378,0.3907739,0.48163527,0.65342003,1.0660325,3.0,3.0,3.0,3.0,3.0,3.0,3.0,3.0,3.0,3.0,3.0,3.0,3.0,3.0,3.0,3.0,3.0,3.0,3.0,3.0,1.0703647,0.6549446,0.48238334,0.39119878,0.3376348,0.3051271,0.28626347,0.27753827,-3.578502,-2.6264513,-0.9999684,44.84822
1300,-1.26247437831733,7.2819204,26.11943,0.90668404,0.97582227,0.023800975,0.21393402,-0.03790299,-3.8337333,-4.335323,-1.2872919,-0.6008056,-0.6471916,0.06892943,0.22253717,0.22887996,0.24320127,0.26812503,0.3092085,0.37875077,0.5085873,0.81138533,2.168061,3.0,3.0,3.0,3.0,3.0,3.0,3.0,3.0,3.0,3.0,3.0,3.0,3.0,3.0,3.0,3.0,3.0,3.0,3.0,0.9096035,0.54307544,0.39566347,0.31881225,0.27392915,0.24669462,0.23076335,0.22313343,-1.5216026,-3.3470206,-0.9999517,44.983368
1305,-1.251402403848657,7.3602824,26.209625,0.93327063,0.9771998,0.020348893,0.20808928,-0.036951073,-3.727837,-4.323058,-1.299964,-0.30437553,-0.6131962,0.09643181,0.1634749,0.16776441,0.17783408,0.19550955,0.2246662,0.27382153,0.36469534,0.571853,1.423986,3.0,3.0,3.0,3.0,3.0,3.0,3.0,3.0,3.0,3.0,3.0,3.0,3.0,3.0,3.0,3.0,3.0,3.0,2.7357495,0.7031317,0.410564,0.29628468,0.2374147,0.20321217,0.18246943,0.17026329,0.16426599,-3.2809024,-4.1659575,-0.99999225,44.735382
