step,reward,rel_x,rel_y,rel_z,qw,qx,qy,qz,vx,vy,vz,wx,wy,wz,lidar_0,lidar_1,lidar_2,lidar_3,lidar_4,lidar_5,lidar_6,lidar_7,lidar_8,lidar_9,lidar_10,lidar_11,lidar_12,lidar_13,lidar_14,lidar_15,lidar_16,lidar_17,lidar_18,lidar_19,lidar_20,lidar_21,lidar_22,lidar_23,lidar_24,lidar_25,lidar_26,lidar_27,lidar_28,lidar_29,lidar_30,lidar_31,lidar_32,lidar_33,lidar_34,lidar_35,act_vx,act_vy,act_vz,act_yaw
5,-1.028063447521509,4.491197,-2.604358,0.50025636,0.99999636,0.0014447176,-0.0014466309,-0.0017442832,-9.2023525e-05,-9.187845e-05,-0.0069280835,0.300678,-0.30131435,-0.3620285,3.0,3.0,3.0,3.0,3.0,3.0,3.0,3.0,3.0,3.0,3.0,3.0,3.0,3.0,3.0,3.0,3.0,3.0,3.0,3.0,3.0,3.0,3.0,3.0,3.0,3.0,3.0,3.0,3.0,3.0,3.0,3.0,3.0,3.0,3.0,3.0,-2.2601626,-2.6145034,-0.49936408,40.111763
10,-1.0296088209139533,4.4912043,-2.6043513,0.50168353,0.9999645,0.004251707,-0.0042712498,-0.0058936207,-0.0007464535,-0.00073986495,-0.080364384,0.1493993,-0.14744899,-0.5445249,3.0,3.0,3.0,3.0,3.0,3.0,3.0,3.0,3.0,3.0,3.0,3.0,3.0,3.0,3.0,3.0,3.0,3.0,3.0,3.0,3.0,3.0,3.0,3.0,3.0,3.0,3.0,3.0,3.0,3.0,3.0,3.0,3.0,3.0,3.0,3.0,-3.0497491,1.7177534,-0.976372,32.923805
15,-1.0324330308474716,4.4912367,-2.6043193,0.50402457,0.99988985,0.005615197,-0.0076602953,-0.011406992,-0.0021291836,-0.0020733424,-0.13737364,0.084741,-0.40739027,-0.47959113,3.0,3.0,3.0,3.0,3.0,3.0,3.0,3.0,3.0,3.0,3.0,3.0,3.0,3.0,3.0,3.0,3.0,3.0,3.0,3.0,3.0,3.0,3.0,3.0,3.0,3.0,3.0,3.0,3.0,3.0,3.0,3.0,3.0,3.0,3.0,3.0,-0.45053387,-2.3225136,-0.91191334,37.7759
20,-1.0244818920339165,4.4913106,-2.6042562,0.50768375,0.99981254,0.008072408,-0.010382138,-0.014211054,-0.005254691,-0.0041161855,-0.16739307,0.47303733,-0.03564305,0.03228119,3.0,3.0,3.0,3.0,3.0,3.0,3.0,3.0,3.0,3.0,3.0,3.0,3.0,3.0,3.0,3.0,3.0,3.0,3.0,3.0,3.0,3.0,3.0,3.0,3.0,3.0,3.0,3.0,3.0,3.0,3.0,3.0,3.0,3.0,3.0,3.0,-1.7801976,4.7833776,0.14603043,21.22422
25,-1.0350489363978437,4.491485,-2.6041224,0.51066977,0.99980575,0.010446203,-0.013153736,-0.010310518,-0.010347727,-0.007957309,-0.13952132,0.2523891,-0.24035631,0.5909766,3.0,3.0,3.0,3.0,3.0,3.0,3.0,3.0,3.0,3.0,3.0,3.0,3.0,3.0,3.0,3.0,3.0,3.0,3.0,3.0,3.0,3.0,3.0,3.0,3.0,3.0,3.0,3.0,3.0,3.0,3.0,3.0,3.0,3.0,3.0,3.0,3.09229,-2.209542,0.050927997,40.723145
30,-1.059411116825468,4.4917994,-2.6038778,0.5123801,0.9997544,0.017266737,-0.0138264755,-0.0013336098,-0.017103065,-0.0135224275,-0.0880059,0.75048524,-0.11941024,0.8935164,3.0,3.0,3.0,3.0,3.0,3.0,3.0,3.0,3.0,3.0,3.0,3.0,3.0,3.0,3.0,3.0,3.0,3.0,3.0,3.0,3.0,3.0,3.0,3.0,3.0,3.0,3.0,3.0,3.0,3.0,3.0,3.0,3.0,3.0,3.0,3.0,-2.371469,2.970357,-0.21352082,42.969032
35,-1.053307753013127,4.4922557,-2.603467,0.51320887,0.9996023,0.022329021,-0.015144536,0.008199885,-0.026260972,-0.025794175,0.03209783,0.3575758,-0.19740713,0.9767306,3.0,3.0,3.0,3.0,3.0,3.0,3.0,3.0,3.0,3.0,3.0,3.0,3.0,3.0,3.0,3.0,3.0,3.0,3.0,3.0,3.0,3.0,3.0,3.0,3.0,3.0,3.0,3.0,3.0,3.0,3.0,3.0,3.0,3.0,3.0,3.0,-1.0598574,-4.6306944,-0.532247,38.46142
40,-1.0441526205162182,4.492861,-2.6028411,0.513185,0.9993624,0.026434742,-0.015800327,0.018065589,-0.03207045,-0.034777988,0.01710512,0.42738375,-0.020328222,0.76481515,3.0,3.0,3.0,3.0,3.0,3.0,3.0,3.0,3.0,3.0,3.0,3.0,3.0,3.0,3.0,3.0,3.0,3.0,3.0,3.0,3.0,3.0,3.0,3.0,3.0,3.0,3.0,3.0,3.0,3.0,3.0,3.0,3.0,3.0,3.0,3.0,-1.8082907,-3.732512,-0.021371007,43.03057
45,-1.037306895966538,4.4936314,-2.6019368,0.5120525,0.99906874,0.031114554,-0.017119419,0.024504703,-0.040467463,-0.04984766,0.08365384,0.38738638,-0.15865259,0.6173866,3.0,3.0,3.0,3.0,3.0,3.0,3.0,3.0,3.0,3.0,3.0,3.0,3.0,3.0,3.0,3.0,3.0,3.0,3.0,3.0,3.0,3.0,3.0,3.0,3.0,3.0,3.0,3.0,3.0,3.0,3.0,3.0,3.0,3.0,3.0,3.0,3.294447,-2.6126218,0.19266486,42.510033
50,-1.0386147283309541,4.494573,-2.6007037,0.5097996,0.99871904,0.034763124,-0.017725885,0.032211863,-0.04758378,-0.06402322,0.09972718,0.3309348,-0.19997595,0.667566,3.0,3.0,3.0,3.0,3.0,3.0,3.0,3.0,3.0,3.0,3.0,3.0,3.0,3.0,3.0,3.0,3.0,3.0,3.0,3.0,3.0,3.0,3.0,3.0,3.0,3.0,3.0,3.0,3.0,3.0,3.0,3.0,3.0,3.0,3.0,3.0,-0.6207757,1.7181726,-0.077534795,43.32544
55,-1.0297029064474872,4.4956245,-2.599243,0.5084833,0.9982945,0.03858572,-0.021077322,0.038406946,-0.05257055,-0.07450755,0.0410032,0.2968375,-0.25231272,0.44140995,3.0,3.0,3.0,3.0,3.0,3.0,3.0,3.0,3.0,3.0,3.0,3.0,3.0,3.0,3.0,3.0,3.0,3.0,3.0,3.0,3.0,3.0,3.0,3.0,3.0,3.0,3.0,3.0,3.0,3.0,3.0,3.0,3.0,3.0,3.0,3.0,-0.30997467,-3.5105247,-0.48727107,40.35736
60,-1.0384307465689107,4.496771,-2.597588,0.5088833,0.99789286,0.042348217,-0.022901557,0.043497525,-0.057745352,-0.08484124,-0.034783553,0.5167707,0.0062040435,0.5540645,3.0,3.0,3.0,3.0,3.0,3.0,3.0,3.0,3.0,3.0,3.0,3.0,3.0,3.0,3.0,3.0,3.0,3.0,3.0,3.0,3.0,3.0,3.0,3.0,3.0,3.0,3.0,3.0,3.0,3.0,3.0,3.0,3.0,3.0,3.0,3.0,-2.4239683,2.0406961,-0.7729444,40.12735
65,-1.0505798383623857,4.498051,-2.5956578,0.5103118,0.99730754,0.04736766,-0.023359854,0.05087524,-0.064223506,-0.09866231,-0.08343843,0.47177914,-0.055288862,0.88253105,3.0,3.0,3.0,3.0,3.0,3.0,3.0,3.0,3.0,3.0,3.0,3.0,3.0,3.0,3.0,3.0,3.0,3.0,3.0,3.0,3.0,3.0,3.0,3.0,3.0,3.0,3.0,3.0,3.0,3.0,3.0,3.0,3.0,3.0,3.0,3.0,0.42723227,2.8511758,0.3203169,40.639343
70,-1.0225513690432715,4.4995284,-2.5932796,0.51125693,0.99694717,0.050567266,-0.02306604,0.054837916,-0.07330096,-0.119897194,-0.06867446,0.38152027,0.0077732904,0.22044714,3.0,3.0,3.0,3.0,3.0,3.0,3.0,3.0,3.0,3.0,3.0,3.0,3.0,3.0,3.0,3.0,3.0,3.0,3.0,3.0,3.0,3.0,3.0,3.0,3.0,3.0,3.0,3.0,3.0,3.0,3.0,3.0,3.0,3.0,3.0,3.0,-2.9979787,3.7864447,-0.37809885,42.430977
75,-1.0229827324014464,4.5011272,-2.5905957,0.5134559,0.9965867,0.05397994,-0.023773005,0.057758167,-0.080048986,-0.13755292,-0.105319135,0.38632217,0.016412575,0.22764842,3.0,3.0,3.0,3.0,3.0,3.0,3.0,3.0,3.0,3.0,3.0,3.0,3.0,3.0,3.0,3.0,3.0,3.0,3.0,3.0,3.0,3.0,3.0,3.0,3.0,3.0,3.0,3.0,3.0,3.0,3.0,3.0,3.0,3.0,3.0,3.0,-2.1296763,1.773202,-0.40455425,38.99169
80,-1.0235930203800394,4.5028434,-2.5875978,0.51700187,0.9962013,0.057459068,-0.024388978,0.060717557,-0.083930194,-0.14821492,-0.21345863,0.29519096,-0.104215465,0.33139217,3.0,3.0,3.0,3.0,3.0,3.0,3.0,3.0,3.0,3.0,3.0,3.0,3.0,3.0,3.0,3.0,3.0,3.0,3.0,3.0,3.0,3.0,3.0,3.0,3.0,3.0,3.0,3.0,3.0,3.0,3.0,3.0,3.0,3.0,3.0,3.0,-0.78918076,-2.249887,-0.27329326,38.725998
85,-1.0204397878228675,4.5047016,-2.5842,0.5213734,0.9957962,0.061866414,-0.026208472,0.06225378,-0.092063606,-0.17115237,-0.22455065,0.39334792,-0.019252481,0.017218065,3.0,3.0,3.0,3.0,3.0,3.0,3.0,3.0,3.0,3.0,3.0,3.0,3.0,3.0,3.0,3.0,3.0,3.0,3.0,3.0,3.0,3.0,3.0,3.0,3.0,3.0,3.0,3.0,3.0,3.0,3.0,3.0,3.0,3.0,3.0,3.0,-4.093021,2.5229893,-0.22395462,42.77665
90,-1.0132478273470302,4.5067387,-2.580296,0.5259479,0.9956008,0.064299665,-0.027185002,0.062494,-0.10322603,-0.20288675,-0.18120818,0.24482782,-0.030298855,-0.08988105,3.0,3.0,3.0,3.0,3.0,3.0,3.0,3.0,3.0,3.0,3.0,3.0,3.0,3.0,3.0,3.0,3.0,3.0,3.0,3.0,3.0,3.0,3.0,3.0,3.0,3.0,3.0,3.0,3.0,3.0,3.0,3.0,3.0,3.0,3.0,3.0,-1.9565539,3.075265,0.26403403,37.200394
95,-1.0184076024582605,4.5090485,-2.575619,0.528852,0.9955606,0.0652589,-0.029470546,0.06108959,-0.11419992,-0.23385152,-0.15011723,0.13627073,-0.20291065,-0.2760682,3.0,3.0,3.0,3.0,3.0,3.0,3.0,3.0,3.0,3.0,3.0,3.0,3.0,3.0,3.0,3.0,3.0,3.0,3.0,3.0,3.0,3.0,3.0,3.0,3.0,3.0,3.0,3.0,3.0,3.0,3.0,3.0,3.0,3.0,3.0,3.0,2.4282193,3.2397223,-0.034017622,36.32795
100,-1.0108027987982864,4.5115466,-2.5704343,0.5321854,0.995591,0.06581125,-0.030090895,0.059682716,-0.12387751,-0.2591017,-0.16489615,0.17189191,0.08862758,0.100983486,3.0,3.0,3.0,3.0,3.0,3.0,3.0,3.0,3.0,3.0,3.0,3.0,3.0,3.0,3.0,3.0,3.0,3.0,3.0,3.0,3.0,3.0,3.0,3.0,3.0,3.0,3.0,3.0,3.0,3.0,3.0,3.0,3.0,3.0,3.0,3.0,-4.423821,2.6952534,-0.22996992,35.77234
105,-1.0178972207874635,4.5142503,-2.5647178,0.53580594,0.9953991,0.06840652,-0.031350993,0.05931461,-0.13355969,-0.28420928,-0.18290746,0.2980527,-0.10227198,-0.19016694,3.0,3.0,3.0,3.0,3.0,3.0,3.0,3.0,3.0,3.0,3.0,3.0,3.0,3.0,3.0,3.0,3.0,3.0,3.0,3.0,3.0,3.0,3.0,3.0,3.0,3.0,3.0,3.0,3.0,3.0,3.0,3.0,3.0,3.0,3.0,3.0,-0.17681837,-0.8607907,0.38464046,44.74598
110,-1.0180223428294253,4.51722,-2.558314,0.5387241,0.99530905,0.07058991,-0.033599235,0.056991108,-0.14597757,-0.3162188,-0.15896642,0.18029876,-0.250455,-0.21014614,3.0,3.0,3.0,3.0,3.0,3.0,3.0,3.0,3.0,3.0,3.0,3.0,3.0,3.0,3.0,3.0,3.0,3.0,3.0,3.0,3.0,3.0,3.0,3.0,2.9599369,2.9939008,3.0,3.0,3.0,3.0,3.0,3.0,3.0,3.0,3.0,3.0,4.493947,-2.2791395,0.08482528,30.085495
115,-1.0246394674647639,4.520449,-2.551261,0.5413795,0.9950957,0.07438116,-0.034213904,0.055511177,-0.1598904,-0.3505989,-0.12662868,0.49664935,0.032818068,-0.10927883,3.0,3.0,3.0,3.0,3.0,3.0,3.0,3.0,3.0,3.0,3.0,3.0,3.0,3.0,3.0,3.0,3.0,3.0,3.0,3.0,3.0,3.0,3.0,2.87416,2.8121457,2.837135,2.953106,3.0,3.0,3.0,3.0,3.0,3.0,3.0,3.0,3.0,-4.8348064,4.2968025,0.03485191,42.532227
120,-1.0198199163523558,4.52399,-2.543426,0.5430943,0.9948485,0.07712633,-0.03692153,0.054450586,-0.17749478,-0.39505735,-0.041792806,0.22393553,-0.30357882,-0.19254571,3.0,3.0,3.0,3.0,3.0,3.0,3.0,3.0,3.0,3.0,3.0,3.0,3.0,3.0,3.0,3.0,3.0,3.0,3.0,3.0,3.0,3.0,2.877853,2.734402,2.6822007,2.7128391,2.8312047,3.0,3.0,3.0,3.0,3.0,3.0,3.0,3.0,3.0,1.569612,0.48074675,-0.15664154,43.41973
125,-1.0213257851254716,4.5278316,-2.534849,0.54431456,0.99472976,0.079205796,-0.039637435,0.051653422,-0.18929867,-0.42331216,-0.06704715,0.28236297,-0.15099242,-0.32596394,3.0,3.0,3.0,3.0,3.0,3.0,3.0,3.0,3.0,3.0,3.0,3.0,3.0,3.0,3.0,3.0,3.0,3.0,3.0,3.0,3.0,2.9955766,2.7561767,2.6260972,2.5826795,2.6189554,2.740727,2.9689846,3.0,3.0,3.0,3.0,3.0,3.0,3.0,3.0,-1.3730125,4.273671,0.34609008,43.375847
130,-1.0166603257471274,4.531928,-2.525684,0.54611397,0.99467367,0.079809524,-0.04271113,0.04929993,-0.20095941,-0.44949865,-0.10871142,-0.017900899,-0.19456027,-0.29952464,3.0,3.0,3.0,3.0,3.0,3.0,3.0,3.0,3.0,3.0,3.0,3.0,3.0,3.0,3.0,3.0,3.0,3.0,3.0,3.0,3.0,2.8785713,2.6626415,2.548889,2.517826,2.564494,2.6964002,2.9366796,3.0,3.0,3.0,3.0,3.0,3.0,3.0,3.0,3.1057444,1.1342235,-0.74426186,42.28666
135,-1.0244917919412615,4.536245,-2.516049,0.5492489,0.994794,0.078204066,-0.045539297,0.046853047,-0.21460834,-0.47751248,-0.1396095,-0.31982625,-0.17640363,-0.36588842,3.0,3.0,3.0,3.0,3.0,3.0,3.0,3.0,3.0,3.0,3.0,3.0,3.0,3.0,3.0,3.0,3.0,3.0,3.0,3.0,3.0,2.8088481,2.6162107,2.519954,2.503909,2.565526,2.714822,2.9786649,3.0,3.0,3.0,3.0,3.0,3.0,3.0,3.0,0.47683525,-3.2084417,0.08085942,44.050102
140,-1.0233082919628806,4.54095,-2.5056489,0.5518847,0.9950016,0.077436194,-0.04598652,0.043135747,-0.23207414,-0.5109837,-0.13330717,0.076603144,-0.091029264,-0.47371525,3.0,3.0,3.0,3.0,3.0,3.0,3.0,3.0,3.0,3.0,3.0,3.0,3.0,3.0,3.0,3.0,3.0,3.0,3.0,3.0,3.0,2.798904,2.6095214,2.5157382,2.501842,2.5656257,2.717476,2.9848297,3.0,3.0,3.0,3.0,3.0,3.0,3.0,3.0,1.5852146,1.411274,-0.2206924,37.324615
145,-1.0294762606111247,4.545891,-2.4948072,0.5559378,0.9952155,0.07727329,-0.04661535,0.037443522,-0.24061029,-0.526672,-0.23536684,-0.033025667,0.031927235,-0.60079193,3.0,3.0,3.0,3.0,3.0,3.0,3.0,3.0,3.0,3.0,3.0,3.0,3.0,3.0,3.0,3.0,3.0,3.0,3.0,3.0,3.0,2.7663379,2.5797844,2.487612,2.4743884,2.5380132,2.6888518,2.954186,3.0,3.0,3.0,3.0,3.0,3.0,3.0,3.0,-1.8643265,-1.1901965,-0.41175562,33.801712
150,-1.0360655087199198,4.5511236,-2.4834402,0.56086284,0.99544066,0.0758355,-0.048880342,0.030943906,-0.25608647,-0.55426496,-0.26190367,-0.20126697,-0.1438932,-0.6859275,3.0,3.0,3.0,3.0,3.0,3.0,3.0,3.0,3.0,3.0,3.0,3.0,3.0,3.0,3.0,3.0,3.0,3.0,3.0,3.0,2.998346,2.705397,2.534759,2.454524,2.4514122,2.5249298,2.6871657,2.9680574,3.0,3.0,3.0,3.0,3.0,3.0,3.0,3.0,-0.5268645,-1.4044392,-0.62559867,33.960014
155,-1.014994618827828,4.556662,-2.471562,0.5666776,0.99563086,0.07469367,-0.04962391,0.026029192,-0.27808177,-0.5898163,-0.23135631,-0.082124144,-0.0538063,-0.29170978,3.0,3.0,3.0,3.0,3.0,3.0,3.0,3.0,3.0,3.0,3.0,3.0,3.0,3.0,3.0,3.0,3.0,3.0,3.0,3.0,2.9579215,2.6745205,2.510282,2.4347463,2.4354622,2.5125432,2.6787145,2.9648893,3.0,3.0,3.0,3.0,3.0,3.0,3.0,3.0,-1.0114529,-1.6411548,-0.41145694,38.5841
160,-1.0075020075932624,4.5627775,-2.4587657,0.5706701,0.9957318,0.07402561,-0.049623553,0.023999624,-0.3035831,-0.62995416,-0.16814013,0.07103773,0.05434704,-0.1306589,3.0,3.0,3.0,3.0,3.0,3.0,3.0,3.0,3.0,3.0,3.0,3.0,3.0,3.0,3.0,3.0,3.0,3.0,3.0,3.0,2.9444814,2.6636755,2.5011451,2.4268053,2.4284132,2.5062242,2.673096,2.9601321,3.0,3.0,3.0,3.0,3.0,3.0,3.0,3.0,-3.0465972,3.0980568,-0.58890355,44.12323
165,-1.0117931569550267,4.5693936,-2.445186,0.57365215,0.9958056,0.07279614,-0.050206017,0.02347934,-0.32579356,-0.66461873,-0.13824865,-0.21538606,-0.015098846,-0.110189766,3.0,3.0,3.0,3.0,3.0,3.0,3.0,3.0,3.0,3.0,3.0,3.0,3.0,3.0,3.0,3.0,3.0,3.0,3.0,3.0,2.9211266,2.6503115,2.4948225,2.4262006,2.4332054,2.5169482,2.691351,2.9893131,3.0,3.0,3.0,3.0,3.0,3.0,3.0,3.0,-1.1655889,-3.5200577,-0.76480854,39.981377
170,-1.0128474753254892,4.5765343,-2.4308062,0.57542175,0.99595016,0.070946835,-0.049946688,0.023561088,-0.35379308,-0.7067685,-0.052139852,-0.16775651,0.024727196,0.20888053,3.0,3.0,3.0,3.0,3.0,3.0,3.0,3.0,3.0,3.0,3.0,3.0,3.0,3.0,3.0,3.0,3.0,3.0,3.0,3.0,2.945199,2.678088,2.5257611,2.4605696,2.471876,2.5614746,2.7443347,3.0,3.0,3.0,3.0,3.0,3.0,3.0,3.0,3.0,-1.7948749,-1.2139068,0.14187968,43.540718
175,-1.019610934675725,4.5841975,-2.4156497,0.57600975,0.9958143,0.07085784,-0.052031185,0.025015447,-0.3788221,-0.7435814,0.003430767,0.1389355,-0.35438228,0.12079208,3.0,3.0,3.0,3.0,3.0,3.0,3.0,3.0,3.0,3.0,3.0,3.0,3.0,3.0,3.0,3.0,3.0,3.0,3.0,3.0,2.863154,2.616041,2.4774911,2.4227915,2.443083,2.541595,2.7349777,3.0,3.0,3.0,3.0,3.0,3.0,3.0,3.0,3.0,3.04253,4.26033,-0.4112823,27.773064
180,-1.0108089903661623,4.5922027,-2.4000006,0.5773146,0.9955217,0.0720219,-0.055371545,0.026140586,-0.3897399,-0.75873095,-0.089763224,0.022062676,-0.2120393,-0.026485762,3.0,3.0,3.0,3.0,3.0,3.0,3.0,3.0,3.0,3.0,3.0,3.0,3.0,3.0,3.0,3.0,3.0,3.0,3.0,3.0,2.7236307,2.5012498,2.379278,2.3363364,2.3655183,2.471483,2.6723936,3.0,3.0,3.0,3.0,3.0,3.0,3.0,3.0,3.0,-1.0788326,3.0121212,0.61379933,41.062515
185,-1.0131084102409658,4.6007442,-2.383618,0.5777636,0.99552375,0.071847714,-0.055927705,0.025346689,-0.41834208,-0.7975987,-0.024442261,-0.07736749,0.091767125,-0.2230317,3.0,3.0,3.0,3.0,3.0,3.0,3.0,3.0,3.0,3.0,3.0,3.0,3.0,3.0,3.0,3.0,3.0,3.0,3.0,3.0,2.7063172,2.4881523,2.3691525,2.3285384,2.3597856,2.467888,2.671438,3.0,3.0,3.0,3.0,3.0,3.0,3.0,3.0,3.0,-4.3362193,3.815607,-0.30886,39.431595
190,-1.0129735620827587,4.609756,-2.3666058,0.5780429,0.99564517,0.07020167,-0.056156162,0.024676278,-0.4425215,-0.82980144,-0.0016530796,-0.22800174,-0.08222711,0.03003509,3.0,3.0,3.0,3.0,3.0,3.0,3.0,3.0,3.0,3.0,3.0,3.0,3.0,3.0,3.0,3.0,3.0,3.0,3.0,3.0,2.7188148,2.5063913,2.3921735,2.356389,2.3933072,2.5088437,2.7230358,3.0,3.0,3.0,3.0,3.0,3.0,3.0,3.0,3.0,0.38195324,-3.8663492,-0.71532416,37.949203
195,-1.0096339774232868,4.6192193,-2.3490024,0.5783309,0.99558586,0.06952659,-0.058026113,0.024654236,-0.4607092,-0.8531358,-0.03490377,0.04844281,-0.13439961,0.08951499,3.0,3.0,3.0,3.0,3.0,3.0,3.0,3.0,3.0,3.0,3.0,3.0,3.0,3.0,3.0,3.0,3.0,3.0,3.0,2.9968586,2.6660244,2.4685204,2.3651686,2.3383167,2.3836818,2.5085714,2.7349668,3.0,3.0,3.0,3.0,3.0,3.0,3.0,3.0,3.0,0.57639074,-2.3826618,0.021003723,34.807175
200,-1.022358153337537,4.6291666,-2.3307922,0.57845813,0.995336,0.07105253,-0.058992278,0.027886366,-0.49118873,-0.89136505,0.035290334,0.2196893,-0.2769298,0.21937034,3.0,3.0,3.0,3.0,3.0,3.0,3.0,3.0,3.0,3.0,3.0,3.0,3.0,3.0,3.0,3.0,3.0,3.0,3.0,2.9367015,2.6129699,2.419748,2.3187375,2.2926931,2.337461,2.4602544,2.6826963,3.0,3.0,3.0,3.0,3.0,3.0,3.0,3.0,3.0,3.5121813,-0.87067795,-0.24775344,10.322235
205,-1.0106598473686983,4.6395593,-2.3120244,0.57880896,0.99507564,0.072572574,-0.060862396,0.029214274,-0.5040036,-0.90723276,-0.05159329,0.09435297,-0.12409795,0.05948254,3.0,3.0,3.0,3.0,3.0,3.0,3.0,3.0,3.0,3.0,3.0,3.0,3.0,3.0,3.0,3.0,3.0,3.0,3.0,2.847354,2.5374932,2.3529303,2.2573326,2.2344413,2.2806091,2.4032884,2.624184,2.9898357,3.0,3.0,3.0,3.0,3.0,3.0,3.0,3.0,1.2095652,-0.633492,-0.27419728,-17.07006
210,-1.017487646950412,4.650331,-2.2927856,0.5800645,0.9948922,0.07346117,-0.062229566,0.030339096,-0.5248461,-0.9330946,-0.073973924,0.15451266,-0.0587496,0.24533676,3.0,3.0,3.0,3.0,3.0,3.0,3.0,3.0,3.0,3.0,3.0,3.0,3.0,3.0,3.0,3.0,3.0,3.0,3.0,2.7799468,2.4812005,2.3036358,2.2125251,2.1924284,2.2401466,2.3633966,2.5840857,2.94907,3.0,3.0,3.0,3.0,3.0,3.0,3.0,3.0,-0.5034666,3.6187563,0.8896706,0.48194504
215,-1.0099587290657535,4.661617,-2.272911,0.5811717,0.9947706,0.074571304,-0.06199979,0.03204139,-0.5490109,-0.9630457,-0.071755566,0.0082066925,0.11886209,0.060197532,3.0,3.0,3.0,3.0,3.0,3.0,3.0,3.0,3.0,3.0,3.0,3.0,3.0,3.0,3.0,3.0,3.0,3.0,3.0,2.7689977,2.466789,2.2866986,2.1932201,2.170442,2.214734,2.333243,2.5469127,2.9006827,3.0,3.0,3.0,3.0,3.0,3.0,3.0,3.0,-3.7161274,1.2732391,0.27805543,29.136559
220,-1.0171604562460694,4.6733704,-2.2524505,0.5825136,0.99470913,0.073782735,-0.062468946,0.03474865,-0.57525814,-0.9959662,-0.051324673,0.13254142,-0.09715343,0.2093521,3.0,3.0,3.0,3.0,3.0,3.0,3.0,3.0,3.0,3.0,3.0,3.0,3.0,3.0,3.0,3.0,3.0,3.0,3.0,2.7434874,2.451203,2.277746,2.1893413,2.171044,2.2199428,2.3439562,2.565199,2.9308956,3.0,3.0,3.0,3.0,3.0,3.0,3.0,3.0,1.4329414,-3.535347,0.016099215,9.7228775
225,-1.0481437333116737,4.685678,-2.2312949,0.58335763,0.99430305,0.07576624,-0.06283174,0.0409035,-0.5998282,-1.0269567,-0.04379872,0.17860149,-0.05096179,0.85272235,3.0,3.0,3.0,3.0,3.0,3.0,3.0,3.0,3.0,3.0,3.0,3.0,3.0,3.0,3.0,3.0,3.0,3.0,3.0,2.698037,2.4081893,2.2359235,2.1475542,2.1281075,2.1744878,2.2941957,2.5085118,2.862948,3.0,3.0,3.0,3.0,3.0,3.0,3.0,3.0,4.3201475,2.9312983,0.039232492,-24.726337
230,-1.0416671367135473,4.69848,-2.2095006,0.58417344,0.9937245,0.07813518,-0.06275368,0.04968301,-0.6272038,-1.0631053,-0.011082971,0.031664774,-0.22320351,0.6982279,3.0,3.0,3.0,3.0,3.0,3.0,3.0,3.0,3.0,3.0,3.0,3.0,3.0,3.0,3.0,3.0,3.0,3.0,3.0,2.6595204,2.3697402,2.1971028,2.1076007,2.0860066,2.1288795,2.2431383,2.4489892,2.7897694,3.0,3.0,3.0,3.0,3.0,3.0,3.0,3.0,4.0178585,-2.4617412,-0.72587705,1.9818954
235,-1.0424692845620545,4.7117977,-2.1870103,0.58473104,0.99317884,0.079248905,-0.06400751,0.05673155,-0.64571536,-1.088346,-0.050392088,0.04641801,-0.20491375,0.7052309,3.0,3.0,3.0,3.0,3.0,3.0,3.0,3.0,3.0,3.0,3.0,3.0,3.0,3.0,3.0,3.0,3.0,3.0,3.0,2.593171,2.3163211,2.1519618,2.0680554,2.0504093,2.0962152,2.2128887,2.4212189,2.7656171,3.0,3.0,3.0,3.0,3.0,3.0,3.0,3.0,1.8669529,-1.1592734,-0.35919744,20.36448
240,-1.0344502182248632,4.725646,-2.163789,0.58492535,0.9928417,0.07867444,-0.064149104,0.06293311,-0.68045235,-1.1364397,0.043715693,-0.11726188,-0.035804085,0.555869,3.0,3.0,3.0,3.0,3.0,3.0,3.0,3.0,3.0,3.0,3.0,3.0,3.0,3.0,3.0,3.0,3.0,3.0,3.0,2.5793478,2.310169,2.151046,2.0713112,2.0575595,2.1076055,2.22958,2.445407,2.8017504,3.0,3.0,3.0,3.0,3.0,3.0,3.0,3.0,-3.6309066,-4.6489544,-0.8251684,18.040909
245,-1.028884868369596,4.7402325,-2.1395416,0.58299375,0.9926252,0.07928829,-0.062289212,0.06729562,-0.7137289,-1.1828806,0.12963983,0.056288056,0.19255742,0.40454444,3.0,3.0,3.0,3.0,3.0,3.0,3.0,3.0,3.0,3.0,3.0,3.0,3.0,3.0,3.0,3.0,3.0,3.0,3.0,2.6364758,2.3533208,2.1850407,2.0987346,2.0797791,2.1251569,2.2422068,2.4517393,2.7982578,3.0,3.0,3.0,3.0,3.0,3.0,3.0,3.0,-2.98248,-2.9140234,-0.21705043,-21.982988
250,-1.024890355921329,4.755241,-2.114698,0.58149195,0.99234724,0.08153206,-0.06092652,0.06991014,-0.7236919,-1.1973674,0.02441748,0.19123141,0.12295794,0.27462405,3.0,3.0,3.0,3.0,3.0,3.0,3.0,3.0,3.0,3.0,3.0,3.0,3.0,3.0,3.0,3.0,3.0,3.0,3.0,2.6668463,2.3675115,2.1883743,2.0935767,2.0668435,2.1039047,2.2107172,2.4059691,2.730039,3.0,3.0,3.0,3.0,3.0,3.0,3.0,3.0,-0.03598404,3.5867662,0.8519263,-34.747887
255,-1.021841596633052,4.770664,-2.0892165,0.58026874,0.9924177,0.08195412,-0.059001226,0.07006778,-0.74829286,-1.235722,0.0551512,-0.021175915,0.23656268,-0.15118727,3.0,3.0,3.0,3.0,3.0,3.0,3.0,3.0,3.0,3.0,3.0,3.0,3.0,3.0,3.0,3.0,3.0,3.0,3.0,2.7353036,2.4171898,2.225948,2.1225119,2.088914,2.1197674,2.2200115,2.4069717,2.718515,3.0,3.0,3.0,3.0,3.0,3.0,3.0,3.0,-1.7399764,3.1555882,-0.4755739,-19.01977
260,-1.021093418196174,4.7864966,-2.0630796,0.5792363,0.9926625,0.080864735,-0.057775248,0.06887731,-0.76878655,-1.2688564,0.05618241,-0.0185279,0.23745923,-0.09112047,3.0,3.0,3.0,3.0,3.0,3.0,3.0,3.0,3.0,3.0,3.0,3.0,3.0,3.0,3.0,3.0,3.0,3.0,3.0,2.797143,2.468695,2.271029,2.1635346,2.1274774,2.1570692,2.2570426,2.4446216,2.7575877,3.0,3.0,3.0,3.0,3.0,3.0,3.0,3.0,-3.646223,4.4347515,-0.59776753,-2.8589783
265,-1.0173788788651519,4.802789,-2.0361936,0.5778036,0.9927779,0.081332,-0.057338066,0.067004256,-0.79155475,-1.3061875,0.084113,-0.10636168,-0.11171949,-0.08395162,3.0,3.0,3.0,3.0,3.0,3.0,3.0,3.0,3.0,3.0,3.0,3.0,3.0,3.0,3.0,3.0,3.0,3.0,3.0,2.8229241,2.4860163,2.2829218,2.1715012,2.1322222,2.1587667,2.2553728,2.4385967,2.7450032,3.0,3.0,3.0,3.0,3.0,3.0,3.0,3.0,-0.44982338,-4.286006,0.58093345,-36.9886
270,-1.0222423598375463,4.8196535,-2.0083663,0.57484406,0.9927485,0.08167226,-0.059113894,0.06546499,-0.8139889,-1.3430117,0.109272674,0.1289958,-0.117381215,-0.18871877,3.0,3.0,3.0,3.0,3.0,3.0,3.0,3.0,3.0,3.0,3.0,3.0,3.0,3.0,3.0,3.0,3.0,3.0,3.0,2.7800143,2.4553428,2.2600658,2.1541939,2.1193097,2.1498175,2.2505984,2.4390476,2.7532399,3.0,3.0,3.0,3.0,3.0,3.0,3.0,3.0,-1.1580613,-1.9337959,-0.30261987,-0.0718956
275,-1.043540251674187,4.8368645,-1.9799868,0.57260966,0.9928865,0.08273113,-0.060161248,0.06093106,-0.8363539,-1.3783855,0.1251194,0.077133805,0.04584172,-0.66575766,3.0,3.0,3.0,3.0,3.0,3.0,3.0,3.0,3.0,3.0,3.0,3.0,3.0,3.0,3.0,3.0,3.0,3.0,3.0,2.7602954,2.4364245,2.241529,2.135587,2.1001391,2.129496,2.2283528,2.4137454,2.7230318,3.0,3.0,3.0,3.0,3.0,3.0,3.0,3.0,2.1557002,4.4264927,0.6561769,-29.425869
280,-1.05033021840449,4.854614,-1.9507619,0.5694303,0.99352133,0.08113033,-0.059663754,0.052664205,-0.8629121,-1.4198312,0.17568229,-0.2061949,-0.009781781,-0.7680112,3.0,3.0,3.0,3.0,3.0,3.0,3.0,3.0,3.0,3.0,3.0,3.0,3.0,3.0,3.0,3.0,3.0,3.0,3.0,2.8313675,2.4971824,2.2959533,2.18621,2.1487906,2.1776853,2.2775116,2.4654403,2.7792113,3.0,3.0,3.0,3.0,3.0,3.0,3.0,3.0,-3.407576,-2.4817271,-0.09735501,-39.260796
285,-1.06484828178513,4.87279,-1.9208858,0.5663587,0.99407566,0.07934273,-0.06075023,0.04275182,-0.8839608,-1.4508923,0.172752,-0.18513791,0.052011408,-1.0538571,3.0,3.0,3.0,3.0,3.0,3.0,3.0,3.0,3.0,3.0,3.0,3.0,3.0,3.0,3.0,3.0,3.0,3.0,3.0,2.85071,2.5204792,2.3220441,2.2149627,2.1806595,2.2136369,2.3191762,2.5155427,2.8425992,3.0,3.0,3.0,3.0,3.0,3.0,3.0,3.0,-2.4197457,1.8492107,0.6384449,-19.490597
290,-1.031416514137879,4.8914995,-1.8902464,0.5625811,0.9945301,0.076116554,-0.06176351,0.036076203,-0.9065513,-1.4820265,0.17769584,-0.11628221,0.11439367,-0.34643677,3.0,3.0,3.0,3.0,3.0,3.0,3.0,3.0,3.0,3.0,3.0,3.0,3.0,3.0,3.0,3.0,3.0,3.0,3.0,2.8794594,2.5600846,2.3692853,2.2691174,2.2424474,2.2850196,2.403688,2.619303,2.976772,3.0,3.0,3.0,3.0,3.0,3.0,3.0,3.0,-3.4751015,-3.4588265,-0.22127783,12.71867
295,-1.0495237252628478,4.9105983,-1.8590975,0.5594475,0.9946992,0.07630131,-0.06196421,0.030201472,-0.9292167,-1.5113491,0.17953627,0.021547465,0.0946892,-0.72204596,3.0,3.0,3.0,3.0,3.0,3.0,3.0,3.0,3.0,3.0,3.0,3.0,3.0,3.0,3.0,3.0,3.0,3.0,3.0,2.9051316,2.5792778,2.3842897,2.2811508,2.2521584,2.2926815,2.409234,2.6222138,2.975683,3.0,3.0,3.0,3.0,3.0,3.0,3.0,3.0,-0.69977236,-2.5523713,0.5562296,-14.111252
300,-1.0628257127584084,4.930404,-1.827033,0.55434203,0.9949866,0.07564937,-0.061550554,0.022144327,-0.96052146,-1.5516809,0.25193048,0.010013054,0.055449825,-0.9749692,3.0,3.0,3.0,3.0,3.0,3.0,3.0,3.0,3.0,3.0,3.0,3.0,3.0,3.0,3.0,3.0,3.0,3.0,3.0,2.9791899,2.6401374,2.4368494,2.328316,2.2958212,2.334167,2.449507,2.661924,3.0,3.0,3.0,3.0,3.0,3.0,3.0,3.0,3.0,-1.8749495,-2.9790878,0.2388246,22.909607
305,-1.0715625042084946,4.950689,-1.7943646,0.549175,0.99500066,0.07608489,-0.06384208,0.01043816,-0.9820987,-1.5784799,0.24201395,0.009527056,-0.24363665,-1.1021025,3.0,3.0,3.0,3.0,3.0,3.0,3.0,3.0,3.0,3.0,3.0,3.0,3.0,3.0,3.0,3.0,3.0,3.0,3.0,2.951576,2.6179445,2.4180882,2.3118439,2.280931,2.320408,2.4366148,2.6498332,3.0,3.0,3.0,3.0,3.0,3.0,3.0,3.0,3.0,4.429494,3.2362604,0.118184805,-44.38195
310,-1.076426594142922,4.9713693,-1.7612253,0.54474944,0.9950658,0.07388602,-0.06618925,-0.0019558195,-1.001496,-1.600645,0.20530899,-0.29486537,-0.23580663,-1.1418004,3.0,3.0,3.0,3.0,3.0,3.0,3.0,3.0,3.0,3.0,3.0,3.0,3.0,3.0,3.0,3.0,3.0,3.0,3.0,2.936756,2.618039,2.4282868,2.3301988,2.307106,2.3553298,2.4826572,2.7116382,3.0,3.0,3.0,3.0,3.0,3.0,3.0,3.0,3.0,0.66392946,-2.0986164,-0.08359486,-12.392391
315,-1.0638670095145704,4.992473,-1.7276332,0.54104537,0.9950468,0.07094633,-0.068579525,-0.01205519,-1.0274924,-1.6271795,0.20795809,-0.16419372,-0.104137816,-0.90632445,3.0,3.0,3.0,3.0,3.0,3.0,3.0,3.0,3.0,3.0,3.0,3.0,3.0,3.0,3.0,3.0,3.0,3.0,3.0,2.9135137,2.615173,2.4394944,2.352925,2.340981,2.4017658,2.545187,2.797214,3.0,3.0,3.0,3.0,3.0,3.0,3.0,3.0,3.0,0.4543419,-2.194758,-0.41403818,-42.222794
320,-1.0584196239092403,5.0142407,-1.6933889,0.5364886,0.99488056,0.07062332,-0.06944591,-0.020058142,-1.0565529,-1.6547701,0.22671902,0.13688384,-0.073310934,-0.7768242,3.0,3.0,3.0,3.0,3.0,3.0,3.0,3.0,3.0,3.0,3.0,3.0,3.0,3.0,3.0,3.0,3.0,3.0,3.0,2.9303372,2.6306,2.4541397,2.3672717,2.3554661,2.416848,2.5614245,2.8153858,3.0,3.0,3.0,3.0,3.0,3.0,3.0,3.0,3.0,0.26277256,-3.8027596,-0.42156816,-39.92692
325,-1.0370378663768585,5.036552,-1.658642,0.5320157,0.9947904,0.06997056,-0.06976728,-0.025075331,-1.0822499,-1.6781927,0.2184669,-0.1551283,-0.05430164,-0.29509994,3.0,3.0,3.0,3.0,3.0,3.0,3.0,3.0,3.0,3.0,3.0,3.0,3.0,3.0,3.0,3.0,3.0,3.0,3.0,2.9614654,2.6597712,2.4823136,2.3952818,2.384133,2.447097,2.5944462,2.8529155,3.0,3.0,3.0,3.0,3.0,3.0,3.0,3.0,3.0,0.5264654,-4.6450863,0.4534353,-38.88872
330,-1.0533799381822686,5.059577,-1.6232418,0.5264839,0.9945246,0.0717443,-0.070743956,-0.0277277,-1.1181957,-1.7109878,0.281133,0.38334244,-0.24139994,-0.44752377,3.0,3.0,3.0,3.0,3.0,3.0,3.0,3.0,3.0,3.0,3.0,3.0,3.0,3.0,3.0,3.0,3.0,3.0,3.0,2.9572825,2.6507082,2.4697196,2.379547,2.3650568,2.4239466,2.5657954,2.8161643,3.0,3.0,3.0,3.0,3.0,3.0,3.0,3.0,3.0,-2.0343292,3.699463,0.082819104,-30.081158
335,-1.041763048450234,5.0830717,-1.5874262,0.5216092,0.99406964,0.07373227,-0.073603906,-0.031170705,-1.1408597,-1.7309638,0.2462496,0.08769888,-0.16965294,-0.32314646,3.0,3.0,3.0,3.0,3.0,3.0,3.0,3.0,3.0,3.0,3.0,3.0,3.0,3.0,3.0,3.0,3.0,3.0,3.0,2.8847084,2.5873437,2.4119952,2.3250673,2.3119924,2.3706932,2.5107272,2.757384,3.0,3.0,3.0,3.0,3.0,3.0,3.0,3.0,3.0,-0.046459198,2.1226835,0.6890085,-37.82044
340,-1.0427750514276986,5.107368,-1.5508888,0.5153676,0.99395984,0.07358333,-0.07436115,-0.033161927,-1.1778454,-1.7639827,0.30081826,0.118343666,-0.14555389,-0.31307912,3.0,3.0,3.0,3.0,3.0,3.0,3.0,3.0,3.0,3.0,3.0,3.0,3.0,3.0,3.0,3.0,3.0,3.0,3.0,2.901481,2.6049922,2.4304814,2.3446524,2.3331518,2.3941538,2.537605,2.7895021,3.0,3.0,3.0,3.0,3.0,3.0,3.0,3.0,3.0,2.3872924,-1.231612,0.67233694,-34.298943
345,-1.0448937693278877,5.132433,-1.5136759,0.50804,0.9938518,0.07236786,-0.07574753,-0.035830352,-1.2204279,-1.8011802,0.38782763,0.085570835,-0.21256426,-0.29635766,3.0,3.0,3.0,3.0,3.0,3.0,3.0,3.0,3.0,3.0,3.0,3.0,3.0,3.0,3.0,3.0,3.0,3.0,3.0,2.9094524,2.621479,2.4532037,2.3729815,2.3674972,2.4358807,2.589348,2.8560688,3.0,3.0,3.0,3.0,3.0,3.0,3.0,3.0,3.0,0.28486252,-0.15171814,0.79659474,-36.95762
350,-1.0397115460628858,5.158228,-1.4758468,0.49994013,0.9936164,0.07259901,-0.07683016,-0.039407186,-1.2488167,-1.824352,0.3812787,0.17335704,-0.011594316,-0.16248523,3.0,3.0,3.0,3.0,3.0,3.0,3.0,3.0,3.0,3.0,3.0,3.0,3.0,3.0,3.0,3.0,3.0,3.0,3.0,2.927256,2.6387043,2.4702582,2.3902977,2.3855627,2.455302,2.6109636,2.881167,3.0,3.0,3.0,3.0,3.0,3.0,3.0,3.0,3.0,-2.0866454,1.0933022,0.8570733,-39.079433
355,-1.0535954215320478,5.1849046,-1.4372913,0.49023595,0.9934951,0.07479413,-0.077470265,-0.037036784,-1.2968085,-1.8640342,0.4924358,0.35354757,-0.08011953,0.31547707,3.0,3.0,3.0,3.0,3.0,3.0,3.0,3.0,3.0,3.0,3.0,3.0,3.0,3.0,3.0,3.0,3.0,3.0,3.0,2.947615,2.6517713,2.4783313,2.3944747,2.386239,2.4523165,2.6035175,2.867439,3.0,3.0,3.0,3.0,3.0,3.0,3.0,3.0,3.0,0.773406,2.094942,0.024251938,-33.228992
360,-1.0465247938112752,5.2121205,-1.3983022,0.48105258,0.99336475,0.077975355,-0.076926544,-0.035051703,-1.3127006,-1.8765166,0.40639102,0.24997714,0.095503785,0.15063158,3.0,3.0,3.0,3.0,3.0,3.0,3.0,3.0,3.0,3.0,3.0,3.0,3.0,3.0,3.0,3.0,3.0,3.0,3.0,3.0,2.6845698,2.4976175,2.4032764,2.3856514,2.44194,2.581275,2.82862,3.0,3.0,3.0,3.0,3.0,3.0,3.0,3.0,3.0,-4.249164,1.0596251,0.058035374,-35.91182
365,-1.0492307248749315,5.239643,-1.3590637,0.47379017,0.9932994,0.08036132,-0.0757742,-0.03400867,-1.3310711,-1.8924233,0.3375308,0.31154186,0.06498802,-0.085083276,3.0,3.0,3.0,3.0,3.0,3.0,3.0,3.0,3.0,3.0,3.0,3.0,3.0,3.0,3.0,3.0,3.0,3.0,3.0,3.0,2.730959,2.5294716,2.4242718,2.3974082,2.4445975,2.5734444,2.806653,3.0,3.0,3.0,3.0,3.0,3.0,3.0,3.0,3.0,-1.9369328,4.663949,0.22296226,-36.531586
370,-1.0487390788853033,5.26756,-1.3194718,0.46786493,0.9930962,0.08253878,-0.07596564,-0.034300197,-1.3516431,-1.9115773,0.28474575,-0.03157346,-0.23982595,0.15575984,3.0,3.0,3.0,3.0,3.0,3.0,3.0,3.0,3.0,3.0,3.0,3.0,3.0,3.0,3.0,3.0,3.0,3.0,3.0,3.0,2.7385209,2.529893,2.4191024,2.387096,2.4287584,2.5507817,2.7744756,3.0,3.0,3.0,3.0,3.0,3.0,3.0,3.0,3.0,4.6710606,-3.4855113,-0.100458324,-42.395966
375,-1.0488352533477059,5.2960815,-1.2793,0.46194553,0.99323857,0.081397176,-0.07605184,-0.032675877,-1.3863362,-1.9450036,0.3189226,-0.14621246,0.07104335,0.19628783,3.0,3.0,3.0,3.0,3.0,3.0,3.0,3.0,3.0,3.0,3.0,3.0,3.0,3.0,3.0,3.0,3.0,3.0,3.0,3.0,2.7739341,2.5675426,2.4592862,2.4306557,2.4770827,2.6060433,2.8402069,3.0,3.0,3.0,3.0,3.0,3.0,3.0,3.0,3.0,-3.815453,-4.002965,-0.7633287,-11.817364
380,-1.0548251066762209,5.3252745,-1.2384866,0.45561314,0.9934711,0.0817167,-0.07408503,-0.029138174,-1.4096236,-1.9668893,0.28472036,0.14639351,0.107291535,0.28932056,3.0,3.0,3.0,3.0,3.0,3.0,3.0,3.0,3.0,3.0,3.0,3.0,3.0,3.0,3.0,3.0,3.0,3.0,3.0,3.0,2.852291,2.633718,2.5173025,2.4829938,2.525306,2.6510322,2.8820922,3.0,3.0,3.0,3.0,3.0,3.0,3.0,3.0,3.0,-0.29179382,-4.718379,-0.21192372,-43.28228
385,-1.0526732095605429,5.354944,-1.1972121,0.44997478,0.99327064,0.08471328,-0.073747136,-0.028257653,-1.4340299,-1.9910959,0.2627906,0.23276609,0.11871763,-0.03311074,3.0,3.0,3.0,3.0,3.0,3.0,3.0,3.0,3.0,3.0,3.0,3.0,3.0,3.0,3.0,3.0,3.0,3.0,3.0,3.0,2.8624701,2.6322644,2.5068285,2.464274,2.4977663,2.61266,2.8287268,3.0,3.0,3.0,3.0,3.0,3.0,3.0,3.0,3.0,-1.4567733,-3.0291681,0.7267419,-39.147865
390,-1.0641660891291715,5.385556,-1.1549457,0.44197357,0.9931525,0.0878529,-0.07174307,-0.027981611,-1.4898661,-2.0510142,0.4462471,0.35961682,0.22622374,0.16354592,3.0,3.0,3.0,3.0,3.0,3.0,3.0,3.0,3.0,3.0,3.0,3.0,3.0,3.0,3.0,3.0,3.0,3.0,3.0,3.0,2.9316394,2.6775064,2.534793,2.4780061,2.4979434,2.5977764,2.7943614,3.0,3.0,3.0,3.0,3.0,3.0,3.0,3.0,3.0,-3.0650318,-1.5421388,0.23491168,-28.555082
395,-1.0621292799998527,5.417167,-1.1115639,0.43108898,0.99297404,0.09063927,-0.07151385,-0.025938815,-1.5377871,-2.1060967,0.5885703,0.19237065,-0.2367071,0.22056203,3.0,3.0,3.0,3.0,3.0,3.0,3.0,3.0,3.0,3.0,3.0,3.0,3.0,3.0,3.0,3.0,3.0,3.0,3.0,3.0,2.9650335,2.6990674,2.5479329,2.4843085,2.4978304,2.5906467,2.7783022,3.0,3.0,3.0,3.0,3.0,3.0,3.0,3.0,3.0,1.3625526,-4.016234,-0.5061883,-38.443867
400,-1.0627956609544986,5.449595,-1.0672263,0.41842562,0.99281985,0.09247008,-0.072184786,-0.023396643,-1.5701855,-2.144412,0.6282261,-0.005166103,-0.12381432,0.32784557,3.0,3.0,3.0,3.0,3.0,3.0,3.0,3.0,3.0,3.0,3.0,3.0,3.0,3.0,3.0,3.0,3.0,3.0,3.0,3.0,2.9889123,2.7191908,2.5656226,2.5003843,2.5128396,2.6049664,2.7921731,3.0,3.0,3.0,3.0,3.0,3.0,3.0,3.0,3.0,-2.448597,-4.858676,0.86963654,-24.243156
405,-1.0706623145689032,5.4827213,-1.0220543,0.40478328,0.9925352,0.094583616,-0.07419524,-0.02056665,-1.5994384,-2.1793735,0.6466166,0.32239553,-0.29442963,0.18131988,3.0,3.0,3.0,3.0,3.0,3.0,3.0,3.0,3.0,3.0,3.0,3.0,3.0,3.0,3.0,3.0,3.0,3.0,3.0,3.0,2.9760168,2.7106457,2.5601466,2.49737,2.5121005,2.6066782,2.7969654,3.0,3.0,3.0,3.0,3.0,3.0,3.0,3.0,3.0,-0.914505,-0.22361565,0.42653477,-42.73149
410,-1.082189076158234,5.516297,-0.9763492,0.39186326,0.9921615,0.09794218,-0.07563224,-0.017396351,-1.6287035,-2.2145202,0.65911067,0.481419,-0.20075834,0.4091651,3.0,3.0,3.0,3.0,3.0,3.0,3.0,3.0,3.0,3.0,3.0,3.0,3.0,3.0,3.0,3.0,3.0,3.0,3.0,3.0,2.9636724,2.6967044,2.5447912,2.4804282,2.4931242,2.5848958,2.771098,3.0,3.0,3.0,3.0,3.0,3.0,3.0,3.0,3.0,-2.4937243,-0.47968435,0.8996806,-43.586132
415,-1.100898287425189,5.550663,-0.92967993,0.3775633,0.99164516,0.10155973,-0.078925155,-0.009812616,-1.6653097,-2.2594986,0.7144314,0.25305665,-0.43504715,0.8600218,3.0,3.0,3.0,3.0,3.0,3.0,3.0,3.0,3.0,3.0,3.0,3.0,3.0,3.0,3.0,3.0,3.0,3.0,3.0,3.0,2.8999255,2.645067,2.5012453,2.4426484,2.4597619,2.5553067,2.745361,3.0,3.0,3.0,3.0,3.0,3.0,3.0,3.0,3.0,0.8607459,-1.373312,0.84201,-40.947025
420,-1.0903279243428998,5.585773,-0.88208866,0.3623053,0.99109566,0.10468399,-0.08220407,-0.0036303173,-1.6947577,-2.2961574,0.7201462,0.1337067,-0.46229,0.5700724,3.0,3.0,3.0,3.0,3.0,3.0,3.0,3.0,3.0,3.0,3.0,3.0,3.0,3.0,3.0,3.0,3.0,3.0,3.0,3.0,2.852227,2.608096,2.4716396,2.4185865,2.4403534,2.540406,2.7356894,3.0,3.0,3.0,3.0,3.0,3.0,3.0,3.0,3.0,1.3902931,-3.787941,0.28023195,-44.109325
425,-1.109007821233393,5.6215186,-0.8337047,0.3469036,0.99047893,0.10884073,-0.084115684,0.0054551205,-1.7323507,-2.343223,0.76652586,0.5092702,-0.09609775,0.93687,3.0,3.0,3.0,3.0,3.0,3.0,3.0,3.0,3.0,3.0,3.0,3.0,3.0,3.0,3.0,3.0,3.0,3.0,3.0,3.0,2.8257256,2.5846834,2.4501266,2.3981473,2.4203408,2.52024,2.7147799,3.0,3.0,3.0,3.0,3.0,3.0,3.0,3.0,3.0,-4.8383145,-1.918509,0.90498984,-44.41518
430,-1.10946687327995,5.6580973,-0.7842565,0.33025974,0.98952293,0.114170596,-0.08728335,0.0138220675,-1.7617264,-2.3813055,0.7641204,0.4002776,-0.46503732,0.8358249,3.0,3.0,3.0,3.0,3.0,3.0,3.0,3.0,3.0,3.0,3.0,3.0,3.0,3.0,3.0,3.0,3.0,3.0,3.0,3.0,2.7704983,2.535967,2.4054282,2.3557444,2.37889,2.4785516,2.6716554,2.9961185,3.0,3.0,3.0,3.0,3.0,3.0,3.0,3.0,-3.2235007,-4.8179955,0.82712567,-37.137836
435,-1.109231388553521,5.6952734,-0.73400927,0.3138304,0.9881597,0.12084703,-0.092387825,0.020022336,-1.7949079,-2.426035,0.77737725,0.695345,-0.56785476,0.422164,3.0,3.0,3.0,3.0,3.0,3.0,3.0,3.0,3.0,3.0,3.0,3.0,3.0,3.0,3.0,3.0,3.0,3.0,3.0,3.0,2.6746662,2.45163,2.3282251,2.2826824,2.307659,2.4071372,2.5980754,2.918223,3.0,3.0,3.0,3.0,3.0,3.0,3.0,3.0,3.5468025,3.9812098,0.36238503,-39.25431
440,-1.1108862692472388,5.732784,-0.68330634,0.29918325,0.986599,0.12829237,-0.097813606,0.024412079,-1.8043536,-2.439055,0.6535142,0.6962593,-0.563391,0.42277858,3.0,3.0,3.0,3.0,3.0,3.0,3.0,3.0,3.0,3.0,3.0,3.0,3.0,3.0,3.0,3.0,3.0,3.0,3.0,2.9277413,2.574642,2.3615797,2.2440588,2.201398,2.2267244,2.324078,2.5100884,2.821658,3.0,3.0,3.0,3.0,3.0,3.0,3.0,3.0,3.1933413,4.7629547,0.64479375,-41.506
445,-1.1125270140427268,5.770501,-0.6323157,0.28711745,0.9849366,0.13573481,-0.10318252,0.028799124,-1.8145579,-2.4533875,0.52957344,0.69710195,-0.5589383,0.42346254,3.0,3.0,3.0,3.0,3.0,3.0,3.0,3.0,3.0,3.0,3.0,3.0,3.0,3.0,3.0,3.0,3.0,3.0,3.0,2.8147585,2.4773338,2.273842,2.1619463,2.1219985,2.1475694,2.2427397,2.423797,2.726783,3.0,3.0,3.0,3.0,3.0,3.0,3.0,3.0,2.5924006,4.2360573,0.5394174,-27.211723
450,-1.1141613576501959,5.8084397,-0.5810102,0.2776351,0.9831731,0.14317317,-0.108494096,0.03318341,-1.8254828,-2.4690156,0.40552333,0.69787246,-0.5544986,0.42421442,3.0,3.0,3.0,3.0,3.0,3.0,3.0,3.0,3.0,3.0,3.0,3.0,3.0,3.0,3.0,3.0,3.0,3.0,3.0,2.7045753,2.3822687,2.1880035,2.08151,2.044129,2.0698483,2.1627755,2.338844,2.63322,3.0,3.0,3.0,3.0,3.0,3.0,3.0,3.0,4.787472,4.936776,-0.3022371,-43.392117
455,-1.115796790755752,5.8466144,-0.5293632,0.2707388,0.98130935,0.15060627,-0.113747895,0.03756487,-1.8370899,-2.485922,0.2813347,0.6985705,-0.55007374,0.4250328,3.0,3.0,3.0,3.0,3.0,3.0,3.0,3.0,3.0,3.0,3.0,3.0,3.0,3.0,3.0,3.0,3.0,3.0,3.0,2.5967262,2.2890594,2.1037254,2.0024407,1.9674963,1.9932764,2.0839,2.2549345,2.5406537,3.0,3.0,3.0,3.0,3.0,3.0,3.0,3.0,3.8059435,4.994749,-0.4617623,-37.81381
460,-1.1174405613311298,5.8850393,-0.47734815,0.26643178,0.9793461,0.15803294,-0.1189435,0.041943435,-1.8493406,-2.5040882,0.15698102,0.6991958,-0.5456655,0.42591614,3.0,3.0,3.0,3.0,3.0,3.0,3.0,3.0,3.0,3.0,3.0,3.0,3.0,3.0,3.0,3.0,3.0,3.0,2.979192,2.4908273,2.1973867,2.0207267,1.9244814,1.8918571,1.9176152,2.005873,2.17182,2.4488182,2.9080815,3.0,3.0,3.0,3.0,3.0,3.0,3.0,4.5382204,4.999604,0.41196144,-44.40652
465,-1.119099675729825,5.923727,-0.42493913,0.2647178,0.9772841,0.16545202,-0.12408048,0.046319038,-1.8621957,-2.523495,0.032438237,0.6997482,-0.54127556,0.42686296,3.0,3.0,3.0,3.0,3.0,3.0,3.0,3.0,3.0,3.0,3.0,3.0,3.0,3.0,3.0,3.0,3.0,3.0,2.8515787,2.3865578,2.1069818,1.9387707,1.8474149,1.8170055,1.8426628,1.9284905,2.0892875,2.3574848,2.8023672,3.0,3.0,3.0,3.0,3.0,3.0,3.0,4.6871777,4.9998016,0.20023847,-24.043512
470,-1.1207808993871113,5.9626894,-0.3721105,0.26560104,0.9751241,0.17286234,-0.12915847,0.050691612,-1.8756166,-2.544122,-0.09231512,0.7002274,-0.53690577,0.42787173,3.0,3.0,3.0,3.0,3.0,3.0,3.0,3.0,3.0,3.0,3.0,3.0,3.0,3.0,3.0,3.0,3.0,3.0,2.725888,2.2836456,2.0176163,1.8576556,1.7710555,1.7427644,1.7682453,1.8515766,2.0071528,2.2664537,2.6967883,3.0,3.0,3.0,3.0,3.0,3.0,3.0,4.8691616,4.9994383,0.18272388,-29.517326
475,-1.1224907569733815,6.0019383,-0.3188371,0.26908618,0.97286695,0.18026274,-0.13417706,0.055061083,-1.8895637,-2.5659485,-0.21729805,0.7006333,-0.5325578,0.42894098,3.0,3.0,3.0,3.0,3.0,3.0,3.0,3.0,3.0,3.0,3.0,3.0,3.0,3.0,3.0,3.0,3.0,3.0,2.6018226,2.181858,1.9290942,1.7772079,1.6952428,1.6689804,1.6942116,1.7749771,1.9252546,2.1755493,2.5911443,3.0,3.0,3.0,3.0,3.0,3.0,3.0,4.8684664,4.9993896,0.43124175,-40.78092
480,-1.1242355318827593,6.041484,-0.26509425,0.27517816,0.9705134,0.18765213,-0.13913593,0.059427384,-1.9039979,-2.5889528,-0.34252703,0.7009658,-0.5282333,0.43006912,3.0,3.0,3.0,3.0,3.0,3.0,3.0,3.0,3.0,3.0,3.0,3.0,3.0,3.0,3.0,3.0,3.0,3.0,2.479126,2.080993,1.8412452,1.6972756,1.6198362,1.5955187,1.6204281,1.6985558,1.8434486,2.0846136,2.4852543,3.0,3.0,3.0,3.0,3.0,3.0,3.0,4.792796,4.963979,0.3331287,-41.573814
485,-1.1260212649744323,6.081336,-0.21085763,0.28388232,0.96806425,0.19502932,-0.1440347,0.06379044,-1.9188799,-2.613113,-0.46801624,0.7012248,-0.52393395,0.4312546,3.0,3.0,3.0,3.0,3.0,3.0,3.0,3.0,3.0,3.0,3.0,3.0,3.0,3.0,3.0,3.0,3.0,3.0,2.357576,1.9808745,1.7539194,1.6177251,1.5447116,1.5222597,1.5467758,1.6221908,1.7616055,1.9935033,2.3789518,3.0,3.0,3.0,3.0,3.0,3.0,3.0,4.493722,4.9997234,0.27597022,-43.46131
490,-1.127853752518793,6.121503,-0.15610348,0.2952042,0.96552026,0.2023932,-0.14887308,0.06815017,-1.9341702,-2.6384058,-0.59377736,0.70141035,-0.51966137,0.43249583,3.0,3.0,3.0,3.0,3.0,3.0,3.0,3.0,3.0,3.0,3.0,3.0,3.0,3.0,3.0,3.0,3.0,2.8657646,2.2369769,1.8813473,1.6669844,1.5384377,1.4697577,1.4490961,1.4731477,1.5457715,1.6796073,1.9020876,2.2720833,2.9313622,3.0,3.0,3.0,3.0,3.0,3.0,4.082345,4.9989595,0.7048218,-30.997227
495,-1.1297385433351819,6.1619935,-0.100808494,0.30914962,0.9628823,0.2097427,-0.15365075,0.07250651,-1.94983,-2.6648083,-0.71982,0.7015224,-0.5154171,0.43379125,3.0,3.0,3.0,3.0,3.0,3.0,3.0,3.0,3.0,3.0,3.0,3.0,3.0,3.0,3.0,3.0,3.0,2.7083335,2.117156,1.7822732,1.5803218,1.4593065,1.3948745,1.3759308,1.3994465,1.4691969,1.5973455,1.8102448,2.1645043,2.7968116,3.0,3.0,3.0,3.0,3.0,3.0,4.064784,4.8738556,0.77124095,-15.969572
500,-1.1316809351397779,6.202814,-0.04494985,0.3257245,0.9601511,0.21707664,-0.15836741,0.076859385,-1.9658202,-2.6922958,-0.84615153,0.7015611,-0.5112027,0.43513924,3.0,3.0,3.0,3.0,3.0,3.0,3.0,3.0,3.0,3.0,3.0,3.0,3.0,3.0,3.0,3.0,3.0,2.5521743,1.9979596,1.6835282,1.4938246,1.3802346,1.319971,1.3026749,1.3255825,1.3923739,1.5147194,1.7178612,2.0560784,2.6607885,3.0,3.0,3.0,3.0,3.0,3.0,1.6663404,4.927513,0.18824553,-39.961792
505,-1.1336859701516893,6.243972,0.011494759,0.344935,0.95732754,0.22439398,-0.16302279,0.081208706,-1.9821016,-2.7208443,-0.97277725,0.7015264,-0.5070197,0.43653822,3.0,3.0,3.0,3.0,3.0,3.0,3.0,3.0,3.0,3.0,3.0,3.0,3.0,3.0,3.0,3.0,3.0,2.3970969,1.8792499,1.5850005,1.407396,1.301134,1.2449636,1.2292467,1.251473,1.3152158,1.4316345,1.6248289,1.9466751,2.5231178,3.0,3.0,3.0,3.0,3.0,3.0,2.2167768,4.8948765,0.7068093,-39.3188
510,-1.1359078023957472,6.2854724,0.06854768,0.36678618,0.9544141,0.23169675,-0.16761237,0.085535705,-1.9986563,-2.7504625,-1.0996373,0.7020588,-0.5018188,0.43599856,3.0,3.0,3.0,3.0,3.0,3.0,3.0,3.0,3.0,3.0,3.0,3.0,3.0,3.0,3.0,3.0,3.0,2.2430768,1.7609822,1.4866364,1.320977,1.2219412,1.169784,1.155571,1.1770335,1.2376248,1.347973,1.5309973,1.8360846,2.3834672,3.0,3.0,3.0,3.0,3.0,3.0,-1.7907298,4.6784096,0.6534786,-41.63649
515,-1.1263316562192236,6.327611,0.12671869,0.39041594,0.95233005,0.23644134,-0.17021808,0.09049173,-2.0348701,-2.8138256,-1.1686004,0.31814623,-0.3246205,0.5590375,3.0,3.0,3.0,3.0,3.0,3.0,3.0,3.0,3.0,3.0,3.0,3.0,3.0,3.0,3.0,3.0,3.0,2.1124103,1.6609939,1.4036812,1.2482376,1.1553954,1.1067066,1.0938476,1.1147665,1.1728319,1.2782518,1.4530036,1.7445034,2.2685447,3.0,3.0,3.0,3.0,3.0,3.0,1.16013,4.5293236,0.78095055,-43.32299
520,-1.1067903186893293,6.3704457,0.1861306,0.4156585,0.9513547,0.23892239,-0.17029619,0.09401891,-2.0732548,-2.8824084,-1.2312777,0.069958575,0.11422868,0.23327386,3.0,3.0,3.0,3.0,3.0,3.0,3.0,3.0,3.0,3.0,3.0,3.0,3.0,3.0,3.0,3.0,2.8903463,2.01521,1.5837933,1.3380071,1.1895471,1.1008499,1.0542728,1.0418481,1.061593,1.1166862,1.2168067,1.3828024,1.6596357,2.1570008,3.0,3.0,3.0,3.0,3.0,3.0,4.167223,4.0487165,0.7988248,-32.970375
525,-1.1319557315008317,6.4144535,0.2476446,0.44106314,0.95216906,0.2372207,-0.16653436,0.09678162,-2.153518,-3.0263078,-1.1656209,-0.43276703,0.35269314,0.36163065,3.0,3.0,3.0,3.0,3.0,3.0,3.0,3.0,3.0,3.0,3.0,3.0,3.0,3.0,3.0,3.0,2.8275118,1.9633067,1.5395379,1.2986841,1.1532981,1.0663242,1.020378,1.0075778,1.0258794,1.0782255,1.1737834,1.3323454,1.5965232,2.0698173,3.0,3.0,3.0,3.0,3.0,3.0,-3.4403749,1.3069582,0.7217159,-36.28962
530,-1.1782250321217116,6.460478,0.31280532,0.46393234,0.95452815,0.22987245,-0.15983093,0.102414414,-2.2407978,-3.1861827,-1.0669343,-1.2853941,0.34671494,0.6868867,3.0,3.0,3.0,3.0,3.0,3.0,3.0,3.0,3.0,3.0,3.0,3.0,3.0,3.0,3.0,3.0,2.7909296,1.9398768,1.5220083,1.2843677,1.1408979,1.0550972,1.0098363,0.9973566,1.0156653,1.0677071,1.162603,1.3200338,1.582389,2.05274,3.0,3.0,3.0,3.0,3.0,3.0,-3.6244178,3.2216673,0.49957263,-44.159428
535,-1.1937132922710254,6.5081186,0.3809826,0.48512596,0.95831466,0.21709132,-0.15118311,0.10792614,-2.3082206,-3.3134553,-1.012162,-1.5078291,0.754328,0.3224731,3.0,3.0,3.0,3.0,3.0,3.0,3.0,3.0,3.0,3.0,3.0,3.0,3.0,3.0,3.0,3.0,2.780501,1.9434918,1.5295334,1.2933509,1.1506371,1.0654446,1.0208781,1.0093269,1.0289484,1.0829037,1.1806909,1.3427397,1.6131597,2.099863,3.0,3.0,3.0,3.0,3.0,3.0,-0.7228823,-0.92361975,0.49777114,17.852745
540,-1.202691688333437,6.5574555,0.45237342,0.5038106,0.9626435,0.20264243,-0.14082122,0.11145791,-2.4071655,-3.5008225,-0.81836015,-1.5844271,0.77984226,0.27970517,3.0,3.0,3.0,3.0,3.0,3.0,3.0,3.0,3.0,3.0,3.0,3.0,3.0,3.0,3.0,3.0,2.843204,1.9911983,1.5687628,1.3274722,1.1816297,1.0946281,1.0492543,1.0377694,1.0583423,1.1142892,1.215474,1.3830926,1.6629474,2.1673403,3.0,3.0,3.0,3.0,3.0,3.0,-3.8343601,-4.5428014,0.4238057,-14.651239
545,-1.2180801989416898,6.608735,0.5274731,0.5184135,0.9671807,0.18691915,-0.12896843,0.11397276,-2.4953516,-3.670103,-0.6261339,-1.6534941,1.1097124,0.11972476,3.0,3.0,3.0,3.0,3.0,3.0,3.0,3.0,3.0,3.0,3.0,3.0,3.0,3.0,3.0,3.0,2.9939146,2.0942125,1.648823,1.394599,1.2409664,1.1492792,1.1013705,1.0890625,1.1103925,1.1687974,1.2745645,1.4498131,1.7423155,2.2690427,3.0,3.0,3.0,3.0,3.0,3.0,-3.8179162,-4.881327,-0.061669707,-10.174381
550,-1.2120406053916475,6.6616483,0.60574895,0.5292926,0.97133946,0.17330776,-0.11637049,0.11367473,-2.5702372,-3.8174007,-0.44286865,-1.4265033,1.0693104,-0.049381,3.0,3.0,3.0,3.0,3.0,3.0,3.0,3.0,3.0,3.0,3.0,3.0,3.0,3.0,3.0,3.0,3.0,2.2677166,1.7730967,1.492846,1.3238292,1.2225604,1.1686702,1.1528811,1.172669,1.2312112,1.3387191,1.5173118,1.8145108,2.3451066,3.0,3.0,3.0,3.0,3.0,3.0,-0.7114067,-4.369749,0.17189991,-11.136417
555,-1.195524202838897,6.716051,0.68701726,0.53607786,0.9748449,0.16218682,-0.1063267,0.10985219,-2.638102,-3.955979,-0.24408618,-1.0152544,0.7689215,-0.49341133,3.0,3.0,3.0,3.0,3.0,3.0,3.0,3.0,3.0,3.0,3.0,3.0,3.0,3.0,3.0,3.0,3.0,2.4625235,1.9096378,1.5991803,1.412467,1.3001698,1.2392958,1.2192568,1.236838,1.2948529,1.4033155,1.5841439,1.8841863,2.414967,3.0,3.0,3.0,3.0,3.0,3.0,-3.8562984,-1.9980967,0.72418034,-24.404076
560,-1.2167435273097236,6.77155,0.7705763,0.539915,0.9782623,0.15121259,-0.09702375,0.103556775,-2.6845791,-4.054141,-0.12145913,-1.2211561,1.0031254,-0.67663455,3.0,3.0,3.0,3.0,3.0,3.0,3.0,3.0,3.0,3.0,3.0,3.0,3.0,3.0,3.0,3.0,3.0,2.7079237,2.0804439,1.7317759,1.5228306,1.3967471,1.327188,1.3019097,1.31684,1.3743604,1.484295,1.6684484,1.9732165,2.5074234,3.0,3.0,3.0,3.0,3.0,3.0,-4.174594,-2.9169683,0.21530795,39.211227
565,-1.2177917863516692,6.827998,0.8561485,0.5409456,0.9816726,0.13905454,-0.08806491,0.096058965,-2.7234983,-4.1377125,-0.0125683,-1.010091,0.8573273,-1.0172347,3.0,3.0,3.0,3.0,3.0,3.0,3.0,3.0,3.0,3.0,3.0,3.0,3.0,3.0,3.0,3.0,3.0,3.0,2.2996795,1.904362,1.6682734,1.5255046,1.4457096,1.4146955,1.4274454,1.4859889,1.6002418,1.7925286,2.1102116,2.6630998,3.0,3.0,3.0,3.0,3.0,3.0,-2.7556002,-3.2782278,0.8223469,-4.274479
570,-1.23139211016951,6.88508,0.9431074,0.5404433,0.9850149,0.12798263,-0.07888704,0.08451596,-2.7468455,-4.1902757,0.025413781,-1.1177613,1.0043718,-1.1380632,3.0,3.0,3.0,3.0,3.0,3.0,3.0,3.0,3.0,3.0,3.0,3.0,3.0,3.0,3.0,3.0,3.0,3.0,2.5957353,2.1293554,1.8527619,1.6850781,1.589516,1.5487435,1.5561093,1.6127833,1.728238,1.9244807,2.2480547,2.8048806,3.0,3.0,3.0,3.0,3.0,3.0,-4.0419216,-4.941253,0.5214107,-9.018127
575,-1.2325997340938493,6.94259,1.0310489,0.5391884,0.9880641,0.11734974,-0.06955054,0.07156162,-2.7713912,-4.245502,0.102807015,-0.882767,0.9304909,-1.3371513,3.0,3.0,3.0,3.0,3.0,3.0,3.0,3.0,3.0,3.0,3.0,3.0,3.0,3.0,3.0,3.0,3.0,3.0,2.9876997,2.4198072,2.086594,1.8843677,1.7668171,1.7120361,1.7109737,1.7634612,1.8781435,2.0762534,2.402699,2.9575784,3.0,3.0,3.0,3.0,3.0,3.0,-3.2778597,-4.3194776,0.7367158,-11.658852
580,-1.2404930595049393,7.0007515,1.1204293,0.53478676,0.9906407,0.106852934,-0.061893962,0.05816021,-2.80428,-4.317946,0.28013885,-1.0095004,0.9549159,-1.3687214,3.0,3.0,3.0,3.0,3.0,3.0,3.0,3.0,3.0,3.0,3.0,3.0,3.0,3.0,3.0,3.0,3.0,3.0,3.0,2.7606008,2.3631828,2.1221564,1.9803479,1.9107244,1.9016483,1.9516785,2.0689757,2.2748125,2.6143415,3.0,3.0,3.0,3.0,3.0,3.0,3.0,-4.241989,-4.769427,0.91201913,11.424385
585,-1.2419781054052041,7.059615,1.2113444,0.5260028,0.9930135,0.09540812,-0.05373276,0.043980043,-2.8387477,-4.393019,0.516198,-1.1182945,0.8174645,-1.3302342,3.0,3.0,3.0,3.0,3.0,3.0,3.0,3.0,3.0,3.0,3.0,3.0,3.0,3.0,3.0,3.0,3.0,3.0,3.0,3.0,2.7661614,2.4679148,2.2905462,2.199307,2.1787217,2.225512,2.3472412,2.5655198,2.9265983,3.0,3.0,3.0,3.0,3.0,3.0,3.0,-4.3125763,-4.782043,0.9108181,-6.3523865
590,-1.2227100492769412,7.119112,1.3036468,0.5124261,0.99466616,0.08649006,-0.047304224,0.030348105,-2.8664172,-4.4536138,0.739755,-0.5645957,0.67074203,-1.1928707,3.0,3.0,3.0,3.0,3.0,3.0,3.0,3.0,3.0,3.0,3.0,3.0,3.0,3.0,3.0,3.0,3.0,3.0,3.0,3.0,3.0,2.8573961,2.6375308,2.520187,2.4851327,2.5267615,2.6517534,2.8818765,3.0,3.0,3.0,3.0,3.0,3.0,3.0,3.0,-3.7816901,-4.940991,0.9259026,27.98893
595,-1.2443673213307216,7.1790442,1.3969299,0.4951551,0.9955421,0.08170607,-0.044828188,0.014506552,-2.8819537,-4.4901495,0.87271297,-0.3004947,0.28204554,-1.8216373,3.0,3.0,3.0,3.0,3.0,3.0,3.0,3.0,3.0,3.0,3.0,3.0,3.0,3.0,3.0,3.0,3.0,3.0,3.0,3.0,3.0,3.0,2.902649,2.7659178,2.7204292,2.7588835,2.8874316,3.0,3.0,3.0,3.0,3.0,3.0,3.0,3.0,3.0,-1.8621378,-4.897812,0.41054988,9.241016
600,-1.2255898986294371,7.2391424,1.4906424,0.4767566,0.9959695,0.078607485,-0.04313679,-0.0022011867,-2.8874907,-4.5051775,0.90125555,-0.015040613,0.21412393,-1.4332458,3.0,3.0,3.0,3.0,3.0,3.0,3.0,3.0,3.0,3.0,3.0,3.0,3.0,3.0,3.0,3.0,3.0,3.0,3.0,3.0,3.0,3.0,3.0,2.9881976,2.9303875,2.9630952,3.0,3.0,3.0,3.0,3.0,3.0,3.0,3.0,3.0,3.0,-1.9824581,-4.7997785,0.16918886,-20.500746
605,-1.2161754094609019,7.299315,1.5845782,0.458202,0.9958518,0.07798264,-0.044454627,-0.014886748,-2.8878856,-4.5096087,0.8724564,-0.10462208,-0.055012204,-1.2146266,3.0,3.0,3.0,3.0,3.0,3.0,3.0,3.0,3.0,3.0,3.0,3.0,3.0,3.0,3.0,3.0,3.0,3.0,3.0,3.0,3.0,3.0,3.0,3.0,3.0,3.0,3.0,3.0,3.0,3.0,3.0,3.0,3.0,3.0,3.0,3.0,-3.0806704,-4.8039036,0.63360596,-3.4071999
610,-1.2156472166333505,7.359507,1.6785979,0.44026184,0.99551886,0.07696442,-0.047549203,-0.027526122,-2.8899932,-4.5146337,0.8505761,-0.112134166,-0.11778717,-1.1579186,3.0,3.0,3.0,3.0,3.0,3.0,3.0,3.0,3.0,3.0,3.0,3.0,3.0,3.0,3.0,3.0,3.0,3.0,3.0,3.0,3.0,3.0,3.0,3.0,3.0,3.0,3.0,3.0,3.0,3.0,3.0,3.0,3.0,3.0,3.0,3.0,-0.9627657,-4.267073,0.90636766,-18.203783
615,-1.179186803748937,7.4198394,1.772835,0.42198548,0.9953055,0.07621056,-0.048981734,-0.034054745,-2.8983762,-4.526511,0.87819487,-0.1095435,-0.16193822,-0.34830892,3.0,3.0,3.0,3.0,3.0,3.0,3.0,3.0,3.0,3.0,3.0,3.0,3.0,3.0,3.0,3.0,3.0,3.0,3.0,3.0,3.0,3.0,3.0,3.0,3.0,3.0,3.0,3.0,3.0,3.0,3.0,3.0,3.0,3.0,3.0,3.0,-0.65281916,-4.6992006,0.6070448,-32.149117
620,-1.1972347953415547,7.480258,1.8671664,0.40409335,0.99509853,0.07608902,-0.04974617,-0.03891848,-2.9007735,-4.5280714,0.8411367,0.022679234,0.015692793,-0.7210201,3.0,3.0,3.0,3.0,3.0,3.0,3.0,3.0,3.0,3.0,3.0,3.0,3.0,3.0,3.0,3.0,3.0,3.0,3.0,3.0,3.0,3.0,3.0,3.0,3.0,3.0,3.0,3.0,3.0,3.0,3.0,3.0,3.0,3.0,3.0,3.0,-0.5042887,-1.9456697,0.9400132,9.76675
625,-1.1853866079112572,7.540824,1.961657,0.38609996,0.9949163,0.07493138,-0.049822386,-0.045216624,-2.909905,-4.5383224,0.86464703,0.0275386,-0.07292171,-0.43893647,3.0,3.0,3.0,3.0,3.0,3.0,3.0,3.0,3.0,3.0,3.0,3.0,3.0,3.0,3.0,3.0,3.0,3.0,3.0,3.0,3.0,3.0,3.0,3.0,3.0,3.0,3.0,3.0,3.0,3.0,3.0,3.0,3.0,3.0,3.0,3.0,-2.1661878,-4.8963113,0.11792874,-27.83768
630,-1.1871352604009526,7.60153,2.0562804,0.36811,0.9948518,0.07597435,-0.048892427,-0.04590459,-2.9212146,-4.5506697,0.90587384,0.26661184,0.056313004,0.34301734,3.0,3.0,3.0,3.0,3.0,3.0,3.0,3.0,3.0,3.0,3.0,3.0,3.0,3.0,3.0,3.0,3.0,3.0,3.0,3.0,3.0,3.0,3.0,3.0,3.0,3.0,3.0,3.0,3.0,3.0,3.0,3.0,3.0,3.0,3.0,3.0,1.3513489,-4.920134,0.6855122,-8.253979
635,-1.1970848680507074,7.6624417,2.1511343,0.34948054,0.99465096,0.08088778,-0.04783416,-0.042877726,-2.9263496,-4.556163,0.8954839,0.5804187,-0.039845195,0.15180086,3.0,3.0,3.0,3.0,3.0,3.0,3.0,3.0,3.0,3.0,3.0,3.0,3.0,3.0,3.0,3.0,3.0,3.0,3.0,3.0,3.0,3.0,3.0,3.0,3.0,3.0,3.0,3.0,3.0,3.0,3.0,3.0,3.0,3.0,3.0,3.0,2.2470484,1.0436101,0.654426,-24.443995
640,-1.2052008627719484,7.7234373,2.2460973,0.33125043,0.99422646,0.086148195,-0.049920317,-0.04000204,-2.9284143,-4.559239,0.8580226,0.5289612,-0.3824822,0.3264997,3.0,3.0,3.0,3.0,3.0,3.0,3.0,3.0,3.0,3.0,3.0,3.0,3.0,3.0,3.0,3.0,3.0,3.0,3.0,3.0,3.0,3.0,3.0,3.0,3.0,3.0,3.0,3.0,3.0,3.0,3.0,3.0,3.0,3.0,3.0,3.0,2.2729187,1.6056538,0.3770554,-29.846027
645,-1.1970799959640066,7.7843995,2.341012,0.31460378,0.9937357,0.091198415,-0.053006526,-0.03691303,-2.9273856,-4.5579653,0.78312165,0.28310454,-0.34928378,0.29390073,3.0,3.0,3.0,3.0,3.0,3.0,3.0,3.0,3.0,3.0,3.0,3.0,3.0,3.0,3.0,3.0,3.0,3.0,3.0,3.0,3.0,3.0,3.0,3.0,3.0,3.0,3.0,3.0,3.0,3.0,3.0,3.0,3.0,3.0,3.0,3.0,4.2702284,-4.6208863,0.5997598,-11.456177
650,-1.1985742484178004,7.8453484,2.4359138,0.2995142,0.9934495,0.09412277,-0.055250406,-0.033857774,-2.9271767,-4.5579233,0.7085878,0.3289954,-0.121109165,0.40714914,3.0,3.0,3.0,3.0,3.0,3.0,3.0,3.0,3.0,3.0,3.0,3.0,3.0,3.0,3.0,3.0,3.0,3.0,3.0,3.0,3.0,3.0,3.0,3.0,3.0,3.0,3.0,3.0,3.0,3.0,3.0,3.0,3.0,3.0,3.0,3.0,-1.5630693,-0.9223976,0.30412805,-1.61232
655,-1.2166625845602392,7.906424,2.5310245,0.28491402,0.99329484,0.098388016,-0.053831484,-0.028060446,-2.9374986,-4.5751657,0.7205051,0.312028,0.09297885,0.7961175,3.0,3.0,3.0,3.0,3.0,3.0,3.0,3.0,3.0,3.0,3.0,3.0,3.0,3.0,3.0,3.0,3.0,3.0,3.0,3.0,3.0,3.0,3.0,3.0,3.0,3.0,3.0,3.0,3.0,3.0,3.0,3.0,3.0,3.0,3.0,3.0,0.33812618,-4.74815,0.35603476,-22.64367
660,-1.2213219635431039,7.9675856,2.6263113,0.27109113,0.9933122,0.1012371,-0.05218181,-0.018946726,-2.9368453,-4.5770154,0.64568794,0.16453274,0.21888581,0.884003,3.0,3.0,3.0,3.0,3.0,3.0,3.0,3.0,3.0,3.0,3.0,3.0,3.0,3.0,3.0,3.0,3.0,3.0,3.0,3.0,3.0,3.0,3.0,3.0,3.0,3.0,3.0,3.0,3.0,3.0,3.0,3.0,3.0,3.0,3.0,3.0,-1.662035,-4.4436197,-0.12199628,-8.761768
665,-1.2159538863622354,8.02872,2.7216346,0.25888008,0.99348605,0.102696486,-0.048087873,-0.011244163,-2.932845,-4.574722,0.54717034,0.07124826,0.37771472,0.6953548,3.0,3.0,3.0,3.0,3.0,3.0,3.0,3.0,3.0,3.0,3.0,3.0,3.0,3.0,3.0,3.0,3.0,3.0,3.0,3.0,3.0,3.0,3.0,3.0,3.0,3.0,3.0,3.0,3.0,3.0,3.0,3.0,3.0,3.0,3.0,3.0,-0.9947176,-3.075972,0.0050385,-0.14086151
670,-1.2067254815733803,8.089888,2.8171885,0.24740708,0.99367666,0.103198186,-0.043822613,-0.006029589,-2.939472,-4.5981464,0.5702204,-0.17092575,0.12987258,0.53032243,3.0,3.0,3.0,3.0,3.0,3.0,3.0,3.0,3.0,3.0,3.0,3.0,3.0,3.0,3.0,3.0,3.0,3.0,3.0,3.0,3.0,3.0,3.0,3.0,3.0,3.0,3.0,3.0,3.0,3.0,3.0,3.0,3.0,3.0,3.0,3.0,-1.8289657,-3.2695043,0.56562114,-28.996586
675,-1.213661436406214,8.151142,2.9131696,0.23574445,0.9942994,0.099188484,-0.038952596,-0.0036157442,-2.9376333,-4.6060433,0.51996607,-0.42409644,0.48372257,0.22892736,3.0,3.0,3.0,3.0,3.0,3.0,3.0,3.0,3.0,3.0,3.0,3.0,3.0,3.0,3.0,3.0,3.0,3.0,3.0,3.0,3.0,3.0,3.0,3.0,3.0,3.0,3.0,3.0,3.0,3.0,3.0,3.0,3.0,3.0,3.0,3.0,-3.010578,-4.205586,0.7201898,-11.18573
680,-1.2157281966942795,8.212356,3.0093477,0.22487225,0.99487853,0.09498645,-0.034182314,-0.005081072,-2.9358373,-4.616814,0.49066025,-0.497734,0.46765074,-0.17324486,3.0,3.0,3.0,3.0,3.0,3.0,3.0,3.0,3.0,3.0,3.0,3.0,3.0,3.0,3.0,3.0,3.0,3.0,3.0,3.0,3.0,3.0,3.0,3.0,3.0,3.0,3.0,3.0,3.0,3.0,3.0,3.0,3.0,3.0,3.0,3.0,-1.0719271,-0.8916397,-0.05826944,24.290115
685,-1.214635090375531,8.273431,3.1055212,0.21566036,0.9954844,0.09016375,-0.029242378,-0.005119276,-2.9280555,-4.614283,0.40145725,-0.4794499,0.4514485,0.09770069,3.0,3.0,3.0,3.0,3.0,3.0,3.0,3.0,3.0,3.0,3.0,3.0,3.0,3.0,3.0,3.0,3.0,3.0,3.0,3.0,3.0,3.0,3.0,3.0,3.0,3.0,3.0,3.0,3.0,3.0,3.0,3.0,3.0,3.0,3.0,3.0,4.0043764,-2.4551706,0.29016387,3.523056
690,-1.2165789602757677,8.334305,3.2015576,0.20868409,0.9960093,0.08594889,-0.023813443,-0.0033542109,-2.9176812,-4.606181,0.288101,-0.39225027,0.5206932,0.2308763,3.0,3.0,3.0,3.0,3.0,3.0,3.0,3.0,3.0,3.0,3.0,3.0,3.0,3.0,3.0,3.0,3.0,3.0,3.0,3.0,3.0,3.0,3.0,3.0,3.0,3.0,3.0,3.0,3.0,3.0,3.0,3.0,3.0,3.0,3.0,3.0,-2.8790424,-0.44866562,0.22537017,22.848755
695,-1.2226332688529231,8.394955,3.297428,0.20399232,0.9965111,0.08128478,-0.018932179,-0.000102465696,-2.9073067,-4.6012487,0.19831087,-0.56476635,0.31585458,0.47132,3.0,3.0,3.0,3.0,3.0,3.0,3.0,3.0,3.0,3.0,3.0,3.0,3.0,3.0,3.0,3.0,3.0,3.0,3.0,3.0,3.0,3.0,3.0,3.0,3.0,3.0,3.0,3.0,3.0,3.0,3.0,3.0,3.0,3.0,3.0,3.0,-1.9748726,-2.5565038,-0.28927225,21.662735
700,-1.222324509818817,8.455369,3.3931544,0.20134918,0.9970179,0.07550634,-0.015270406,0.004574216,-2.8949025,-4.590596,0.07989928,-0.5649576,0.31674203,0.44452816,3.0,3.0,3.0,3.0,3.0,3.0,3.0,3.0,3.0,3.0,3.0,3.0,3.0,3.0,3.0,3.0,3.0,3.0,3.0,3.0,3.0,3.0,3.0,3.0,3.0,3.0,3.0,3.0,3.0,3.0,3.0,3.0,3.0,3.0,3.0,3.0,-1.6671026,-3.2950127,-0.62815523,31.357681
705,-1.2191188106011472,8.515525,3.488686,0.20091093,0.9974165,0.07056034,-0.010711315,0.00817786,-2.8824594,-4.5820274,-0.0181206,-0.42976826,0.47012427,0.32076362,3.0,3.0,3.0,3.0,3.0,3.0,3.0,3.0,3.0,3.0,3.0,3.0,3.0,3.0,3.0,3.0,3.0,3.0,3.0,3.0,3.0,3.0,3.0,3.0,3.0,3.0,3.0,3.0,3.0,3.0,3.0,3.0,3.0,3.0,3.0,3.0,-3.2486491,0.010674477,-0.25378823,7.370159
710,-1.223706892712858,8.575414,3.5840542,0.20231654,0.99777126,0.06527551,-0.0065356814,0.012202644,-2.8693283,-4.574672,-0.100305274,-0.57274395,0.30103222,0.46658114,3.0,3.0,3.0,3.0,3.0,3.0,3.0,3.0,3.0,3.0,3.0,3.0,3.0,3.0,3.0,3.0,3.0,3.0,3.0,3.0,3.0,3.0,3.0,3.0,3.0,3.0,3.0,3.0,3.0,3.0,3.0,3.0,3.0,3.0,3.0,3.0,-3.815422,-0.494339,-0.8000154,27.620995
715,-1.2218468965307347,8.635019,3.6792805,0.20522083,0.9981137,0.05941078,-0.004303303,0.01486358,-2.8556426,-4.5704203,-0.14731576,-0.70473456,0.25585115,0.07871864,3.0,3.0,3.0,3.0,3.0,3.0,3.0,3.0,3.0,3.0,3.0,3.0,3.0,3.0,3.0,3.0,3.0,3.0,3.0,3.0,3.0,3.0,3.0,3.0,3.0,3.0,3.0,3.0,3.0,3.0,3.0,3.0,3.0,3.0,3.0,3.0,0.54491615,-3.9396338,-0.6530539,31.564178
720,-1.2219604490606375,8.694329,3.7743218,0.20975122,0.99851805,0.052130383,-0.0014903812,0.015554048,-2.8409774,-4.5561976,-0.26411813,-0.7038636,0.25505647,0.07855511,3.0,3.0,3.0,3.0,3.0,3.0,3.0,3.0,3.0,3.0,3.0,3.0,3.0,3.0,3.0,3.0,3.0,3.0,3.0,3.0,3.0,3.0,3.0,3.0,3.0,3.0,3.0,3.0,3.0,3.0,3.0,3.0,3.0,3.0,3.0,3.0,-3.939282,-0.912158,-0.69110876,42.88056
725,-1.2143036977831425,8.753329,3.8690982,0.21627021,0.9988331,0.04593592,0.0003453773,0.014906382,-2.826012,-4.5436006,-0.3540908,-0.5713919,0.14870602,-0.08730848,3.0,3.0,3.0,3.0,3.0,3.0,3.0,3.0,3.0,3.0,3.0,3.0,3.0,3.0,3.0,3.0,3.0,3.0,3.0,3.0,3.0,3.0,3.0,3.0,3.0,3.0,3.0,3.0,3.0,3.0,3.0,3.0,3.0,3.0,3.0,3.0,-0.60799074,-1.2963886,-0.3918333,20.563835
730,-1.2295819054195787,8.812014,3.9636064,0.22452983,0.99919945,0.037915878,0.0033593336,0.012311296,-2.8107219,-4.5303607,-0.43604025,-0.8219979,0.2889879,-0.22847053,3.0,3.0,3.0,3.0,3.0,3.0,3.0,3.0,3.0,3.0,3.0,3.0,3.0,3.0,3.0,3.0,3.0,3.0,3.0,3.0,3.0,3.0,3.0,3.0,3.0,3.0,3.0,3.0,3.0,3.0,3.0,3.0,3.0,3.0,3.0,3.0,-3.1103377,-4.035819,-0.29552948,30.015495
735,-1.2168461897971803,8.870362,4.0579066,0.23326363,0.9994085,0.03246843,0.0059432504,0.009650384,-2.793971,-4.523079,-0.41209576,-0.50455946,0.291964,-0.2789088,3.0,3.0,3.0,3.0,3.0,3.0,3.0,3.0,3.0,3.0,3.0,3.0,3.0,3.0,3.0,3.0,3.0,3.0,3.0,3.0,3.0,3.0,3.0,3.0,3.0,3.0,3.0,3.0,3.0,3.0,3.0,3.0,3.0,3.0,3.0,3.0,-3.5547423,-2.3300023,-0.25667876,42.46338
740,-1.2388541967696574,8.928361,4.1519704,0.24231952,0.9996239,0.025086597,0.008416374,0.007200905,-2.7770054,-4.509989,-0.44031468,-0.90112615,0.4311509,-0.4316,3.0,3.0,3.0,3.0,3.0,3.0,3.0,3.0,3.0,3.0,3.0,3.0,3.0,3.0,3.0,3.0,3.0,3.0,3.0,3.0,3.0,3.0,3.0,3.0,3.0,3.0,3.0,3.0,3.0,3.0,3.0,3.0,3.0,3.0,3.0,3.0,-4.228211,-3.9828458,-0.26923084,20.247932
745,-1.2344862616982062,8.986002,4.2457275,0.25214705,0.9998061,0.016419664,0.010714997,0.0018294031,-2.7602584,-4.492463,-0.5160596,-0.85551804,0.20900348,-0.4797577,3.0,3.0,3.0,3.0,3.0,3.0,3.0,3.0,3.0,3.0,3.0,3.0,3.0,3.0,3.0,3.0,3.0,3.0,3.0,3.0,3.0,3.0,3.0,3.0,3.0,3.0,3.0,3.0,3.0,3.0,3.0,3.0,3.0,3.0,3.0,3.0,-1.017683,-4.2447906,-0.76131487,36.78308
750,-1.222121820781925,9.043285,4.339083,0.26355207,0.99985975,0.008872181,0.014096124,-0.0017582317,-2.7423267,-4.473458,-0.56211525,-0.57641256,0.4716531,-0.1537237,3.0,3.0,3.0,3.0,3.0,3.0,3.0,3.0,3.0,3.0,3.0,3.0,3.0,3.0,3.0,3.0,3.0,3.0,3.0,3.0,3.0,3.0,3.0,3.0,3.0,3.0,3.0,3.0,3.0,3.0,3.0,3.0,3.0,3.0,3.0,3.0,-0.69947624,-4.100785,-0.85840595,17.49089
755,-1.2152110928774338,9.1002,4.4320097,0.27647012,0.99982405,0.0026582587,0.018281296,-0.0032505472,-2.7243533,-4.4518595,-0.64390856,-0.5746333,0.246153,-0.08615022,3.0,3.0,3.0,3.0,3.0,3.0,3.0,3.0,3.0,3.0,3.0,3.0,3.0,3.0,3.0,3.0,3.0,3.0,3.0,3.0,3.0,3.0,3.0,3.0,3.0,3.0,3.0,3.0,3.0,3.0,3.0,3.0,3.0,3.0,3.0,3.0,-1.8041909,-4.4200296,-0.0072413683,35.34635
760,-1.204829767982675,9.156611,4.5244927,0.28784353,0.9997793,0.0011276472,0.020250516,-0.005483032,-2.6965864,-4.43042,-0.48521352,0.054620948,-0.026511058,-0.43852058,3.0,3.0,3.0,3.0,3.0,3.0,3.0,3.0,3.0,3.0,3.0,3.0,3.0,3.0,3.0,3.0,3.0,3.0,3.0,3.0,3.0,3.0,3.0,3.0,3.0,3.0,3.0,3.0,3.0,3.0,3.0,3.0,3.0,3.0,3.0,3.0,1.1859293,-4.456822,0.1238426,44.49433
765,-1.2013264450735313,9.212387,4.616524,0.2948544,0.9997167,0.0021028863,0.021758994,-0.009415097,-2.6643474,-4.409174,-0.23933934,-0.17128925,0.106459826,-0.34264,3.0,3.0,3.0,3.0,3.0,3.0,3.0,3.0,3.0,3.0,3.0,3.0,3.0,3.0,3.0,3.0,3.0,3.0,3.0,3.0,3.0,3.0,3.0,3.0,3.0,3.0,3.0,3.0,3.0,3.0,3.0,3.0,3.0,3.0,3.0,3.0,-1.9621782,-4.7938113,0.477839,43.18786
770,-1.2022728173872084,9.267537,4.708121,0.2980694,0.99963075,0.0002854611,0.024682805,-0.011358257,-2.638882,-4.387884,-0.17065164,-0.21265358,0.36759588,-0.07571776,3.0,3.0,3.0,3.0,3.0,3.0,3.0,3.0,3.0,3.0,3.0,3.0,3.0,3.0,3.0,3.0,3.0,3.0,3.0,3.0,3.0,3.0,3.0,3.0,3.0,3.0,3.0,3.0,3.0,3.0,3.0,3.0,3.0,3.0,3.0,3.0,-3.6095228,-2.6511264,0.12607479,43.871162
775,-1.2029486490555432,9.322198,4.7992578,0.30115888,0.99957854,-0.003366167,0.027047094,-0.009995343,-2.6148481,-4.365583,-0.16006202,-0.271662,0.29666898,0.22210892,3.0,3.0,3.0,3.0,3.0,3.0,3.0,3.0,3.0,3.0,3.0,3.0,3.0,3.0,3.0,3.0,3.0,3.0,3.0,3.0,3.0,3.0,3.0,3.0,3.0,3.0,3.0,3.0,3.0,3.0,3.0,3.0,3.0,3.0,3.0,3.0,-2.038267,-1.5698891,0.06674814,43.3329
780,-1.1908607548532268,9.376334,4.8899093,0.30381995,0.99952275,-0.0059583494,0.02869103,-0.009775321,-2.5868406,-4.341375,-0.093249574,-0.07377592,0.2258344,-0.009624416,3.0,3.0,3.0,3.0,3.0,3.0,3.0,3.0,3.0,3.0,3.0,3.0,3.0,3.0,3.0,3.0,3.0,3.0,3.0,3.0,3.0,3.0,3.0,3.0,3.0,3.0,3.0,3.0,3.0,3.0,3.0,3.0,3.0,3.0,3.0,3.0,-1.7866945,-4.4103155,0.10549784,38.37686
785,-1.2032429697906812,9.429814,4.9800344,0.3039978,0.9995205,-0.003789845,0.02938807,-0.00898773,-2.553075,-4.3158097,0.05678008,0.40316713,-0.2675642,-0.17569788,3.0,3.0,3.0,3.0,3.0,3.0,3.0,3.0,3.0,3.0,3.0,3.0,3.0,3.0,3.0,3.0,3.0,3.0,3.0,3.0,3.0,3.0,3.0,3.0,3.0,3.0,3.0,3.0,3.0,3.0,3.0,3.0,3.0,3.0,3.0,3.0,-1.135612,-3.8723373,0.8651078,42.030624
790,-1.2003421277459336,9.482512,5.0696406,0.29973212,0.9995398,0.0004623682,0.02832278,-0.010855416,-2.5140784,-4.2917876,0.30380625,0.44900092,-0.04802107,-0.18582521,3.0,3.0,3.0,3.0,3.0,3.0,3.0,3.0,3.0,3.0,3.0,3.0,3.0,3.0,3.0,3.0,3.0,3.0,3.0,3.0,3.0,3.0,3.0,3.0,3.0,3.0,3.0,3.0,3.0,3.0,3.0,3.0,3.0,3.0,3.0,3.0,0.3081994,-2.225844,0.6277435,44.1335
795,-1.1977406277921838,9.534476,5.158792,0.29146197,0.9995007,0.0031549516,0.029506518,-0.010851351,-2.4822698,-4.271158,0.43698514,0.26477385,0.09439945,0.35897952,3.0,3.0,3.0,3.0,3.0,3.0,3.0,3.0,3.0,3.0,3.0,3.0,3.0,3.0,3.0,3.0,3.0,3.0,3.0,3.0,3.0,3.0,3.0,3.0,3.0,3.0,3.0,3.0,3.0,3.0,3.0,3.0,3.0,3.0,3.0,3.0,0.212883,-4.600088,0.15041149,44.533348
800,-1.2115349661907193,9.58589,5.24753,0.28248486,0.9994738,0.006709439,0.03137802,-0.0047453265,-2.4553251,-4.252266,0.47446644,0.4272585,0.24168961,0.5648088,3.0,3.0,3.0,3.0,3.0,3.0,3.0,3.0,3.0,3.0,3.0,3.0,3.0,3.0,3.0,3.0,3.0,3.0,3.0,3.0,3.0,3.0,3.0,3.0,3.0,3.0,3.0,3.0,3.0,3.0,3.0,3.0,3.0,3.0,3.0,3.0,-2.9266315,-4.1185656,0.014884949,44.777412
805,-1.1960778145848863,9.63669,5.335905,0.27201384,0.99937445,0.012048753,0.0332395,-0.0008241104,-2.4257617,-4.23574,0.54199713,0.39518473,0.19704989,0.13169087,3.0,3.0,3.0,3.0,3.0,3.0,3.0,3.0,3.0,3.0,3.0,3.0,3.0,3.0,3.0,3.0,3.0,3.0,3.0,3.0,3.0,3.0,3.0,3.0,3.0,3.0,3.0,3.0,3.0,3.0,3.0,3.0,3.0,3.0,3.0,3.0,-3.1290631,-3.9009383,0.7069458,44.59668
810,-1.2036391483156872,9.686821,5.423987,0.2594207,0.9992496,0.018241005,0.034124702,-0.0017508355,-2.3934212,-4.2231946,0.6434428,0.4911046,0.32621628,-0.2277024,3.0,3.0,3.0,3.0,3.0,3.0,3.0,3.0,3.0,3.0,3.0,3.0,3.0,3.0,3.0,3.0,3.0,3.0,3.0,3.0,3.0,3.0,3.0,3.0,3.0,3.0,3.0,3.0,3.0,3.0,3.0,3.0,3.0,3.0,3.0,3.0,-4.500714,-2.1546328,0.92923105,44.83229
815,-1.2112810881186549,9.736287,5.511845,0.24494919,0.9990727,0.023217421,0.03625637,0.00041297896,-2.362759,-4.212913,0.71105874,0.67096895,0.2517065,0.35872003,3.0,3.0,3.0,3.0,3.0,3.0,3.0,3.0,3.0,3.0,3.0,3.0,3.0,3.0,3.0,3.0,3.0,3.0,3.0,3.0,3.0,3.0,3.0,3.0,3.0,3.0,3.0,3.0,3.0,3.0,3.0,3.0,3.0,3.0,3.0,3.0,-2.2641582,-3.4941564,0.8403411,44.62108
820,-1.183197021057974,9.785116,5.5995173,0.2292556,0.998977,0.02564661,0.03715104,0.0026390906,-2.331311,-4.2053633,0.7774429,-0.006080906,0.24462783,0.07087882,3.0,3.0,3.0,3.0,3.0,3.0,3.0,3.0,3.0,3.0,3.0,3.0,3.0,3.0,3.0,3.0,3.0,3.0,3.0,3.0,3.0,3.0,3.0,3.0,3.0,3.0,3.0,3.0,3.0,3.0,3.0,3.0,3.0,3.0,3.0,3.0,1.3294401,-4.132116,0.54237866,44.754097
825,-1.1895670141505397,9.833326,5.6870203,0.21278109,0.99887,0.026959572,0.038979135,0.0035399594,-2.301378,-4.197446,0.8143021,0.34313944,0.17586263,0.09750382,3.0,3.0,3.0,3.0,3.0,3.0,3.0,3.0,3.0,3.0,3.0,3.0,3.0,3.0,3.0,3.0,3.0,3.0,3.0,3.0,3.0,3.0,3.0,3.0,3.0,3.0,3.0,3.0,3.0,3.0,3.0,3.0,3.0,3.0,3.0,3.0,-3.4098396,-4.5770197,0.8342507,44.44336
830,-1.1809818336158802,9.880874,5.774391,0.19511557,0.99875903,0.029626846,0.0399746,0.002171548,-2.2693326,-4.191736,0.87152785,0.1966348,0.046326213,-0.13069768,3.0,3.0,3.0,3.0,3.0,3.0,3.0,3.0,3.0,3.0,3.0,3.0,3.0,3.0,3.0,3.0,3.0,3.0,3.0,3.0,3.0,3.0,3.0,3.0,3.0,3.0,3.0,3.0,3.0,3.0,3.0,3.0,3.0,3.0,3.0,3.0,-4.00697,-4.3521357,0.68125045,44.739998
835,-1.2002170358737307,9.927783,5.861635,0.17669854,0.9986853,0.030359171,0.04119333,-0.003014577,-2.2417107,-4.183768,0.8700522,-0.037803005,0.14000167,-0.62113696,3.0,3.0,3.0,3.0,3.0,3.0,3.0,3.0,3.0,3.0,3.0,3.0,3.0,3.0,3.0,3.0,3.0,3.0,3.0,3.0,3.0,3.0,3.0,3.0,3.0,3.0,3.0,3.0,3.0,3.0,3.0,3.0,3.0,3.0,3.0,3.0,-3.6106296,-4.163033,0.6506697,44.9012
840,-1.2049975053667563,9.97411,5.9487243,0.15824847,0.9985604,0.03179845,0.041384418,-0.012381082,-2.2099037,-4.179381,0.9171836,0.046539627,0.028136333,-0.74730194,3.0,3.0,3.0,3.0,3.0,3.0,3.0,3.0,3.0,3.0,3.0,3.0,3.0,3.0,3.0,3.0,3.0,3.0,3.0,3.0,3.0,3.0,3.0,3.0,3.0,3.0,3.0,3.0,3.0,3.0,3.0,3.0,3.0,3.0,3.0,3.0,-2.3793988,-1.9895697,0.9722451,44.77118
845,-1.1876114096173502,10.0197315,6.035765,0.13829076,0.9984622,0.03235393,0.0415931,-0.017217748,-2.1781404,-4.1758223,0.9659785,0.19831055,0.11571228,-0.34698927,3.0,3.0,3.0,3.0,3.0,3.0,3.0,3.0,3.0,3.0,3.0,3.0,3.0,3.0,3.0,3.0,3.0,3.0,3.0,3.0,3.0,3.0,3.0,3.0,3.0,3.0,3.0,3.0,3.0,3.0,3.0,3.0,3.0,3.0,3.0,3.0,1.8924475,-3.9092212,0.92447805,44.52131
850,-1.2062468239346749,10.064697,6.1227374,0.11738404,0.99814457,0.038080957,0.04402975,-0.017851157,-2.1447654,-4.174485,1.0313648,0.7165078,0.29300106,0.20801678,3.0,3.0,3.0,3.0,3.0,3.0,3.0,3.0,3.0,3.0,3.0,3.0,3.0,3.0,3.0,3.0,3.0,3.0,3.0,3.0,3.0,3.0,3.0,3.0,3.0,3.0,3.0,3.0,3.0,3.0,3.0,3.0,3.0,3.0,3.0,3.0,-3.9624262,0.5088339,0.8733531,44.93048
855,-1.19076665712709,10.109049,6.2096367,0.09620647,0.9979775,0.042396806,0.045343947,-0.013687805,-2.1165507,-4.170754,1.0255897,0.39219573,-0.04576247,0.3134617,3.0,3.0,3.0,3.0,3.0,3.0,3.0,3.0,3.0,3.0,3.0,3.0,3.0,3.0,3.0,3.0,3.0,3.0,3.0,3.0,3.0,3.0,3.0,3.0,3.0,3.0,3.0,3.0,3.0,3.0,3.0,3.0,3.0,3.0,3.0,3.0,1.3740101,-2.2901642,0.9343841,44.122147
860,-1.185913254378173,10.1527605,6.2965217,0.074613266,0.99779683,0.044156652,0.047274113,-0.014725537,-2.0878742,-4.168495,1.0213133,0.042847104,0.3177355,-0.2673626,3.0,3.0,3.0,3.0,3.0,3.0,3.0,3.0,3.0,3.0,3.0,3.0,3.0,3.0,3.0,3.0,3.0,3.0,3.0,3.0,3.0,3.0,3.0,3.0,3.0,3.0,3.0,3.0,3.0,3.0,3.0,3.0,3.0,3.0,3.0,3.0,-3.969018,-3.016365,0.9317224,44.711388
865,-1.189137553433716,10.195901,6.3833375,0.053481475,0.99762774,0.045885786,0.048650812,-0.01632556,-2.0593674,-4.1661634,1.0081078,0.3880138,-0.055127762,-0.2988233,3.0,3.0,3.0,3.0,3.0,3.0,3.0,3.0,3.0,3.0,3.0,3.0,3.0,3.0,3.0,3.0,3.0,3.0,3.0,3.0,3.0,3.0,3.0,3.0,3.0,3.0,3.0,3.0,3.0,3.0,3.0,3.0,3.0,3.0,3.0,3.0,-2.4769247,-3.4863715,0.81342995,44.754097
870,-1.1732029597342057,10.238413,6.470145,0.03230057,0.9974913,0.047696598,0.048960354,-0.01841253,-2.0291138,-4.166358,1.0119892,0.031710785,0.093544334,-0.15599398,3.0,3.0,3.0,3.0,3.0,3.0,3.0,3.0,3.0,3.0,3.0,3.0,3.0,3.0,3.0,3.0,3.0,3.0,3.0,3.0,3.0,3.0,3.0,3.0,3.0,3.0,3.0,3.0,3.0,3.0,3.0,3.0,3.0,3.0,3.0,3.0,-3.9315305,-3.9672332,0.54984474,44.61109
875,-1.1807501527243227,10.280373,6.55689,0.011841183,0.9974838,0.047181733,0.049973104,-0.017396515,-2.0038729,-4.1621985,0.96395916,-0.09683606,0.18766686,0.27410376,3.0,3.0,3.0,3.0,3.0,3.0,3.0,3.0,3.0,3.0,3.0,3.0,3.0,3.0,3.0,3.0,3.0,3.0,3.0,3.0,3.0,3.0,3.0,3.0,3.0,3.0,3.0,3.0,3.0,3.0,3.0,3.0,3.0,3.0,3.0,3.0,-0.3176551,-4.7194166,0.7197809,44.654564
880,-1.1864663105418578,10.321812,6.64354,-0.0075389184,0.9973067,0.04868027,0.053266753,-0.013124945,-1.9797665,-4.156536,0.9008362,0.3338474,0.20011114,0.2627513,3.0,3.0,3.0,3.0,3.0,3.0,3.0,3.0,3.0,3.0,3.0,3.0,3.0,3.0,3.0,3.0,3.0,3.0,3.0,3.0,3.0,3.0,3.0,3.0,3.0,3.0,3.0,3.0,3.0,3.0,3.0,3.0,3.0,3.0,3.0,3.0,-3.8417873,-3.784796,0.5451263,44.49093
885,-1.1898322936841161,10.362799,6.7300215,-0.025026279,0.99703217,0.05277809,0.054686315,-0.01227996,-1.9580301,-4.148616,0.8083838,0.5249178,-0.005428724,-0.15573639,3.0,3.0,3.0,3.0,3.0,3.0,3.0,3.0,3.0,3.0,3.0,3.0,3.0,3.0,3.0,3.0,3.0,3.0,3.0,3.0,3.0,3.0,3.0,3.0,3.0,3.0,3.0,3.0,3.0,3.0,3.0,3.0,3.0,3.0,3.0,3.0,-2.3158865,-4.8042793,0.7692772,44.718056
890,-1.2044077603924213,10.403084,6.816601,-0.04288548,0.9967116,0.06004362,0.053118072,-0.011798305,-1.9168028,-4.161947,0.89743376,0.74570566,-0.19207542,0.36477715,3.0,3.0,3.0,3.0,3.0,3.0,3.0,3.0,3.0,3.0,3.0,3.0,3.0,3.0,3.0,3.0,3.0,3.0,3.0,3.0,3.0,3.0,3.0,3.0,3.0,3.0,3.0,3.0,3.0,3.0,3.0,3.0,3.0,3.0,3.0,3.0,0.60837793,-4.7923837,0.88179326,44.025932
895,-1.1976242401198485,10.44261,6.9034047,-0.06175457,0.99623483,0.06786787,0.053618677,-0.0059304247,-1.8851624,-4.1690984,0.90208566,0.5468617,0.10158327,0.46471763,3.0,3.0,3.0,3.0,3.0,3.0,3.0,3.0,3.0,3.0,3.0,3.0,3.0,3.0,3.0,3.0,3.0,3.0,3.0,3.0,3.0,3.0,3.0,3.0,3.0,3.0,3.0,3.0,3.0,3.0,3.0,3.0,3.0,3.0,3.0,3.0,-2.139011,-2.850064,0.34092546,44.680794
900,-1.1917129457855395,10.481595,6.9902453,-0.079592824,0.9957695,0.074175835,0.054156333,-0.0028502,-1.8598398,-4.170887,0.8457314,0.61235017,0.049368042,0.0033460225,3.0,3.0,3.0,3.0,3.0,3.0,3.0,3.0,3.0,3.0,3.0,3.0,3.0,3.0,3.0,3.0,3.0,3.0,3.0,3.0,3.0,3.0,3.0,3.0,3.0,3.0,3.0,3.0,3.0,3.0,3.0,3.0,3.0,3.0,3.0,3.0,-2.3524976,-3.740656,0.25225854,44.85826
905,-1.200687908065,10.519972,7.077257,-0.096995786,0.9951692,0.081074595,0.055336945,-0.0017338048,-1.8296571,-4.181443,0.8341392,0.72962224,0.2156125,0.24883579,3.0,3.0,3.0,3.0,3.0,3.0,3.0,3.0,3.0,3.0,3.0,3.0,3.0,3.0,3.0,3.0,3.0,3.0,3.0,3.0,3.0,3.0,3.0,3.0,3.0,3.0,3.0,3.0,3.0,3.0,3.0,3.0,3.0,3.0,3.0,3.0,3.2752666,-2.9925032,0.763381,44.419197
910,-1.203152874870406,10.557723,7.1645045,-0.11408665,0.99440455,0.08741749,0.05930322,-0.00091608136,-1.8023643,-4.1892056,0.791372,0.766384,0.37487745,0.07378957,3.0,3.0,3.0,3.0,3.0,3.0,3.0,3.0,3.0,3.0,3.0,3.0,3.0,3.0,3.0,3.0,3.0,3.0,3.0,3.0,3.0,3.0,3.0,3.0,3.0,3.0,3.0,3.0,3.0,3.0,3.0,3.0,3.0,3.0,3.0,3.0,2.1371627,-3.9319167,0.3997687,43.672134
915,-1.2085391930547429,10.594942,7.251867,-0.12983635,0.9933496,0.09636094,0.062993325,0.001708614,-1.7765644,-4.1953344,0.7259079,0.92683965,0.25346032,0.13427149,3.0,3.0,3.0,3.0,3.0,3.0,3.0,3.0,3.0,3.0,3.0,3.0,3.0,3.0,3.0,3.0,3.0,3.0,3.0,3.0,3.0,3.0,3.0,3.0,3.0,3.0,3.0,3.0,3.0,3.0,3.0,3.0,3.0,3.0,3.0,3.0,0.6915288,-4.274186,0.6337254,44.275383
920,-1.2177739443242337,10.631559,7.3394666,-0.14461559,0.9918974,0.107204705,0.06795057,0.005422329,-1.7474488,-4.207609,0.6783349,0.98355216,0.5488551,0.28231597,3.0,3.0,3.0,3.0,3.0,3.0,3.0,3.0,3.0,3.0,3.0,3.0,3.0,3.0,3.0,3.0,3.0,3.0,3.0,3.0,3.0,3.0,3.0,3.0,3.0,3.0,3.0,3.0,3.0,3.0,3.0,3.0,3.0,3.0,3.0,3.0,-4.7827697,-3.2781541,0.4283569,42.34822
925,-1.2123165646517335,10.6676855,7.4271564,-0.15741073,0.990449,0.11653734,0.07310611,0.009236625,-1.7249997,-4.210327,0.5713831,0.88770753,0.41035062,0.40503967,3.0,3.0,3.0,3.0,3.0,3.0,3.0,3.0,3.0,3.0,3.0,3.0,3.0,3.0,3.0,3.0,3.0,3.0,3.0,3.0,3.0,3.0,3.0,3.0,3.0,3.0,3.0,3.0,3.0,3.0,3.0,3.0,3.0,3.0,3.0,3.0,-4.086728,-1.3121521,0.21324682,43.626183
930,-1.1973713367111511,10.70333,7.514929,-0.1679832,0.9891211,0.124622405,0.0770333,0.013213795,-1.6992092,-4.2185845,0.47902435,0.64981073,0.17883827,0.36360317,3.0,3.0,3.0,3.0,3.0,3.0,3.0,3.0,3.0,3.0,3.0,3.0,3.0,3.0,3.0,3.0,3.0,3.0,3.0,3.0,3.0,3.0,3.0,3.0,3.0,3.0,3.0,3.0,3.0,3.0,3.0,3.0,3.0,3.0,3.0,3.0,-2.6329625,-4.09926,-0.25308466,43.065804
935,-1.1899783022053374,10.738385,7.6029577,-0.17688806,0.9881524,0.12948431,0.08085846,0.015831124,-1.6697133,-4.233019,0.4044373,0.35660288,0.47894397,0.17785217,3.0,3.0,3.0,3.0,3.0,3.0,3.0,3.0,3.0,3.0,3.0,3.0,3.0,3.0,3.0,3.0,3.0,3.0,3.0,3.0,3.0,3.0,3.0,3.0,3.0,3.0,3.0,3.0,3.0,3.0,3.0,3.0,3.0,3.0,3.0,3.0,-4.121416,-1.7236953,0.68380713,44.412582
940,-1.1945160694186583,10.772722,7.6914444,-0.18479154,0.98725927,0.13236746,0.08614102,0.019434417,-1.637547,-4.251008,0.3400253,0.2829215,0.53687507,0.3872498,3.0,3.0,3.0,3.0,3.0,3.0,3.0,3.0,3.0,3.0,3.0,3.0,3.0,3.0,3.0,3.0,3.0,3.0,3.0,3.0,3.0,3.0,3.0,3.0,3.0,3.0,3.0,3.0,3.0,3.0,3.0,3.0,3.0,3.0,3.0,3.0,-3.8349602,2.8729181,-0.29450595,36.573486
945,-1.194090742683351,10.806552,7.780041,-0.19033754,0.98628336,0.13501994,0.09213588,0.022928635,-1.6145464,-4.253795,0.21703222,0.28056905,0.53673744,0.3872381,3.0,3.0,3.0,3.0,3.0,3.0,3.0,3.0,3.0,3.0,3.0,3.0,3.0,3.0,3.0,3.0,3.0,3.0,3.0,3.0,3.0,3.0,3.0,3.0,3.0,3.0,3.0,3.0,3.0,3.0,3.0,3.0,3.0,3.0,3.0,3.0,-1.8400688,-3.692031,-0.58238035,39.303963
950,-1.181763465623156,10.839834,7.8687773,-0.19359753,0.9854261,0.13695371,0.09756806,0.025681144,-1.583875,-4.2660975,0.1270528,0.09666134,0.42106137,0.20907152,3.0,3.0,3.0,3.0,3.0,3.0,3.0,3.0,3.0,3.0,3.0,3.0,3.0,3.0,3.0,3.0,3.0,3.0,3.0,3.0,3.0,3.0,3.0,3.0,3.0,3.0,3.0,3.0,3.0,3.0,3.0,3.0,3.0,3.0,3.0,3.0,-4.117049,-3.4301333,-0.65504766,42.458557
955,-1.181317553105703,10.872523,7.9576955,-0.19471179,0.98479295,0.13784029,0.102158524,0.027323676,-1.559107,-4.2694063,0.004488693,0.09599888,0.4206006,0.20894729,3.0,3.0,3.0,3.0,3.0,3.0,3.0,3.0,3.0,3.0,3.0,3.0,3.0,3.0,3.0,3.0,3.0,3.0,3.0,3.0,3.0,3.0,3.0,3.0,3.0,3.0,3.0,3.0,3.0,3.0,3.0,3.0,3.0,3.0,3.0,3.0,-3.905548,-3.522697,0.13910103,41.813362
960,-1.1781075569392236,10.904627,8.0467615,-0.19355404,0.98437,0.1377848,0.10542879,0.030262124,-1.5307764,-4.2764997,-0.10443402,0.020210542,0.27410734,0.32264614,3.0,3.0,3.0,3.0,3.0,3.0,3.0,3.0,3.0,3.0,3.0,3.0,3.0,3.0,3.0,3.0,3.0,3.0,3.0,3.0,3.0,3.0,3.0,3.0,3.0,3.0,3.0,3.0,3.0,3.0,3.0,3.0,3.0,3.0,3.0,3.0,-3.8654037,0.22515535,-0.28998113,40.614555
965,-1.1776348181231,10.936195,8.135896,-0.18985513,0.9839299,0.13771698,0.10869227,0.03319746,-1.5048635,-4.279745,-0.22623037,0.019265044,0.2736426,0.32243884,3.0,3.0,3.0,3.0,3.0,3.0,3.0,3.0,3.0,3.0,3.0,3.0,3.0,3.0,3.0,3.0,3.0,3.0,3.0,3.0,3.0,3.0,3.0,3.0,3.0,3.0,3.0,3.0,3.0,3.0,3.0,3.0,3.0,3.0,3.0,3.0,-4.4156976,0.09974766,-0.56061506,36.383087
970,-1.1771417797664714,10.967217,8.225097,-0.18362434,0.9834725,0.13763691,0.11194886,0.036129657,-1.4784516,-4.28288,-0.34758374,0.018325072,0.2731702,0.32223594,3.0,3.0,3.0,3.0,3.0,3.0,3.0,3.0,3.0,3.0,3.0,3.0,3.0,3.0,3.0,3.0,3.0,3.0,3.0,3.0,3.0,3.0,3.0,3.0,3.0,3.0,3.0,3.0,3.0,3.0,3.0,3.0,3.0,3.0,3.0,3.0,-3.355094,-1.6977592,0.0858376,40.257393
975,-1.179729099983263,10.997582,8.314476,-0.17528234,0.9832582,0.13632095,0.114016235,0.04025212,-1.4444783,-4.2939267,-0.43954462,-0.19252586,0.23485401,0.37693384,3.0,3.0,3.0,3.0,3.0,3.0,3.0,3.0,3.0,3.0,3.0,3.0,3.0,3.0,3.0,3.0,3.0,3.0,3.0,3.0,3.0,3.0,3.0,3.0,3.0,3.0,3.0,3.0,3.0,3.0,3.0,3.0,3.0,3.0,3.0,3.0,-0.7782965,-1.3603148,-0.7681055,40.267975
980,-1.1792248375964016,11.027337,8.403965,-0.16461821,0.98308355,0.13399413,0.1170295,0.043547764,-1.4172857,-4.296453,-0.56002724,-0.1931824,0.23379965,0.37648574,3.0,3.0,3.0,3.0,3.0,3.0,3.0,3.0,3.0,3.0,3.0,3.0,3.0,3.0,3.0,3.0,3.0,3.0,3.0,3.0,3.0,3.0,3.0,3.0,3.0,3.0,3.0,3.0,3.0,3.0,3.0,3.0,3.0,3.0,3.0,3.0,-4.4701743,-0.08107853,-0.7881123,30.435143
985,-1.1787080991220908,11.056519,8.493501,-0.15145089,0.9828864,0.13165732,0.120028645,0.04683844,-1.3896394,-4.298448,-0.67996156,-0.19382787,0.23273934,0.37604457,3.0,3.0,3.0,3.0,3.0,3.0,3.0,3.0,3.0,3.0,3.0,3.0,3.0,3.0,3.0,3.0,3.0,3.0,3.0,3.0,3.0,3.0,3.0,3.0,3.0,3.0,3.0,3.0,3.0,3.0,3.0,3.0,3.0,3.0,3.0,3.0,-2.140593,-2.6000438,-0.87548214,37.15442
990,-1.1781809986480596,11.085119,8.583071,-0.13579175,0.9826668,0.12931067,0.12301357,0.05012412,-1.361545,-4.2999,-0.7993509,-0.19446224,0.23167326,0.37561032,3.0,3.0,3.0,3.0,3.0,3.0,3.0,3.0,3.0,3.0,3.0,3.0,3.0,3.0,3.0,3.0,3.0,3.0,3.0,3.0,3.0,3.0,3.0,3.0,3.0,3.0,3.0,3.0,3.0,3.0,3.0,3.0,3.0,3.0,3.0,3.0,-3.8351078,-0.5865202,-0.7648852,30.323685
995,-1.177645564511773,11.113129,8.672665,-0.11765211,0.9824248,0.12695433,0.12598419,0.05340477,-1.3330082,-4.300798,-0.91819793,-0.19508545,0.23060156,0.37518293,3.0,3.0,3.0,3.0,3.0,3.0,3.0,3.0,3.0,3.0,3.0,3.0,3.0,3.0,3.0,3.0,3.0,3.0,3.0,3.0,3.0,3.0,3.0,3.0,3.0,3.0,3.0,3.0,3.0,3.0,3.0,3.0,3.0,3.0,3.0,3.0,-3.7453914,2.0946417,-0.8324346,40.64627
1000,-1.177103744076342,11.140538,8.762269,-0.09704326,0.98216057,0.12458844,0.12894043,0.056680355,-1.304035,-4.30113,-1.0365044,-0.19569747,0.2295244,0.3747623,3.0,3.0,3.0,3.0,3.0,3.0,3.0,3.0,3.0,3.0,3.0,3.0,3.0,3.0,3.0,3.0,3.0,3.0,3.0,3.0,3.0,3.0,3.0,3.0,3.0,3.0,3.0,3.0,3.0,3.0,3.0,3.0,3.0,3.0,3.0,3.0,-4.7184334,2.1693707,-0.85199684,40.083702
1005,-1.1765571722363048,11.167338,8.851874,-0.07397643,0.98187417,0.12221315,0.13188219,0.059950843,-1.2746316,-4.3008842,-1.1542716,-0.19629823,0.22844197,0.37434843,3.0,3.0,3.0,3.0,3.0,3.0,3.0,3.0,3.0,3.0,3.0,3.0,3.0,3.0,3.0,3.0,3.0,3.0,3.0,3.0,3.0,3.0,3.0,3.0,3.0,3.0,3.0,3.0,3.0,3.0,3.0,3.0,3.0,3.0,3.0,3.0,-2.7670016,1.3412199,-0.5758331,39.40001
1010,-1.176684827832816,11.193519,8.941468,-0.048471835,0.9815715,0.11979866,0.13474928,0.06331131,-1.2445233,-4.3002787,-1.2705376,-0.19332086,0.21638307,0.39915153,3.0,3.0,3.0,3.0,3.0,3.0,3.0,3.0,3.0,3.0,3.0,3.0,3.0,3.0,3.0,3.0,3.0,3.0,3.0,3.0,3.0,3.0,3.0,3.0,3.0,3.0,3.0,3.0,3.0,3.0,3.0,2.965826,2.9688087,3.0,3.0,3.0,-4.6041765,0.544096,-0.6408932,33.467422
1015,-1.181757461711572,11.219,9.031094,-0.020772552,0.98133063,0.11698357,0.1369211,0.06751054,-1.2059754,-4.305202,-1.3596677,-0.26244566,0.03185203,0.5481466,3.0,3.0,3.0,3.0,3.0,3.0,3.0,3.0,3.0,3.0,3.0,3.0,3.0,3.0,3.0,3.0,3.0,3.0,3.0,3.0,3.0,3.0,3.0,3.0,3.0,3.0,3.0,3.0,3.0,3.0,2.9906938,2.894755,2.8898578,2.9752252,3.0,3.0,-4.392318,0.16119671,-0.42081892,13.622032
1020,-1.2033069230745645,11.243458,9.120973,0.008064916,0.9817301,0.11123716,0.1346347,0.07553687,-1.159135,-4.3152366,-1.4215766,-0.47000605,-0.43547896,0.841068,3.0,3.0,3.0,3.0,3.0,3.0,3.0,3.0,3.0,3.0,3.0,3.0,3.0,3.0,3.0,3.0,3.0,3.0,3.0,3.0,3.0,3.0,3.0,3.0,3.0,3.0,3.0,3.0,3.0,3.0,3.0,2.9002974,2.8911333,2.9720466,3.0,3.0,-4.653014,-0.7938266,-0.10217881,29.897392
1025,-1.2185230540263168,11.26663,9.211256,0.037099667,0.98332536,0.10096612,0.1277115,0.08103577,-1.0791212,-4.346701,-1.3667094,-0.82584685,-0.847449,0.71518934,3.0,3.0,3.0,3.0,3.0,3.0,3.0,3.0,3.0,3.0,3.0,3.0,3.0,3.0,3.0,3.0,3.0,3.0,3.0,3.0,3.0,3.0,3.0,3.0,3.0,3.0,3.0,3.0,3.0,3.0,3.0,3.0,3.0,3.0,3.0,3.0,-4.00362,-3.4272604,-0.85413116,30.675087
1030,-1.2237665029310376,11.288319,9.302035,0.06542581,0.98529226,0.09033783,0.116985105,0.085748196,-1.0034608,-4.3722444,-1.307849,-0.7726973,-1.280414,0.24771361,3.0,3.0,3.0,3.0,3.0,3.0,3.0,3.0,3.0,3.0,3.0,3.0,3.0,3.0,3.0,3.0,3.0,3.0,3.0,3.0,3.0,3.0,3.0,3.0,3.0,3.0,3.0,3.0,3.0,3.0,3.0,3.0,3.0,3.0,3.0,3.0,0.13252687,-4.7801614,-0.78952074,42.902885
1035,-1.1994314353329354,11.307969,9.393635,0.09048248,0.9867557,0.08302961,0.10921639,0.08655055,-0.91203564,-4.4073076,-1.1645988,-0.7396082,-0.7456828,0.13357036,3.0,3.0,3.0,3.0,3.0,3.0,3.0,3.0,3.0,3.0,3.0,3.0,3.0,3.0,3.0,3.0,3.0,3.0,3.0,3.0,3.0,3.0,3.0,3.0,3.0,3.0,3.0,3.0,3.0,3.0,3.0,3.0,3.0,3.0,3.0,3.0,0.36243725,-3.553434,-0.59285045,38.79064
1040,-1.198809800754658,11.326151,9.485677,0.11403005,0.9880827,0.07390446,0.10353275,0.08666961,-0.8552243,-4.419473,-1.1417589,-0.8343271,-0.65500456,0.082968496,3.0,3.0,3.0,3.0,3.0,3.0,3.0,3.0,3.0,3.0,3.0,3.0,3.0,3.0,3.0,3.0,3.0,3.0,3.0,3.0,3.0,3.0,3.0,3.0,3.0,3.0,3.0,3.0,3.0,3.0,3.0,3.0,3.0,3.0,3.0,3.0,-3.2051146,-2.8085885,-0.42310262,33.81015
1045,-1.2122111348532352,11.342985,9.578037,0.13611357,0.9898183,0.0638524,0.09531061,0.08425266,-0.7801235,-4.440224,-1.0185163,-0.9387509,-0.85476685,-0.48104593,3.0,3.0,3.0,3.0,3.0,3.0,3.0,3.0,3.0,3.0,3.0,3.0,3.0,3.0,3.0,3.0,3.0,3.0,3.0,3.0,3.0,3.0,3.0,3.0,3.0,3.0,3.0,3.0,3.0,3.0,3.0,3.0,3.0,3.0,3.0,3.0,-2.668993,-4.508385,-0.5928433,41.492302
1050,-1.2177537971499672,11.35825,9.670805,0.15515861,0.9918965,0.056664273,0.08462416,0.07595549,-0.69659984,-4.4638076,-0.8160084,-0.6541003,-1.0649571,-0.8333773,3.0,3.0,3.0,3.0,3.0,3.0,3.0,3.0,3.0,3.0,3.0,3.0,3.0,3.0,3.0,3.0,3.0,3.0,3.0,3.0,3.0,3.0,3.0,3.0,3.0,3.0,3.0,3.0,3.0,3.0,3.0,3.0,3.0,3.0,3.0,3.0,2.496838,-4.2615385,-0.18377745,44.175056
1055,-1.2078146640941916,11.371803,9.76406,0.16954017,0.99374026,0.050592,0.073592275,0.06711903,-0.6260571,-4.4812193,-0.63431966,-0.37538737,-0.9766943,-0.8186451,3.0,3.0,3.0,3.0,3.0,3.0,3.0,3.0,3.0,3.0,3.0,3.0,3.0,3.0,3.0,3.0,3.0,3.0,3.0,3.0,3.0,3.0,3.0,3.0,3.0,3.0,3.0,3.0,3.0,3.0,3.0,3.0,3.0,3.0,3.0,3.0,1.0083504,-4.64412,0.1271019,44.05607
1060,-1.2046128492884087,11.384001,9.85764,0.18003136,0.9951313,0.047152687,0.06342446,0.05888639,-0.56199145,-4.497256,-0.431633,-0.2450206,-0.9585757,-0.82153153,3.0,3.0,3.0,3.0,3.0,3.0,3.0,3.0,3.0,3.0,3.0,3.0,3.0,3.0,3.0,3.0,3.0,3.0,3.0,3.0,3.0,3.0,3.0,3.0,3.0,3.0,3.0,3.0,3.0,3.0,3.0,3.0,3.0,3.0,3.0,3.0,1.3364453,-3.6412,0.03979063,44.795067
1065,-1.2158007954179892,11.395196,9.951389,0.18792571,0.9964062,0.044796683,0.05332776,0.0482092,-0.52146214,-4.501932,-0.34029478,-0.27580786,-1.1138725,-0.99961406,3.0,3.0,3.0,3.0,3.0,3.0,3.0,3.0,3.0,3.0,3.0,3.0,3.0,3.0,3.0,3.0,3.0,3.0,3.0,3.0,3.0,3.0,3.0,3.0,3.0,3.0,3.0,3.0,3.0,3.0,3.0,3.0,3.0,3.0,3.0,3.0,3.5139103,-3.8480496,0.020083308,44.749504
1070,-1.195110995771629,11.405574,10.045273,0.19340873,0.99721617,0.045113806,0.043591805,0.040303983,-0.48198608,-4.5106997,-0.19592193,0.040256374,-0.70398116,-0.86598945,3.0,3.0,3.0,3.0,3.0,3.0,3.0,3.0,3.0,3.0,3.0,3.0,3.0,3.0,3.0,3.0,3.0,3.0,3.0,3.0,3.0,3.0,3.0,3.0,3.0,3.0,3.0,3.0,3.0,3.0,3.0,3.0,3.0,3.0,3.0,3.0,-2.201702,-3.851441,0.027376175,44.616646
1075,-1.1975987412456934,11.415349,10.139216,0.19738661,0.99786973,0.044856153,0.032531388,0.034433886,-0.46267474,-4.506927,-0.20433897,0.014026026,-1.0307057,-0.55134547,3.0,3.0,3.0,3.0,3.0,3.0,3.0,3.0,3.0,3.0,3.0,3.0,3.0,3.0,3.0,3.0,3.0,3.0,3.0,3.0,3.0,3.0,3.0,3.0,3.0,3.0,3.0,3.0,3.0,3.0,3.0,3.0,3.0,3.0,3.0,3.0,-3.898473,-3.6835063,-0.058161497,44.56475
1080,-1.2123299260510443,11.424738,10.233145,0.2008296,0.9982592,0.043674838,0.019933099,0.034261268,-0.4434062,-4.509877,-0.1368645,-0.22412899,-1.4282564,0.22542961,3.0,3.0,3.0,3.0,3.0,3.0,3.0,3.0,3.0,3.0,3.0,3.0,3.0,3.0,3.0,3.0,3.0,3.0,3.0,3.0,3.0,3.0,3.0,3.0,3.0,3.0,3.0,3.0,3.0,3.0,3.0,3.0,3.0,3.0,3.0,3.0,-3.8235564,-4.9627967,0.18304873,43.189087
1085,-1.2068257883056777,11.433807,10.327137,0.20279075,0.9985668,0.04078423,0.006005623,0.034131326,-0.4314502,-4.5119033,-0.07457284,-0.43160784,-1.277243,-0.03052069,3.0,3.0,3.0,3.0,3.0,3.0,3.0,3.0,3.0,3.0,3.0,3.0,3.0,3.0,3.0,3.0,3.0,3.0,3.0,3.0,3.0,3.0,3.0,3.0,3.0,3.0,3.0,3.0,3.0,3.0,3.0,3.0,3.0,3.0,3.0,3.0,-2.9538321,-4.5317726,0.15475404,44.835884
1090,-1.2076705101818588,11.442725,10.421144,0.20360579,0.99865717,0.03929995,-0.0078000003,0.032840196,-0.42687908,-4.5105104,-0.038849927,-0.02617576,-1.3137442,-0.34152135,3.0,3.0,3.0,3.0,3.0,3.0,3.0,3.0,3.0,3.0,3.0,3.0,3.0,3.0,3.0,3.0,3.0,3.0,3.0,3.0,3.0,3.0,3.0,3.0,3.0,3.0,3.0,3.0,3.0,3.0,3.0,3.0,3.0,3.0,3.0,3.0,-1.7446878,-4.197545,0.2656387,43.340805
1095,-1.2135590201558428,11.45165,10.515176,0.2028953,0.99865174,0.037833337,-0.022504026,0.027510803,-0.42930445,-4.511611,0.03265502,-0.22556634,-1.3395969,-0.5492474,3.0,3.0,3.0,3.0,3.0,3.0,3.0,3.0,3.0,3.0,3.0,3.0,3.0,3.0,3.0,3.0,3.0,3.0,3.0,3.0,3.0,3.0,3.0,3.0,3.0,3.0,3.0,3.0,3.0,3.0,3.0,3.0,3.0,3.0,3.0,3.0,-1.3621509,-2.488935,-0.16304457,44.82489
1100,-1.199161034051357,11.460655,10.609047,0.20293927,0.99846005,0.035617158,-0.035566285,0.023323677,-0.43557742,-4.5031214,-0.008959893,-0.08338612,-1.0224296,-0.5578797,3.0,3.0,3.0,3.0,3.0,3.0,3.0,3.0,3.0,3.0,3.0,3.0,3.0,3.0,3.0,3.0,3.0,3.0,3.0,3.0,3.0,3.0,3.0,3.0,3.0,3.0,3.0,3.0,3.0,3.0,3.0,3.0,3.0,3.0,3.0,3.0,-1.5103471,-4.7197666,-0.5931504,44.76609
1105,-1.202986216359022,11.469926,10.7028265,0.20262448,0.9981907,0.03559933,-0.04514618,0.01760252,-0.45515501,-4.503324,0.07373075,0.040633295,-1.0219927,-0.6704035,3.0,3.0,3.0,3.0,3.0,3.0,3.0,3.0,3.0,3.0,3.0,3.0,3.0,3.0,3.0,3.0,3.0,3.0,3.0,3.0,3.0,3.0,3.0,3.0,3.0,3.0,3.0,3.0,3.0,3.0,3.0,3.0,3.0,3.0,3.0,3.0,3.8337803,-2.61369,-0.34180772,44.684677
1110,-1.2084116048497997,11.479506,10.796483,0.2023218,0.99772686,0.03510084,-0.056385152,0.011389523,-0.46714073,-4.493171,0.013831519,-0.15172805,-1.2083097,-0.49708137,3.0,3.0,3.0,3.0,3.0,3.0,3.0,3.0,3.0,3.0,3.0,3.0,3.0,3.0,3.0,3.0,3.0,3.0,3.0,3.0,3.0,3.0,3.0,3.0,3.0,3.0,3.0,3.0,3.0,3.0,3.0,3.0,3.0,3.0,3.0,3.0,-2.0981684,-1.783452,0.1781553,43.923332
1115,-1.199396265726851,11.489644,10.890105,0.20076814,0.9971876,0.030737732,-0.06791571,0.007715122,-0.49723408,-4.49208,0.08666602,-0.45288104,-0.8838237,-0.5016864,3.0,3.0,3.0,3.0,3.0,3.0,3.0,3.0,3.0,3.0,3.0,3.0,3.0,3.0,3.0,3.0,3.0,3.0,3.0,3.0,3.0,3.0,3.0,3.0,3.0,3.0,3.0,3.0,3.0,3.0,3.0,3.0,3.0,3.0,3.0,3.0,2.0309505,-3.052032,-0.28002763,44.271126
1120,-1.1996775362629075,11.500122,10.9835,0.2004436,0.99668306,0.025586462,-0.07719183,0.0031104435,-0.5069903,-4.476698,-0.031763695,-0.45600036,-0.8800084,-0.501236,3.0,3.0,3.0,3.0,3.0,3.0,3.0,3.0,3.0,3.0,3.0,3.0,3.0,3.0,3.0,3.0,3.0,3.0,3.0,3.0,3.0,3.0,3.0,3.0,3.0,3.0,3.0,3.0,3.0,3.0,3.0,3.0,3.0,3.0,3.0,3.0,-1.3582027,-4.383404,-0.80202955,44.526306
1125,-1.199908062957054,11.511042,11.076634,0.20119962,0.99595153,0.022314956,-0.087050565,-0.002176225,-0.5358274,-4.4660597,-0.040574744,-0.28569907,-0.818692,-0.6677425,3.0,3.0,3.0,3.0,3.0,3.0,3.0,3.0,3.0,3.0,3.0,3.0,3.0,3.0,3.0,3.0,3.0,3.0,3.0,3.0,3.0,3.0,3.0,3.0,3.0,3.0,3.0,3.0,3.0,3.0,3.0,3.0,3.0,3.0,3.0,3.0,-2.298623,-3.7708461,-0.37371582,44.960426
1130,-1.1952868371143386,11.522576,11.169522,0.20232509,0.99518615,0.019517457,-0.0957905,-0.0069115404,-0.5626638,-4.452844,-0.08043169,-0.27094552,-0.85748965,-0.4001403,3.0,3.0,3.0,3.0,3.0,3.0,3.0,3.0,3.0,3.0,3.0,3.0,3.0,3.0,3.0,3.0,3.0,3.0,3.0,3.0,3.0,3.0,3.0,3.0,3.0,3.0,3.0,3.0,3.0,3.0,3.0,3.0,3.0,3.0,3.0,3.0,-0.9884229,-3.67658,-0.30461633,44.114494
1135,-1.1999179090840257,11.5346775,11.262115,0.20445712,0.9942159,0.017092543,-0.10540833,-0.011472071,-0.59249127,-4.438598,-0.12063094,-0.19619782,-0.9165732,-0.47480282,3.0,3.0,3.0,3.0,3.0,3.0,3.0,3.0,3.0,3.0,3.0,3.0,3.0,3.0,3.0,3.0,3.0,3.0,3.0,3.0,3.0,3.0,3.0,3.0,3.0,3.0,3.0,3.0,3.0,3.0,3.0,3.0,3.0,3.0,3.0,3.0,-3.7362876,-1.855834,0.08500433,44.51499
1140,-1.203209272767394,11.547609,11.354426,0.20660909,0.9930987,0.012179161,-0.11582803,-0.013805609,-0.63059145,-4.4242973,-0.1355119,-0.5516716,-0.9242814,-0.23803611,3.0,3.0,3.0,3.0,3.0,3.0,3.0,3.0,3.0,3.0,3.0,3.0,3.0,3.0,3.0,3.0,3.0,3.0,3.0,3.0,3.0,3.0,3.0,3.0,3.0,3.0,3.0,3.0,3.0,3.0,3.0,3.0,3.0,3.0,3.0,3.0,1.2750635,-3.6329138,-0.9307693,44.914772
1145,-1.2073758067674865,11.5610485,11.446377,0.2105559,0.9918034,0.007437332,-0.12647253,-0.016595952,-0.65320593,-4.406279,-0.2326598,-0.40457407,-1.0429229,-0.35623968,3.0,3.0,3.0,3.0,3.0,3.0,3.0,3.0,3.0,3.0,3.0,3.0,3.0,3.0,3.0,3.0,3.0,3.0,3.0,3.0,3.0,3.0,3.0,3.0,3.0,3.0,3.0,3.0,3.0,3.0,3.0,3.0,3.0,3.0,3.0,3.0,1.3552036,-3.6588635,-0.668028,44.752472
1150,-1.2079800054610201,11.574894,11.537935,0.21688883,0.9903278,0.0029556074,-0.13731565,-0.019660162,-0.6723937,-4.3870187,-0.35151973,-0.4065206,-1.03975,-0.3563062,3.0,3.0,3.0,3.0,3.0,3.0,3.0,3.0,3.0,3.0,3.0,3.0,3.0,3.0,3.0,3.0,3.0,2.9465246,2.8805807,2.9038236,3.0,3.0,3.0,3.0,3.0,3.0,3.0,3.0,3.0,3.0,3.0,3.0,3.0,3.0,3.0,3.0,-2.0110865,-1.6464233,-0.31064188,44.888992
1155,-1.2305200062360226,11.589629,11.629081,0.22405641,0.98824316,-0.0014181135,-0.15116242,-0.022875855,-0.730105,-4.366666,-0.3427521,-0.19848108,-1.501706,-0.5111652,3.0,3.0,3.0,3.0,3.0,3.0,3.0,3.0,3.0,3.0,3.0,3.0,3.0,3.0,3.0,3.0,2.7771125,2.6430295,2.596559,2.6302319,2.7494268,2.9746106,3.0,3.0,3.0,3.0,3.0,3.0,3.0,3.0,3.0,3.0,3.0,3.0,3.0,3.0,4.332447,-4.2183647,-0.27749962,44.742134
1160,-1.2239501667998316,11.60553,11.719781,0.23141891,0.9855392,-0.0027654998,-0.1674135,-0.026029065,-0.79182833,-4.344598,-0.34329337,-0.05287791,-1.4251534,-0.17674284,3.0,3.0,3.0,3.0,3.0,3.0,3.0,3.0,3.0,3.0,3.0,3.0,3.0,3.0,3.0,2.7037194,2.486485,2.3681667,2.3281229,2.3599234,2.4686522,2.6730254,3.0,3.0,3.0,3.0,3.0,3.0,3.0,3.0,3.0,3.0,3.0,3.0,3.0,3.0,3.4630861,-3.5330293,-0.074719906,43.64965
1165,-1.2087014664723092,11.622706,11.810018,0.23904319,0.98326826,-0.0025770974,-0.18033245,-0.025634369,-0.8543003,-4.3222103,-0.3609026,-0.19008845,-1.0689491,0.18829018,3.0,3.0,3.0,3.0,3.0,3.0,3.0,3.0,3.0,3.0,3.0,3.0,3.0,3.0,2.8280094,2.4937582,2.2924604,2.182597,2.1449754,2.1735523,2.272894,2.4600794,2.7726707,3.0,3.0,3.0,3.0,3.0,3.0,3.0,3.0,3.0,3.0,3.0,3.0,3.0,-1.4788139,-1.2520556,-0.8542506,44.441338
1170,-1.2053986602758435,11.641284,11.899786,0.24692632,0.98150826,-0.0029025625,-0.19013844,-0.021918831,-0.92150855,-4.2998724,-0.37843394,-0.11164417,-0.9154165,0.38387692,3.0,3.0,3.0,3.0,3.0,3.0,3.0,3.0,3.0,3.0,3.0,3.0,3.0,3.0,2.648643,2.3385127,2.151928,2.0506208,2.0169518,2.0455189,2.140891,2.3195157,2.6174295,3.0,3.0,3.0,3.0,3.0,3.0,3.0,3.0,3.0,3.0,3.0,3.0,3.0,0.72089005,-3.1756723,-0.056696296,44.175964
1175,-1.211161763670352,11.661555,11.989082,0.25455776,0.97982764,-0.0027463788,-0.19891243,-0.019080173,-1.0219802,-4.276629,-0.3240372,-0.1881736,-0.9640803,0.41244757,3.0,3.0,3.0,3.0,3.0,3.0,3.0,3.0,3.0,3.0,3.0,3.0,3.0,2.9945383,2.5076725,2.214867,2.0387602,1.9432925,1.9118581,1.9394145,2.0303707,2.2004273,2.483947,2.954379,3.0,3.0,3.0,3.0,3.0,3.0,3.0,3.0,3.0,3.0,3.0,3.0,-2.3084335,-3.5746965,-0.5297024,44.509995
1180,-1.2116053056076932,11.683846,12.077904,0.26135793,0.9776257,-0.001964286,-0.20976925,-0.015520453,-1.114205,-4.254309,-0.30165428,0.11119339,-0.97148645,0.3091067,3.0,3.0,3.0,3.0,3.0,3.0,3.0,3.0,3.0,3.0,3.0,3.0,3.0,2.823192,2.3634703,2.0870361,1.9207444,1.8305113,1.8006322,1.8263133,1.9116628,2.0714047,2.337787,2.7797184,3.0,3.0,3.0,3.0,3.0,3.0,3.0,3.0,3.0,3.0,3.0,3.0,1.6337204,-0.51934767,0.33426285,44.543022
1185,-1.2014967839921984,11.70843,12.16626,0.26699305,0.97590506,-0.00069127773,-0.21774465,-0.01400256,-1.2275761,-4.2322907,-0.2433536,0.10574304,-0.71815157,0.27004784,3.0,3.0,3.0,3.0,3.0,3.0,3.0,3.0,3.0,3.0,3.0,3.0,3.0,2.7193022,2.2726896,2.0043945,1.8428379,1.7547216,1.724659,1.7478212,1.8279103,1.9787005,2.2304711,2.6478357,3.0,3.0,3.0,3.0,3.0,3.0,3.0,3.0,3.0,3.0,3.0,3.0,-1.4286256,-2.3967938,-0.5738545,44.487465
1190,-1.1980432409877682,11.735055,12.254176,0.2722242,0.9743674,0.00072517135,-0.224674,-0.011371147,-1.309624,-4.2119064,-0.2609561,-0.09565705,-0.5568914,0.34260002,3.0,3.0,3.0,3.0,3.0,3.0,3.0,3.0,3.0,3.0,3.0,3.0,3.0,2.6328206,2.1974447,1.9361081,1.7786235,1.6923858,1.6622963,1.6835172,1.7594379,1.9030846,2.143181,2.5409582,3.0,3.0,3.0,3.0,3.0,3.0,3.0,3.0,3.0,3.0,3.0,3.0,-3.9341178,-3.1840305,-0.7381475,44.28985
1195,-1.2236674670607228,11.7631445,12.341679,0.27838987,0.9732673,-0.0028283575,-0.22959895,-0.005201862,-1.3751646,-4.1922364,-0.3175969,-0.7660614,-0.54824674,0.62656975,3.0,3.0,3.0,3.0,3.0,3.0,3.0,3.0,3.0,3.0,3.0,3.0,3.0,2.491037,2.0953386,1.8568052,1.7137809,1.6374078,1.6145147,1.6414396,1.7225026,1.8718172,2.1200044,2.5327883,3.0,3.0,3.0,3.0,3.0,3.0,3.0,3.0,3.0,3.0,3.0,3.0,-4.767908,0.72397614,-0.3907274,43.541092
1200,-1.2637447451682098,11.793202,12.428754,0.28456134,0.9709285,-0.013624552,-0.23890549,0.006029978,-1.4639547,-4.1714034,-0.33038074,-1.3696297,-0.99541855,0.8657908,3.0,3.0,3.0,3.0,3.0,3.0,3.0,3.0,3.0,3.0,3.0,3.0,2.7807183,2.231764,1.912345,1.7185918,1.6047618,1.5492224,1.5427049,1.5841748,1.6804043,1.8488916,2.1267529,2.5957212,3.0,3.0,3.0,3.0,3.0,3.0,3.0,3.0,3.0,3.0,3.0,3.0,-4.804661,-3.1187222,-0.9518781,42.66668
1205,-1.2506915568354717,11.824449,12.51538,0.29239282,0.96846473,-0.02321812,-0.24733435,0.019045029,-1.5241562,-4.1488094,-0.406283,-0.9774341,-0.88737434,0.9296848,3.0,3.0,3.0,3.0,3.0,3.0,3.0,3.0,3.0,3.0,3.0,3.0,2.4724395,2.0273035,1.7634022,1.6034003,1.5121422,1.4730605,1.4797777,1.5333601,1.6427585,1.8288026,2.1355424,2.6631415,3.0,3.0,3.0,3.0,3.0,3.0,3.0,3.0,3.0,3.0,3.0,3.0,-4.0908437,-1.0590034,-0.8726126,35.106567
1210,-1.2557109512689295,11.856978,12.601514,0.3018078,0.9653752,-0.032424007,-0.2568321,0.03219724,-1.5780555,-4.125355,-0.49793172,-1.0666091,-0.8598981,1.0071075,3.0,3.0,3.0,3.0,3.0,3.0,3.0,3.0,3.0,3.0,3.0,2.8702092,2.213436,1.8469312,1.6269695,1.4943993,1.4217502,1.396296,1.4139435,1.4775109,1.5979,1.7991644,2.1325707,2.719062,3.0,3.0,3.0,3.0,3.0,3.0,3.0,3.0,3.0,3.0,3.0,3.0,-2.7417045,-2.5448499,-0.9856331,40.425056
1215,-1.276683325587751,11.890802,12.687128,0.31290868,0.96179444,-0.04031535,-0.26703227,0.044943552,-1.6637722,-4.097817,-0.53994954,-1.2450067,-1.2187995,1.1366128,3.0,3.0,3.0,3.0,3.0,3.0,3.0,3.0,3.0,3.0,3.0,2.5459967,2.0033824,1.6938486,1.5068204,1.3951632,1.336726,1.3215269,1.3471416,1.4176964,1.545608,1.7575902,2.1113102,2.7478042,3.0,3.0,3.0,3.0,3.0,3.0,3.0,3.0,3.0,3.0,3.0,3.0,-3.6226606,-3.1869607,-0.9925068,28.992126
1220,-1.294611759953388,11.926292,12.77217,0.32515854,0.9572035,-0.050374452,-0.2782528,0.061637457,-1.7338157,-4.07101,-0.6147345,-1.5688671,-1.1468096,1.4295216,3.0,3.0,3.0,3.0,3.0,3.0,3.0,3.0,3.0,3.0,3.0,2.227782,1.792585,1.5387453,1.3847339,1.2945014,1.2509946,1.2469738,1.2818007,1.3611759,1.4996033,1.7278154,2.1137066,2.8323433,3.0,3.0,3.0,3.0,3.0,3.0,3.0,3.0,3.0,3.0,3.0,3.0,-2.828805,-0.6373415,-0.99806035,13.206413
1225,-1.2994652501411639,11.963034,12.8566675,0.33936056,0.95199394,-0.0640286,-0.28825295,0.080735005,-1.7793499,-4.0461335,-0.7331109,-1.7196473,-1.051385,1.4746213,3.0,3.0,3.0,3.0,3.0,3.0,3.0,3.0,3.0,3.0,2.5467713,1.9290445,1.5913998,1.3902967,1.2685372,1.1999099,1.1721133,1.1806363,1.2268338,1.3184868,1.4733202,1.7288781,2.1715255,3.0,3.0,3.0,3.0,3.0,3.0,3.0,3.0,3.0,3.0,3.0,3.0,3.0,1.777111,1.0488262,-0.998903,33.95588
1230,-1.3180480519359987,12.001214,12.940565,0.35536227,0.94575316,-0.08013084,-0.29818696,0.10106718,-1.8671949,-4.014385,-0.79334176,-2.1148033,-1.1260682,1.5036412,3.0,3.0,3.0,3.0,3.0,3.0,3.0,3.0,3.0,3.0,2.122248,1.6681726,1.4094354,1.2531459,1.1597795,1.1107712,1.0977386,1.1186024,1.1767213,1.2823083,1.4573578,1.74931,2.2739408,3.0,3.0,3.0,3.0,3.0,3.0,3.0,3.0,3.0,3.0,3.0,3.0,3.0,-2.7864413,-0.47808933,-0.9976088,24.335266
1235,-1.3469642502520025,12.0414505,13.02374,0.37238464,0.9378714,-0.10178269,-0.30766368,0.12401847,-1.9669507,-3.978395,-0.8438548,-2.78384,-1.085215,1.5325166,3.0,3.0,3.0,3.0,3.0,3.0,3.0,3.0,3.0,2.3485954,1.7482401,1.4268569,1.2370362,1.121876,1.0556755,1.0262985,1.0289292,1.0639853,1.1372892,1.2626445,1.4692291,1.8228585,2.5007484,3.0,3.0,3.0,3.0,3.0,3.0,3.0,3.0,3.0,3.0,3.0,3.0,3.0,-4.3342466,1.8273134,-0.997355,0.48960114
1240,-1.3783420607313674,12.084788,13.105926,0.38921827,0.92803866,-0.12878102,-0.315825,0.14971411,-2.116916,-3.9295022,-0.83591443,-3.3129923,-1.161592,1.7738153,3.0,3.0,3.0,3.0,3.0,3.0,3.0,3.0,2.6165454,1.8309109,1.4418076,1.2196647,1.0854121,1.0053009,0.9634646,0.952764,0.9714925,1.0226684,1.1153082,1.2687955,1.5250005,1.9864854,2.9782271,3.0,3.0,3.0,3.0,3.0,3.0,3.0,3.0,3.0,3.0,3.0,3.0,3.0,-3.7126036,0.29515505,-0.99830973,-20.846771
1245,-1.3756280702521226,12.130662,13.1871195,0.40681672,0.9168402,-0.15895751,-0.32240483,0.17375751,-2.2659547,-3.8729656,-0.84374094,-3.5052788,-1.0204074,1.1541836,3.0,3.0,3.0,3.0,3.0,3.0,3.0,3.0,1.9492013,1.47003,1.2094581,1.0545715,0.9607291,0.9075453,0.88543314,0.89079547,0.9244843,0.9921524,1.106794,1.29591,1.6224282,2.2607355,3.0,3.0,3.0,3.0,3.0,3.0,3.0,3.0,3.0,3.0,3.0,3.0,3.0,3.0,-2.75564,3.1062708,-0.99866563,-33.571274
1250,-1.3853821543465854,12.180462,13.266811,0.42378417,0.90587497,-0.1942045,-0.32499394,0.1898792,-2.4834273,-3.788434,-0.78577507,-3.8530982,-0.87760246,0.34494355,3.0,3.0,3.0,3.0,3.0,3.0,3.0,2.130605,1.5219244,1.212399,1.0335944,0.9252515,0.8611501,0.8289092,0.8231024,0.8428065,0.89122057,0.97703165,1.118742,1.3567519,1.7925878,2.7647147,3.0,3.0,3.0,3.0,3.0,3.0,3.0,3.0,3.0,3.0,3.0,3.0,3.0,3.0,2.1973839,3.4565506,-0.99718386,-42.38918
1255,-1.3965005553727536,12.234766,13.344549,0.43977094,0.89403456,-0.2325134,-0.3254095,0.20186225,-2.720796,-3.6799345,-0.722747,-4.0159574,-0.8756216,-0.25396606,3.0,3.0,3.0,3.0,3.0,3.0,2.4375463,1.6134237,1.2337773,1.0239493,0.89844924,0.82262,0.78046274,0.7645127,0.7721944,0.80473155,0.8676542,0.9733344,1.1480496,1.453018,2.0640192,3.0,3.0,3.0,3.0,3.0,3.0,3.0,3.0,3.0,3.0,3.0,3.0,3.0,3.0,3.0,-0.8351178,4.2404156,-0.9997596,-23.762197
1260,-1.4123848160912598,12.293217,13.420172,0.45540664,0.8822149,-0.27507246,-0.32298523,0.20423657,-2.8646536,-3.593737,-0.76775515,-4.0507703,-0.99577683,-1.4246728,3.0,3.0,3.0,3.0,3.0,3.0,1.7807941,1.2857293,1.0305474,0.88225144,0.79231167,0.7394009,0.71343493,0.71007407,0.7287846,0.7726189,0.849528,0.9763881,1.1903028,1.5859545,2.4888663,3.0,3.0,3.0,3.0,3.0,3.0,3.0,3.0,3.0,3.0,3.0,3.0,3.0,3.0,3.0,-0.94001055,2.7697697,-0.99618506,-43.182217
1265,-1.424725520014512,12.354984,13.493627,0.47180748,0.8697617,-0.32107067,-0.31704053,0.19978362,-3.061448,-3.460828,-0.77464694,-4.1826572,-0.8743336,-1.7605267,3.0,3.0,3.0,3.0,3.0,2.088948,1.383478,1.0582463,0.87843263,0.77087134,0.7058858,0.6697737,0.65614295,0.66279286,0.69078296,0.74487185,0.8357002,0.9858708,1.248062,1.7736555,3.0,3.0,3.0,3.0,3.0,3.0,3.0,3.0,3.0,3.0,3.0,3.0,3.0,3.0,3.0,3.0,-2.066301,3.8731089,-0.9971407,-41.881554
1270,-1.4249538827671906,12.422465,13.563026,0.48708206,0.8554084,-0.3661093,-0.31041434,0.19463652,-3.3570092,-3.2402687,-0.70868915,-4.16952,-0.927267,-1.7096028,3.0,3.0,3.0,3.0,2.8084147,1.5898404,1.1327549,0.9010718,0.76742727,0.6864699,0.6385129,0.6142643,0.60963583,0.6238915,0.65934324,0.7223369,0.82640105,1.0010314,1.3200972,2.028178,3.0,3.0,3.0,3.0,3.0,3.0,3.0,3.0,3.0,3.0,3.0,3.0,3.0,3.0,3.0,3.0,-4.463208,4.365176,-0.9971207,-41.54133
1275,-1.424091687038632,12.49605,13.627423,0.501294,0.83887345,-0.4101215,-0.30375648,0.18927139,-3.648046,-2.9875016,-0.668076,-4.156785,-0.9760301,-1.6554447,3.0,3.0,3.0,3.0,2.037773,1.2873366,0.96222234,0.78731066,0.68378884,0.6210033,0.5850599,0.569404,0.5714756,0.59160364,0.6331412,0.70395666,0.82068455,1.0210077,1.4072714,2.379965,3.0,3.0,3.0,3.0,3.0,3.0,3.0,3.0,3.0,3.0,3.0,3.0,3.0,3.0,3.0,3.0,-4.65125,4.632474,-0.9998754,1.363678
1280,-1.422266032080434,12.575627,13.686185,0.515008,0.8202254,-0.45301095,-0.29707024,0.18374066,-3.9333467,-2.705545,-0.655666,-4.1459956,-1.0191965,-1.5971915,3.0,3.0,3.0,3.0,1.6055921,1.0858071,0.83953094,0.70169705,0.61889225,0.5690325,0.5418436,0.5325787,0.53974956,0.5645024,0.611095,0.6888852,0.81784356,1.0452784,1.5115565,2.8872106,3.0,3.0,3.0,3.0,3.0,3.0,3.0,3.0,3.0,3.0,3.0,3.0,3.0,3.0,3.0,3.0,-4.794264,4.356657,-0.99976563,-7.124836
1285,-1.4195765291059013,12.661065,13.738742,0.5288429,0.79953736,-0.49468657,-0.29035717,0.17809515,-4.211796,-2.397643,-0.67392343,-4.137014,-1.0564288,-1.5354776,3.0,3.0,3.0,2.3828373,1.3300046,0.9422929,0.7471832,0.63499594,0.567081,0.5267484,0.50612944,0.5017345,0.51286423,0.5413198,0.59216815,0.6762369,0.8170588,1.07314,1.6353927,3.0,3.0,3.0,3.0,3.0,3.0,3.0,3.0,3.0,3.0,3.0,3.0,3.0,3.0,3.0,3.0,3.0,-4.348479,4.9683266,-0.99966097,-28.804335
1290,-1.416131664917876,12.752207,13.784597,0.5434646,0.7768869,-0.5350624,-0.28361735,0.17238392,-4.4823256,-2.0672667,-0.72494555,-4.12969,-1.0874614,-1.470954,3.0,3.0,3.0,1.8811152,1.1385478,0.8344897,0.6747859,0.5812137,0.5244262,0.49134842,0.47579476,0.47519103,0.4894414,0.52088916,0.57533723,0.6650634,0.817371,1.1036556,1.7819148,3.0,3.0,3.0,3.0,3.0,3.0,3.0,3.0,3.0,3.0,3.0,3.0,3.0,3.0,3.0,3.0,3.0,-4.247198,4.9744797,-0.99927473,28.781898
1295,-1.4120475376439445,12.848874,13.823329,0.5595777,0.75235546,-0.5740576,-0.2768494,0.16665411,-4.7439246,-1.7180774,-0.81044555,-4.1238647,-1.1121002,-1.4042796,3.0,3.0,3.0,1.5564289,0.9964216,0.749517,0.61566687,0.53620297,0.48804066,0.46066055,0.4491105,0.4515088,0.46823633,0.50209385,0.55955637,0.654322,0.81763995,1.1355846,1.9553454,3.0,3.0,3.0,3.0,3.0,3.0,3.0,3.0,3.0,3.0,3.0,3.0,3.0,3.0,3.0,3.0,3.0,-3.7770498,4.8997593,-0.9963034,18.791504
1300,-1.407446627444555,12.95087,13.854591,0.57791764,0.7260281,-0.6115969,-0.2700505,0.16095082,-4.9956465,-1.3538935,-0.9317392,-4.119368,-1.1302224,-1.3361151,3.0,3.0,2.8140433,1.3256103,0.8845978,0.67925704,0.56522584,0.49690545,0.4556724,0.43290377,0.42458922,0.42938894,0.44806838,0.48381606,0.5437151,0.64283353,0.8164863,1.1672776,2.1617043,3.0,3.0,3.0,3.0,3.0,3.0,3.0,3.0,3.0,3.0,3.0,3.0,3.0,3.0,3.0,3.0,3.0,-4.455842,4.8750496,-0.9995593,4.074856
1305,-1.4024565854464122,13.057976,13.878122,0.5992421,0.6979932,-0.6476103,-0.2632168,0.15531693,-5.236616,-0.9786542,-1.0897348,-4.116026,-1.1417739,-1.2671154,3.0,3.0,2.215106,1.1486024,0.79154783,0.6181671,0.52005565,0.46090785,0.4254472,0.40652275,0.4008717,0.40759027,0.42775658,0.46488276,0.5265868,0.6292222,0.8122051,1.1965176,2.4101775,3.0,3.0,3.0,3.0,3.0,3.0,3.0,3.0,3.0,3.0,3.0,3.0,3.0,3.0,3.0,3.0,3.0,-4.5702105,4.9530888,-0.99352175,2.7310677
1310,-1.3972090190780906,13.16996,13.893741,0.6243226,0.668342,-0.6820331,-0.25634322,0.14979306,-5.466039,-0.5963817,-1.2849268,-4.113659,-1.146768,-1.1979238,3.0,3.0,1.8053361,1.0033065,0.709617,0.5621454,0.47743258,0.42616072,0.39569008,0.38006347,0.37663326,0.3848534,0.40605333,0.44400236,0.506761,0.6118322,0.8026378,1.2202668,2.7159593,3.0,3.0,3.0,3.0,3.0,3.0,3.0,3.0,3.0,3.0,3.0,3.0,3.0,3.0,3.0,3.0,3.0,-2.2630782,4.9832783,-0.9993904,33.177505
1315,-1.3867961783472713,13.286392,13.9016285,0.6539067,0.6382196,-0.7145391,-0.2471949,0.14492838,-5.661816,-0.24439704,-1.5135436,-4.0021257,-0.6404128,-1.4472259,3.0,3.0,1.4754122,0.86965096,0.63009673,0.50607103,0.43385518,0.39004722,0.3643295,0.35182205,0.3504394,0.35996202,0.38194603,0.42039427,0.4837949,0.59085613,0.78957605,1.2467839,3.0,3.0,3.0,3.0,3.0,3.0,3.0,3.0,3.0,3.0,3.0,3.0,3.0,3.0,3.0,3.0,3.0,3.0,-0.7177391,4.98884,-0.9950433,38.222725
1320,-1.379657383694843,13.406706,13.902229,0.6886717,0.60987276,-0.74462354,-0.23133005,0.1416948,-5.852557,0.12111213,-1.7771513,-3.8717968,-0.14868265,-1.7330707,3.0,3.0,1.169496,0.7320371,0.544803,0.44459674,0.3854172,0.34951377,0.3288705,0.319702,0.3205051,0.33140725,0.35421893,0.39323464,0.45753163,0.56758136,0.7784832,1.3017339,3.0,3.0,3.0,3.0,3.0,3.0,3.0,3.0,3.0,3.0,3.0,3.0,3.0,3.0,3.0,3.0,3.0,3.0,-1.3262038,4.957794,-0.9818762,33.463486
1325,-1.382517317598258,13.530188,13.896301,0.72899824,0.5845892,-0.7719348,-0.2070661,0.13962723,-5.9772544,0.39752233,-2.0455265,-3.5759907,0.69031656,-2.4174886,3.0,1.9269762,0.8928355,0.59274185,0.45395488,0.37711427,0.33112592,0.3033501,0.28794545,0.28218955,0.28515375,0.29731035,0.3207288,0.36002648,0.42501596,0.53860676,0.7668605,1.4049437,3.0,3.0,3.0,3.0,3.0,3.0,3.0,3.0,3.0,3.0,3.0,3.0,3.0,3.0,3.0,3.0,3.0,3.0,-3.668963,4.974122,-0.90786165,-14.707727
1330,-1.3909773259504006,13.65674,13.883428,0.7755378,0.56434256,-0.79554665,-0.17226158,0.13765518,-6.1340165,0.7596523,-2.3603044,-3.0766714,1.4000463,-3.1504276,3.0,1.1915562,0.6479149,0.4544028,0.35828143,0.30333298,0.2701138,0.25030714,0.24000087,0.23743892,0.24221286,0.25509262,0.2783516,0.31687152,0.38120815,0.49728513,0.7476647,1.6040088,3.0,3.0,3.0,3.0,3.0,3.0,3.0,3.0,3.0,3.0,3.0,3.0,3.0,3.0,3.0,3.0,3.0,3.0,-4.7473903,4.940425,0.46348011,10.139709
1335,-1.3914566063260727,13.785207,13.865256,0.8279961,0.5469095,-0.814199,-0.13180181,0.1435211,-6.179619,0.93186086,-2.6176918,-2.8837035,2.4977198,-2.682908,1.9209276,0.68967086,0.42821127,0.3174938,0.25850892,0.22374007,0.20264234,0.19046922,0.18497771,0.18526542,0.19137801,0.20432794,0.22654054,0.26314232,0.32565215,0.44484112,0.736962,2.355041,3.0,3.0,3.0,3.0,3.0,3.0,3.0,3.0,3.0,3.0,3.0,3.0,3.0,3.0,3.0,3.0,3.0,3.0,-4.975442,4.791876,0.75506365,-8.253269
