step,reward,rel_x,rel_y,rel_z,qw,qx,qy,qz,vx,vy,vz,wx,wy,wz,lidar_0,lidar_1,lidar_2,lidar_3,lidar_4,lidar_5,lidar_6,lidar_7,lidar_8,lidar_9,lidar_10,lidar_11,lidar_12,lidar_13,lidar_14,lidar_15,lidar_16,lidar_17,lidar_18,lidar_19,lidar_20,lidar_21,lidar_22,lidar_23,lidar_24,lidar_25,lidar_26,lidar_27,lidar_28,lidar_29,lidar_30,lidar_31,lidar_32,lidar_33,lidar_34,lidar_35,act_vx,act_vy,act_vz,act_yaw
5,-1.007426305901814,2.6784472,-1.7713501,0.49790466,0.9999997,-0.00049227953,-0.0004923567,0.00028502932,3.2526066e-20,-1.0842022e-20,0.20069727,-0.118126206,-0.11816326,0.06840032,3.0,3.0,3.0,3.0,3.0,3.0,3.0,3.0,3.0,3.0,3.0,3.0,3.0,3.0,3.0,3.0,3.0,3.0,3.0,3.0,3.0,3.0,3.0,3.0,3.0,3.0,3.0,3.0,3.0,3.0,3.0,3.0,3.0,3.0,3.0,3.0,-3.9957862,1.9151978,0.901603,-35.563805
10,-1.0185257280445248,2.6784534,-1.7713562,0.4908648,0.9999954,-0.0026156611,-0.0014866746,-0.00029109968,-0.0006355176,0.0006338391,0.4277355,-0.38414586,-0.16739969,-0.06659237,3.0,3.0,3.0,3.0,3.0,3.0,3.0,3.0,3.0,3.0,3.0,3.0,3.0,3.0,3.0,3.0,3.0,3.0,3.0,3.0,3.0,3.0,3.0,3.0,3.0,3.0,3.0,3.0,3.0,3.0,3.0,3.0,3.0,3.0,3.0,3.0,-1.413429,-3.2762408,0.41951728,-12.163017
15,-1.0122509522516279,2.6784794,-1.771389,0.48111176,0.99997914,-0.0046478757,-0.0032271093,-0.003117803,-0.0020187872,0.0027156884,0.5388202,-7.694771e-05,-0.035877626,-0.3088803,3.0,3.0,3.0,3.0,3.0,3.0,3.0,3.0,3.0,3.0,3.0,3.0,3.0,3.0,3.0,3.0,3.0,3.0,3.0,3.0,3.0,3.0,3.0,3.0,3.0,3.0,3.0,3.0,3.0,3.0,3.0,3.0,3.0,3.0,3.0,3.0,-4.832974,-3.0329757,0.65853226,-32.97737
20,-1.0413216505832779,2.6785398,-1.7714686,0.4698291,0.9999373,-0.0023416686,-0.005934833,-0.009203281,-0.0035113895,0.004450599,0.53755814,0.31271785,-0.3574145,-0.75111896,3.0,3.0,3.0,3.0,3.0,3.0,3.0,3.0,3.0,3.0,3.0,3.0,3.0,3.0,3.0,3.0,3.0,3.0,3.0,3.0,3.0,3.0,3.0,3.0,3.0,3.0,3.0,3.0,3.0,3.0,3.0,3.0,3.0,3.0,3.0,3.0,-0.81906366,-0.51026917,0.6495116,-34.313183
25,-1.0421232818402184,2.6786382,-1.7715712,0.45906118,0.99981695,0.0023668432,-0.011133037,-0.015377091,-0.005660044,0.0049273707,0.48944655,0.35454133,-0.40268147,-0.71126795,3.0,3.0,3.0,3.0,3.0,3.0,3.0,3.0,3.0,3.0,3.0,3.0,3.0,3.0,3.0,3.0,3.0,3.0,3.0,3.0,3.0,3.0,3.0,3.0,3.0,3.0,3.0,3.0,3.0,3.0,3.0,3.0,3.0,3.0,3.0,3.0,-1.0970595,-1.0246892,-0.2690841,-44.739437
30,-1.0394974384545563,2.6787844,-1.7716676,0.45020387,0.99962497,0.006483012,-0.014559188,-0.022268448,-0.008101738,0.004308403,0.38617972,0.3830588,-0.23808397,-0.6896546,3.0,3.0,3.0,3.0,3.0,3.0,3.0,3.0,3.0,3.0,3.0,3.0,3.0,3.0,3.0,3.0,3.0,3.0,3.0,3.0,3.0,3.0,3.0,3.0,3.0,3.0,3.0,3.0,3.0,3.0,3.0,3.0,3.0,3.0,3.0,3.0,-0.55142593,3.931696,-0.4093809,-33.887344
35,-1.0320011738031531,2.6790085,-1.7717328,0.44286585,0.99939555,0.009276659,-0.018073458,-0.028211128,-0.012608413,0.0022716406,0.32958955,0.19231844,-0.4070304,-0.48919776,3.0,3.0,3.0,3.0,3.0,3.0,3.0,3.0,3.0,3.0,3.0,3.0,3.0,3.0,3.0,3.0,3.0,3.0,3.0,3.0,3.0,3.0,3.0,3.0,3.0,3.0,3.0,3.0,3.0,3.0,3.0,3.0,3.0,3.0,3.0,3.0,4.163617,3.5979414,-0.78686285,-42.562096
40,-1.0333128420273427,2.6793277,-1.7717532,0.43705726,0.99914044,0.010321028,-0.021253027,-0.034060754,-0.017808687,-0.00019874485,0.25926256,0.06206786,-0.254493,-0.62772226,3.0,3.0,3.0,3.0,3.0,3.0,3.0,3.0,3.0,3.0,3.0,3.0,3.0,3.0,3.0,3.0,3.0,3.0,3.0,3.0,3.0,3.0,3.0,3.0,3.0,3.0,3.0,3.0,3.0,3.0,3.0,3.0,3.0,3.0,3.0,3.0,3.4312153,0.15573025,-0.421817,-43.745068
45,-1.0400442401842422,2.6797585,-1.7717228,0.43284816,0.9988214,0.010368721,-0.023342986,-0.041273274,-0.023151578,-0.00252541,0.17499991,-0.059211157,-0.10300188,-0.7959841,3.0,3.0,3.0,3.0,3.0,3.0,3.0,3.0,3.0,3.0,3.0,3.0,3.0,3.0,3.0,3.0,3.0,3.0,3.0,3.0,3.0,3.0,3.0,3.0,3.0,3.0,3.0,3.0,3.0,3.0,3.0,3.0,3.0,3.0,3.0,3.0,-1.3239913,-3.4673042,0.116695166,-42.237473
50,-1.0567751078746936,2.6803272,-1.7716358,0.42995137,0.9982907,0.010603282,-0.025548292,-0.051483564,-0.03073738,-0.0054778787,0.12601511,-0.0643338,-0.06865355,-1.1299424,3.0,3.0,3.0,3.0,3.0,3.0,3.0,3.0,3.0,3.0,3.0,3.0,3.0,3.0,3.0,3.0,3.0,3.0,3.0,3.0,3.0,3.0,3.0,3.0,3.0,3.0,3.0,3.0,3.0,3.0,3.0,3.0,3.0,3.0,3.0,3.0,-1.1481767,-2.7418017,0.8102479,-41.913868
55,-1.0459382581426355,2.6811705,-1.7714493,0.42598304,0.9976532,0.008441048,-0.027487889,-0.06213882,-0.04395639,-0.0100472495,0.17411442,-0.12959248,-0.11334055,-0.8925231,3.0,3.0,3.0,3.0,3.0,3.0,3.0,3.0,3.0,3.0,3.0,3.0,3.0,3.0,3.0,3.0,3.0,3.0,3.0,3.0,3.0,3.0,3.0,3.0,3.0,3.0,1.9114529,3.0,3.0,3.0,3.0,3.0,3.0,3.0,3.0,3.0,-0.749516,-0.51087666,-0.71549714,-40.224316
60,-1.042921395679878,2.682172,-1.7712201,0.42337495,0.99706346,0.005935827,-0.02964641,-0.07035832,-0.05087789,-0.011587548,0.0929252,-0.2980106,-0.23452812,-0.7477347,3.0,3.0,3.0,3.0,3.0,3.0,3.0,3.0,3.0,3.0,3.0,3.0,3.0,3.0,3.0,3.0,3.0,3.0,3.0,3.0,3.0,3.0,3.0,3.0,3.0,3.0,1.9210411,3.0,3.0,3.0,3.0,3.0,3.0,3.0,3.0,3.0,4.506668,3.0091076,0.3545791,-33.331703
65,-1.0513906071534973,2.6834168,-1.7709563,0.420902,0.99621826,0.0018478923,-0.031817622,-0.080829725,-0.06532201,-0.013016063,0.12749703,-0.32119837,-0.067350954,-0.9437426,3.0,3.0,3.0,3.0,3.0,3.0,3.0,3.0,3.0,3.0,3.0,3.0,3.0,3.0,3.0,3.0,3.0,3.0,3.0,3.0,3.0,3.0,3.0,3.0,3.0,3.0,1.9342283,2.260672,3.0,3.0,3.0,3.0,3.0,3.0,3.0,3.0,-0.773057,-1.9599805,-0.18063927,-34.184196
70,-1.0364080931608137,2.6849308,-1.7706918,0.41839525,0.9956266,-0.002227896,-0.03227898,-0.08764002,-0.08043661,-0.012118215,0.16011102,-0.4813083,0.033244643,-0.4988132,3.0,3.0,3.0,3.0,3.0,3.0,3.0,3.0,3.0,3.0,3.0,3.0,3.0,3.0,3.0,3.0,3.0,3.0,3.0,3.0,3.0,3.0,3.0,3.0,3.0,3.0,1.9433268,2.0743322,3.0,3.0,3.0,3.0,3.0,3.0,3.0,3.0,-0.2528143,1.0422301,0.21091604,-39.41882
75,-1.0479527952345102,2.6868086,-1.7704743,0.41445833,0.99499977,-0.008477035,-0.034176815,-0.093464024,-0.09751361,-0.008614058,0.22065425,-0.6045748,-0.10884729,-0.68048763,3.0,3.0,3.0,3.0,3.0,3.0,3.0,3.0,3.0,3.0,3.0,3.0,3.0,3.0,3.0,3.0,3.0,3.0,3.0,3.0,3.0,3.0,3.0,3.0,3.0,3.0,1.9516697,1.9317893,3.0,3.0,3.0,3.0,3.0,3.0,3.0,3.0,1.2488747,-3.0817378,0.20687544,-37.62711
80,-1.033913049518881,2.6890361,-1.7703671,0.4094556,0.9946311,-0.014312032,-0.0353468,-0.09620143,-0.11354001,-0.0023563725,0.25782448,-0.5875593,-0.002206633,-0.21936558,3.0,3.0,3.0,3.0,3.0,3.0,3.0,3.0,3.0,3.0,3.0,3.0,3.0,3.0,3.0,3.0,3.0,3.0,3.0,3.0,3.0,3.0,3.0,3.0,3.0,3.0,1.9560372,1.8606448,3.0,3.0,3.0,3.0,3.0,3.0,3.0,3.0,-4.072012,-1.2023363,0.5266516,-34.370274
85,-1.0386889002551212,2.6916447,-1.770445,0.40305358,0.9939813,-0.01926777,-0.03728404,-0.101191916,-0.13130552,0.0071875495,0.31433722,-0.4774266,-0.14308424,-0.50531113,3.0,3.0,3.0,3.0,3.0,3.0,3.0,3.0,3.0,3.0,3.0,3.0,3.0,3.0,3.0,3.0,3.0,3.0,3.0,3.0,3.0,3.0,3.0,3.0,3.0,3.0,1.9643205,3.0,3.0,3.0,3.0,3.0,3.0,3.0,3.0,3.0,1.8184719,3.5620432,0.32252634,-39.72548
90,-1.029395535934356,2.6946604,-1.7707827,0.3950505,0.99333537,-0.025396308,-0.038712997,-0.10555155,-0.15243861,0.021791603,0.41213328,-0.4312574,-0.053009387,-0.27181813,3.0,3.0,3.0,3.0,3.0,3.0,3.0,3.0,3.0,3.0,3.0,3.0,3.0,3.0,3.0,3.0,3.0,3.0,3.0,3.0,3.0,3.0,3.0,3.0,3.0,3.0,3.0,3.0,3.0,3.0,3.0,3.0,3.0,3.0,3.0,3.0,-4.0569334,-0.6942687,0.9402224,-35.047405
95,-1.032531063125378,2.6981196,-1.771471,0.38504946,0.9928663,-0.029859765,-0.03970492,-0.108390294,-0.17410158,0.040058557,0.5104733,-0.5201495,0.0846854,-0.18756707,3.0,3.0,3.0,3.0,3.0,3.0,3.0,3.0,3.0,3.0,3.0,3.0,3.0,3.0,3.0,3.0,3.0,3.0,3.0,3.0,3.0,3.0,3.0,3.0,3.0,3.0,3.0,3.0,3.0,3.0,3.0,3.0,3.0,3.0,3.0,3.0,-4.45884,-4.57477,0.6520257,-24.91227
100,-1.0238123699778012,2.7019267,-1.7724748,0.37447816,0.9924569,-0.03419956,-0.04133838,-0.11023063,-0.18689857,0.052315902,0.4831616,-0.35585427,-0.058404095,-0.064095415,3.0,3.0,3.0,3.0,3.0,3.0,3.0,3.0,3.0,3.0,3.0,3.0,3.0,3.0,3.0,3.0,3.0,3.0,3.0,3.0,3.0,3.0,3.0,3.0,3.0,3.0,3.0,3.0,3.0,3.0,3.0,3.0,3.0,3.0,3.0,3.0,-0.40385485,0.47524834,0.863384,-26.658789
105,-1.0514974289873609,2.7061708,-1.7739313,0.36227557,0.99277693,-0.037903287,-0.042796087,-0.105478674,-0.21421328,0.08118961,0.64302003,-0.38093632,-0.07801666,0.8121059,3.0,3.0,3.0,3.0,3.0,3.0,3.0,3.0,3.0,3.0,3.0,3.0,3.0,3.0,3.0,3.0,3.0,3.0,3.0,3.0,3.0,3.0,3.0,3.0,3.0,3.0,3.0,3.0,3.0,3.0,3.0,3.0,3.0,3.0,3.0,3.0,2.7274442,-3.4905725,-0.1537987,26.503136
110,-1.0743895179353156,2.7107713,-1.7757773,0.34963477,0.9936198,-0.04108789,-0.044003174,-0.095368594,-0.22992602,0.09884758,0.64154786,-0.42438287,-0.048317403,1.2665874,3.0,3.0,3.0,3.0,3.0,3.0,3.0,3.0,3.0,3.0,3.0,3.0,3.0,3.0,3.0,3.0,3.0,3.0,3.0,3.0,3.0,3.0,3.0,3.0,3.0,3.0,3.0,3.0,3.0,3.0,3.0,3.0,3.0,3.0,3.0,3.0,1.3145661,-2.2459164,0.85564935,-27.987446
115,-1.0537934466349306,2.715865,-1.778182,0.33499545,0.99459726,-0.042354047,-0.044937402,-0.08344479,-0.2535388,0.12573345,0.7339062,-0.06658271,-0.17379916,0.8820215,3.0,3.0,3.0,3.0,3.0,3.0,3.0,3.0,3.0,3.0,3.0,3.0,3.0,3.0,3.0,3.0,3.0,3.0,3.0,3.0,3.0,3.0,3.0,3.0,3.0,3.0,3.0,3.0,3.0,3.0,3.0,3.0,3.0,3.0,3.0,3.0,2.1882067,3.671154,0.53501236,6.8607903
120,-1.0579362774687269,2.7213135,-1.780991,0.32020214,0.9950987,-0.044610556,-0.046678238,-0.07489718,-0.26564318,0.13948826,0.6787958,-0.33719012,-0.15484421,0.8870132,3.0,3.0,3.0,3.0,3.0,3.0,3.0,3.0,3.0,3.0,3.0,3.0,3.0,3.0,3.0,3.0,3.0,3.0,3.0,3.0,3.0,3.0,3.0,3.0,3.0,3.0,3.0,3.0,3.0,3.0,3.0,3.0,3.0,3.0,3.0,3.0,3.4579868,0.8051462,0.9109423,22.97992
125,-1.046875399819339,2.7270963,-1.7841774,0.30569494,0.99549973,-0.04706897,-0.047170572,-0.06737743,-0.2819512,0.15799206,0.666335,-0.19271813,-0.03732148,0.68916065,3.0,3.0,3.0,3.0,3.0,3.0,3.0,3.0,3.0,3.0,3.0,3.0,3.0,3.0,3.0,3.0,3.0,3.0,3.0,3.0,3.0,3.0,3.0,3.0,3.0,3.0,3.0,3.0,3.0,3.0,3.0,3.0,3.0,3.0,3.0,3.0,-4.276769,3.0978117,0.5429454,-21.679718
130,-1.0671940310374195,2.7331533,-1.7876811,0.29224998,0.99581313,-0.05077193,-0.04920554,-0.05794144,-0.29455465,0.17264545,0.6072775,-0.49859664,-0.012435833,0.98059285,3.0,3.0,3.0,3.0,3.0,3.0,3.0,3.0,3.0,3.0,3.0,3.0,3.0,3.0,3.0,3.0,3.0,3.0,3.0,3.0,3.0,3.0,3.0,3.0,3.0,3.0,3.0,3.0,3.0,3.0,3.0,3.0,3.0,3.0,3.0,3.0,-3.1014693,-1.8128543,0.75690734,-16.848679
135,-1.065325485787934,2.7395568,-1.7915878,0.27926308,0.9960892,-0.053045467,-0.05134202,-0.04854265,-0.31932962,0.20138045,0.66754603,-0.17271514,-0.042501185,1.018999,3.0,3.0,3.0,3.0,3.0,3.0,3.0,3.0,3.0,3.0,3.0,3.0,3.0,3.0,3.0,3.0,3.0,3.0,3.0,3.0,3.0,3.0,3.0,3.0,3.0,3.0,3.0,3.0,3.0,3.0,3.0,3.0,3.0,3.0,3.0,3.0,-2.8741484,3.0009441,0.52789974,-21.372416
140,-1.066195211007722,2.746416,-1.7960217,0.2657631,0.99635196,-0.055612285,-0.05352882,-0.036396842,-0.3360551,0.22060183,0.63503104,-0.15321808,-0.02825409,1.0127012,3.0,3.0,3.0,3.0,3.0,3.0,3.0,3.0,3.0,3.0,3.0,3.0,3.0,3.0,3.0,3.0,3.0,3.0,3.0,3.0,3.0,3.0,3.0,3.0,3.0,3.0,3.0,3.0,3.0,3.0,3.0,3.0,3.0,3.0,3.0,3.0,-4.1674237,4.3603125,0.8898287,-33.222168
145,-1.0714789562468452,2.7537737,-1.8010193,0.25160143,0.9964818,-0.05840099,-0.054816544,-0.024667637,-0.35970342,0.24724948,0.6618006,-0.3184215,0.023658836,1.0580553,3.0,3.0,3.0,3.0,3.0,3.0,3.0,3.0,3.0,3.0,3.0,3.0,3.0,3.0,3.0,3.0,3.0,3.0,3.0,3.0,3.0,3.0,3.0,3.0,3.0,3.0,3.0,3.0,3.0,3.0,3.0,3.0,3.0,3.0,3.0,3.0,-3.263253,-2.8172824,-0.1216926,-12.3661
150,-1.0808138963422453,2.7615256,-1.8064628,0.23792803,0.99646276,-0.061483532,-0.05615216,-0.011345321,-0.3827743,0.27340856,0.67396283,-0.21267428,-0.17944716,1.2311072,3.0,3.0,3.0,3.0,3.0,3.0,3.0,3.0,3.0,3.0,3.0,3.0,3.0,3.0,3.0,3.0,3.0,3.0,3.0,3.0,3.0,3.0,3.0,3.0,3.0,3.0,3.0,3.0,3.0,3.0,3.0,3.0,3.0,3.0,3.0,3.0,3.169201,2.3773756,0.1503377,-30.50465
155,-1.0652555154211705,2.7696748,-1.8123553,0.22484939,0.9962792,-0.06378332,-0.057960395,0.0001954305,-0.40301818,0.29588625,0.65033466,-0.47351936,0.08364726,0.7825653,3.0,3.0,3.0,3.0,3.0,3.0,3.0,3.0,3.0,3.0,3.0,3.0,3.0,3.0,3.0,3.0,3.0,3.0,3.0,3.0,3.0,3.0,3.0,3.0,3.0,3.0,3.0,3.0,3.0,3.0,3.0,3.0,3.0,3.0,3.0,3.0,-4.005257,-0.83124113,0.7285358,-24.07169
160,-1.070222755183563,2.7783954,-1.8188771,0.21103713,0.99583685,-0.067635976,-0.060526624,0.008418679,-0.42361858,0.3186682,0.6252495,-0.43682712,-0.1979382,0.8684577,3.0,3.0,3.0,3.0,3.0,3.0,3.0,3.0,3.0,3.0,3.0,3.0,3.0,3.0,3.0,3.0,3.0,3.0,3.0,3.0,3.0,3.0,3.0,3.0,3.0,3.0,3.0,3.0,3.0,3.0,3.0,3.0,3.0,3.0,3.0,3.0,3.3830795,-2.6142097,0.77267206,16.229378
165,-1.0865091062049395,2.7875295,-1.8258576,0.19801627,0.9952351,-0.071412176,-0.062935695,0.021130145,-0.44520205,0.34259567,0.5989823,-0.35784242,-0.23671216,1.2165211,3.0,3.0,3.0,3.0,3.0,3.0,3.0,3.0,3.0,3.0,3.0,3.0,3.0,3.0,3.0,3.0,3.0,3.0,3.0,3.0,3.0,3.0,3.0,3.0,3.0,3.0,3.0,3.0,3.0,3.0,3.0,3.0,3.0,3.0,3.0,3.0,4.040245,1.1727262,-0.5511458,-33.346947
170,-1.0876105186307818,2.7970998,-1.8333155,0.18580835,0.9945552,-0.073638,-0.06570676,0.03346826,-0.4767023,0.37646556,0.63458496,-0.41981807,-0.18989591,1.1831532,3.0,3.0,3.0,3.0,3.0,3.0,3.0,3.0,3.0,3.0,3.0,3.0,3.0,3.0,3.0,3.0,3.0,3.0,3.0,3.0,3.0,3.0,3.0,3.0,3.0,3.0,3.0,3.0,3.0,3.0,3.0,3.0,3.0,3.0,3.0,3.0,1.9295444,2.6175666,0.6788361,-6.4868584
175,-1.0864871113610264,2.807479,-1.8416325,0.17184524,0.9936907,-0.07751919,-0.06763721,0.04466203,-0.51115733,0.41297182,0.6831443,-0.48080137,-0.2357076,1.0858148,3.0,3.0,3.0,3.0,3.0,3.0,3.0,3.0,3.0,3.0,3.0,3.0,3.0,3.0,3.0,3.0,3.0,3.0,3.0,3.0,3.0,3.0,3.0,3.0,3.0,3.0,3.0,3.0,3.0,3.0,3.0,3.0,3.0,3.0,3.0,3.0,2.4619017,-1.1393943,-0.51260865,12.256805
180,-1.0811055714435445,2.8183706,-1.8504918,0.1584463,0.9926157,-0.082076006,-0.06983172,0.055687644,-0.5362696,0.4393487,0.65430427,-0.64346254,-0.20331909,0.8301897,3.0,3.0,3.0,3.0,3.0,3.0,3.0,3.0,3.0,3.0,3.0,3.0,3.0,3.0,3.0,3.0,3.0,3.0,3.0,3.0,3.0,3.0,3.0,3.0,3.0,3.0,3.0,3.0,3.0,3.0,3.0,3.0,3.0,3.0,3.0,3.0,1.3501225,-2.2991867,0.49244618,17.663258
185,-1.0751689712363122,2.8297596,-1.8598757,0.14588785,0.9915072,-0.087179594,-0.07099711,0.06536526,-0.55915904,0.46375638,0.6037284,-0.3434293,0.17230245,0.8239159,3.0,3.0,3.0,3.0,3.0,3.0,3.0,3.0,3.0,3.0,3.0,3.0,3.0,3.0,3.0,3.0,3.0,3.0,3.0,3.0,3.0,3.0,3.0,3.0,3.0,3.0,3.0,3.0,3.0,3.0,3.0,3.0,3.0,3.0,3.0,3.0,-4.816744,2.9855227,0.8243309,-9.08894
190,-1.0651086022081495,2.842166,-1.8703539,0.13095143,0.99080616,-0.09017277,-0.07087334,0.07175649,-0.6130877,0.52203494,0.7498747,-0.46524894,0.006935853,0.4573631,3.0,3.0,3.0,3.0,3.0,3.0,3.0,3.0,3.0,3.0,3.0,3.0,3.0,3.0,3.0,3.0,3.0,3.0,3.0,3.0,3.0,3.0,3.0,3.0,3.0,3.0,3.0,3.0,3.0,3.0,3.0,3.0,3.0,3.0,3.0,3.0,-1.3398523,-2.588646,0.8085042,-7.796013
195,-1.0684759101390418,2.8553765,-1.8817135,0.115036994,0.9901925,-0.09556152,-0.07100204,0.07311347,-0.6448395,0.5572523,0.7523262,-0.6790839,-0.042977143,0.036709346,3.0,3.0,3.0,3.0,3.0,3.0,3.0,3.0,3.0,3.0,3.0,3.0,3.0,3.0,3.0,3.0,3.0,3.0,3.0,3.0,3.0,3.0,3.0,3.0,3.0,3.0,3.0,3.0,3.0,3.0,3.0,3.0,3.0,3.0,3.0,3.0,-0.9498615,-2.902525,0.66071975,-0.970211
200,-1.0695026832900743,2.8690805,-1.8936406,0.10014623,0.98969555,-0.10213819,-0.07082885,0.07109013,-0.6676522,0.58438855,0.69713634,-0.51483834,0.07622356,-0.4161389,3.0,3.0,3.0,3.0,3.0,3.0,3.0,3.0,3.0,3.0,3.0,3.0,3.0,3.0,3.0,3.0,3.0,3.0,3.0,3.0,3.0,3.0,3.0,3.0,3.0,3.0,3.0,3.0,3.0,3.0,3.0,3.0,3.0,3.0,3.0,3.0,-0.5684595,-2.718314,0.82798123,-2.6520233
205,-1.0686117135593942,2.8834186,-1.9063543,0.08540624,0.98970115,-0.105919726,-0.070378795,0.0657229,-0.6974858,0.62218225,0.6869428,-0.35901794,-0.12279572,-0.48005888,3.0,3.0,3.0,3.0,3.0,3.0,3.0,3.0,3.0,3.0,3.0,3.0,3.0,3.0,3.0,3.0,3.0,3.0,3.0,3.0,3.0,3.0,3.0,3.0,3.0,3.0,3.0,3.0,3.0,3.0,3.0,3.0,3.0,3.0,3.0,3.0,-3.1769357,-2.4934616,0.24666357,3.7608604
210,-1.0767627930153199,2.8981678,-1.9196103,0.07218587,0.98925304,-0.11112245,-0.07183432,0.06220984,-0.71886796,0.65101534,0.6241826,-0.6398218,-0.35002115,-0.14376739,3.0,3.0,3.0,3.0,3.0,3.0,3.0,3.0,3.0,3.0,3.0,3.0,3.0,3.0,3.0,3.0,3.0,3.0,3.0,3.0,3.0,3.0,3.0,3.0,3.0,3.0,3.0,3.0,3.0,3.0,3.0,3.0,3.0,3.0,3.0,3.0,-1.2279317,-3.277948,-0.02281326,-10.368366
215,-1.0776258840237576,2.9133608,-1.9334742,0.060317576,0.98839086,-0.117299624,-0.07554372,0.060145076,-0.7387753,0.6786833,0.5485825,-0.43917194,-0.5190658,-0.2681534,3.0,3.0,3.0,3.0,3.0,3.0,3.0,3.0,3.0,3.0,3.0,3.0,3.0,3.0,3.0,3.0,3.0,3.0,3.0,3.0,3.0,3.0,3.0,3.0,3.0,3.0,3.0,3.0,3.0,3.0,3.0,3.0,3.0,3.0,3.0,3.0,-0.16238785,0.012271404,-0.8758471,-32.34552
220,-1.0785993246346792,2.9289136,-1.947841,0.050408427,0.9875858,-0.12235865,-0.08026777,0.0570945,-0.7518199,0.6969997,0.42699623,-0.44004506,-0.51670736,-0.2684096,3.0,3.0,3.0,3.0,3.0,3.0,3.0,3.0,3.0,3.0,3.0,3.0,3.0,3.0,3.0,3.0,3.0,3.0,3.0,3.0,3.0,3.0,3.0,3.0,3.0,3.0,3.0,3.0,3.0,3.0,3.0,3.0,3.0,3.0,3.0,3.0,-1.8028893,-2.5965538,-0.2064169,-31.985542
225,-1.0795815824721444,2.9447482,-1.9625998,0.043033753,0.9867247,-0.12741825,-0.08496208,0.054041527,-0.7656439,0.7161449,0.30529258,-0.44089106,-0.51434976,-0.26869488,3.0,3.0,3.0,3.0,3.0,3.0,3.0,3.0,3.0,3.0,3.0,3.0,3.0,3.0,3.0,3.0,3.0,3.0,3.0,3.0,3.0,3.0,3.0,3.0,3.0,3.0,3.0,3.0,3.0,3.0,3.0,3.0,3.0,3.0,3.0,3.0,-1.1679769,2.054212,-0.55961335,-24.35824
230,-1.0805833683307355,2.96088,-1.9777677,0.0381963,0.98580784,-0.13247798,-0.089626394,0.050986197,-0.7802245,0.7361122,0.18344738,-0.44170973,-0.5119935,-0.26900876,3.0,3.0,3.0,3.0,3.0,3.0,3.0,3.0,3.0,3.0,3.0,3.0,3.0,3.0,3.0,3.0,3.0,3.0,3.0,3.0,3.0,3.0,3.0,3.0,3.0,3.0,3.0,3.0,3.0,3.0,3.0,3.0,3.0,3.0,3.0,3.0,0.36269903,-2.6138139,-0.6237067,-26.244692
235,-1.0837940867285105,2.977331,-1.9933696,0.035870254,0.9848443,-0.13765763,-0.094167314,0.047587495,-0.79625,0.7578347,0.064923376,-0.4642025,-0.4998661,-0.35579795,3.0,3.0,3.0,3.0,3.0,3.0,3.0,3.0,3.0,3.0,3.0,2.9926152,2.9325585,2.9631267,3.0,3.0,3.0,3.0,3.0,3.0,3.0,3.0,3.0,3.0,3.0,3.0,3.0,3.0,3.0,3.0,3.0,3.0,3.0,3.0,3.0,3.0,1.2874246,-3.2178993,-0.2821098,-17.182837
240,-1.0848607511447343,2.9941182,-2.0094268,0.036044773,0.9838342,-0.14301725,-0.09853333,0.043674946,-0.81223506,0.7794597,-0.057269145,-0.4651283,-0.496943,-0.3562364,3.0,3.0,3.0,3.0,3.0,3.0,3.0,3.0,3.0,3.0,3.0,2.8812137,2.8197646,2.8455367,2.9626327,3.0,3.0,3.0,3.0,3.0,3.0,3.0,3.0,3.0,3.0,3.0,3.0,3.0,3.0,3.0,3.0,3.0,3.0,3.0,3.0,3.0,1.8601422,-3.3288617,0.04262972,-38.757225
245,-1.0872436092510687,3.0113757,-2.0261164,0.03818775,0.982763,-0.14837608,-0.10286201,0.039760172,-0.84437287,0.82249314,-0.11011237,-0.46601215,-0.49402156,-0.35670924,3.0,3.0,3.0,3.0,3.0,3.0,3.0,3.0,3.0,3.0,2.9294896,2.7730002,2.7105644,2.7320628,2.8409147,3.0,3.0,3.0,3.0,3.0,3.0,3.0,3.0,3.0,3.0,3.0,3.0,3.0,3.0,3.0,3.0,3.0,3.0,3.0,3.0,3.0,4.0288334,-0.7414446,0.49407756,-43.772377
250,-1.0712133974895977,3.0294464,-2.0438945,0.040849354,0.9824411,-0.15073378,-0.1036918,0.03656177,-0.8829058,0.8742062,-0.13929036,0.018428812,0.07962154,-0.37616438,3.0,3.0,3.0,3.0,3.0,3.0,3.0,3.0,3.0,3.0,2.883734,2.7298868,2.6686008,2.6899443,2.7973123,3.0,3.0,3.0,3.0,3.0,3.0,3.0,3.0,3.0,3.0,3.0,3.0,3.0,3.0,3.0,3.0,3.0,3.0,3.0,3.0,3.0,-4.189598,1.2528238,-0.06876016,-43.794155
255,-1.0691967707240577,3.048652,-2.063204,0.042687777,0.98247796,-0.15093882,-0.10400823,0.033716798,-0.9383339,0.9492697,-0.09531928,0.03367621,-0.051741682,-0.25977734,3.0,3.0,3.0,3.0,3.0,3.0,3.0,3.0,3.0,3.0,2.8773112,2.7218769,2.6590273,2.6785648,2.7835956,2.9918141,3.0,3.0,3.0,3.0,3.0,3.0,3.0,3.0,3.0,3.0,3.0,3.0,3.0,3.0,3.0,3.0,3.0,3.0,3.0,3.0,-1.5164499,2.2208729,0.7666135,-26.216454
260,-1.0864651968301826,3.069096,-2.0841968,0.043227494,0.98300064,-0.14829591,-0.10400742,0.030008871,-0.9958809,1.0275786,-0.040660378,0.41461605,-0.08986989,-0.36039898,3.0,3.0,3.0,3.0,3.0,3.0,3.0,3.0,3.0,3.0,2.9238539,2.759457,2.6899447,2.703989,2.8038204,3.0,3.0,3.0,3.0,3.0,3.0,3.0,3.0,3.0,3.0,3.0,3.0,3.0,3.0,3.0,3.0,3.0,3.0,3.0,3.0,3.0,-3.9456844,2.2486138,-0.7966024,-8.154274
265,-1.0808647822621056,3.0904894,-2.106474,0.043682978,0.98371196,-0.1441914,-0.10394094,0.02675545,-1.0497487,1.0998839,0.00054627005,0.35111058,-0.026604608,-0.117484555,3.0,3.0,3.0,3.0,3.0,3.0,3.0,3.0,3.0,3.0,2.9976356,2.8201077,2.7410603,2.7475297,2.8405423,3.0,3.0,3.0,3.0,3.0,3.0,3.0,3.0,3.0,3.0,3.0,3.0,3.0,3.0,3.0,3.0,3.0,3.0,3.0,3.0,3.0,-0.18835354,4.2500343,-0.44966447,6.5143814
270,-1.077259333845253,3.1126032,-2.1297157,0.04502126,0.9841799,-0.14192536,-0.10298055,0.02534023,-1.067911,1.124283,-0.113255374,0.232103,0.08143389,-0.12542626,3.0,3.0,3.0,3.0,3.0,3.0,3.0,3.0,3.0,3.0,3.0,2.856777,2.7744248,2.7787526,2.8704476,3.0,3.0,3.0,3.0,3.0,3.0,3.0,3.0,3.0,3.0,3.0,3.0,3.0,3.0,3.0,3.0,3.0,3.0,3.0,3.0,3.0,2.568243,3.5558414,-0.79755926,-37.763004
275,-1.0707883524172765,3.1350753,-2.1534379,0.048799224,0.9844308,-0.14049047,-0.10265939,0.02488871,-1.0853077,1.1475579,-0.22888759,0.12028771,0.017322376,-0.010488027,3.0,3.0,3.0,3.0,3.0,3.0,3.0,3.0,3.0,3.0,3.0,2.8696883,2.7850509,2.7875345,2.877533,3.0,3.0,3.0,3.0,3.0,3.0,3.0,3.0,3.0,3.0,3.0,3.0,3.0,3.0,3.0,3.0,3.0,3.0,3.0,3.0,3.0,0.715085,-4.21902,-0.9535798,-27.172134
280,-1.0719343000210688,3.1578834,-2.177609,0.055091944,0.9846272,-0.13926424,-0.10249785,0.024678016,-1.1010985,1.1685973,-0.35078025,0.12018191,0.017267738,-0.010465682,3.0,3.0,3.0,3.0,3.0,3.0,3.0,3.0,3.0,3.0,3.0,2.8707926,2.784291,2.7849953,2.8730173,3.0,3.0,3.0,3.0,3.0,3.0,3.0,3.0,3.0,3.0,3.0,3.0,3.0,3.0,3.0,3.0,3.0,3.0,3.0,3.0,3.0,-0.3115883,-3.189229,-0.62113607,-36.67244
285,-1.073098413208853,3.1810193,-2.2022145,0.06391977,0.98482174,-0.13803886,-0.10233671,0.024467545,-1.1167738,1.189341,-0.47232544,0.120076194,0.017213188,-0.010443483,3.0,3.0,3.0,3.0,3.0,3.0,3.0,3.0,3.0,3.0,3.0,2.864155,2.776004,2.7749138,2.8607116,3.0,3.0,3.0,3.0,3.0,3.0,3.0,3.0,3.0,3.0,3.0,3.0,3.0,3.0,3.0,3.0,3.0,3.0,3.0,3.0,3.0,2.1186237,-4.533717,-0.23935378,-17.555187
290,-1.074288771582045,3.20448,-2.2272484,0.07527532,0.98501444,-0.13681433,-0.10217597,0.024257297,-1.132326,1.2097805,-0.5935113,0.11997056,0.017158728,-0.010421429,3.0,3.0,3.0,3.0,3.0,3.0,3.0,3.0,3.0,3.0,3.0,2.8496323,2.7600653,2.75718,2.8405182,3.0,3.0,3.0,3.0,3.0,3.0,3.0,3.0,3.0,3.0,3.0,3.0,3.0,3.0,3.0,3.0,3.0,3.0,3.0,3.0,3.0,-1.5166059,-2.310782,-0.49796212,-37.29241
295,-1.1043392340605946,3.2285223,-2.2530336,0.08797534,0.98569375,-0.13281842,-0.10121575,0.022858668,-1.1682787,1.255993,-0.62109476,0.6004657,0.11911936,-0.23896742,3.0,3.0,3.0,3.0,3.0,3.0,3.0,3.0,3.0,3.0,3.0,2.8810256,2.7848408,2.776508,2.8547053,3.0,3.0,3.0,3.0,3.0,3.0,3.0,3.0,3.0,3.0,3.0,3.0,3.0,3.0,3.0,3.0,3.0,3.0,3.0,3.0,3.0,-3.6122096,-0.51527977,-0.058213532,7.33329
300,-1.1530834440902207,3.2536082,-2.2801323,0.0998659,0.98684496,-0.12268431,-0.10401048,0.016352534,-1.2321997,1.3348821,-0.51786643,1.2987103,-0.5675219,-0.62723833,3.0,3.0,3.0,3.0,3.0,3.0,3.0,3.0,3.0,3.0,3.0,3.0,2.873239,2.8353217,2.8849068,3.0,3.0,3.0,3.0,3.0,3.0,3.0,3.0,3.0,3.0,3.0,3.0,3.0,3.0,3.0,3.0,3.0,3.0,3.0,3.0,3.0,-0.48749208,4.5371017,0.003779292,17.13338
305,-1.1308049941296818,3.2802646,-2.3090663,0.108558185,0.98747975,-0.11219379,-0.11044197,0.009942831,-1.3007481,1.4120145,-0.3978031,0.76684856,-0.67635053,-0.18822722,3.0,3.0,3.0,3.0,3.0,3.0,3.0,3.0,3.0,3.0,3.0,3.0,2.954357,2.8738494,2.8828843,2.9828956,3.0,3.0,3.0,3.0,3.0,3.0,3.0,3.0,3.0,3.0,3.0,3.0,3.0,3.0,3.0,3.0,3.0,3.0,3.0,3.0,2.0132532,3.7037125,-0.8269089,12.064808
310,-1.136070245609448,3.3075986,-2.3387098,0.11820378,0.98744893,-0.10496647,-0.1178196,0.006719833,-1.3217245,1.4318833,-0.49784324,0.70958906,-0.8444474,-0.123853534,3.0,3.0,3.0,3.0,3.0,3.0,3.0,3.0,3.0,3.0,3.0,3.0,2.9736948,2.8567545,2.8314402,2.8937225,3.0,3.0,3.0,3.0,3.0,3.0,3.0,3.0,3.0,3.0,3.0,3.0,3.0,3.0,3.0,3.0,3.0,3.0,3.0,3.0,-1.7305346,-2.0495093,-0.08045435,8.524109
315,-1.159584893257076,3.335825,-2.3691342,0.1281456,0.9874922,-0.09473175,-0.12603424,0.00067978085,-1.3725328,1.4748244,-0.48259157,1.191225,-0.80692935,-0.48370788,3.0,3.0,3.0,3.0,3.0,3.0,3.0,3.0,3.0,3.0,3.0,3.0,3.0,2.8738933,2.80381,2.8207293,2.92734,3.0,3.0,3.0,3.0,3.0,3.0,3.0,3.0,3.0,3.0,3.0,3.0,3.0,3.0,3.0,3.0,3.0,3.0,3.0,-0.26765156,1.9822721,0.029641747,22.95523
320,-1.1394204919420499,3.365023,-2.4003046,0.1382529,0.9873824,-0.086430736,-0.1326322,-0.0038023603,-1.409884,1.5016695,-0.52940834,0.8078115,-0.6868302,-0.23898967,3.0,3.0,3.0,3.0,3.0,3.0,3.0,3.0,3.0,3.0,3.0,3.0,3.0,2.8844528,2.7779765,2.759956,2.8275268,2.991671,3.0,3.0,3.0,3.0,3.0,3.0,3.0,3.0,3.0,3.0,3.0,3.0,3.0,3.0,3.0,3.0,3.0,3.0,0.66644096,3.015994,-0.9653949,29.056519
325,-1.137483223720083,3.394761,-2.4318092,0.1503219,0.9868554,-0.079713285,-0.14041694,-0.0067309206,-1.436743,1.517423,-0.62181914,0.6302751,-0.79287803,-0.10037562,3.0,3.0,3.0,3.0,3.0,3.0,3.0,3.0,3.0,3.0,3.0,3.0,3.0,2.8521495,2.7142727,2.6663923,2.7008126,2.823031,3.0,3.0,3.0,3.0,3.0,3.0,3.0,3.0,3.0,3.0,3.0,3.0,3.0,3.0,3.0,3.0,3.0,3.0,2.5726166,0.09192085,-0.96395475,-25.039402
330,-1.1399574405012887,3.425008,-2.4635773,0.16457082,0.9859815,-0.07430838,-0.14915937,-0.0083794305,-1.468227,1.5329666,-0.70502657,0.3276338,-0.9718849,0.12827039,3.0,3.0,3.0,3.0,3.0,3.0,3.0,3.0,3.0,3.0,3.0,3.0,3.0,2.7828705,2.6200597,2.5483983,2.556152,2.644552,2.8283002,3.0,3.0,3.0,3.0,3.0,3.0,3.0,3.0,3.0,3.0,3.0,3.0,3.0,3.0,3.0,3.0,3.0,3.0661192,4.234953,-0.76004076,24.806816
335,-1.134858542822677,3.4558733,-2.4956272,0.18073717,0.9847192,-0.07112459,-0.15875979,-0.008039564,-1.4908929,1.5420489,-0.82237804,0.20867266,-0.86029714,0.17047562,3.0,3.0,3.0,3.0,3.0,3.0,3.0,3.0,3.0,3.0,3.0,3.0,2.9683022,2.668065,2.4917412,2.405847,2.396054,2.460808,2.6106865,2.8729615,3.0,3.0,3.0,3.0,3.0,3.0,3.0,3.0,3.0,3.0,3.0,3.0,3.0,3.0,3.0,3.0,-0.6419687,-2.1345809,-0.45244682,19.91803
340,-1.1289521141977437,3.4873822,-2.527928,0.19888508,0.98377115,-0.067683786,-0.16589692,-0.009562767,-1.5238668,1.5545137,-0.91296023,0.31239268,-0.6658673,-0.1148629,3.0,3.0,3.0,3.0,3.0,3.0,3.0,3.0,3.0,3.0,3.0,3.0,2.8980408,2.5823424,2.394271,2.2967832,2.2732944,2.3200612,2.4446318,2.6690373,3.0,3.0,3.0,3.0,3.0,3.0,3.0,3.0,3.0,3.0,3.0,3.0,3.0,3.0,3.0,3.0,-1.7957144,3.2583208,-0.7978011,32.97045
345,-1.119082777219449,3.5196395,-2.5604968,0.21879707,0.98298675,-0.06643217,-0.17092614,-0.0103964815,-1.5580328,1.5662359,-1.003866,0.12143116,-0.4938456,-0.026922662,3.0,3.0,3.0,3.0,3.0,3.0,3.0,3.0,3.0,3.0,3.0,3.0,2.8026507,2.4862156,2.2966902,2.1960118,2.1668637,2.204587,2.3152406,2.5181453,2.8551152,3.0,3.0,3.0,3.0,3.0,3.0,3.0,3.0,3.0,3.0,3.0,3.0,3.0,3.0,3.0,2.2490149,4.1283207,-0.2798813,32.715218
350,-1.110215366312266,3.55274,-2.5933511,0.24027716,0.9825374,-0.06566756,-0.17366128,-0.012238752,-1.5995421,1.580186,-1.0767806,0.1084927,-0.25393084,-0.11617109,3.0,3.0,3.0,3.0,3.0,3.0,3.0,3.0,3.0,3.0,3.0,3.0,2.7181063,2.4043036,2.215816,2.1143053,2.0821826,2.114302,2.2158089,2.4042914,2.7180865,3.0,3.0,3.0,3.0,3.0,3.0,3.0,3.0,3.0,3.0,3.0,3.0,3.0,3.0,3.0,-0.101175785,-3.082879,-0.8106858,3.3691177
355,-1.1117200177084943,3.5863745,-2.6263585,0.2642101,0.9821326,-0.064738154,-0.17616518,-0.013797086,-1.6244197,1.587103,-1.1967447,0.10792317,-0.253781,-0.11619343,3.0,3.0,3.0,3.0,3.0,3.0,3.0,3.0,3.0,3.0,3.0,3.0,2.6294436,2.3191726,2.1323485,2.0304756,1.9957684,2.0226521,2.1154237,2.2900412,2.5815773,3.0,3.0,3.0,3.0,3.0,3.0,3.0,3.0,3.0,3.0,3.0,3.0,3.0,3.0,3.0,4.652261,-3.6742554,-0.69621044,22.60511
360,-1.1203937044669248,3.6205897,-2.6595297,0.29047823,0.9817952,-0.063405044,-0.17835876,-0.01568821,-1.6639063,1.5992323,-1.2779125,0.33321655,-0.11551576,-0.24744326,3.0,3.0,3.0,3.0,3.0,3.0,3.0,3.0,3.0,3.0,3.0,3.0,2.5423462,2.2348206,2.0492098,1.9466791,1.9091644,1.9306202,2.014468,2.1750169,2.4440653,2.889253,3.0,3.0,3.0,3.0,3.0,3.0,3.0,3.0,3.0,3.0,3.0,3.0,3.0,3.0,4.7678556,-4.1940928,-0.468961,-4.102169
365,-1.1210647573530446,3.6556706,-2.6929648,0.31832486,0.9819958,-0.059706066,-0.1783446,-0.017679842,-1.6951354,1.6078074,-1.3811383,0.39661708,0.012360901,-0.093182005,3.0,3.0,3.0,3.0,3.0,3.0,3.0,3.0,3.0,3.0,3.0,3.0,2.5035815,2.1883507,1.9975317,1.8901464,1.8469744,1.8610137,1.9344969,2.0798137,2.3251214,2.7300777,3.0,3.0,3.0,3.0,3.0,3.0,3.0,3.0,3.0,3.0,3.0,3.0,3.0,3.0,3.2717037,-4.8018103,-0.6954884,21.69651
370,-1.1290137368049025,3.6913033,-2.726534,0.34857166,0.9823248,-0.05539181,-0.17772909,-0.019550001,-1.7207086,1.6136229,-1.4983364,0.50949,0.09588318,-0.1236497,3.0,3.0,3.0,3.0,3.0,3.0,3.0,3.0,3.0,3.0,3.0,3.0,2.468485,2.143706,1.9467254,1.8339323,1.7847526,1.7911434,1.8541191,1.9841694,2.2059214,2.5714388,3.0,3.0,3.0,3.0,3.0,3.0,3.0,3.0,3.0,3.0,3.0,3.0,3.0,3.0,4.461998,-4.8437557,-0.56262887,17.707836
375,-1.1350953748683452,3.7275581,-2.7602444,0.38100225,0.9829486,-0.049872443,-0.17579465,-0.020519014,-1.7533606,1.6210161,-1.5950099,0.56160367,0.23342927,0.0868344,3.0,3.0,3.0,3.0,3.0,3.0,3.0,3.0,3.0,3.0,3.0,3.0,2.451657,2.1123397,1.9064114,1.7865287,1.730295,1.7284074,1.7805667,1.8953534,2.0939682,2.4212618,2.9770377,3.0,3.0,3.0,3.0,3.0,3.0,3.0,3.0,3.0,3.0,3.0,3.0,3.0,2.0929527,-4.9767895,-0.6736107,38.92022
380,-1.170411071291125,3.7647119,-2.79416,0.4148189,0.9842256,-0.041934904,-0.17089525,-0.018338073,-1.8102463,1.6343482,-1.6227282,0.9866934,0.7113296,0.3330725,3.0,3.0,3.0,3.0,3.0,3.0,3.0,3.0,3.0,3.0,3.0,3.0,2.489835,2.1228762,1.9005189,1.7689794,1.702861,1.6910369,1.731628,1.8312247,2.0077033,2.2991333,2.7886546,3.0,3.0,3.0,3.0,3.0,3.0,3.0,3.0,3.0,3.0,3.0,3.0,3.0,-0.14408445,-4.2366643,-0.7643669,38.364372
385,-1.2038186539466604,3.8037727,-2.8285086,0.4471009,0.9861755,-0.025943387,-0.16237123,-0.020504467,-1.9213456,1.6582063,-1.488932,1.6742487,0.78071445,-0.039304145,3.0,3.0,3.0,3.0,3.0,3.0,3.0,3.0,3.0,3.0,3.0,3.0,2.7755146,2.2976592,2.0123417,1.8397831,1.743266,1.7056118,1.7207279,1.7910202,1.9283886,2.15965,2.5416896,3.0,3.0,3.0,3.0,3.0,3.0,3.0,3.0,3.0,3.0,3.0,3.0,3.0,-0.66290665,-2.8130817,-0.7765403,39.128906
390,-1.1978252346106042,3.8452265,-2.8632433,0.47612438,0.9875948,-0.0075892913,-0.15536126,-0.021488994,-2.0352662,1.6718458,-1.3274046,1.5719509,0.43360132,0.2842233,3.0,3.0,3.0,3.0,3.0,3.0,3.0,3.0,3.0,3.0,3.0,3.0,3.0,2.5701742,2.1767569,1.9388833,1.7971021,1.723441,1.705357,1.7399673,1.8328558,2.0004313,2.2779107,2.7414792,3.0,3.0,3.0,3.0,3.0,3.0,3.0,3.0,3.0,3.0,3.0,3.0,-2.4926763,0.58266926,-0.9582412,33.39913
395,-1.1773212249526197,3.8886688,-2.8980782,0.50278336,0.98785394,0.007302694,-0.1538938,-0.020197337,-2.1136193,1.6707972,-1.2625259,1.0866925,0.18281764,0.47083843,3.0,3.0,3.0,3.0,3.0,3.0,3.0,3.0,3.0,3.0,3.0,3.0,3.0,2.771015,2.266058,1.9673313,1.7861413,1.6823173,1.6369046,1.6424731,1.6999068,1.8187674,2.0215409,2.3557622,2.929012,3.0,3.0,3.0,3.0,3.0,3.0,3.0,3.0,3.0,3.0,3.0,-1.8466568,4.6754227,-0.98123956,26.045769
400,-1.1899620620301674,3.9332855,-2.9327977,0.5294798,0.988662,0.017911907,-0.14822999,-0.01595283,-2.1568074,1.6633387,-1.3042136,1.0596597,0.6852388,0.6557659,3.0,3.0,3.0,3.0,3.0,3.0,3.0,3.0,3.0,3.0,3.0,3.0,3.0,2.9916377,2.3729749,2.0171275,1.8016924,1.6737843,1.6084664,1.594689,1.6302595,1.7209358,1.8828727,2.150583,2.5991004,3.0,3.0,3.0,3.0,3.0,3.0,3.0,3.0,3.0,3.0,3.0,2.0487304,1.4394007,-0.93481785,33.367638
405,-1.1954854783107978,3.9790144,-2.967276,0.5562454,0.989331,0.030819403,-0.14193931,-0.011291803,-2.2262204,1.6478981,-1.2514919,1.2147684,0.5999473,0.6344193,3.0,3.0,3.0,3.0,3.0,3.0,3.0,3.0,3.0,3.0,3.0,3.0,3.0,3.0,2.559848,2.1078272,1.838975,1.6761154,1.5839673,1.5459483,1.555878,1.6153346,1.7343057,1.9356858,2.267939,2.842139,3.0,3.0,3.0,3.0,3.0,3.0,3.0,3.0,3.0,3.0,1.6265554,0.70086384,-0.95083934,35.61969
410,-1.2148983316499042,4.0262394,-3.001327,0.58159626,0.98952234,0.047643326,-0.13593265,-0.009896015,-2.3063986,1.6213565,-1.1490253,1.7608103,0.51349676,0.22698012,3.0,3.0,3.0,3.0,3.0,3.0,3.0,3.0,3.0,3.0,3.0,3.0,3.0,3.0,2.9254951,2.278026,1.9128046,1.6928387,1.560778,1.4898224,1.4676937,1.4908484,1.5629976,1.696659,1.9190817,2.2886508,2.9453466,3.0,3.0,3.0,3.0,3.0,3.0,3.0,3.0,3.0,-3.7745998,-2.4830623,-0.44162792,41.07946
415,-1.1860275047105442,4.0755634,-3.034561,0.6031607,0.9890304,0.06264514,-0.13348071,-0.0087918965,-2.408868,1.5754453,-0.9554145,1.2208064,0.016517634,0.2412057,3.0,3.0,3.0,3.0,3.0,3.0,3.0,3.0,3.0,3.0,3.0,3.0,3.0,3.0,3.0,2.4113152,1.9463379,1.6743457,1.5092882,1.4129322,1.3671893,1.3644742,1.4043559,1.4933809,1.647917,1.9026102,2.3343167,3.0,3.0,3.0,3.0,3.0,3.0,3.0,3.0,3.0,-3.8057399,1.1758623,0.19075096,26.037903
420,-1.1805234900111001,4.1269517,-3.0667095,0.6208702,0.9881469,0.07430819,-0.13414796,-0.0069527333,-2.5093815,1.5181915,-0.76480985,1.0551635,-0.12357701,0.33839068,3.0,3.0,3.0,3.0,3.0,3.0,3.0,3.0,3.0,3.0,3.0,3.0,3.0,3.0,3.0,2.4564264,1.9216778,1.618515,1.4356494,1.3261136,1.267901,1.2509967,1.2726988,1.3364927,1.4535142,1.6478691,1.9713671,2.549283,3.0,3.0,3.0,3.0,3.0,3.0,3.0,3.0,-1.9287872,3.531701,0.40466142,7.5476837
425,-1.1841316077425779,4.180462,-3.0975397,0.63453656,0.9873827,0.085020274,-0.13345489,-0.006063847,-2.6090727,1.452405,-0.5792115,1.1102555,0.20144248,0.31770313,3.0,3.0,3.0,3.0,3.0,3.0,3.0,3.0,3.0,3.0,3.0,3.0,3.0,3.0,3.0,2.5631375,1.9367167,1.5953032,1.3921833,1.2691528,1.1995909,1.1709894,1.1787001,1.2239486,1.3143398,1.4672843,1.7196429,2.1559534,3.0,3.0,3.0,3.0,3.0,3.0,3.0,3.0,-2.453574,2.7427268,0.9173224,33.314377
430,-1.1951590004237485,4.2362,-3.1267898,0.643766,0.98663956,0.09719143,-0.13068141,-0.004305697,-2.7163117,1.3723993,-0.36328712,1.2570456,0.3544627,0.4555828,3.0,3.0,3.0,3.0,3.0,3.0,3.0,3.0,3.0,3.0,3.0,3.0,3.0,3.0,3.0,2.8240638,2.029206,1.6219709,1.3859416,1.2428458,1.158438,1.1165338,1.110108,1.1381397,1.2051915,1.3233653,1.5183842,1.8466222,2.4509223,3.0,3.0,3.0,3.0,3.0,3.0,3.0,-3.0732179,-3.393768,0.9561827,5.8522415
435,-1.1951702291660233,4.294149,-3.154224,0.6484609,0.9857696,0.11067562,-0.1265172,-0.00160872,-2.824392,1.2782145,-0.13392155,1.2489048,0.35018402,0.47484192,3.0,3.0,3.0,3.0,3.0,3.0,3.0,3.0,3.0,3.0,3.0,3.0,3.0,3.0,3.0,3.0,2.2069418,1.6955323,1.4113638,1.2410716,1.1383122,1.0816197,1.0610155,1.0731798,1.1200534,1.2096417,1.3597134,1.6080768,2.0434117,2.923763,3.0,3.0,3.0,3.0,3.0,3.0,-1.0332634,3.0765743,0.9605912,-10.222443
440,-1.1992216418450836,4.354113,-3.179706,0.64908516,0.98553467,0.12118567,-0.11843375,-0.002973546,-2.9103,1.1880916,0.026619503,0.780118,1.2013396,-0.29573253,3.0,3.0,3.0,3.0,3.0,3.0,3.0,3.0,3.0,3.0,3.0,3.0,3.0,3.0,3.0,3.0,2.566142,1.8707073,1.5078815,1.2959133,1.1672907,1.0920813,1.0561242,1.0534476,1.0836267,1.1516092,1.269859,1.4647714,1.7947899,2.4113417,3.0,3.0,3.0,3.0,3.0,3.0,2.836163,1.7026806,0.6940738,20.918266
445,-1.219725502625518,4.4152975,-3.203708,0.64832026,0.9867464,0.1253991,-0.10242145,-0.010793898,-2.959021,1.1217642,0.06690938,0.34107554,1.7711428,-0.5154912,3.0,3.0,3.0,3.0,3.0,3.0,3.0,3.0,3.0,3.0,3.0,3.0,3.0,3.0,3.0,3.0,3.0,2.2980518,1.7635049,1.4668685,1.2891876,1.1819332,1.1226453,1.100873,1.113107,1.1612978,1.253666,1.4084921,1.6646544,2.1131876,3.0,3.0,3.0,3.0,3.0,3.0,3.2779417,2.1108665,0.9050931,17.62532
450,-1.2629956318710214,4.477509,-3.226186,0.6462172,0.98852986,0.12626788,-0.08007135,-0.021299869,-3.0050259,1.0474783,0.1350057,0.07242147,2.6106148,-0.86119884,3.0,3.0,3.0,3.0,3.0,3.0,3.0,3.0,3.0,3.0,3.0,3.0,3.0,3.0,3.0,3.0,3.0,3.0,2.3134112,1.8185112,1.536499,1.3661484,1.2643845,1.2109745,1.1967835,1.2195475,1.2829314,1.3980736,1.5889616,1.9073358,2.479477,3.0,3.0,3.0,3.0,3.0,2.9218574,4.0456295,0.8372679,2.4319267
455,-1.2938761083120935,4.5405006,-3.2471597,0.64283323,0.9905296,0.12204086,-0.050839048,-0.03704731,-3.034986,0.9789338,0.1840655,-0.48353106,3.1048322,-1.263454,3.0,3.0,3.0,3.0,3.0,3.0,3.0,3.0,3.0,3.0,3.0,3.0,3.0,3.0,3.0,3.0,3.0,3.0,3.0,2.6871424,2.0994658,1.7667587,1.5661535,1.445912,1.3818091,1.3627988,1.3858413,1.4546347,1.5811672,1.7914275,2.1412227,2.7651696,3.0,3.0,3.0,3.0,0.60375404,4.1776876,0.9737694,34.997467
460,-1.3095578152294711,4.6040792,-3.2664351,0.63716584,0.99214566,0.11034087,-0.020483961,-0.055247787,-3.059703,0.8914769,0.3260816,-1.2422482,3.1266744,-1.6273127,3.0,3.0,3.0,3.0,3.0,3.0,3.0,3.0,3.0,3.0,3.0,3.0,3.0,3.0,3.0,3.0,3.0,3.0,3.0,3.0,3.0,2.6827366,2.2125487,1.9325598,1.763025,1.6674138,1.6285774,1.6402115,1.7041657,1.8312075,2.0458872,2.400201,3.0,3.0,3.0,3.0,-1.4233816,4.5257177,0.9979105,-0.9521179
465,-1.3095954279170052,4.667935,-3.2838802,0.6279691,0.99297726,0.09152788,0.008287363,-0.074499324,-3.0661368,0.8000421,0.5328653,-1.720541,3.0084891,-1.5384456,3.0,3.0,3.0,3.0,3.0,3.0,3.0,3.0,3.0,3.0,3.0,3.0,3.0,3.0,3.0,3.0,3.0,3.0,3.0,3.0,3.0,3.0,3.0,3.0,2.6329093,2.3346136,2.155869,2.060709,2.0327475,2.0675142,2.1705906,2.3599527,2.674544,3.0,3.0,3.0,-3.2270157,3.992692,0.9994086,-22.845398
470,-1.2999920072623787,4.7316394,-3.299559,0.61421555,0.9927328,0.06999489,0.035002276,-0.09141734,-3.0490832,0.7208231,0.7580475,-1.8481454,2.8610153,-1.3594837,3.0,3.0,3.0,3.0,3.0,3.0,3.0,3.0,3.0,3.0,3.0,3.0,3.0,3.0,3.0,3.0,3.0,3.0,3.0,3.0,3.0,3.0,3.0,3.0,3.0,3.0,3.0,2.9099815,2.6633592,2.526029,2.4736419,2.4977336,2.6021419,2.8045933,3.0,3.0,-4.825339,-4.565143,0.9906373,-21.536057
475,-1.261660627106897,4.794701,-3.3137596,0.595602,0.99126554,0.050078597,0.060568824,-0.10590636,-3.010055,0.6593243,0.9706673,-1.4872868,2.4089406,-0.8773483,3.0,3.0,3.0,3.0,3.0,3.0,3.0,3.0,3.0,3.0,3.0,3.0,3.0,3.0,3.0,3.0,3.0,3.0,3.0,3.0,3.0,3.0,3.0,3.0,3.0,3.0,3.0,3.0,3.0,3.0,2.8841481,2.6918445,2.5975745,2.5855875,2.65398,2.8139112,-4.925169,-4.524248,0.9809494,-29.293406
480,-1.197288966924219,4.8568583,-3.3270416,0.574214,0.98999953,0.037273623,0.07740752,-0.11189131,-2.9668176,0.62625843,1.0427233,-0.95695513,1.418895,-0.13495918,2.634684,2.8510175,3.0,3.0,3.0,3.0,3.0,3.0,3.0,3.0,3.0,3.0,3.0,3.0,3.0,3.0,3.0,3.0,3.0,3.0,3.0,3.0,3.0,3.0,3.0,3.0,3.0,3.0,3.0,3.0,3.0,2.893644,2.659449,2.531483,2.4873745,2.5200353,-2.8723404,-1.8400888,0.9631498,-19.846453
485,-1.1864463078762768,4.9181356,-3.3398073,0.55234534,0.9897696,0.025436642,0.086969145,-0.110206485,-2.928946,0.607275,1.019994,-1.1097264,0.9390892,0.4374806,2.5182328,2.638699,2.8626194,3.0,3.0,3.0,3.0,3.0,3.0,3.0,3.0,3.0,3.0,3.0,3.0,3.0,3.0,3.0,3.0,3.0,3.0,3.0,3.0,3.0,3.0,3.0,3.0,3.0,3.0,3.0,3.0,3.0,2.8655272,2.6403885,2.5190136,2.4803596,-4.96651,0.51412296,0.8715272,-26.493967
490,-1.1636243080381035,4.9787517,-3.352321,0.5320657,0.9899308,0.0144074615,0.09314954,-0.10560592,-2.8935485,0.59575856,0.958242,-0.7966574,0.46588403,0.5653644,2.4960992,2.5558822,2.7027357,2.963011,3.0,3.0,3.0,3.0,3.0,3.0,3.0,3.0,3.0,3.0,3.0,3.0,3.0,3.0,3.0,3.0,3.0,3.0,3.0,3.0,3.0,3.0,3.0,3.0,3.0,3.0,3.0,3.0,3.0,2.8057694,2.6114202,2.5136802,-3.316688,-0.7499032,0.86672366,-9.776005
495,-1.1772327937827112,5.0385423,-3.3646102,0.5126951,0.9906874,0.005663956,0.094520174,-0.097838424,-2.8531926,0.586264,0.91539097,-0.8963034,0.06793445,1.0421164,2.5867062,2.608851,2.7145712,2.921747,3.0,3.0,3.0,3.0,3.0,3.0,3.0,3.0,3.0,3.0,3.0,3.0,3.0,3.0,3.0,3.0,3.0,3.0,3.0,3.0,3.0,3.0,3.0,3.0,3.0,3.0,3.0,3.0,3.0,3.0,2.7919464,2.644613,-0.11116552,1.135601,0.6438168,-16.250807
500,-1.1912335151608473,5.0974884,-3.3767421,0.49423736,0.9915091,-0.006179422,0.09558274,-0.08795151,-2.8133721,0.5803362,0.86699176,-1.0477346,0.14435326,1.3032687,2.683727,2.652976,2.7041554,2.8455083,3.0,3.0,3.0,3.0,3.0,3.0,3.0,3.0,3.0,3.0,3.0,3.0,3.0,3.0,3.0,3.0,3.0,3.0,3.0,3.0,3.0,3.0,3.0,3.0,3.0,3.0,3.0,3.0,3.0,3.0,3.0,2.8013139,-0.08680487,3.1448069,0.72614384,13.091904
505,-1.1830582628006479,5.155461,-3.3887968,0.4760755,0.9920637,-0.017619072,0.09833836,-0.076346375,-2.7671506,0.5781748,0.84910613,-0.7961151,0.3932288,1.254468,2.7227392,2.6436794,2.6472468,2.7340078,2.9183247,3.0,3.0,3.0,3.0,3.0,3.0,3.0,3.0,3.0,3.0,3.0,3.0,3.0,3.0,3.0,3.0,3.0,3.0,3.0,3.0,3.0,3.0,3.0,3.0,3.0,3.0,3.0,3.0,3.0,3.0,2.897424,-4.7620687,-2.2655723,0.9192796,-22.066769
510,-1.1740439815563994,5.2124333,-3.400879,0.4581817,0.99255496,-0.024950756,0.099773124,-0.06524892,-2.7149847,0.58127606,0.8553893,-0.5441572,0.17927101,1.2594857,2.7813425,2.6729162,2.650128,2.7093513,2.8601737,3.0,3.0,3.0,3.0,3.0,3.0,3.0,3.0,3.0,3.0,3.0,3.0,3.0,3.0,3.0,3.0,3.0,3.0,3.0,3.0,3.0,3.0,3.0,3.0,3.0,3.0,3.0,3.0,3.0,3.0,2.9937465,-0.87689114,0.96387863,0.4788276,18.632446
515,-1.1652683679916287,5.26837,-3.4130654,0.44044918,0.9930272,-0.031528074,0.1005311,-0.052881066,-2.6586869,0.5891326,0.8785686,-0.29860866,0.013677152,1.207601,2.850114,2.71544,2.6703968,2.7077549,2.8334885,3.0,3.0,3.0,3.0,3.0,3.0,3.0,3.0,3.0,3.0,3.0,3.0,3.0,3.0,3.0,3.0,3.0,3.0,3.0,3.0,3.0,3.0,3.0,3.0,3.0,3.0,3.0,3.0,3.0,3.0,3.0,-2.4727745,-2.2032998,0.9692111,35.62712
520,-1.1634031461585255,5.323046,-3.4254713,0.42179847,0.9939506,-0.03368057,0.0955124,-0.042487662,-2.6024432,0.5998789,0.903645,0.006247949,-0.7412453,0.9933314,3.0,2.9320288,2.8708448,2.8984292,3.0,3.0,3.0,3.0,3.0,3.0,3.0,3.0,3.0,3.0,3.0,3.0,3.0,3.0,3.0,3.0,3.0,3.0,3.0,3.0,3.0,3.0,3.0,3.0,3.0,3.0,3.0,3.0,3.0,3.0,3.0,3.0,4.3272505,3.7466087,0.5274497,40.185852
525,-1.1312683906109795,5.376328,-3.4382017,0.40132678,0.9945022,-0.036407884,0.09141731,-0.035815384,-2.5320227,0.6175704,1.0151273,-0.24555404,-0.22708492,0.5375964,3.0,3.0,3.0,3.0,3.0,3.0,3.0,3.0,3.0,3.0,3.0,3.0,3.0,3.0,3.0,3.0,3.0,3.0,3.0,3.0,3.0,3.0,3.0,3.0,3.0,3.0,3.0,3.0,3.0,3.0,3.0,3.0,3.0,3.0,3.0,3.0,-3.9840298,1.5576277,0.9762646,19.140076
530,-1.136155738556102,5.428258,-3.4513078,0.37891257,0.9947358,-0.042000037,0.08829933,-0.030658638,-2.463943,0.6382027,1.1313192,-0.70731676,-0.00554168,0.31233475,3.0,3.0,3.0,3.0,3.0,3.0,3.0,3.0,3.0,3.0,3.0,3.0,3.0,3.0,3.0,3.0,3.0,3.0,3.0,3.0,3.0,3.0,3.0,3.0,3.0,3.0,3.0,3.0,3.0,3.0,3.0,3.0,3.0,3.0,3.0,3.0,1.1198378,3.2401724,0.9786246,35.35929
535,-1.1598751412437953,5.4788327,-3.4648683,0.35431477,0.9942925,-0.05135541,0.08960547,-0.026757069,-2.4085352,0.6576348,1.184726,-1.0056895,0.01578868,0.77233714,3.0,3.0,3.0,3.0,3.0,3.0,3.0,3.0,3.0,3.0,3.0,3.0,3.0,3.0,3.0,3.0,3.0,3.0,3.0,3.0,3.0,3.0,3.0,3.0,3.0,3.0,3.0,3.0,3.0,3.0,3.0,3.0,3.0,3.0,3.0,3.0,-1.3274794,-2.929432,0.95453954,32.347954
540,-1.1672343081424503,5.5283756,-3.478839,0.32931027,0.9938978,-0.059933122,0.09126466,-0.01568228,-2.3565001,0.68047327,1.2170697,-0.7376069,0.21216723,1.2126871,3.0,3.0,3.0,3.0,3.0,3.0,3.0,3.0,3.0,3.0,3.0,3.0,3.0,3.0,3.0,3.0,3.0,3.0,3.0,3.0,3.0,3.0,3.0,3.0,3.0,3.0,3.0,3.0,3.0,3.0,3.0,3.0,3.0,3.0,3.0,3.0,-4.255268,-3.7521517,0.872211,-26.970015
545,-1.1592171258245487,5.5769897,-3.4932413,0.30448228,0.99345595,-0.069934696,0.0900984,-0.0060582617,-2.3155081,0.7007264,1.1889579,-0.8654901,-0.11445565,0.9498733,3.0,3.0,3.0,3.0,3.0,3.0,3.0,3.0,3.0,3.0,3.0,3.0,3.0,3.0,3.0,3.0,3.0,3.0,3.0,3.0,3.0,3.0,3.0,3.0,3.0,3.0,3.0,3.0,3.0,3.0,3.0,3.0,3.0,3.0,3.0,3.0,0.07921457,-2.1105576,0.9419433,37.658432
550,-1.1426579502063967,5.6247764,-3.5080926,0.280336,0.9931575,-0.07669642,0.08803056,0.0025367984,-2.2796543,0.7212352,1.1378118,-0.37660897,-0.12840486,0.8800396,3.0,3.0,3.0,3.0,3.0,3.0,3.0,3.0,3.0,3.0,3.0,3.0,3.0,3.0,3.0,3.0,3.0,3.0,3.0,3.0,3.0,3.0,3.0,3.0,3.0,3.0,3.0,3.0,3.0,3.0,3.0,3.0,3.0,3.0,3.0,3.0,-4.498258,-3.884263,0.98817635,43.110268
555,-1.1574591159991452,5.671899,-3.5233443,0.2576298,0.9929934,-0.07899068,0.08690155,0.013139117,-2.2449648,0.7441505,1.0872035,0.15502968,0.22495043,1.2414513,3.0,3.0,3.0,3.0,3.0,3.0,3.0,3.0,3.0,3.0,3.0,3.0,3.0,3.0,3.0,3.0,3.0,3.0,3.0,3.0,3.0,3.0,3.0,3.0,3.0,3.0,3.0,3.0,3.0,3.0,3.0,3.0,3.0,3.0,3.0,3.0,0.30864525,-4.730551,0.97152233,37.759277
560,-1.159806013411748,5.718343,-3.539045,0.23619026,0.99265206,-0.07712019,0.08921099,0.02712432,-2.2202628,0.75866264,0.9824194,0.3066393,0.299846,1.2519585,3.0,3.0,3.0,3.0,3.0,3.0,3.0,3.0,3.0,3.0,3.0,3.0,3.0,3.0,3.0,3.0,3.0,3.0,3.0,3.0,3.0,3.0,3.0,3.0,3.0,3.0,3.0,3.0,3.0,3.0,3.0,3.0,3.0,3.0,3.0,3.0,-0.5689268,-2.5447347,0.96805286,20.296928
565,-1.1400983379747718,5.7640963,-3.5552046,0.21595052,0.99238425,-0.07431357,0.09000485,0.039371554,-2.1789665,0.7877932,0.97026336,0.11562886,-0.1552489,0.9197424,3.0,3.0,3.0,3.0,3.0,3.0,3.0,3.0,3.0,3.0,3.0,3.0,3.0,3.0,3.0,3.0,3.0,3.0,3.0,3.0,3.0,3.0,3.0,3.0,3.0,3.0,3.0,3.0,3.0,3.0,3.0,3.0,3.0,3.0,3.0,3.0,-4.141775,-3.8321424,0.9815109,41.33516
570,-1.1356762532294706,5.8090467,-3.5719159,0.1962585,0.9923293,-0.07201708,0.087975346,0.048543517,-2.1403673,0.81451386,0.9466091,0.29728484,-0.22896886,0.7806036,3.0,3.0,3.0,3.0,3.0,3.0,3.0,3.0,3.0,3.0,3.0,3.0,3.0,3.0,3.0,3.0,3.0,3.0,3.0,3.0,3.0,3.0,3.0,3.0,3.0,3.0,3.0,3.0,3.0,3.0,3.0,3.0,3.0,3.0,3.0,3.0,-2.0326772,-0.16837645,0.9856101,-11.226887
575,-1.1265596263273714,5.8529096,-3.5894437,0.17531522,0.9928636,-0.0675089,0.08309699,0.052529097,-2.0833411,0.8581861,1.0393567,0.47442675,-0.41341326,0.31912002,3.0,3.0,3.0,3.0,3.0,3.0,3.0,3.0,3.0,3.0,3.0,3.0,3.0,3.0,3.0,3.0,3.0,3.0,3.0,3.0,3.0,3.0,3.0,3.0,3.0,3.0,3.0,3.0,3.0,3.0,3.0,3.0,3.0,3.0,3.0,3.0,1.4044447,2.6677523,0.94404936,35.004807
580,-1.1297945584338185,5.8956966,-3.6077797,0.15291478,0.993044,-0.06438346,0.08072845,0.056579545,-2.0377138,0.89145416,1.0782079,0.35329014,-0.18867321,0.6719243,3.0,3.0,3.0,3.0,3.0,3.0,3.0,3.0,3.0,3.0,3.0,3.0,3.0,3.0,3.0,3.0,3.0,3.0,3.0,3.0,3.0,3.0,3.0,3.0,3.0,3.0,3.0,3.0,3.0,3.0,3.0,3.0,3.0,3.0,3.0,3.0,-4.868619,0.40794373,0.99442995,44.343147
585,-1.1351030739685042,5.9376125,-3.6267345,0.13005945,0.99305207,-0.062039852,0.077245235,0.0634967,-1.9939108,0.9229343,1.1169295,0.21559487,-0.2333969,0.84477764,3.0,3.0,3.0,3.0,3.0,3.0,3.0,3.0,3.0,3.0,3.0,3.0,3.0,3.0,3.0,3.0,3.0,3.0,3.0,3.0,3.0,3.0,3.0,3.0,3.0,3.0,3.0,3.0,3.0,3.0,3.0,3.0,3.0,3.0,3.0,3.0,-2.9074554,-2.6379576,0.9921603,40.10186
590,-1.1212024526834325,5.978643,-3.6463292,0.10641404,0.9929061,-0.05976121,0.0742973,0.07103533,-1.952818,0.9526298,1.1504678,0.19537872,-0.21945967,0.5687549,3.0,3.0,3.0,3.0,3.0,3.0,3.0,3.0,3.0,3.0,3.0,3.0,3.0,3.0,3.0,3.0,3.0,3.0,3.0,3.0,3.0,3.0,3.0,3.0,3.0,3.0,3.0,3.0,3.0,3.0,3.0,3.0,3.0,3.0,3.0,3.0,4.040085,-0.28620672,0.97536683,43.467033
595,-1.1186340026475092,6.0189023,-3.666469,0.082544595,0.9927417,-0.056708742,0.072456315,0.07744736,-1.9222791,0.97292525,1.1193248,0.4295928,-0.14208154,0.38894856,3.0,3.0,3.0,3.0,3.0,3.0,3.0,3.0,3.0,3.0,3.0,3.0,3.0,3.0,3.0,3.0,3.0,3.0,3.0,3.0,3.0,3.0,3.0,3.0,3.0,3.0,3.0,3.0,3.0,3.0,3.0,3.0,3.0,3.0,3.0,3.0,-4.2278223,3.3693504,0.99234724,-14.436628
600,-1.1131626540020831,6.0585127,-3.687042,0.05912776,0.9926136,-0.053606305,0.07057115,0.082851194,-1.8905706,0.9942194,1.1043133,0.34647733,-0.12071272,0.33647197,3.0,3.0,3.0,3.0,3.0,3.0,3.0,3.0,3.0,3.0,3.0,3.0,3.0,3.0,3.0,3.0,3.0,3.0,3.0,3.0,3.0,3.0,3.0,3.0,3.0,3.0,3.0,3.0,3.0,3.0,3.0,3.0,3.0,3.0,3.0,3.0,0.26242208,2.3230486,0.93856466,26.617203
605,-1.1100002740281274,6.0974946,-3.7080243,0.036178038,0.99268484,-0.050882652,0.07021492,0.08400975,-1.8595521,1.0144644,1.0898299,0.43846083,0.03498786,0.053350482,3.0,3.0,3.0,3.0,3.0,3.0,3.0,3.0,3.0,3.0,3.0,3.0,3.0,3.0,3.0,3.0,3.0,3.0,3.0,3.0,3.0,3.0,3.0,3.0,3.0,3.0,3.0,3.0,3.0,3.0,3.0,3.0,3.0,3.0,3.0,3.0,-3.9058309,-1.7425668,0.9420581,-23.083574
610,-1.138288009297156,6.1358767,-3.7293742,0.013848171,0.99339044,-0.045038693,0.06826676,0.08053969,-1.8303483,1.0319537,1.0641007,0.7200982,-0.2786673,-0.66799915,3.0,3.0,3.0,3.0,3.0,3.0,3.0,3.0,3.0,3.0,3.0,3.0,3.0,3.0,3.0,3.0,3.0,3.0,3.0,3.0,3.0,3.0,3.0,3.0,3.0,3.0,3.0,3.0,3.0,3.0,3.0,3.0,3.0,3.0,3.0,3.0,1.9248743,1.1973734,0.8770294,-18.313095
615,-1.1555285235636341,6.1735525,-3.751144,-0.008742997,0.99449193,-0.03806993,0.06618356,0.07180659,-1.7972468,1.0506011,1.0721122,0.75776756,-0.36661398,-1.0901234,3.0,3.0,3.0,3.0,3.0,3.0,3.0,3.0,3.0,3.0,3.0,3.0,3.0,3.0,3.0,3.0,3.0,3.0,3.0,3.0,3.0,3.0,3.0,3.0,3.0,3.0,3.0,3.0,3.0,3.0,3.0,3.0,3.0,3.0,3.0,3.0,1.7344866,-1.273031,0.6821815,4.0547333
620,-1.1317275254879695,6.210568,-3.7732363,-0.031347856,0.99550605,-0.03044894,0.064032316,0.06277326,-1.7621412,1.0671344,1.1020181,0.6162284,-0.24160938,-0.63451785,3.0,3.0,3.0,3.0,3.0,3.0,3.0,3.0,3.0,3.0,3.0,3.0,3.0,3.0,3.0,3.0,3.0,3.0,3.0,3.0,3.0,3.0,3.0,3.0,3.0,3.0,3.0,3.0,3.0,3.0,3.0,3.0,3.0,3.0,3.0,3.0,-2.3603857,2.3134418,0.88662124,33.65219
625,-1.123868242983833,6.2468576,-3.7956307,-0.054625113,0.99614197,-0.027492622,0.06014245,0.057690695,-1.7296215,1.0793086,1.1191164,0.106645525,-0.3212541,-0.6954029,3.0,3.0,3.0,3.0,3.0,3.0,3.0,3.0,3.0,3.0,3.0,3.0,3.0,3.0,3.0,3.0,3.0,3.0,3.0,3.0,3.0,3.0,3.0,3.0,3.0,3.0,3.0,3.0,3.0,3.0,3.0,3.0,3.0,3.0,3.0,3.0,-2.8276367,2.4384785,0.30766392,26.790718
630,-1.1047931348315305,6.282624,-3.8181884,-0.07712779,0.9966211,-0.025280805,0.05782831,0.05256599,-1.7053301,1.0865213,1.0798235,0.2832942,-0.13789926,-0.2550269,3.0,3.0,3.0,3.0,3.0,3.0,3.0,3.0,3.0,3.0,3.0,3.0,3.0,3.0,3.0,3.0,3.0,3.0,3.0,3.0,3.0,3.0,3.0,3.0,3.0,3.0,3.0,3.0,3.0,3.0,3.0,3.0,3.0,3.0,3.0,3.0,1.3667889,-1.869834,0.92757833,39.34185
635,-1.1033296996147588,6.31777,-3.8409474,-0.09988024,0.99672294,-0.022005105,0.056462932,0.053583074,-1.6752337,1.0959717,1.0972444,0.2639416,-0.19894107,0.20588495,3.0,3.0,3.0,3.0,3.0,3.0,3.0,3.0,3.0,3.0,3.0,3.0,3.0,3.0,3.0,3.0,3.0,3.0,3.0,3.0,3.0,3.0,3.0,3.0,3.0,3.0,3.0,3.0,3.0,3.0,3.0,3.0,3.0,3.0,3.0,3.0,-4.0287724,2.0037193,0.81670713,10.379131
640,-1.1048250239291701,6.3523493,-3.863863,-0.12254258,0.9968565,-0.020381188,0.053519737,0.054747697,-1.6487626,1.1029608,1.0899231,0.3606523,-0.23251541,0.05908423,3.0,3.0,3.0,3.0,3.0,3.0,3.0,3.0,3.0,3.0,3.0,3.0,3.0,3.0,3.0,3.0,3.0,3.0,3.0,3.0,3.0,3.0,3.0,3.0,3.0,3.0,3.0,3.0,3.0,3.0,3.0,3.0,3.0,3.0,3.0,3.0,-3.4578311,2.4439898,0.9397322,10.145069
645,-1.0995898478579682,6.3863716,-3.8869247,-0.14526615,0.9970022,-0.019490274,0.050793726,0.055015717,-1.6218263,1.1099377,1.100353,0.007285994,-0.21777529,-0.26250738,3.0,3.0,3.0,3.0,3.0,3.0,3.0,3.0,3.0,3.0,3.0,3.0,3.0,3.0,3.0,3.0,3.0,3.0,3.0,3.0,3.0,3.0,3.0,3.0,3.0,3.0,3.0,3.0,3.0,3.0,3.0,3.0,3.0,3.0,3.0,3.0,-0.11501026,-0.029808044,0.6982074,3.5160255
650,-1.1057580131181761,6.419891,-3.9101062,-0.16775373,0.99731946,-0.018212799,0.04858808,0.05158857,-1.5991334,1.1150701,1.0787617,0.026337607,-0.13333553,-0.45737165,3.0,3.0,3.0,3.0,3.0,3.0,3.0,3.0,3.0,3.0,3.0,3.0,3.0,3.0,3.0,3.0,3.0,3.0,3.0,3.0,3.0,3.0,3.0,3.0,3.0,3.0,3.0,3.0,3.0,3.0,3.0,3.0,3.0,3.0,3.0,3.0,0.7020006,-0.26724434,0.95352244,-7.5604744
655,-1.0965269337803014,6.452903,-3.9334066,-0.19024682,0.9975743,-0.016295437,0.046968844,0.048722535,-1.5761188,1.1200254,1.067844,0.19162883,-0.1950465,-0.13319646,3.0,3.0,3.0,3.0,3.0,3.0,3.0,3.0,3.0,3.0,3.0,3.0,3.0,3.0,3.0,3.0,3.0,3.0,3.0,3.0,3.0,3.0,3.0,3.0,3.0,3.0,3.0,3.0,3.0,3.0,3.0,3.0,3.0,3.0,3.0,3.0,-2.2376986,2.192381,0.9136791,26.972145
660,-1.1037890451229952,6.485458,-3.9567962,-0.21239449,0.9977183,-0.015142625,0.042778313,0.049989585,-1.5532731,1.1247047,1.0668741,0.32364962,-0.3227293,-0.06020953,3.0,3.0,3.0,3.0,3.0,3.0,3.0,3.0,3.0,3.0,3.0,3.0,3.0,3.0,3.0,3.0,3.0,3.0,3.0,3.0,3.0,3.0,3.0,3.0,3.0,3.0,3.0,3.0,3.0,3.0,3.0,3.0,3.0,3.0,3.0,3.0,-2.871387,1.2878251,0.94937325,24.534233
665,-1.1025624452073672,6.517547,-3.9802814,-0.23465633,0.9980279,-0.013489049,0.03881571,0.047451027,-1.5324824,1.1286361,1.0621698,0.15473516,-0.23344049,-0.3485505,3.0,3.0,3.0,3.0,3.0,3.0,3.0,3.0,3.0,3.0,3.0,3.0,3.0,3.0,3.0,3.0,3.0,3.0,3.0,3.0,3.0,3.0,3.0,3.0,3.0,3.0,3.0,3.0,3.0,3.0,3.0,3.0,3.0,3.0,3.0,3.0,0.065722466,-0.4958763,0.90046656,-13.662266
670,-1.1141136115938364,6.54921,-4.0038414,-0.25698164,0.99834174,-0.010087673,0.037266057,0.042699844,-1.5133268,1.1315206,1.0532985,0.31181893,-0.18569008,-0.58497405,3.0,3.0,3.0,3.0,3.0,3.0,3.0,3.0,3.0,3.0,3.0,3.0,3.0,3.0,3.0,3.0,3.0,3.0,3.0,3.0,3.0,3.0,3.0,3.0,3.0,3.0,3.0,3.0,3.0,3.0,3.0,3.0,3.0,3.0,3.0,3.0,-2.1547441,4.1382294,0.9032953,42.828766
675,-1.1198321601684644,6.580534,-4.027427,-0.278439,0.99871874,-0.007086765,0.033036824,0.037672374,-1.4985967,1.1319385,0.99450105,0.34330276,-0.45415926,-0.5798054,3.0,3.0,3.0,3.0,3.0,3.0,3.0,3.0,3.0,3.0,3.0,3.0,3.0,3.0,3.0,3.0,3.0,3.0,3.0,3.0,3.0,3.0,3.0,3.0,3.0,3.0,3.0,3.0,3.0,3.0,3.0,3.0,3.0,3.0,3.0,3.0,2.1844392,2.1235042,0.84846675,33.48271
680,-1.1243868088206532,6.6115317,-4.051017,-0.29923302,0.99913603,-0.0034645705,0.029227663,0.029342465,-1.4823387,1.132051,0.9791668,0.4473716,-0.29033855,-0.7414593,3.0,3.0,3.0,3.0,3.0,3.0,3.0,3.0,3.0,3.0,3.0,3.0,3.0,3.0,3.0,3.0,3.0,3.0,3.0,3.0,3.0,3.0,3.0,3.0,3.0,3.0,3.0,3.0,3.0,3.0,3.0,3.0,3.0,3.0,3.0,3.0,-2.2386284,3.465043,0.62732756,17.635574
685,-1.1190686376753864,6.642294,-4.0745754,-0.3182949,0.9994209,0.00039169312,0.025075015,0.02300001,-1.4731677,1.1298387,0.8670813,0.36259356,-0.39121106,-0.61816627,3.0,3.0,3.0,3.0,3.0,3.0,3.0,3.0,3.0,3.0,3.0,3.0,3.0,3.0,3.0,3.0,3.0,3.0,3.0,3.0,3.0,3.0,3.0,3.0,3.0,3.0,3.0,3.0,3.0,3.0,3.0,3.0,3.0,3.0,3.0,3.0,2.3569117,3.7853851,-0.39807785,6.6818123
690,-1.118515114765464,6.6728845,-4.098078,-0.33486575,0.9996338,0.004213512,0.02089939,0.01666621,-1.4652445,1.1268828,0.74766386,0.35934678,-0.39329347,-0.61711246,3.0,3.0,3.0,3.0,3.0,3.0,3.0,3.0,3.0,3.0,3.0,3.0,3.0,3.0,3.0,3.0,3.0,3.0,3.0,3.0,3.0,3.0,3.0,3.0,3.0,3.0,3.0,3.0,3.0,3.0,3.0,3.0,3.0,3.0,3.0,3.0,1.8439536,1.2596884,-0.48527658,40.763916
695,-1.117950684277841,6.70332,-4.1215105,-0.34895328,0.99977505,0.0080003925,0.016701585,0.010341285,-1.4581214,1.1232835,0.6286061,0.35606056,-0.39531222,-0.61610234,3.0,3.0,3.0,3.0,3.0,3.0,3.0,3.0,3.0,3.0,3.0,3.0,3.0,3.0,3.0,3.0,3.0,3.0,3.0,3.0,3.0,3.0,3.0,3.0,3.0,3.0,3.0,3.0,3.0,3.0,3.0,3.0,3.0,3.0,3.0,3.0,-1.0324967,3.548688,-0.8701722,-33.61102
700,-1.117380740332738,6.7336173,-4.1448603,-0.36056468,0.9998449,0.011751852,0.012482395,0.004025454,-1.4518008,1.1190515,0.50988275,0.35273674,-0.3972665,-0.6151356,3.0,3.0,3.0,3.0,3.0,3.0,3.0,3.0,3.0,3.0,3.0,3.0,3.0,3.0,3.0,3.0,3.0,3.0,3.0,3.0,3.0,3.0,3.0,3.0,3.0,3.0,3.0,3.0,3.0,3.0,3.0,3.0,3.0,3.0,3.0,3.0,-3.019473,4.691923,-0.33272547,6.938118
705,-1.1168131577656764,6.763793,-4.168114,-0.36970657,0.9998438,0.015467424,0.008242618,-0.0022810665,-1.4462844,1.1141969,0.39147043,0.34937713,-0.39915562,-0.61421186,3.0,3.0,3.0,3.0,3.0,3.0,3.0,3.0,3.0,3.0,3.0,3.0,3.0,3.0,3.0,3.0,3.0,3.0,3.0,3.0,3.0,3.0,3.0,3.0,3.0,3.0,3.0,3.0,3.0,3.0,3.0,3.0,3.0,3.0,3.0,3.0,0.6284957,4.5379887,0.12798512,31.868187
710,-1.1082793284018846,6.7938538,-4.191236,-0.37709048,0.9998069,0.017116584,0.004806278,-0.008374595,-1.4401872,1.1051822,0.37871924,-0.11137545,-0.22809733,-0.59708834,3.0,3.0,3.0,3.0,3.0,3.0,3.0,3.0,3.0,3.0,3.0,3.0,3.0,3.0,3.0,3.0,3.0,3.0,3.0,3.0,3.0,3.0,3.0,3.0,3.0,3.0,3.0,3.0,3.0,3.0,3.0,3.0,3.0,3.0,3.0,3.0,-2.6643875,-0.24382067,0.4101565,-21.217903
715,-1.1156638356713287,6.823791,-4.2141294,-0.38527676,0.99975663,0.016200706,0.0010975064,-0.014933657,-1.4349247,1.093953,0.42403373,-0.10603635,-0.4813534,-0.6346449,3.0,3.0,3.0,3.0,3.0,3.0,3.0,3.0,3.0,3.0,3.0,3.0,3.0,3.0,3.0,3.0,3.0,3.0,3.0,3.0,3.0,3.0,3.0,3.0,3.0,3.0,3.0,3.0,3.0,3.0,3.0,3.0,3.0,3.0,3.0,3.0,0.93678236,4.0829496,-0.27460825,9.545734
720,-1.1227769880774916,6.853641,-4.236798,-0.39436725,0.9997157,0.012030907,-0.0038490607,-0.020222956,-1.4316028,1.0838525,0.4577492,-0.6844504,-0.48210287,-0.44689578,3.0,3.0,3.0,3.0,3.0,3.0,3.0,3.0,3.0,3.0,3.0,3.0,3.0,3.0,3.0,3.0,3.0,3.0,3.0,3.0,3.0,3.0,3.0,3.0,3.0,3.0,3.0,3.0,3.0,3.0,3.0,3.0,3.0,3.0,3.0,3.0,-0.67099524,-1.045701,0.6392418,11.483513
725,-1.1232858350284327,6.883456,-4.2592525,-0.40534416,0.9996697,0.0052631255,-0.006672934,-0.024256252,-1.4312547,1.0741788,0.5897705,-0.79713404,-0.40644026,-0.33853614,3.0,3.0,3.0,3.0,3.0,3.0,3.0,3.0,3.0,3.0,3.0,3.0,3.0,3.0,3.0,3.0,3.0,3.0,3.0,3.0,3.0,3.0,3.0,3.0,3.0,3.0,3.0,3.0,3.0,3.0,3.0,3.0,3.0,3.0,3.0,3.0,-2.6745968,2.8158975,0.84330976,-17.386862
730,-1.1101245868019551,6.913301,-4.281557,-0.4199102,0.99963665,-0.003371757,-0.0100553995,-0.024779938,-1.433899,1.069172,0.7751579,-0.6250408,-0.24185167,-0.13698909,3.0,3.0,3.0,3.0,3.0,3.0,3.0,3.0,3.0,3.0,3.0,3.0,3.0,3.0,3.0,3.0,3.0,3.0,3.0,3.0,3.0,3.0,3.0,3.0,3.0,3.0,3.0,3.0,3.0,3.0,3.0,3.0,3.0,3.0,3.0,3.0,-0.53414154,3.404563,0.9852686,-7.6640816
735,-1.1220716709088339,6.9432173,-4.303837,-0.4379577,0.9994483,-0.012193153,-0.011613029,-0.028627062,-1.4372807,1.070307,0.92079324,-0.79040474,-0.40179348,-0.21693888,3.0,3.0,3.0,3.0,3.0,3.0,3.0,3.0,3.0,3.0,3.0,3.0,3.0,3.0,3.0,3.0,3.0,3.0,3.0,3.0,3.0,3.0,3.0,3.0,3.0,3.0,3.0,3.0,3.0,3.0,3.0,3.0,3.0,3.0,3.0,3.0,4.6381674,2.1144204,0.9705157,28.002258
740,-1.1315162358227229,6.973193,-4.326192,-0.45802328,0.9991099,-0.023269992,-0.014473628,-0.03206853,-1.4396517,1.0749788,0.9719062,-0.98203933,-0.2592375,-0.4078036,3.0,3.0,3.0,3.0,3.0,3.0,3.0,3.0,3.0,3.0,3.0,3.0,3.0,3.0,3.0,3.0,3.0,3.0,3.0,3.0,3.0,3.0,3.0,3.0,3.0,3.0,3.0,3.0,3.0,3.0,3.0,3.0,3.0,3.0,3.0,3.0,2.4985123,-1.7631948,0.9029025,7.6257133
745,-1.1032930862013228,7.003227,-4.3487077,-0.47887787,0.9989426,-0.029529447,-0.014483199,-0.0321227,-1.4429672,1.0850633,1.0194746,-0.5082454,0.0941951,0.048343606,3.0,3.0,3.0,3.0,3.0,3.0,3.0,3.0,3.0,3.0,3.0,3.0,3.0,3.0,3.0,3.0,3.0,3.0,3.0,3.0,3.0,3.0,3.0,3.0,3.0,3.0,3.0,3.0,3.0,3.0,3.0,3.0,3.0,3.0,3.0,3.0,-1.1589575,-0.39809608,0.8595016,7.607689
750,-1.109511663148236,7.033313,-4.37144,-0.50018877,0.9988892,-0.034264643,-0.012226279,-0.029946653,-1.4453287,1.0969274,1.0485138,-0.5630016,0.10846656,0.26717567,3.0,3.0,3.0,3.0,3.0,3.0,3.0,3.0,3.0,3.0,3.0,3.0,3.0,3.0,3.0,3.0,3.0,3.0,3.0,3.0,3.0,3.0,3.0,3.0,3.0,3.0,3.0,3.0,3.0,3.0,3.0,3.0,3.0,3.0,3.0,3.0,-1.7665896,-0.26411676,0.9663838,22.026497
755,-1.1089356344052632,7.0634465,-4.3944716,-0.5225207,0.99872714,-0.039758977,-0.012488384,-0.028413378,-1.4470838,1.1115649,1.0867459,-0.508664,0.021008886,0.3339823,3.0,3.0,3.0,3.0,3.0,3.0,3.0,3.0,3.0,3.0,3.0,3.0,3.0,3.0,3.0,3.0,3.0,3.0,3.0,3.0,3.0,3.0,3.0,3.0,3.0,3.0,3.0,3.0,3.0,3.0,3.0,3.0,3.0,3.0,3.0,3.0,-2.8679788,3.4732704,0.90661085,-5.222229
760,-1.1084599782485172,7.0936155,-4.417832,-0.5455199,0.9985228,-0.044944666,-0.015731405,-0.026166353,-1.4486605,1.1272167,1.1047161,-0.40761587,-0.41835275,-0.06810554,3.0,3.0,3.0,3.0,3.0,3.0,3.0,3.0,3.0,3.0,3.0,3.0,3.0,3.0,3.0,3.0,3.0,3.0,3.0,3.0,3.0,3.0,3.0,3.0,3.0,3.0,3.0,3.0,3.0,3.0,3.0,3.0,3.0,3.0,3.0,3.0,-0.9802427,2.3229666,0.95256734,32.443726
765,-1.1102859552720536,7.123833,-4.4415464,-0.5688684,0.9981736,-0.05196445,-0.016668696,-0.02591059,-1.4512343,1.1444304,1.1142163,-0.60778075,0.028476276,0.06435444,3.0,3.0,3.0,3.0,3.0,3.0,3.0,3.0,3.0,3.0,3.0,3.0,3.0,3.0,3.0,3.0,3.0,3.0,3.0,3.0,3.0,3.0,3.0,3.0,3.0,3.0,3.0,3.0,3.0,3.0,3.0,3.0,3.0,3.0,3.0,3.0,-0.67157793,2.4315796,0.9758104,-36.413864
770,-1.1066513502513724,7.154114,-4.4656806,-0.5926004,0.99789363,-0.057474766,-0.015829355,-0.025581252,-1.4549329,1.1683105,1.1564726,-0.48558673,0.14208369,-0.12884957,3.0,3.0,3.0,3.0,3.0,3.0,3.0,3.0,3.0,3.0,3.0,3.0,3.0,3.0,3.0,3.0,3.0,3.0,3.0,3.0,3.0,3.0,3.0,3.0,3.0,3.0,3.0,3.0,3.0,3.0,3.0,3.0,3.0,3.0,3.0,3.0,-4.279246,0.26112556,0.98725235,-27.498339
775,-1.1173187615418667,7.184459,-4.4903126,-0.61694556,0.9974695,-0.0634914,-0.017390188,-0.026853485,-1.4572344,1.1900734,1.1606616,-0.6485125,-0.23298495,-0.21891071,3.0,3.0,3.0,3.0,3.0,3.0,3.0,3.0,3.0,3.0,3.0,3.0,3.0,3.0,3.0,3.0,3.0,3.0,3.0,3.0,3.0,3.0,3.0,3.0,3.0,3.0,3.0,3.0,3.0,3.0,3.0,3.0,3.0,3.0,3.0,3.0,-0.37762785,-0.51362896,0.9563229,-17.428818
780,-1.1181145788267084,7.214845,-4.5153747,-0.64091754,0.9970384,-0.068711676,-0.017877633,-0.029555602,-1.46005,1.2142938,1.1622479,-0.5538959,0.15915841,-0.43336138,3.0,3.0,3.0,3.0,3.0,3.0,3.0,3.0,3.0,3.0,3.0,3.0,3.0,3.0,3.0,3.0,3.0,3.0,3.0,3.0,3.0,3.0,3.0,3.0,3.0,3.0,3.0,3.0,3.0,3.0,3.0,3.0,3.0,3.0,3.0,3.0,-1.2958419,3.2142315,0.9497092,-16.570745
785,-1.10920052875439,7.245289,-4.540959,-0.6648822,0.9965654,-0.07452305,-0.017255513,-0.031716805,-1.4616032,1.2356182,1.1286632,-0.37895498,-0.106592104,-0.3582373,3.0,3.0,3.0,3.0,3.0,3.0,3.0,3.0,3.0,3.0,3.0,3.0,3.0,3.0,3.0,3.0,3.0,3.0,3.0,3.0,3.0,3.0,3.0,3.0,3.0,3.0,3.0,3.0,3.0,3.0,3.0,3.0,3.0,3.0,3.0,3.0,-2.8892758,2.5385976,0.92180943,34.872383
790,-1.112862296355987,7.275761,-4.567015,-0.68815327,0.9961037,-0.07883721,-0.021232234,-0.033336673,-1.462658,1.2569668,1.0832853,-0.38482475,-0.45133358,-0.08222208,3.0,3.0,3.0,3.0,3.0,3.0,3.0,3.0,3.0,3.0,3.0,3.0,3.0,3.0,3.0,3.0,3.0,3.0,3.0,3.0,3.0,3.0,3.0,3.0,3.0,3.0,3.0,3.0,3.0,3.0,3.0,3.0,3.0,3.0,3.0,3.0,0.20351458,-1.0650902,0.9518738,-32.288963
795,-1.120983669322675,7.306292,-4.593619,-0.71098113,0.99565345,-0.08280108,-0.025395747,-0.034252476,-1.4676843,1.2911022,1.1077088,-0.3131429,-0.6363882,-0.19851749,3.0,3.0,3.0,3.0,3.0,3.0,3.0,3.0,3.0,3.0,3.0,3.0,3.0,3.0,3.0,3.0,3.0,3.0,3.0,3.0,3.0,3.0,3.0,3.0,3.0,3.0,3.0,3.0,3.0,3.0,3.0,3.0,3.0,3.0,3.0,3.0,3.1060247,3.769065,0.8579626,-12.977814
800,-1.1348598905208835,7.3369384,-4.6209135,-0.73405886,0.9948678,-0.08905886,-0.032073427,-0.035747785,-1.4733076,1.3222991,1.1033087,-0.7288066,-0.6608614,0.17746495,3.0,3.0,3.0,3.0,3.0,3.0,3.0,3.0,3.0,3.0,3.0,3.0,3.0,3.0,3.0,3.0,3.0,3.0,3.0,3.0,3.0,3.0,3.0,3.0,3.0,3.0,3.0,3.0,3.0,3.0,3.0,3.0,3.0,3.0,3.0,3.0,2.80013,-2.0272737,0.7930697,-35.99311
805,-1.1412518617568597,7.36767,-4.6486845,-0.75590867,0.994157,-0.09552381,-0.03842301,-0.03241388,-1.4784814,1.3460356,1.0421962,-0.74900395,-0.58727527,0.5715672,3.0,3.0,3.0,3.0,3.0,3.0,3.0,3.0,3.0,3.0,3.0,3.0,3.0,3.0,3.0,3.0,3.0,3.0,3.0,3.0,3.0,3.0,3.0,3.0,3.0,3.0,3.0,3.0,3.0,3.0,3.0,3.0,3.0,3.0,3.0,3.0,-1.6581404,0.8039894,0.8828988,-24.25684
810,-1.145732457507564,7.3986244,-4.677229,-0.77781665,0.99340534,-0.100450605,-0.047976334,-0.02745465,-1.4898385,1.383139,1.0410917,-0.4561557,-0.9304986,0.5538758,3.0,3.0,3.0,3.0,3.0,3.0,3.0,3.0,3.0,3.0,3.0,3.0,3.0,3.0,3.0,3.0,3.0,3.0,3.0,3.0,3.0,3.0,3.0,3.0,3.0,3.0,3.0,3.0,3.0,3.0,3.0,3.0,3.0,3.0,3.0,3.0,0.8859439,3.8884869,0.6297016,40.50318
815,-1.1420668492130006,7.429851,-4.7065296,-0.79946786,0.99229956,-0.10699142,-0.056024667,-0.027488612,-1.5064751,1.4247037,1.0497915,-0.7169059,-0.7197206,-0.30310783,3.0,3.0,3.0,3.0,3.0,3.0,3.0,3.0,3.0,3.0,3.0,3.0,3.0,3.0,3.0,3.0,3.0,3.0,3.0,3.0,3.0,3.0,3.0,3.0,3.0,3.0,3.0,3.0,3.0,3.0,3.0,3.0,3.0,3.0,3.0,3.0,-0.84052086,3.7656956,0.9576318,35.82743
820,-1.1510123134060741,7.461529,-4.73687,-0.82194054,0.9907818,-0.11659984,-0.06331251,-0.02734029,-1.5262607,1.4699044,1.0620215,-0.8803585,-0.8037269,0.18018702,3.0,3.0,3.0,3.0,3.0,3.0,3.0,3.0,3.0,3.0,3.0,3.0,3.0,3.0,3.0,3.0,3.0,3.0,3.0,3.0,3.0,3.0,3.0,3.0,3.0,3.0,3.0,3.0,3.0,3.0,3.0,3.0,3.0,3.0,3.0,3.0,-3.2336454,1.9345655,0.82626784,16.869179
825,-1.167455753822754,7.493577,-4.768041,-0.8439342,0.98883814,-0.12775452,-0.07228665,-0.025545396,-1.547925,1.5162642,1.0581497,-1.2230401,-0.84143555,0.2546843,3.0,3.0,3.0,3.0,3.0,3.0,3.0,3.0,3.0,3.0,3.0,3.0,3.0,3.0,3.0,3.0,3.0,3.0,3.0,3.0,3.0,3.0,3.0,3.0,3.0,3.0,3.0,3.0,3.0,3.0,3.0,3.0,3.0,3.0,3.0,3.0,1.8234367,-4.19396,0.9697809,28.763786
830,-1.1662042225609137,7.5259233,-4.7998624,-0.8644532,0.98654735,-0.13973083,-0.08152926,-0.02350847,-1.5559069,1.5350184,0.9355612,-1.1955054,-0.83845574,0.20894654,3.0,3.0,3.0,3.0,3.0,3.0,3.0,3.0,3.0,3.0,3.0,3.0,3.0,3.0,3.0,3.0,3.0,3.0,3.0,3.0,3.0,3.0,3.0,3.0,3.0,3.0,3.0,3.0,3.0,3.0,3.0,3.0,3.0,3.0,3.0,3.0,0.4147854,-2.9150896,0.99595,11.247051
835,-1.161064801250331,7.5584736,-4.832132,-0.88252044,0.98424804,-0.1508848,-0.089828625,-0.020503493,-1.5665435,1.5577382,0.81916535,-1.1130354,-0.7120485,0.33287108,3.0,3.0,3.0,3.0,3.0,3.0,3.0,3.0,3.0,3.0,3.0,3.0,3.0,3.0,3.0,3.0,3.0,3.0,3.0,3.0,3.0,3.0,3.0,3.0,3.0,3.0,3.0,3.0,3.0,3.0,3.0,3.0,3.0,3.0,3.0,3.0,2.814146,-4.268816,0.9678391,-26.362011
840,-1.1613798022550226,7.591242,-4.8648586,-0.89802563,0.9818082,-0.16178742,-0.09789213,-0.01716549,-1.5772712,1.5798594,0.69424194,-1.1083118,-0.7138767,0.33376396,3.0,3.0,3.0,3.0,3.0,3.0,3.0,3.0,3.0,3.0,3.0,3.0,3.0,3.0,3.0,3.0,3.0,3.0,3.0,3.0,3.0,3.0,3.0,3.0,3.0,3.0,3.0,3.0,3.0,3.0,3.0,3.0,3.0,3.0,3.0,3.0,-2.7751899,-4.680495,0.99177647,16.002735
845,-1.1462670197955382,7.6243052,-4.8981614,-0.9111928,0.979688,-0.17013195,-0.10494842,-0.015887668,-1.5940096,1.611673,0.59175926,-0.7395576,-0.7260281,0.084230244,3.0,3.0,3.0,3.0,3.0,3.0,3.0,3.0,3.0,3.0,3.0,3.0,3.0,3.0,3.0,3.0,3.0,3.0,3.0,3.0,3.0,3.0,3.0,3.0,3.0,3.0,3.0,3.0,3.0,3.0,3.0,3.0,3.0,3.0,3.0,3.0,2.2857928,-4.3593025,0.89675677,15.350254
850,-1.1365051870648555,7.6577606,-4.9321885,-0.9223293,0.97797185,-0.17551239,-0.11162905,-0.017476145,-1.6153249,1.6502101,0.5025427,-0.3087932,-0.7025128,-0.25789693,3.0,3.0,3.0,3.0,3.0,3.0,3.0,3.0,3.0,3.0,3.0,3.0,3.0,3.0,3.0,3.0,3.0,3.0,3.0,3.0,3.0,3.0,3.0,3.0,3.0,3.0,3.0,3.0,3.0,3.0,3.0,3.0,3.0,3.0,3.0,3.0,-2.3918314,-3.0234866,0.98898935,-10.930603
855,-1.1498216906288714,7.691825,-4.967275,-0.93224317,0.9771331,-0.17560878,-0.11741906,-0.024192577,-1.6482925,1.7066141,0.45739865,0.21117581,-0.7657564,-0.64087236,3.0,3.0,3.0,3.0,3.0,3.0,3.0,3.0,3.0,3.0,3.0,3.0,3.0,3.0,3.0,3.0,3.0,3.0,3.0,3.0,3.0,3.0,3.0,3.0,3.0,3.0,3.0,3.0,3.0,3.0,3.0,3.0,3.0,3.0,3.0,3.0,2.7711983,2.6366606,0.90204453,30.110062
860,-1.1686214657692144,7.726917,-5.0040503,-0.9425508,0.97672373,-0.17347948,-0.12168052,-0.033309527,-1.7126021,1.8103487,0.5355799,0.52893496,-0.7624533,-0.8937192,3.0,3.0,3.0,3.0,3.0,3.0,3.0,3.0,3.0,3.0,3.0,3.0,3.0,3.0,3.0,3.0,3.0,3.0,3.0,3.0,3.0,3.0,3.0,3.0,3.0,3.0,3.0,3.0,3.0,3.0,3.0,3.0,3.0,3.0,3.0,3.0,-3.402232,2.1697865,0.8939185,15.78569
865,-1.180479562838432,7.7634277,-5.0430703,-0.95474035,0.9767318,-0.16637896,-0.12793446,-0.044111405,-1.7779771,1.9117643,0.6116455,0.99306405,-0.7928943,-0.7105821,3.0,3.0,3.0,3.0,3.0,3.0,3.0,3.0,3.0,3.0,3.0,3.0,3.0,3.0,3.0,3.0,3.0,3.0,3.0,3.0,3.0,3.0,3.0,3.0,3.0,3.0,3.0,3.0,3.0,3.0,3.0,3.0,3.0,3.0,3.0,3.0,2.3490424,-2.4219747,0.4087274,44.372055
870,-1.166877807070733,7.801076,-5.083779,-0.9675123,0.9771343,-0.15654336,-0.13361064,-0.053394463,-1.8302202,1.986548,0.6273247,0.9056044,-0.4028942,-0.5029864,3.0,3.0,3.0,3.0,3.0,3.0,3.0,3.0,3.0,3.0,3.0,3.0,3.0,3.0,3.0,3.0,3.0,3.0,3.0,3.0,3.0,3.0,3.0,3.0,3.0,3.0,3.0,3.0,3.0,3.0,3.0,3.0,3.0,3.0,3.0,3.0,3.760291,1.3547325,0.80753183,40.593155
875,-1.1563036924573185,7.839812,-5.125963,-0.9805398,0.97775424,-0.14811203,-0.13607228,-0.059529573,-1.891436,2.0663006,0.67128164,0.7201972,-0.17607558,-0.27893975,3.0,3.0,3.0,3.0,3.0,3.0,3.0,3.0,3.0,3.0,3.0,3.0,3.0,3.0,3.0,3.0,3.0,3.0,3.0,3.0,3.0,3.0,3.0,3.0,3.0,3.0,3.0,3.0,3.0,3.0,3.0,3.0,3.0,3.0,3.0,3.0,-0.83741474,2.5965452,0.97045565,35.119347
880,-1.1633309456747138,7.880037,-5.170033,-0.9952733,0.97850263,-0.14118375,-0.13687055,-0.062178805,-1.95186,2.1413102,0.7121719,0.8024799,-0.2894633,-0.031315062,3.0,3.0,3.0,3.0,3.0,3.0,3.0,3.0,3.0,3.0,3.0,3.0,3.0,3.0,3.0,3.0,3.0,3.0,3.0,3.0,3.0,3.0,3.0,3.0,3.0,3.0,3.0,3.0,3.0,3.0,3.0,3.0,3.0,3.0,3.0,3.0,-2.2310736,1.7428393,0.92957497,27.433228
885,-1.1551325536507049,7.9217396,-5.215861,-1.0116608,0.97952205,-0.1343813,-0.13711028,-0.060654517,-2.0318983,2.2342994,0.8247493,0.49565363,-0.10149829,0.3084575,3.0,3.0,3.0,3.0,3.0,3.0,3.0,3.0,3.0,3.0,3.0,3.0,3.0,3.0,3.0,3.0,3.0,3.0,3.0,3.0,3.0,3.0,3.0,3.0,3.0,3.0,3.0,3.0,3.0,3.0,3.0,3.0,3.0,3.0,3.0,3.0,-3.062582,-1.4036303,0.97535443,44.56398
890,-1.173750526867483,7.9649167,-5.2633414,-1.0296836,0.98023707,-0.12730065,-0.13946421,-0.058987625,-2.1024637,2.311285,0.9021703,0.56095505,-0.3166097,0.6054305,3.0,3.0,3.0,3.0,3.0,3.0,3.0,3.0,3.0,3.0,3.0,3.0,3.0,3.0,3.0,3.0,3.0,3.0,3.0,3.0,3.0,3.0,3.0,3.0,3.0,3.0,3.0,3.0,3.0,3.0,3.0,3.0,3.0,3.0,3.0,3.0,0.6514163,-1.1910069,0.7020261,40.196945
895,-1.1825815528236154,8.009024,-5.311797,-1.0473163,0.98077184,-0.11952329,-0.1441878,-0.054869197,-2.1270506,2.335467,0.8093772,0.7220085,-0.5082133,0.5121792,3.0,3.0,3.0,3.0,3.0,3.0,3.0,3.0,3.0,3.0,3.0,3.0,3.0,3.0,3.0,3.0,3.0,3.0,3.0,3.0,3.0,3.0,3.0,3.0,3.0,3.0,3.0,3.0,3.0,3.0,3.0,3.0,3.0,3.0,3.0,3.0,-0.08642197,4.0336905,0.91041505,43.398224
900,-1.1815202903123243,8.054064,-5.36111,-1.0644274,0.98185813,-0.1123128,-0.14483401,-0.048616365,-2.186127,2.3879523,0.8316429,0.45370826,0.309664,0.741805,3.0,3.0,3.0,3.0,3.0,3.0,3.0,3.0,3.0,3.0,3.0,3.0,3.0,3.0,3.0,3.0,3.0,3.0,3.0,3.0,3.0,3.0,3.0,3.0,3.0,3.0,3.0,3.0,3.0,3.0,3.0,3.0,3.0,3.0,3.0,3.0,-3.1898327,3.3722,0.94638014,44.224403
905,-1.1802268945465322,8.100553,-5.411648,-1.0827209,0.98262995,-0.10926786,-0.14462663,-0.039775617,-2.2468379,2.4380193,0.8586721,0.3366186,0.16519517,0.7688876,3.0,3.0,3.0,3.0,3.0,3.0,3.0,3.0,3.0,3.0,3.0,3.0,3.0,3.0,3.0,3.0,3.0,3.0,3.0,3.0,3.0,3.0,3.0,3.0,3.0,3.0,3.0,3.0,3.0,3.0,3.0,3.0,3.0,3.0,3.0,3.0,2.506967,0.6257725,0.9190588,30.104362
910,-1.1850720405362836,8.147985,-5.4629183,-1.1004857,0.9835666,-0.102480896,-0.14465553,-0.03419412,-2.310411,2.4868104,0.8948598,0.710892,0.047315035,0.5190031,3.0,3.0,3.0,3.0,3.0,3.0,3.0,3.0,3.0,3.0,3.0,3.0,3.0,3.0,3.0,3.0,3.0,3.0,3.0,3.0,3.0,3.0,3.0,3.0,3.0,3.0,3.0,3.0,3.0,3.0,3.0,3.0,3.0,3.0,3.0,3.0,2.532422,2.5635376,0.86236596,40.221184
915,-1.1787711311979157,8.196737,-5.515156,-1.1189932,0.98480433,-0.094648816,-0.14210236,-0.031764086,-2.3732476,2.5305612,0.9297825,0.5577501,0.3359209,0.18978801,3.0,3.0,3.0,3.0,3.0,3.0,3.0,3.0,3.0,3.0,3.0,3.0,3.0,3.0,3.0,3.0,3.0,3.0,3.0,3.0,3.0,3.0,3.0,3.0,3.0,3.0,3.0,3.0,3.0,3.0,3.0,3.0,3.0,3.0,3.0,3.0,1.2944603,3.8251991,0.99686074,42.644524
920,-1.1914151223332021,8.24709,-5.5684843,-1.1393005,0.98559093,-0.08855375,-0.14012335,-0.033678435,-2.4446034,2.5779376,1.000587,0.80183655,-0.04690569,-0.24769627,3.0,3.0,3.0,3.0,3.0,3.0,3.0,3.0,3.0,3.0,3.0,3.0,3.0,3.0,3.0,3.0,3.0,3.0,3.0,3.0,3.0,3.0,3.0,3.0,3.0,3.0,3.0,3.0,3.0,3.0,3.0,3.0,3.0,3.0,3.0,3.0,-4.466449,1.3932514,0.9700736,42.28524
925,-1.1947058203916385,8.298704,-5.62261,-1.1603582,0.9860328,-0.07888332,-0.14187618,-0.03725511,-2.493935,2.6071906,0.99850804,0.82779413,-0.2777711,-0.06061201,3.0,3.0,3.0,3.0,3.0,3.0,3.0,3.0,3.0,3.0,3.0,3.0,3.0,3.0,3.0,3.0,3.0,3.0,3.0,3.0,3.0,3.0,3.0,3.0,3.0,3.0,3.0,3.0,3.0,3.0,3.0,3.0,3.0,3.0,3.0,3.0,0.18042135,0.70949745,0.9970772,44.920242
930,-1.2022193494934457,8.351077,-5.6771216,-1.1804266,0.9867267,-0.07012852,-0.1417971,-0.03668716,-2.529796,2.6239386,0.9487549,0.9654192,-0.032661017,0.20010753,3.0,3.0,3.0,3.0,3.0,3.0,3.0,3.0,3.0,3.0,3.0,3.0,3.0,3.0,3.0,3.0,3.0,3.0,3.0,3.0,3.0,3.0,3.0,3.0,3.0,3.0,3.0,3.0,3.0,3.0,3.0,3.0,3.0,3.0,3.0,3.0,-2.8972566,0.21585894,0.95665836,40.87011
935,-1.233267721988174,8.404558,-5.7321415,-1.2007188,0.9876648,-0.055311,-0.1412024,-0.038997788,-2.585343,2.6481142,0.9682771,1.5397367,0.08374097,-0.10587192,3.0,3.0,3.0,3.0,3.0,3.0,3.0,3.0,3.0,3.0,3.0,3.0,3.0,3.0,3.0,3.0,3.0,3.0,3.0,3.0,3.0,3.0,3.0,3.0,3.0,3.0,3.0,3.0,3.0,3.0,3.0,3.0,3.0,3.0,3.0,3.0,-3.75556,4.001874,0.99984574,43.53724
940,-1.2375032271517843,8.459265,-5.7876043,-1.221681,0.9883909,-0.041054904,-0.1407792,-0.03973802,-2.6473718,2.6681488,1.0121179,1.5472058,0.120804876,0.32439166,3.0,3.0,3.0,3.0,3.0,3.0,3.0,3.0,3.0,3.0,3.0,3.0,3.0,3.0,3.0,3.0,3.0,3.0,3.0,3.0,3.0,3.0,3.0,3.0,3.0,3.0,3.0,3.0,3.0,3.0,3.0,3.0,3.0,3.0,3.0,3.0,-1.1939712,2.9154596,0.9973093,37.072044
945,-1.2296291802646606,8.51534,-5.8434014,-1.2438478,0.9893006,-0.027782856,-0.13876374,-0.035454243,-2.722036,2.6842299,1.1029148,1.2342514,-0.032014664,0.5944942,3.0,3.0,3.0,3.0,3.0,3.0,3.0,3.0,3.0,3.0,3.0,3.0,3.0,3.0,3.0,3.0,3.0,3.0,3.0,3.0,3.0,3.0,3.0,3.0,3.0,3.0,3.0,3.0,3.0,3.0,3.0,3.0,3.0,3.0,3.0,3.0,3.1599178,2.7606363,0.99930036,43.90754
950,-1.2325546883019793,8.572559,-5.8993325,-1.2665126,0.9894766,-0.01509219,-0.14071083,-0.030145058,-2.7628212,2.6844573,1.0775528,1.1982007,-0.3449808,0.63932437,3.0,3.0,3.0,3.0,3.0,3.0,3.0,3.0,3.0,3.0,3.0,3.0,3.0,3.0,3.0,3.0,3.0,3.0,3.0,3.0,3.0,3.0,3.0,3.0,3.0,3.0,3.0,3.0,3.0,3.0,3.0,3.0,3.0,3.0,3.0,3.0,0.82454014,1.1992283,0.99748564,43.4526
955,-1.2400328690794797,8.630465,-5.955185,-1.2880514,0.98947847,8.9524576e-05,-0.1423546,-0.025836641,-2.7865512,2.6776347,0.9907939,1.4199798,-0.16360174,0.59110767,3.0,3.0,3.0,3.0,3.0,3.0,3.0,3.0,3.0,3.0,3.0,3.0,3.0,3.0,3.0,3.0,3.0,3.0,3.0,3.0,3.0,3.0,3.0,3.0,3.0,3.0,3.0,3.0,3.0,3.0,3.0,3.0,3.0,3.0,3.0,3.0,3.034688,3.6654644,0.996536,44.66726
960,-1.2222894963514548,8.688985,-6.0108376,-1.308176,0.989572,0.01309922,-0.14193687,-0.020727431,-2.8332727,2.6661901,0.9811921,0.8749939,-0.016484508,0.75706744,3.0,3.0,3.0,3.0,3.0,3.0,3.0,3.0,3.0,3.0,3.0,3.0,3.0,3.0,3.0,3.0,3.0,3.0,3.0,3.0,3.0,3.0,3.0,3.0,3.0,3.0,3.0,3.0,3.0,3.0,3.0,3.0,3.0,3.0,3.0,3.0,-1.2646711,3.382203,0.9903953,43.66461
965,-1.2117764443553027,8.748788,-6.0661716,-1.3291762,0.9898772,0.021449309,-0.13941558,-0.015694192,-2.9015768,2.6479316,1.0478529,0.7339708,0.076674804,0.5133659,3.0,3.0,3.0,3.0,3.0,3.0,3.0,3.0,3.0,3.0,3.0,3.0,3.0,3.0,3.0,3.0,3.0,3.0,3.0,3.0,3.0,3.0,3.0,3.0,3.0,3.0,3.0,3.0,3.0,3.0,3.0,3.0,3.0,3.0,3.0,3.0,-2.911707,3.625657,0.9952507,32.213516
970,-1.2028159682740942,8.809982,-6.121071,-1.3515207,0.9902119,0.027215153,-0.13640404,-0.011560268,-2.963085,2.625797,1.0963854,0.3038839,0.32154605,0.52323604,3.0,3.0,3.0,3.0,3.0,3.0,3.0,3.0,3.0,3.0,3.0,3.0,3.0,3.0,3.0,3.0,3.0,3.0,3.0,3.0,3.0,3.0,3.0,3.0,3.0,3.0,3.0,3.0,3.0,3.0,3.0,3.0,3.0,3.0,3.0,3.0,-2.4872506,3.2850904,0.9992881,0.59518814
975,-1.2000301132393625,8.872564,-6.175444,-1.3753468,0.9907561,0.031304836,-0.13175157,-0.007995249,-3.0293484,2.5992484,1.1699659,0.2673239,0.40574008,0.3245242,3.0,3.0,3.0,3.0,3.0,3.0,3.0,3.0,3.0,3.0,3.0,3.0,3.0,3.0,3.0,3.0,3.0,3.0,3.0,3.0,3.0,3.0,3.0,3.0,3.0,3.0,3.0,3.0,3.0,3.0,3.0,3.0,3.0,3.0,3.0,3.0,-4.367354,0.23165703,0.9987645,10.858559
980,-1.218878101390255,8.936461,-6.2292366,-1.4005979,0.99059117,0.039360236,-0.13077809,-0.008775555,-3.0806286,2.5729547,1.1981307,0.9388659,0.059669152,0.043954827,3.0,3.0,3.0,3.0,3.0,3.0,3.0,3.0,3.0,3.0,3.0,3.0,3.0,3.0,3.0,3.0,3.0,3.0,3.0,3.0,3.0,3.0,3.0,3.0,3.0,3.0,3.0,3.0,3.0,3.0,3.0,3.0,3.0,3.0,3.0,3.0,-2.0989056,0.917912,0.9995862,-12.0551605
985,-1.2442786824521188,9.001123,-6.2825084,-1.425353,0.9902824,0.052360017,-0.1285946,-0.007913412,-3.1159713,2.5468726,1.1699902,1.3771551,0.22700542,0.36027437,3.0,3.0,3.0,3.0,3.0,3.0,3.0,3.0,3.0,3.0,3.0,3.0,3.0,3.0,3.0,3.0,3.0,3.0,3.0,3.0,3.0,3.0,3.0,3.0,3.0,3.0,3.0,3.0,3.0,3.0,3.0,3.0,3.0,3.0,3.0,3.0,0.43234587,-4.043125,0.9993551,21.036705
990,-1.253600575222268,9.066475,-6.335186,-1.4493911,0.98985445,0.067035295,-0.12520996,-0.004105037,-3.152724,2.5144243,1.1511071,1.4870418,0.435167,0.44833618,3.0,3.0,3.0,3.0,3.0,3.0,3.0,3.0,3.0,3.0,3.0,3.0,3.0,3.0,3.0,3.0,3.0,3.0,3.0,3.0,3.0,3.0,3.0,3.0,3.0,3.0,3.0,3.0,3.0,3.0,3.0,3.0,3.0,3.0,3.0,3.0,-2.9963155,-3.0054739,0.9988558,-31.590994
995,-1.253112243353389,9.132874,-6.386956,-1.4742014,0.9893679,0.0840253,-0.11867575,-0.0026361074,-3.2048388,2.4667742,1.1989628,1.4092687,0.54552007,0.51139,3.0,3.0,3.0,3.0,3.0,3.0,3.0,3.0,3.0,3.0,3.0,3.0,3.0,3.0,3.0,3.0,3.0,3.0,3.0,3.0,3.0,3.0,3.0,3.0,3.0,3.0,3.0,3.0,3.0,3.0,3.0,3.0,3.0,3.0,3.0,3.0,-2.0238285,3.5599346,0.99979794,-31.813503
1000,-1.2396664433031281,9.199998,-6.4378347,-1.4987348,0.9886848,0.09847597,-0.11315155,-0.0012660462,-3.2326956,2.4253333,1.1617017,1.2133218,0.32540122,0.43085232,3.0,3.0,3.0,3.0,3.0,3.0,3.0,3.0,3.0,3.0,3.0,3.0,3.0,3.0,3.0,3.0,3.0,3.0,3.0,3.0,3.0,3.0,3.0,3.0,3.0,3.0,3.0,3.0,3.0,3.0,3.0,3.0,3.0,3.0,3.0,3.0,-4.585404,3.8707333,0.99638796,26.235687
1005,-1.2221249000645713,9.267646,-6.4878173,-1.5223508,0.9879785,0.10827363,-0.110274814,0.003844037,-3.2562854,2.3813696,1.1136398,0.63370615,0.18660605,0.73747504,3.0,3.0,3.0,3.0,3.0,3.0,3.0,3.0,3.0,3.0,3.0,3.0,3.0,3.0,3.0,3.0,3.0,3.0,3.0,3.0,3.0,3.0,3.0,3.0,3.0,3.0,3.0,3.0,3.0,3.0,3.0,3.0,3.0,3.0,3.0,3.0,-2.0284443,3.4926605,0.99995303,-10.081417
1010,-1.211321696932096,9.335695,-6.5369177,-1.5446383,0.9879708,0.11351353,-0.10475587,0.007387716,-3.272303,2.3408036,1.0380358,0.38810685,0.6243289,0.295319,3.0,3.0,3.0,3.0,3.0,3.0,3.0,3.0,3.0,3.0,3.0,3.0,3.0,3.0,3.0,3.0,3.0,3.0,3.0,3.0,3.0,3.0,3.0,3.0,3.0,3.0,3.0,3.0,3.0,3.0,3.0,3.0,3.0,3.0,3.0,3.0,-1.1345279,4.4770412,0.9998642,-42.086933
1015,-1.2090411482086645,9.40416,-6.585039,-1.5658455,0.9885613,0.114431754,-0.09777825,0.0095615145,-3.3006692,2.2829642,1.030196,-0.26367855,0.54350644,0.44453287,3.0,3.0,3.0,3.0,3.0,3.0,3.0,3.0,3.0,3.0,3.0,3.0,3.0,3.0,3.0,3.0,3.0,3.0,3.0,3.0,3.0,3.0,3.0,3.0,3.0,3.0,3.0,3.0,3.0,3.0,3.0,3.0,3.0,3.0,3.0,3.0,-0.4770465,-1.1322689,0.99994946,-24.577677
1020,-1.2105945645622342,9.47341,-6.631681,-1.5880365,0.98930717,0.11485488,-0.08886231,0.013533662,-3.338104,2.2102935,1.0849204,-0.019490264,0.697101,0.37159422,3.0,3.0,3.0,3.0,3.0,3.0,3.0,3.0,3.0,3.0,3.0,3.0,3.0,3.0,3.0,3.0,3.0,3.0,3.0,3.0,3.0,3.0,3.0,3.0,3.0,3.0,3.0,3.0,3.0,3.0,3.0,3.0,3.0,3.0,3.0,3.0,1.7351336,3.8110847,0.99995255,-41.940254
1025,-1.2287555641838162,9.5431385,-6.6771183,-1.6100891,0.990322,0.11326419,-0.07882481,0.014840223,-3.3607826,2.1500788,1.088801,-0.17208496,1.1512651,-0.052192528,3.0,3.0,3.0,3.0,3.0,3.0,3.0,3.0,3.0,3.0,3.0,3.0,3.0,3.0,3.0,3.0,3.0,3.0,3.0,3.0,3.0,3.0,3.0,3.0,3.0,3.0,3.0,3.0,3.0,3.0,3.0,3.0,3.0,3.0,3.0,3.0,-0.62422323,3.8128328,0.9999933,-42.969738
1030,-1.210413400577138,9.613387,-6.7211766,-1.6328036,0.9913966,0.11053006,-0.06905104,0.012158747,-3.3811224,2.087796,1.1069298,-0.5043996,0.6299168,-0.009768513,3.0,3.0,3.0,3.0,3.0,3.0,3.0,3.0,3.0,3.0,3.0,3.0,3.0,3.0,3.0,3.0,3.0,3.0,3.0,3.0,3.0,3.0,3.0,3.0,3.0,3.0,3.0,3.0,3.0,3.0,3.0,3.0,3.0,3.0,3.0,3.0,-1.9608784,-1.3039141,0.99999654,-44.56587
1035,-1.2190238164317893,9.684066,-6.7638674,-1.6562841,0.9922972,0.10819346,-0.05921302,0.011589567,-3.3979707,2.0262494,1.1294138,-0.13727595,0.97194564,-0.15817866,3.0,3.0,3.0,3.0,3.0,3.0,3.0,3.0,3.0,3.0,3.0,3.0,3.0,3.0,3.0,3.0,3.0,3.0,3.0,3.0,3.0,3.0,3.0,3.0,3.0,3.0,3.0,3.0,3.0,3.0,3.0,3.0,3.0,3.0,3.0,3.0,-3.79468,-0.70384073,0.99999475,-44.731983
1040,-1.2140787923915188,9.755019,-6.805332,-1.6800777,0.99294055,0.10622816,-0.052081503,0.008494007,-3.406996,1.9730624,1.120798,-0.40639895,0.7880779,-0.2357773,3.0,3.0,3.0,3.0,3.0,3.0,3.0,3.0,3.0,3.0,3.0,3.0,3.0,3.0,3.0,3.0,3.0,3.0,3.0,3.0,3.0,3.0,3.0,3.0,3.0,3.0,3.0,3.0,3.0,3.0,3.0,3.0,3.0,3.0,3.0,3.0,-1.9327819,1.7725077,0.99994874,-44.077126
1045,-1.2360725649231943,9.826087,-6.845767,-1.7034222,0.9940898,0.10055237,-0.040673953,0.004517424,-3.4123714,1.9223676,1.1082892,-0.7138778,1.1492442,-0.2665785,3.0,3.0,3.0,3.0,3.0,3.0,3.0,3.0,3.0,3.0,3.0,3.0,3.0,3.0,3.0,3.0,3.0,3.0,3.0,3.0,3.0,3.0,3.0,3.0,3.0,3.0,3.0,3.0,3.0,3.0,3.0,3.0,3.0,3.0,3.0,3.0,-4.6984677,3.2475252,0.9999752,-35.272285
1050,-1.2246144851282825,9.897233,-6.8851256,-1.7267936,0.9952561,0.09136438,-0.03334459,0.0024295703,-3.4155657,1.8692338,1.1228904,-1.0887326,0.4281444,0.0047725285,3.0,3.0,3.0,3.0,3.0,3.0,3.0,3.0,3.0,3.0,3.0,3.0,3.0,3.0,3.0,3.0,3.0,3.0,3.0,3.0,3.0,3.0,3.0,3.0,3.0,3.0,3.0,3.0,3.0,3.0,3.0,3.0,3.0,3.0,3.0,3.0,-1.4697261,1.0348725,0.99999046,-42.321774
1055,-1.2387520175857727,9.968389,-6.923473,-1.7502791,0.99644566,0.08029856,-0.02527523,0.0030561779,-3.415448,1.8212578,1.1363174,-1.1460589,0.9242455,0.025342545,3.0,3.0,3.0,3.0,3.0,3.0,3.0,3.0,3.0,3.0,3.0,3.0,3.0,3.0,3.0,3.0,3.0,3.0,3.0,3.0,3.0,3.0,3.0,3.0,3.0,3.0,3.0,3.0,3.0,3.0,3.0,3.0,3.0,3.0,3.0,3.0,-3.1411717,0.64067936,0.9999865,-42.552128
1060,-1.2441965138258078,10.039502,-6.960878,-1.7740825,0.99753237,0.06832384,-0.016152663,0.0002622565,-3.4115007,1.7791399,1.1460619,-1.1635572,1.0597677,-0.30253187,3.0,3.0,3.0,3.0,3.0,3.0,3.0,3.0,3.0,3.0,3.0,3.0,3.0,3.0,3.0,3.0,3.0,3.0,3.0,3.0,3.0,3.0,3.0,3.0,3.0,3.0,3.0,3.0,3.0,3.0,3.0,3.0,3.0,3.0,3.0,3.0,-0.71549654,1.6917334,0.9999962,-44.778084
1065,-1.2547457691693376,10.11049,-6.9974384,-1.7983876,0.99834013,0.057306085,-0.0027812135,-0.0050245747,-3.4038882,1.7398931,1.1773889,-0.9731834,1.4736336,-0.48941922,3.0,3.0,3.0,3.0,3.0,3.0,3.0,3.0,3.0,3.0,3.0,3.0,3.0,3.0,3.0,3.0,3.0,3.0,3.0,3.0,3.0,3.0,3.0,3.0,3.0,3.0,3.0,3.0,3.0,3.0,3.0,3.0,3.0,3.0,3.0,3.0,-3.3431218,0.8556123,0.99999666,-35.584335
1070,-1.2455413589022752,10.18124,-7.0332475,-1.8233613,0.9986303,0.04933605,0.010765653,-0.0136971865,-3.389896,1.7051879,1.2151275,-0.5278318,1.3457414,-0.8358336,3.0,3.0,3.0,3.0,3.0,3.0,3.0,3.0,3.0,3.0,3.0,3.0,3.0,3.0,3.0,3.0,3.0,3.0,3.0,3.0,3.0,3.0,3.0,3.0,3.0,3.0,3.0,3.0,3.0,3.0,3.0,3.0,3.0,3.0,3.0,3.0,-4.52784,2.3744287,0.99986935,-43.715435
1075,-1.2215350633502566,10.251632,-7.068423,-1.848713,0.99867415,0.042198323,0.020298421,-0.021382233,-3.3710103,1.6784103,1.2092398,-0.85902846,0.7128654,-0.4790868,3.0,3.0,3.0,3.0,3.0,3.0,3.0,3.0,3.0,3.0,3.0,3.0,3.0,3.0,3.0,3.0,3.0,3.0,3.0,3.0,3.0,3.0,3.0,3.0,3.0,3.0,3.0,3.0,3.0,3.0,3.0,3.0,3.0,3.0,3.0,3.0,-4.0197606,0.745759,0.9999871,-43.613094
1080,-1.213452924624868,10.321576,-7.1030636,-1.8741162,0.99867123,0.035181023,0.024304263,-0.02876454,-3.3481796,1.653122,1.2217982,-0.71491146,0.44367728,-0.67407006,3.0,3.0,3.0,3.0,3.0,3.0,3.0,3.0,3.0,3.0,3.0,3.0,3.0,3.0,3.0,3.0,3.0,3.0,3.0,3.0,3.0,3.0,3.0,3.0,3.0,3.0,3.0,3.0,3.0,3.0,3.0,3.0,3.0,3.0,3.0,3.0,-4.6596074,1.4834166,0.999992,-44.452446
1085,-1.2109540433632067,10.391039,-7.137239,-1.8995107,0.9987754,0.025489965,0.026124708,-0.033397354,-3.3247561,1.6324157,1.2173955,-1.0228626,0.060782492,-0.24163069,3.0,3.0,3.0,3.0,3.0,3.0,3.0,3.0,3.0,3.0,3.0,3.0,3.0,3.0,3.0,3.0,3.0,3.0,3.0,3.0,3.0,3.0,3.0,3.0,3.0,3.0,3.0,3.0,3.0,3.0,3.0,3.0,3.0,3.0,3.0,3.0,-0.43530846,3.460123,0.9999902,-44.812458
1090,-1.2030090386475636,10.45999,-7.1710176,-1.9251328,0.9988307,0.015378668,0.02761973,-0.036577996,-3.2994776,1.614665,1.2379802,-0.8579122,0.17075193,-0.27100882,3.0,3.0,3.0,3.0,3.0,3.0,3.0,3.0,3.0,3.0,3.0,3.0,3.0,3.0,3.0,3.0,3.0,3.0,3.0,3.0,3.0,3.0,3.0,3.0,3.0,3.0,3.0,3.0,3.0,3.0,3.0,3.0,3.0,3.0,3.0,3.0,-3.5025973,2.9410162,0.99992466,-41.933086
1095,-1.2281982274710739,10.528407,-7.204487,-1.9511489,0.9987153,0.0035231153,0.030713294,-0.040150788,-3.2736776,1.601715,1.256213,-1.2284164,0.6164606,-0.42752483,3.0,3.0,3.0,3.0,3.0,3.0,3.0,3.0,3.0,3.0,3.0,3.0,3.0,3.0,3.0,3.0,3.0,3.0,3.0,3.0,3.0,3.0,3.0,3.0,3.0,3.0,3.0,3.0,3.0,3.0,3.0,3.0,3.0,3.0,3.0,3.0,-2.6303573,3.1014643,0.99999404,-37.159103
1100,-1.2260493035823186,10.596276,-7.2377563,-1.9774256,0.9985251,-0.009929783,0.03431176,-0.040887747,-3.2458935,1.5945442,1.278762,-1.3124586,0.5254322,0.027269429,3.0,3.0,3.0,3.0,3.0,3.0,3.0,3.0,3.0,3.0,3.0,3.0,3.0,3.0,3.0,3.0,3.0,3.0,3.0,3.0,3.0,3.0,3.0,3.0,3.0,3.0,3.0,3.0,3.0,3.0,3.0,3.0,3.0,3.0,3.0,3.0,-0.30459356,2.3716612,0.99999285,-16.039272
1105,-1.2358084033697572,10.663548,-7.270947,-2.004107,0.9979644,-0.025825102,0.039783634,-0.04263153,-3.2176054,1.5930907,1.281486,-1.4640106,0.6961185,-0.13897647,3.0,3.0,3.0,3.0,3.0,3.0,3.0,3.0,3.0,3.0,3.0,3.0,3.0,3.0,3.0,3.0,3.0,3.0,3.0,3.0,3.0,3.0,3.0,3.0,3.0,3.0,3.0,3.0,3.0,3.0,3.0,3.0,3.0,3.0,3.0,3.0,0.06246376,2.8778734,0.99999905,-36.960434
1110,-1.2246928610922814,10.730211,-7.304182,-2.0307274,0.9971439,-0.041661106,0.045308568,-0.043765537,-3.188764,1.5968362,1.2614716,-1.3789806,0.35248548,-0.0008870162,3.0,3.0,3.0,3.0,3.0,3.0,3.0,3.0,3.0,3.0,3.0,3.0,3.0,3.0,3.0,3.0,3.0,3.0,3.0,3.0,3.0,3.0,3.0,3.0,3.0,3.0,3.0,3.0,3.0,3.0,3.0,3.0,3.0,3.0,3.0,3.0,1.0862737,2.2591562,0.9999912,-36.62774
1115,-1.2276902930327676,10.796227,-7.3375883,-2.057103,0.9961634,-0.05558504,0.051445268,-0.043841273,-3.1561182,1.607937,1.2582842,-1.2572869,0.78713787,0.21765587,3.0,3.0,3.0,3.0,3.0,3.0,3.0,3.0,3.0,3.0,3.0,3.0,3.0,3.0,3.0,3.0,3.0,3.0,3.0,3.0,3.0,3.0,3.0,3.0,3.0,3.0,3.0,3.0,3.0,3.0,3.0,3.0,3.0,3.0,3.0,3.0,1.6603117,1.7632189,0.9999876,-33.95216
1120,-1.2172532684164579,10.861598,-7.3712306,-2.0827856,0.9948966,-0.0695072,0.05925848,-0.042871594,-3.1267638,1.6185195,1.2008332,-1.110865,0.63655454,0.28670087,3.0,3.0,3.0,3.0,3.0,3.0,3.0,3.0,3.0,3.0,3.0,3.0,3.0,3.0,3.0,3.0,3.0,3.0,3.0,3.0,3.0,3.0,3.0,3.0,3.0,3.0,3.0,3.0,3.0,3.0,3.0,3.0,3.0,3.0,3.0,3.0,2.2812324,0.07892561,0.9999919,-6.901497
1125,-1.208804107309476,10.926162,-7.405324,-2.1085398,0.9938688,-0.07847589,0.06812254,-0.037757304,-3.0839407,1.644933,1.2301308,-0.6766454,0.83103704,0.43292993,3.0,3.0,3.0,3.0,3.0,3.0,3.0,3.0,3.0,3.0,3.0,3.0,3.0,3.0,3.0,3.0,3.0,3.0,3.0,3.0,3.0,3.0,3.0,3.0,3.0,3.0,3.0,3.0,3.0,3.0,3.0,3.0,3.0,3.0,3.0,3.0,-0.018907547,1.8959017,0.99989843,-40.486343
1130,-1.2205631844274991,10.989747,-7.4400578,-2.135076,0.99242496,-0.08744238,0.07914806,-0.03438186,-3.0347822,1.6778492,1.272836,-0.79584783,1.0694776,0.4439965,3.0,3.0,3.0,3.0,3.0,3.0,3.0,3.0,3.0,3.0,3.0,3.0,3.0,3.0,3.0,3.0,3.0,3.0,3.0,3.0,3.0,3.0,3.0,3.0,3.0,3.0,3.0,3.0,3.0,3.0,3.0,3.0,3.0,3.0,3.0,3.0,-2.9142041,1.9355698,0.99999106,-33.607906
1135,-1.2186523335022117,11.052418,-7.4753513,-2.1613765,0.9910351,-0.09739869,0.08672348,-0.029017001,-2.984062,1.7116237,1.2891295,-1.0867506,0.7766791,0.3497465,3.0,3.0,3.0,3.0,3.0,3.0,3.0,3.0,3.0,3.0,3.0,3.0,3.0,3.0,3.0,3.0,3.0,3.0,3.0,3.0,3.0,3.0,3.0,3.0,3.0,3.0,3.0,3.0,3.0,3.0,3.0,3.0,3.0,3.0,3.0,3.0,2.8368425,0.1871705,0.9999907,-41.50141
1140,-1.2204954945984352,11.11396,-7.511434,-2.1882188,0.98933464,-0.10740881,0.09525074,-0.024650171,-2.9344509,1.745245,1.283324,-1.0650898,0.8849766,0.39158073,3.0,3.0,3.0,3.0,3.0,3.0,3.0,3.0,3.0,3.0,3.0,3.0,3.0,3.0,3.0,3.0,3.0,3.0,3.0,3.0,3.0,3.0,3.0,3.0,3.0,3.0,3.0,3.0,3.0,3.0,3.0,3.0,3.0,3.0,3.0,3.0,-2.6531858,0.9686208,0.9999907,19.172836
1145,-1.215933148928034,11.174516,-7.548179,-2.2144992,0.9876405,-0.1170152,0.10242139,-0.019584075,-2.8871317,1.7772475,1.2496732,-0.9452989,0.6531548,0.7454804,3.0,3.0,3.0,3.0,3.0,3.0,3.0,3.0,3.0,3.0,3.0,3.0,3.0,3.0,3.0,3.0,3.0,3.0,3.0,3.0,3.0,3.0,3.0,3.0,3.0,3.0,3.0,3.0,3.0,3.0,3.0,3.0,3.0,3.0,3.0,3.0,-3.0827255,0.6898885,0.99999905,-34.53229
1150,-1.2004611764237938,11.234037,-7.585659,-2.2401662,0.9860216,-0.12709607,0.106552474,-0.015956037,-2.8387089,1.8118441,1.2118198,-0.96842575,0.42159802,0.21906209,3.0,3.0,3.0,3.0,3.0,3.0,3.0,3.0,3.0,3.0,3.0,3.0,3.0,3.0,3.0,3.0,3.0,3.0,3.0,3.0,3.0,3.0,3.0,3.0,3.0,3.0,3.0,3.0,3.0,3.0,3.0,3.0,3.0,3.0,3.0,3.0,-3.4465897,4.348133,0.9999831,-34.419304
1155,-1.209323397808564,11.292433,-7.6240215,-2.2654946,0.9839166,-0.1400077,0.11010447,-0.013527601,-2.788693,1.8504704,1.1760956,-1.1791352,0.3683033,0.31945887,3.0,3.0,3.0,3.0,3.0,3.0,3.0,3.0,3.0,3.0,3.0,3.0,3.0,3.0,3.0,3.0,3.0,3.0,3.0,3.0,3.0,3.0,3.0,3.0,3.0,3.0,3.0,3.0,3.0,3.0,3.0,3.0,3.0,3.0,3.0,3.0,0.1754179,1.2886281,0.99999344,-41.344902
1160,-1.2009937002298774,11.34967,-7.6633863,-2.290481,0.9821341,-0.14896598,0.11467713,-0.0084227575,-2.7259321,1.9082389,1.1882457,-0.76385546,0.53196985,0.63614994,3.0,3.0,3.0,3.0,3.0,3.0,3.0,3.0,3.0,3.0,3.0,3.0,3.0,3.0,3.0,3.0,3.0,3.0,3.0,3.0,3.0,3.0,3.0,3.0,3.0,3.0,3.0,3.0,3.0,3.0,3.0,3.0,3.0,3.0,3.0,3.0,-0.8105793,-1.5779474,0.99996865,-17.00771
1165,-1.1935527109150401,11.405822,-7.7037053,-2.3147025,0.98065346,-0.1561666,0.118011765,-0.0019925002,-2.6709564,1.9585794,1.1610659,-0.541643,0.4762904,0.6867105,3.0,3.0,3.0,3.0,3.0,3.0,3.0,3.0,3.0,3.0,3.0,3.0,3.0,3.0,3.0,3.0,3.0,3.0,3.0,3.0,3.0,3.0,3.0,3.0,3.0,3.0,3.0,3.0,3.0,3.0,3.0,3.0,3.0,3.0,3.0,3.0,-1.5198536,-0.7615619,0.9999435,-24.172985
1170,-1.2032813602625565,11.460569,-7.745437,-2.3393536,0.9788773,-0.16263759,0.12377267,0.005342432,-2.6018836,2.0293543,1.186809,-0.64562637,0.8347989,0.574513,3.0,3.0,3.0,3.0,3.0,3.0,3.0,3.0,3.0,3.0,3.0,3.0,3.0,3.0,3.0,3.0,3.0,3.0,3.0,3.0,3.0,3.0,3.0,3.0,3.0,3.0,3.0,3.0,3.0,3.0,3.0,3.0,3.0,3.0,3.0,3.0,-2.902751,-0.59360504,0.99986315,-19.55516
1175,-1.1825875521607543,11.514289,-7.788104,-2.3628504,0.9769541,-0.16924885,0.12965138,0.010296013,-2.5591004,2.0656998,1.1025721,-0.6341251,0.37691528,0.3177291,3.0,3.0,3.0,3.0,3.0,3.0,3.0,3.0,3.0,3.0,3.0,3.0,3.0,3.0,3.0,3.0,3.0,3.0,3.0,3.0,3.0,3.0,3.0,3.0,3.0,3.0,3.0,3.0,3.0,3.0,3.0,3.0,3.0,3.0,3.0,3.0,3.4075012,3.0396194,0.99979615,3.9105759
1180,-1.1823556956620962,11.56641,-7.8324757,-2.3871324,0.97528493,-0.17510961,0.13400806,0.014061793,-2.4819462,2.1482425,1.1403052,-0.471767,0.5518884,0.36922392,3.0,3.0,3.0,3.0,3.0,3.0,3.0,3.0,3.0,3.0,3.0,3.0,3.0,3.0,3.0,3.0,3.0,3.0,3.0,3.0,3.0,3.0,3.0,3.0,3.0,3.0,3.0,3.0,3.0,3.0,3.0,3.0,3.0,3.0,3.0,3.0,-2.8169193,0.7283473,0.9999747,38.453384
1185,-1.177451961701692,11.617372,-7.8779793,-2.4104996,0.9735114,-0.18140595,0.13826281,0.015837463,-2.4247031,2.2049174,1.1001664,-0.635461,0.3148557,0.18638428,3.0,3.0,3.0,3.0,3.0,3.0,3.0,3.0,3.0,3.0,3.0,3.0,3.0,3.0,3.0,3.0,3.0,3.0,3.0,3.0,3.0,3.0,3.0,3.0,3.0,3.0,3.0,3.0,3.0,3.0,3.0,3.0,3.0,3.0,3.0,3.0,-3.1201534,1.6094375,0.99960697,20.25399
1190,-1.165470499341882,11.666905,-7.924997,-2.4337723,0.97255707,-0.18670328,0.1379012,0.01605971,-2.3370988,2.3041751,1.1591516,-0.47445637,-0.06603374,-0.11674677,3.0,3.0,3.0,3.0,3.0,3.0,3.0,3.0,3.0,3.0,3.0,3.0,3.0,3.0,3.0,3.0,3.0,3.0,3.0,3.0,3.0,3.0,3.0,3.0,3.0,3.0,3.0,3.0,3.0,3.0,3.0,3.0,3.0,3.0,3.0,3.0,-0.24722481,3.221078,0.9964738,-23.854677
1195,-1.1650299061857043,11.714665,-7.9740434,-2.458103,0.9714158,-0.19175954,0.13940625,0.012063031,-2.2605114,2.3911166,1.1808909,-0.25059277,0.3241281,-0.27500868,3.0,3.0,3.0,3.0,3.0,3.0,3.0,3.0,3.0,3.0,3.0,3.0,3.0,3.0,3.0,3.0,3.0,3.0,3.0,3.0,3.0,3.0,3.0,3.0,3.0,3.0,3.0,3.0,3.0,3.0,3.0,3.0,3.0,3.0,3.0,3.0,-2.0121808,3.685545,0.9988332,27.464432
1200,-1.1748447030343117,11.760622,-8.025205,-2.4835353,0.9706472,-0.19445312,0.14137064,0.0068065063,-2.1652315,2.5048604,1.2610263,-0.12007002,0.32349426,-0.59896916,3.0,3.0,3.0,3.0,3.0,3.0,3.0,3.0,3.0,3.0,3.0,3.0,3.0,3.0,3.0,3.0,3.0,3.0,3.0,3.0,3.0,3.0,3.0,3.0,3.0,3.0,3.0,3.0,3.0,3.0,3.0,3.0,3.0,3.0,3.0,3.0,-0.83002853,2.1424222,0.9971471,10.104862
1205,-1.1607694159410593,11.804701,-8.07856,-2.5102057,0.96985704,-0.19475797,0.14636154,0.005000473,-2.0853918,2.5944207,1.2834646,-0.17848781,0.37835255,0.049001895,3.0,3.0,3.0,3.0,3.0,3.0,3.0,3.0,3.0,3.0,3.0,3.0,3.0,3.0,3.0,3.0,3.0,3.0,3.0,3.0,3.0,3.0,3.0,3.0,3.0,3.0,3.0,3.0,3.0,3.0,3.0,3.0,3.0,3.0,3.0,3.0,-4.4385476,1.6664863,0.995049,-19.43652
1210,-1.1730417821014785,11.847433,-8.133313,-2.5362482,0.9685629,-0.19908088,0.1490443,0.0062081967,-2.024442,2.6558359,1.2396288,-0.62459856,0.27692878,0.031664446,3.0,3.0,3.0,3.0,3.0,3.0,3.0,3.0,3.0,3.0,3.0,3.0,3.0,3.0,3.0,3.0,3.0,3.0,3.0,3.0,3.0,3.0,3.0,3.0,3.0,3.0,3.0,3.0,3.0,3.0,3.0,3.0,3.0,3.0,3.0,3.0,-3.987118,2.221356,0.9932184,22.702843
1215,-1.1570365061317558,11.889141,-8.189021,-2.5606005,0.9671325,-0.20459269,0.1508742,0.005792211,-1.9818612,2.6932528,1.1373087,-0.36615056,0.06368902,0.09144346,3.0,3.0,3.0,3.0,3.0,3.0,3.0,3.0,3.0,3.0,3.0,3.0,3.0,3.0,3.0,3.0,3.0,3.0,3.0,3.0,3.0,3.0,3.0,3.0,3.0,3.0,3.0,3.0,3.0,3.0,3.0,3.0,3.0,3.0,3.0,3.0,2.8160644,0.43190575,0.99890304,39.240265
1220,-1.1615591825926206,11.929581,-8.24604,-2.583965,0.9663652,-0.20525654,0.1547109,0.008517389,-1.926143,2.7491324,1.0739199,-0.006470518,0.4567556,0.19755271,3.0,3.0,3.0,3.0,3.0,3.0,3.0,3.0,3.0,3.0,3.0,3.0,3.0,3.0,3.0,3.0,3.0,3.0,3.0,3.0,3.0,3.0,3.0,3.0,3.0,3.0,3.0,3.0,3.0,3.0,3.0,3.0,3.0,3.0,3.0,3.0,-1.9114203,-1.3081489,0.9987674,33.348953
1225,-1.154955308375304,11.969286,-8.303633,-2.6047115,0.9658051,-0.20498393,0.15832384,0.011643607,-1.891521,2.7756867,0.9460602,0.111659184,0.32596418,0.18396473,3.0,3.0,3.0,3.0,3.0,3.0,3.0,3.0,3.0,3.0,3.0,3.0,3.0,3.0,3.0,3.0,3.0,3.0,3.0,3.0,3.0,3.0,3.0,3.0,3.0,3.0,3.0,3.0,3.0,3.0,3.0,3.0,3.0,3.0,3.0,3.0,2.9843802,-2.0355914,0.9981241,41.48339
1230,-1.1923883544747682,12.007959,-8.362183,-2.623678,0.9655875,-0.20131885,0.16381907,0.016576737,-1.8273957,2.840408,0.90173864,0.65309817,0.8838539,0.36980018,3.0,3.0,3.0,3.0,3.0,3.0,3.0,3.0,3.0,3.0,3.0,3.0,3.0,3.0,3.0,3.0,3.0,3.0,3.0,3.0,3.0,3.0,3.0,3.0,3.0,3.0,3.0,3.0,3.0,3.0,3.0,3.0,3.0,3.0,3.0,3.0,-4.444185,1.7165332,0.99938464,41.065598
1235,-1.1745575035371738,12.04541,-8.421897,-2.6413536,0.96547097,-0.19590782,0.17030947,0.021923833,-1.7613672,2.9035115,0.85756093,0.5477376,0.56557304,0.21350645,3.0,3.0,3.0,3.0,3.0,3.0,3.0,3.0,3.0,3.0,3.0,3.0,3.0,3.0,3.0,3.0,3.0,3.0,3.0,3.0,3.0,3.0,3.0,3.0,3.0,3.0,3.0,3.0,3.0,3.0,3.0,3.0,3.0,3.0,3.0,3.0,-0.10126066,3.071764,0.9941211,12.291374
1240,-1.1537703561848573,12.080716,-8.483818,-2.660147,0.96510494,-0.193445,0.17491415,0.023590628,-1.6405773,3.028565,0.956338,0.15462862,0.375505,0.010291147,3.0,3.0,3.0,3.0,3.0,3.0,3.0,3.0,3.0,3.0,3.0,3.0,3.0,3.0,3.0,3.0,3.0,3.0,3.0,3.0,3.0,3.0,3.0,3.0,3.0,3.0,3.0,3.0,3.0,3.0,3.0,3.0,3.0,3.0,3.0,3.0,0.591033,2.6049085,0.99494624,2.0627213
1245,-1.171558598261756,12.11344,-8.548363,-2.6810875,0.9645492,-0.19004257,0.18120997,0.026299175,-1.525291,3.1423173,1.0331911,0.4373217,0.6195841,0.15568043,3.0,3.0,3.0,3.0,3.0,3.0,3.0,3.0,3.0,3.0,3.0,3.0,3.0,3.0,3.0,3.0,3.0,3.0,3.0,3.0,3.0,3.0,3.0,3.0,3.0,3.0,3.0,3.0,3.0,3.0,3.0,3.0,3.0,3.0,3.0,3.0,-2.5493822,3.650116,0.99170446,20.537384
1250,-1.1641133534468044,12.143777,-8.615183,-2.7034736,0.9646499,-0.18577829,0.18484649,0.027727075,-1.3947477,3.2669942,1.140287,0.48594832,0.40001896,-0.048512552,3.0,3.0,3.0,3.0,3.0,3.0,3.0,3.0,3.0,3.0,3.0,3.0,3.0,3.0,3.0,3.0,3.0,3.0,3.0,3.0,3.0,3.0,3.0,3.0,3.0,3.0,3.0,3.0,3.0,3.0,3.0,3.0,3.0,3.0,3.0,3.0,2.3187776,2.8014827,0.9706998,-20.046324
1255,-1.1927054103450356,12.171449,-8.68448,-2.7278962,0.96469384,-0.17782305,0.19184966,0.03063383,-1.2943914,3.3539772,1.1669576,0.8800054,0.8458472,0.032539487,3.0,3.0,3.0,3.0,3.0,3.0,3.0,3.0,3.0,3.0,3.0,3.0,3.0,3.0,3.0,3.0,3.0,3.0,3.0,3.0,3.0,3.0,3.0,3.0,3.0,3.0,3.0,3.0,3.0,3.0,3.0,3.0,3.0,3.0,3.0,3.0,2.2238588,3.2603455,0.9876944,38.64724
1260,-1.180652573601112,12.197426,-8.755108,-2.75183,0.9639141,-0.1718667,0.20065974,0.032667093,-1.2319803,3.3971043,1.0957305,0.52693737,0.8594077,-0.068901815,3.0,3.0,3.0,3.0,3.0,3.0,3.0,3.0,3.0,3.0,3.0,3.0,3.0,3.0,3.0,3.0,3.0,3.0,3.0,3.0,3.0,3.0,3.0,3.0,3.0,3.0,3.0,3.0,3.0,3.0,3.0,3.0,3.0,3.0,3.0,3.0,-2.3012567,3.5963612,0.95613647,16.316673
1265,-1.1776313962694491,12.2219925,-8.826658,-2.774423,0.9632981,-0.16571383,0.2084671,0.033722933,-1.1324326,3.4688225,1.1018238,0.63308644,0.6998481,-0.24250498,3.0,3.0,3.0,3.0,3.0,3.0,3.0,3.0,3.0,3.0,3.0,3.0,3.0,3.0,3.0,3.0,3.0,3.0,3.0,3.0,3.0,3.0,3.0,3.0,3.0,3.0,3.0,3.0,3.0,3.0,3.0,3.0,3.0,3.0,3.0,3.0,3.3205214,1.2862816,0.9965503,2.5261002
1270,-1.1980054108953433,12.244081,-8.89998,-2.7979448,0.9627113,-0.15626189,0.21812335,0.03451704,-1.0126879,3.5512557,1.1441997,0.8717735,1.0047466,-0.47129786,3.0,3.0,3.0,3.0,3.0,3.0,3.0,3.0,3.0,3.0,3.0,3.0,3.0,3.0,3.0,3.0,3.0,3.0,3.0,3.0,3.0,3.0,3.0,3.0,3.0,3.0,3.0,3.0,3.0,3.0,3.0,3.0,3.0,3.0,3.0,3.0,2.2657137,0.4011793,0.9772967,17.59262
1275,-1.2024989930645398,12.264216,-8.974484,-2.8210762,0.9619844,-0.14373393,0.22954741,0.035135914,-0.9403287,3.5884645,1.0770799,1.1553253,0.96004975,-0.32015115,3.0,3.0,3.0,3.0,3.0,3.0,3.0,3.0,3.0,3.0,3.0,3.0,3.0,3.0,3.0,3.0,3.0,3.0,3.0,3.0,3.0,3.0,3.0,3.0,3.0,3.0,3.0,3.0,3.0,3.0,3.0,3.0,3.0,3.0,3.0,3.0,-0.82094765,-1.4270134,0.93615997,40.576355
1280,-1.2307699620589303,12.282171,-9.050121,-2.8440318,0.9610479,-0.1284464,0.24181445,0.03760632,-0.8101447,3.657391,1.1163088,1.58361,1.4245712,-0.23543167,3.0,3.0,3.0,3.0,3.0,3.0,3.0,3.0,3.0,3.0,3.0,3.0,3.0,3.0,3.0,3.0,3.0,3.0,3.0,3.0,3.0,3.0,3.0,3.0,3.0,3.0,3.0,3.0,3.0,3.0,3.0,3.0,3.0,3.0,3.0,3.0,0.21516895,3.6956139,0.99725926,40.466072
1285,-1.2055917616520493,12.297338,-9.127104,-2.8678029,0.9597063,-0.113322444,0.25406075,0.039685506,-0.6950432,3.7067156,1.1157595,1.2307462,1.0983511,-0.34056246,3.0,3.0,3.0,3.0,3.0,3.0,3.0,3.0,3.0,3.0,3.0,3.0,3.0,3.0,3.0,3.0,3.0,3.0,3.0,3.0,3.0,3.0,3.0,3.0,3.0,3.0,3.0,3.0,3.0,3.0,3.0,3.0,3.0,3.0,3.0,3.0,-0.74827623,3.6901455,0.9887099,44.61754
1290,-1.1993920867232677,12.310872,-9.204588,-2.890047,0.9586039,-0.101756625,0.26292506,0.039931927,-0.61025625,3.7309394,1.0506053,1.1823066,1.0416745,-0.3051575,3.0,3.0,3.0,3.0,3.0,3.0,3.0,3.0,3.0,3.0,3.0,3.0,3.0,3.0,3.0,3.0,3.0,3.0,3.0,3.0,3.0,3.0,3.0,3.0,3.0,3.0,3.0,3.0,3.0,3.0,3.0,3.0,3.0,3.0,3.0,3.0,-2.3862052,3.0536184,0.9952946,35.79888
1295,-1.2144431868431855,12.322466,-9.282586,-2.911162,0.9568725,-0.087134555,0.2739824,0.041667502,-0.5040681,3.7588217,1.0158502,1.603699,1.1109815,-0.255726,3.0,3.0,3.0,3.0,3.0,3.0,3.0,3.0,3.0,3.0,3.0,3.0,3.0,3.0,3.0,3.0,3.0,3.0,3.0,3.0,3.0,3.0,3.0,3.0,3.0,3.0,3.0,3.0,3.0,3.0,3.0,3.0,3.0,3.0,3.0,3.0,2.5520267,4.010638,0.9666872,41.957565
1300,-1.2019973358245666,12.330685,-9.361523,-2.933358,0.9547786,-0.07216446,0.28519267,0.043071833,-0.31519863,3.809085,1.1061236,1.286691,1.1782725,-0.38545743,3.0,3.0,3.0,3.0,3.0,3.0,3.0,3.0,3.0,3.0,3.0,3.0,3.0,3.0,3.0,3.0,3.0,3.0,3.0,3.0,3.0,3.0,3.0,3.0,3.0,3.0,3.0,3.0,3.0,3.0,3.0,3.0,3.0,3.0,3.0,3.0,-1.9970818,4.6376896,0.98398733,21.528473
1305,-1.1969325406097966,12.336051,-9.441026,-2.9555974,0.95270306,-0.057137735,0.29512367,0.04465646,-0.20572409,3.8242354,1.0617172,1.4375889,0.97024316,-0.29250136,3.0,3.0,3.0,3.0,3.0,3.0,3.0,3.0,3.0,3.0,3.0,3.0,3.0,3.0,3.0,3.0,3.0,3.0,3.0,3.0,3.0,3.0,3.0,3.0,3.0,3.0,3.0,3.0,3.0,3.0,3.0,3.0,3.0,3.0,3.0,3.0,4.9058514,2.8050857,0.86761045,34.180023
1310,-1.1995656024735035,12.337146,-9.521258,-2.9797761,0.95037377,-0.041120794,0.30480447,0.04682917,0.049925465,3.867244,1.2250893,1.5124136,1.1321311,-0.30695572,3.0,3.0,3.0,3.0,3.0,3.0,3.0,3.0,3.0,3.0,3.0,3.0,3.0,3.0,3.0,3.0,3.0,3.0,3.0,3.0,3.0,3.0,3.0,3.0,3.0,3.0,3.0,3.0,3.0,3.0,3.0,3.0,3.0,3.0,3.0,3.0,2.595481,2.5636778,0.5168755,39.82827
1315,-1.2086069582754566,12.333996,-9.602001,-3.0056455,0.94693345,-0.02317206,0.31664965,0.05013064,0.21506822,3.8797493,1.2468299,1.7157943,1.3250567,-0.23735258,3.0,3.0,3.0,3.0,3.0,3.0,3.0,3.0,3.0,3.0,3.0,3.0,3.0,3.0,3.0,3.0,3.0,3.0,3.0,3.0,3.0,3.0,3.0,3.0,3.0,3.0,3.0,3.0,3.0,3.0,3.0,3.0,3.0,3.0,3.0,3.0,3.6634836,0.25068283,0.2635088,27.572273
1320,-1.1989306175817012,12.327688,-9.682851,-3.031458,0.9441091,-0.002816215,0.32488024,0.05570418,0.34696645,3.8789942,1.2141768,1.919673,0.77493244,-0.028694004,3.0,3.0,3.0,3.0,3.0,3.0,3.0,3.0,3.0,3.0,3.0,3.0,3.0,3.0,3.0,3.0,3.0,3.0,3.0,3.0,3.0,3.0,3.0,3.0,3.0,3.0,3.0,3.0,3.0,3.0,3.0,3.0,3.0,3.0,3.0,3.0,4.938019,3.0065079,-0.05643499,44.6951
1325,-1.1897173628150315,12.319182,-9.763549,-3.0558105,0.94241583,0.015474102,0.32824144,0.06221303,0.4316825,3.8681583,1.1160182,1.8979112,0.39079675,0.086074375,3.0,3.0,3.0,3.0,3.0,3.0,3.0,3.0,3.0,3.0,3.0,3.0,3.0,3.0,3.0,3.0,3.0,3.0,3.0,3.0,3.0,3.0,3.0,3.0,3.0,3.0,3.0,3.0,3.0,3.0,3.0,3.0,3.0,3.0,3.0,3.0,4.9458513,0.31746578,-0.86320615,44.587112
1330,-1.1972716559540744,12.309246,-9.843945,-3.077671,0.94025385,0.03502773,0.33124942,0.07049512,0.5129298,3.8525403,1.0119995,2.099144,0.40900648,0.29968715,3.0,3.0,3.0,3.0,3.0,3.0,3.0,3.0,3.0,3.0,3.0,3.0,3.0,3.0,3.0,3.0,3.0,3.0,3.0,3.0,3.0,3.0,3.0,3.0,3.0,3.0,3.0,3.0,3.0,3.0,3.0,3.0,3.0,3.0,3.0,3.0,4.9943247,1.5182137,-0.59165686,38.05564
1335,-1.1919424799101412,12.296707,-9.9239435,-3.098479,0.9373218,0.05509584,0.3342396,0.081708044,0.64581394,3.831426,0.9708255,2.0387964,0.44303885,0.5134126,3.0,3.0,3.0,3.0,3.0,3.0,3.0,3.0,3.0,3.0,3.0,3.0,3.0,3.0,3.0,3.0,3.0,3.0,3.0,3.0,3.0,3.0,3.0,3.0,3.0,3.0,3.0,3.0,3.0,3.0,3.0,3.0,3.0,3.0,3.0,3.0,4.923209,3.5000658,-0.3189177,30.975006
1340,-1.1716514480562497,12.28067,-10.003361,-3.119271,0.9336819,0.071603715,0.33850095,0.09234778,0.840692,3.7992187,1.001464,1.6433387,0.7222119,0.46846366,3.0,3.0,3.0,3.0,3.0,3.0,3.0,3.0,3.0,3.0,3.0,3.0,3.0,3.0,3.0,3.0,3.0,3.0,3.0,3.0,3.0,3.0,3.0,3.0,3.0,3.0,3.0,3.0,3.0,3.0,3.0,3.0,3.0,3.0,3.0,3.0,4.9210463,0.4216709,-0.893288,32.75972
1345,-1.1651961768024195,12.261455,-10.082114,-3.1395814,0.9292616,0.086163625,0.34451392,0.10177841,0.9969317,3.7645848,0.97987235,1.6222628,0.73114365,0.4537688,3.0,3.0,3.0,3.0,3.0,3.0,3.0,3.0,3.0,3.0,3.0,3.0,3.0,3.0,3.0,3.0,3.0,3.0,3.0,3.0,3.0,3.0,3.0,3.0,3.0,3.0,3.0,3.0,3.0,3.0,3.0,3.0,3.0,3.0,3.0,3.0,4.0198917,1.1259003,-0.3977567,29.609337
1350,-1.1867543860071124,12.239098,-10.160115,-3.1592507,0.9243281,0.1038961,0.34944576,0.112742454,1.1392704,3.7275956,0.93710995,2.1889367,0.7289854,0.52406734,3.0,3.0,3.0,3.0,3.0,3.0,3.0,3.0,3.0,3.0,3.0,3.0,3.0,3.0,3.0,3.0,3.0,3.0,3.0,3.0,3.0,3.0,3.0,3.0,3.0,3.0,3.0,3.0,3.0,3.0,3.0,3.0,3.0,3.0,3.0,3.0,4.234564,4.0261755,-0.6673944,43.53782
1355,-1.1936988886590436,12.214632,-10.237443,-3.177039,0.91838366,0.12446393,0.35407692,0.1253383,1.2057478,3.6993854,0.8066612,2.4328544,0.63652164,0.55828774,3.0,3.0,3.0,3.0,3.0,3.0,3.0,3.0,3.0,3.0,3.0,3.0,3.0,3.0,3.0,3.0,3.0,3.0,3.0,3.0,3.0,3.0,3.0,3.0,3.0,3.0,3.0,3.0,3.0,3.0,3.0,3.0,3.0,3.0,3.0,3.0,4.9923973,3.9451828,-0.6119327,43.508713
1360,-1.1809335118135265,12.188223,-10.314043,-3.1926744,0.91145843,0.14344351,0.35963836,0.13902417,1.3100003,3.6610296,0.7135639,2.0841098,0.805348,0.91139543,3.0,3.0,3.0,3.0,3.0,3.0,3.0,3.0,3.0,3.0,3.0,3.0,3.0,3.0,3.0,3.0,3.0,3.0,3.0,3.0,3.0,3.0,3.0,3.0,3.0,3.0,3.0,3.0,3.0,3.0,3.0,3.0,3.0,3.0,3.0,3.0,4.7134247,2.7023249,-0.49582535,35.121765
1365,-1.181182252472033,12.159387,-10.389751,-3.2065713,0.90295535,0.15912284,0.36699393,0.15705717,1.436987,3.6148977,0.6386098,1.8861439,0.96944606,1.3771874,3.0,3.0,3.0,3.0,3.0,3.0,3.0,3.0,3.0,3.0,3.0,3.0,3.0,3.0,3.0,3.0,3.0,3.0,3.0,3.0,3.0,3.0,3.0,3.0,3.0,3.0,3.0,3.0,3.0,3.0,3.0,3.0,3.0,3.0,3.0,3.0,4.8491344,1.7922807,-0.39759696,30.450775
1370,-1.193930214402328,12.127133,-10.464298,-3.2195659,0.89208543,0.17314157,0.3782177,0.17651327,1.6129692,3.556128,0.6036156,1.9984841,1.385869,1.5958835,3.0,3.0,3.0,3.0,3.0,3.0,3.0,3.0,3.0,3.0,3.0,3.0,3.0,3.0,3.0,3.0,3.0,3.0,3.0,3.0,3.0,3.0,3.0,3.0,3.0,3.0,3.0,3.0,3.0,3.0,3.0,3.0,3.0,3.0,3.0,3.0,4.5187607,3.27396,-0.39067143,-18.067451
1375,-1.1811706779362645,12.091133,-10.537611,-3.23176,0.8808326,0.18713701,0.38805446,0.19628395,1.7810166,3.4999166,0.55134505,1.9606395,1.0770264,1.6331224,3.0,3.0,3.0,3.0,3.0,3.0,3.0,3.0,3.0,3.0,3.0,3.0,3.0,3.0,3.0,3.0,3.0,3.0,3.0,3.0,3.0,3.0,3.0,3.0,3.0,3.0,3.0,3.0,3.0,3.0,3.0,3.0,3.0,3.0,3.0,3.0,3.9682436,3.0759954,-0.6166657,27.639648
1380,-1.1693591678166824,12.052063,-10.609867,-3.242357,0.8691304,0.19996648,0.3970277,0.21678273,1.9746937,3.438964,0.5088901,1.7802011,1.0936544,1.6651038,3.0,3.0,3.0,3.0,3.0,3.0,3.0,3.0,3.0,3.0,3.0,3.0,3.0,3.0,3.0,3.0,3.0,3.0,3.0,3.0,3.0,3.0,3.0,3.0,3.0,3.0,3.0,3.0,3.0,3.0,3.0,3.0,3.0,3.0,3.0,3.0,3.0297775,2.5133095,-0.5834482,32.5195
1385,-1.1596510063049197,12.010085,-10.681122,-3.251111,0.8569876,0.21176234,0.40600455,0.23640904,2.0458364,3.4069812,0.36379996,1.7907178,1.0678971,1.5227942,3.0,3.0,3.0,3.0,3.0,3.0,3.0,3.0,3.0,3.0,3.0,3.0,3.0,3.0,3.0,3.0,3.0,3.0,3.0,3.0,3.0,3.0,3.0,3.0,3.0,3.0,3.0,3.0,3.0,3.0,3.0,3.0,3.0,3.0,3.0,3.0,4.7650003,-0.2723651,-0.21965843,41.10884
1390,-1.1522970257609964,11.964374,-10.751236,-3.258452,0.8444119,0.2250029,0.41361332,0.25547266,2.2889395,3.3389566,0.33984244,1.822469,1.0436873,1.5230587,3.0,3.0,3.0,3.0,3.0,3.0,3.0,3.0,3.0,3.0,3.0,3.0,3.0,3.0,3.0,3.0,3.0,3.0,3.0,3.0,3.0,3.0,3.0,3.0,3.0,3.0,3.0,3.0,3.0,3.0,3.0,3.0,3.0,3.0,3.0,3.0,4.3411074,0.05057335,-0.6084709,28.585129
1395,-1.180470179945354,11.913946,-10.820027,-3.264919,0.8300544,0.23953643,0.41990927,0.27804348,2.494564,3.2803574,0.28041044,2.347842,0.90694875,2.1246774,3.0,3.0,3.0,3.0,3.0,3.0,3.0,3.0,3.0,3.0,3.0,3.0,3.0,3.0,3.0,3.0,3.0,3.0,3.0,3.0,3.0,3.0,3.0,3.0,3.0,3.0,3.0,3.0,3.0,3.0,3.0,3.0,3.0,3.0,3.0,3.0,4.8973455,4.3167076,-0.93789434,27.56501
1400,-1.1671427731529092,11.860613,-10.8878975,-3.269157,0.8140524,0.24924488,0.42782152,0.30358595,2.5877852,3.2460928,0.14157324,1.9072334,0.9399431,2.2765863,3.0,3.0,3.0,3.0,3.0,3.0,3.0,3.0,3.0,3.0,3.0,3.0,3.0,3.0,3.0,3.0,3.0,3.0,3.0,3.0,3.0,3.0,3.0,3.0,3.0,3.0,3.0,3.0,3.0,3.0,3.0,3.0,3.0,3.0,3.0,3.0,4.2265987,-0.95079565,-0.9285882,-15.743023
1405,-1.1770930624696854,11.804245,-10.954903,-3.2711067,0.7966156,0.2621607,0.4335801,0.32967204,2.774698,3.1985278,0.054954987,2.3650365,1.0424643,2.273353,3.0,3.0,3.0,3.0,3.0,3.0,3.0,3.0,3.0,3.0,3.0,3.0,3.0,3.0,3.0,3.0,3.0,3.0,3.0,3.0,3.0,3.0,3.0,3.0,3.0,3.0,3.0,3.0,3.0,3.0,3.0,3.0,3.0,3.0,3.0,3.0,4.295824,3.9558926,-0.7009145,30.598122
1410,-1.1663838236790212,11.743289,-11.020866,-3.2715507,0.7777489,0.2743281,0.44028118,0.35496938,3.0177708,3.146673,-0.0070595928,2.4665709,1.045224,2.0765753,3.0,3.0,3.0,3.0,3.0,3.0,3.0,3.0,3.0,3.0,3.0,3.0,3.0,3.0,3.0,3.0,3.0,3.0,3.0,3.0,3.0,3.0,3.0,3.0,3.0,3.0,3.0,3.0,3.0,3.0,3.0,3.0,3.0,3.0,3.0,3.0,3.6357632,1.4903502,-0.54494023,-35.819824
1415,-1.1654645784399484,11.677564,-11.085859,-3.2704263,0.7562746,0.29057056,0.4458419,0.3805818,3.2818325,3.097762,-0.06818611,2.5524726,1.22965,2.151445,3.0,3.0,3.0,3.0,3.0,3.0,3.0,3.0,3.0,3.0,3.0,3.0,3.0,3.0,3.0,3.0,3.0,3.0,3.0,3.0,3.0,3.0,3.0,3.0,3.0,3.0,3.0,3.0,3.0,3.0,3.0,3.0,3.0,3.0,3.0,3.0,4.992956,3.5703297,-0.7143043,-44.121204
1420,-1.1230860406921641,11.605411,-11.149784,-3.268367,0.7362268,0.30471057,0.45261484,0.4003266,3.6112804,3.0468035,-0.108058564,2.1356263,1.4172606,1.3576578,3.0,3.0,3.0,3.0,3.0,3.0,3.0,3.0,3.0,3.0,3.0,3.0,3.0,3.0,3.0,3.0,3.0,3.0,3.0,3.0,3.0,3.0,3.0,3.0,3.0,3.0,3.0,3.0,3.0,3.0,3.0,3.0,3.0,3.0,3.0,3.0,3.8622856,-2.4238384,-0.91215855,-43.948547
1425,-1.0922101312018915,11.527637,-11.212816,-3.2647889,0.7194081,0.3225094,0.45881596,0.40978965,3.798335,3.0129166,-0.2217909,1.7990918,1.5954319,0.4192854,3.0,3.0,3.0,3.0,3.0,3.0,3.0,3.0,3.0,3.0,3.0,3.0,3.0,3.0,3.0,3.0,3.0,3.0,3.0,3.0,3.0,3.0,3.0,3.0,3.0,3.0,3.0,3.0,3.0,3.0,3.0,3.0,3.0,3.0,3.0,3.0,4.2140903,-4.2075257,0.71909237,-43.303486
1430,-1.0599609091935869,11.44501,-11.275044,-3.2591307,0.70676845,0.33911806,0.46285775,0.4138115,4.042541,2.972809,-0.32013157,1.3850265,1.3157122,-0.103313774,3.0,3.0,3.0,3.0,3.0,3.0,3.0,3.0,3.0,3.0,3.0,3.0,3.0,3.0,3.0,3.0,3.0,3.0,3.0,3.0,3.0,3.0,3.0,3.0,3.0,3.0,3.0,3.0,3.0,3.0,3.0,3.0,3.0,3.0,3.0,3.0,0.807127,-4.5732007,-0.27020335,-40.118652
1435,-1.0619079421338815,11.358413,-11.336517,-3.250889,0.69576335,0.35657924,0.46579823,0.4144836,4.2094975,2.9381723,-0.4546077,1.5026455,1.3915224,-0.25978032,3.0,3.0,3.0,3.0,3.0,3.0,3.0,3.0,3.0,3.0,3.0,3.0,3.0,3.0,3.0,3.0,3.0,3.0,3.0,3.0,3.0,3.0,3.0,3.0,3.0,3.0,3.0,3.0,3.0,3.0,3.0,3.0,3.0,3.0,3.0,3.0,-3.1959462,-4.599628,0.7572231,-38.864166
1440,-1.0495013621939269,11.26985,-11.397408,-3.2392712,0.68552035,0.37387547,0.46777013,0.41408947,4.276488,2.9124963,-0.62729853,1.3846924,1.2683016,-0.33675987,3.0,3.0,3.0,3.0,3.0,3.0,3.0,3.0,3.0,3.0,3.0,3.0,3.0,3.0,3.0,3.0,3.0,3.0,3.0,3.0,3.0,3.0,3.0,3.0,3.0,3.0,3.0,3.0,3.0,3.0,3.0,3.0,3.0,3.0,3.0,3.0,3.9587698,-4.9079037,0.46049786,-39.886707
1445,-1.0210358348602824,11.178375,-11.457545,-3.224489,0.6784473,0.38874853,0.46815768,0.41159713,4.4443126,2.8718402,-0.77184546,0.91990507,0.83234125,-0.6842997,3.0,3.0,3.0,3.0,3.0,3.0,3.0,3.0,3.0,3.0,3.0,3.0,3.0,3.0,3.0,3.0,3.0,3.0,3.0,3.0,3.0,3.0,3.0,3.0,3.0,3.0,3.0,3.0,3.0,3.0,3.0,3.0,3.0,3.0,3.0,3.0,-2.8541894,-4.2969956,0.9133644,-40.02716
1450,-1.0083803927839903,11.084408,-11.51693,-3.2063575,0.67441833,0.40154827,0.46686724,0.40737438,4.615294,2.8262393,-0.92023444,0.7331746,0.6518751,-0.8258752,3.0,3.0,3.0,3.0,3.0,3.0,3.0,3.0,3.0,3.0,3.0,3.0,3.0,3.0,3.0,3.0,3.0,3.0,3.0,3.0,3.0,3.0,3.0,3.0,3.0,3.0,3.0,3.0,3.0,3.0,3.0,3.0,3.0,3.0,3.0,3.0,0.96170664,-4.971909,-0.14237219,-42.784424
1455,-0.9943034699969447,10.985824,-11.575143,-3.1853862,0.67446077,0.41175768,0.46349925,0.40090743,4.8695035,2.7617154,-1.0496174,0.40364718,0.33697888,-1.0831707,3.0,3.0,3.0,3.0,3.0,3.0,3.0,3.0,3.0,3.0,3.0,3.0,3.0,3.0,3.0,3.0,3.0,3.0,3.0,3.0,3.0,3.0,3.0,3.0,3.0,3.0,3.0,3.0,3.0,3.0,3.0,3.0,3.0,3.0,3.0,3.0,3.8213415,-4.999239,0.117244005,-40.87667
1460,-0.9956933017024733,10.880234,-11.631609,-3.1621318,0.68039966,0.41820914,0.45739347,0.3910865,5.221242,2.6705282,-1.1555127,-0.14938837,-0.09721258,-1.4696579,3.0,3.0,3.0,3.0,3.0,3.0,3.0,3.0,3.0,3.0,3.0,3.0,3.0,3.0,3.0,3.0,3.0,3.0,3.0,3.0,3.0,3.0,3.0,3.0,3.0,3.0,3.0,3.0,3.0,3.0,3.0,3.0,3.0,3.0,3.0,3.0,4.952343,-4.998325,0.9529438,-41.45077
1465,-0.9819895431422038,10.766418,-11.68583,-3.136921,0.68743455,0.42367274,0.45084035,0.3803658,5.623432,2.5556338,-1.2462533,-0.15093035,-0.1041719,-1.4659474,3.0,3.0,3.0,3.0,3.0,3.0,3.0,3.0,3.0,3.0,3.0,3.0,3.0,3.0,3.0,3.0,3.0,3.0,3.0,3.0,3.0,3.0,3.0,3.0,3.0,3.0,3.0,3.0,3.0,3.0,3.0,3.0,3.0,3.0,3.0,3.0,4.8170395,-4.9993534,0.95908606,13.875626
1470,-0.9683435017278432,10.644316,-11.737497,-3.109846,0.69433165,0.42897922,0.44415423,0.36960438,6.0182347,2.427898,-1.3348572,-0.15268807,-0.11101977,-1.4621952,3.0,3.0,3.0,3.0,3.0,3.0,3.0,3.0,3.0,3.0,3.0,3.0,3.0,3.0,3.0,3.0,3.0,3.0,3.0,3.0,3.0,3.0,3.0,3.0,3.0,3.0,3.0,3.0,3.0,3.0,3.0,3.0,3.0,3.0,3.0,3.0,4.9831114,-4.998209,0.88080204,-34.957314
1475,-0.9612749749668181,10.514152,-11.786365,-3.0809367,0.7016578,0.4337051,0.4372222,0.35834762,6.397275,2.2899635,-1.4231995,-0.32250702,-0.18683733,-1.5517931,3.0,3.0,3.0,3.0,3.0,3.0,3.0,3.0,3.0,3.0,3.0,3.0,3.0,3.0,3.0,3.0,3.0,3.0,3.0,3.0,3.0,3.0,3.0,3.0,3.0,3.0,3.0,3.0,3.0,3.0,3.0,3.0,3.0,3.0,3.0,3.0,4.9855385,-4.9999943,0.96585643,-44.049145
1480,-0.9480964310680595,10.376133,-11.832184,-3.0502398,0.7096822,0.43761036,0.42997056,0.3463721,6.775462,2.137209,-1.5064874,-0.3254943,-0.19595027,-1.5465015,3.0,3.0,3.0,3.0,3.0,3.0,3.0,3.0,3.0,3.0,3.0,3.0,3.0,3.0,3.0,3.0,3.0,3.0,3.0,3.0,3.0,3.0,3.0,3.0,3.0,3.0,3.0,3.0,3.0,3.0,3.0,3.0,3.0,3.0,3.0,3.0,4.007186,-4.9999995,0.8825362,-39.163754
1485,-0.9428562175662412,10.230534,-11.874728,-3.017806,0.7191467,0.44010317,0.4221062,0.33311188,7.135416,1.9750924,-1.588164,-0.51549053,-0.2911489,-1.6484123,3.0,3.0,3.0,3.0,3.0,3.0,3.0,3.0,3.0,3.0,3.0,3.0,3.0,3.0,3.0,3.0,3.0,3.0,3.0,3.0,3.0,3.0,3.0,3.0,3.0,3.0,3.0,3.0,3.0,3.0,3.0,3.0,3.0,3.0,3.0,3.0,4.6238527,-4.999754,0.8495747,-26.606207
1490,-0.9296237254038353,10.077384,-11.913678,-2.9837825,0.72841704,0.44234043,0.41406733,0.31983095,7.4935784,1.7976712,-1.6624072,-0.52035534,-0.30247816,-1.6405813,3.0,3.0,3.0,3.0,3.0,3.0,3.0,3.0,3.0,3.0,3.0,3.0,3.0,3.0,3.0,3.0,3.0,3.0,3.0,3.0,3.0,3.0,3.0,3.0,3.0,3.0,3.0,3.0,3.0,3.0,3.0,3.0,3.0,3.0,3.0,3.0,4.5709095,-4.9999814,0.97042334,-20.199778
1495,-0.9177741609328538,9.916928,-11.9487915,-2.9482734,0.7375903,0.44418877,0.40599737,0.30630538,7.8392353,1.6090977,-1.7317319,-0.5701057,-0.29458186,-1.645815,3.0,3.0,3.0,3.0,3.0,3.0,3.0,3.0,3.0,3.0,3.0,3.0,3.0,3.0,3.0,3.0,3.0,3.0,3.0,3.0,3.0,3.0,3.0,3.0,3.0,3.0,3.0,3.0,3.0,3.0,3.0,3.0,3.0,3.0,3.0,3.0,4.796317,-4.9999995,0.983485,-12.352352
1500,-0.9069028178560649,9.749421,-11.979838,-2.9113872,0.7469331,0.44552192,0.3974746,0.2926006,8.173283,1.4093314,-1.7954634,-0.59374756,-0.35913318,-1.6619416,3.0,3.0,3.0,3.0,3.0,3.0,3.0,3.0,3.0,3.0,3.0,3.0,3.0,3.0,3.0,3.0,3.0,3.0,3.0,3.0,3.0,3.0,3.0,3.0,3.0,3.0,3.0,3.0,3.0,3.0,3.0,3.0,3.0,3.0,3.0,3.0,4.8794127,-4.9999948,0.99089193,5.596836
1505,-0.8942711792578953,9.575084,-12.0065775,-2.8732576,0.75613767,0.44653714,0.3886945,0.27888525,8.496453,1.1981477,-1.8525594,-0.6003374,-0.36997014,-1.6526417,3.0,3.0,3.0,3.0,3.0,3.0,3.0,3.0,3.0,3.0,3.0,3.0,3.0,3.0,3.0,3.0,3.0,3.0,3.0,3.0,3.0,3.0,3.0,3.0,3.0,3.0,3.0,3.0,3.0,3.0,3.0,3.0,3.0,3.0,3.0,3.0,4.6106424,-4.9999933,0.99884367,38.401604
1510,-0.8903920587146521,9.394488,-12.028964,-2.8339047,0.76572925,0.44720837,0.37799165,0.26605576,8.781767,0.99075043,-1.9122236,-0.52624065,-0.69125557,-1.6821964,3.0,3.0,3.0,3.0,3.0,3.0,3.0,3.0,3.0,3.0,3.0,3.0,3.0,3.0,3.0,3.0,3.0,3.0,3.0,3.0,3.0,3.0,3.0,3.0,3.0,3.0,3.0,3.0,3.0,3.0,3.0,3.0,3.0,3.0,3.0,3.0,1.5256858,-5.0,0.9967636,-25.513102
1515,-0.8953552762373876,9.209078,-12.047476,-2.7930367,0.7760034,0.44745436,0.36440462,0.25458306,9.012953,0.7979885,-1.9797273,-0.4821165,-1.26046,-1.7705343,3.0,3.0,3.0,3.0,3.0,3.0,3.0,3.0,3.0,3.0,3.0,3.0,3.0,3.0,3.0,3.0,3.0,3.0,3.0,3.0,3.0,3.0,3.0,3.0,3.0,3.0,3.0,3.0,3.0,3.0,3.0,3.0,3.0,3.0,3.0,3.0,4.872423,-4.999997,0.9888979,-10.305138
1520,-0.8834497466945502,9.017756,-12.061099,-2.7513757,0.7875198,0.44677353,0.347172,0.24428986,9.294768,0.5565932,-2.0113895,-0.48595792,-1.2616965,-1.7610804,3.0,3.0,3.0,3.0,3.0,3.0,3.0,3.0,3.0,3.0,3.0,3.0,3.0,3.0,3.0,3.0,3.0,3.0,3.0,3.0,3.0,3.0,3.0,3.0,3.0,3.0,3.0,3.0,3.0,3.0,3.0,3.0,3.0,3.0,3.0,3.0,4.702544,-4.9999905,0.98174906,16.311436
1525,-0.8810876104830623,8.821263,-12.069911,-2.7089853,0.7991717,0.4456422,0.32793134,0.23492272,9.530288,0.32591122,-2.0440161,-0.43757334,-1.5189134,-1.76899,3.0,3.0,3.0,3.0,3.0,3.0,3.0,3.0,3.0,3.0,3.0,3.0,3.0,3.0,3.0,3.0,3.0,3.0,3.0,3.0,3.0,3.0,3.0,3.0,3.0,3.0,3.0,3.0,3.0,3.0,3.0,3.0,3.0,3.0,3.0,3.0,4.7860966,-4.999951,0.906283,41.160393
1530,-0.8743802100224334,8.619616,-12.073472,-2.6663077,0.8105547,0.44411242,0.30789384,0.22575799,9.775095,0.06696003,-2.05011,-0.4527333,-1.6197468,-1.7841998,3.0,3.0,3.0,3.0,3.0,3.0,3.0,3.0,3.0,3.0,3.0,3.0,3.0,3.0,3.0,3.0,3.0,3.0,3.0,3.0,3.0,3.0,3.0,3.0,3.0,3.0,3.0,3.0,3.0,3.0,3.0,3.0,3.0,3.0,3.0,3.0,2.9455433,-4.998433,0.9871329,31.609444
1535,-0.872803451428725,8.413151,-12.071567,-2.6236517,0.82264507,0.4414331,0.28500608,0.21717143,9.99889,-0.19913529,-2.0430217,-0.4814886,-1.8284891,-1.8245847,3.0,3.0,3.0,3.0,3.0,3.0,3.0,3.0,3.0,3.0,3.0,3.0,3.0,3.0,3.0,3.0,3.0,3.0,3.0,3.0,3.0,3.0,3.0,3.0,3.0,3.0,3.0,3.0,3.0,3.0,3.0,3.0,3.0,3.0,3.0,3.0,3.850109,-4.993708,0.98576224,38.74211
1540,-0.8625441119530832,8.202254,-12.063994,-2.5813503,0.83408725,0.43842298,0.26197538,0.20845294,10.202793,-0.47391248,-2.0201929,-0.4807843,-1.8233382,-1.818517,3.0,3.0,3.0,3.0,3.0,3.0,3.0,3.0,3.0,3.0,3.0,3.0,3.0,3.0,3.0,3.0,3.0,3.0,3.0,3.0,3.0,3.0,3.0,3.0,3.0,3.0,3.0,3.0,3.0,3.0,3.0,3.0,3.0,3.0,3.0,3.0,4.7996893,-4.998313,0.99572396,36.11859
1545,-0.852795883409474,7.9873896,-12.050619,-2.5396996,0.84487844,0.4350873,0.23882061,0.19961005,10.38431,-0.7548041,-1.9834749,-0.48011464,-1.8181779,-1.812508,3.0,3.0,3.0,3.0,3.0,3.0,3.0,3.0,3.0,3.0,3.0,3.0,3.0,3.0,3.0,3.0,3.0,3.0,3.0,3.0,3.0,3.0,3.0,3.0,3.0,3.0,3.0,3.0,3.0,3.0,3.0,3.0,3.0,3.0,3.0,3.0,3.320263,-4.9987273,0.9967632,40.473442
1550,-0.8437198895562685,7.769028,-12.031327,-2.4989781,0.85501647,0.43143135,0.21556033,0.19065027,10.5429735,-1.04078,-1.9337175,-0.4794767,-1.8130081,-1.8065587,3.0,3.0,3.0,3.0,3.0,3.0,3.0,3.0,3.0,3.0,3.0,3.0,3.0,3.0,3.0,3.0,3.0,3.0,3.0,3.0,3.0,3.0,3.0,3.0,3.0,3.0,3.0,3.0,3.0,3.0,3.0,3.0,3.0,3.0,3.0,3.0,0.51059484,-4.994872,0.9840481,16.3489
1555,-0.8472020899307665,7.5477095,-12.006092,-2.4593952,0.8653578,0.42654252,0.18948136,0.18252169,10.675334,-1.3275847,-1.8739922,-0.51855963,-2.1046789,-1.834129,3.0,3.0,3.0,3.0,3.0,3.0,3.0,3.0,3.0,3.0,3.0,3.0,3.0,3.0,3.0,3.0,3.0,3.0,3.0,3.0,3.0,3.0,3.0,3.0,3.0,3.0,3.0,3.0,3.0,3.0,3.0,3.0,3.0,3.0,3.0,3.0,2.5510554,-4.938692,0.99993145,23.004745
1560,-0.8390352006463049,7.3238916,-11.974775,-2.4212725,0.8748978,0.4213328,0.16331291,0.17424549,10.785132,-1.6205629,-1.7988393,-0.5134875,-2.0971882,-1.8301214,3.0,3.0,3.0,3.0,3.0,3.0,3.0,3.0,3.0,3.0,3.0,3.0,3.0,3.0,3.0,3.0,3.0,3.0,3.0,3.0,3.0,3.0,3.0,3.0,3.0,3.0,3.0,3.0,3.0,3.0,3.0,3.0,3.0,3.0,3.0,3.0,3.5812893,-4.966223,0.99961925,4.5114326
1565,-0.8314520541191726,7.0981064,-11.93733,-2.3848636,0.88363534,0.4158101,0.13707843,0.1658315,10.869294,-1.9153864,-1.7120079,-0.50835264,-2.0898886,-1.8259819,3.0,3.0,3.0,3.0,3.0,3.0,3.0,3.0,3.0,3.0,3.0,3.0,3.0,3.0,3.0,3.0,3.0,3.0,3.0,3.0,3.0,3.0,3.0,3.0,3.0,3.0,3.0,3.0,3.0,3.0,3.0,3.0,3.0,3.0,3.0,3.0,3.8858795,-4.995227,0.999943,43.128067
1570,-0.8244508928027708,6.8708906,-11.893732,-2.3503966,0.89157027,0.4099824,0.11080111,0.15728948,10.927616,-2.2109904,-1.61471,-0.50316864,-2.082779,-1.821707,3.0,3.0,3.0,3.0,3.0,3.0,3.0,3.0,3.0,3.0,3.0,3.0,3.0,3.0,3.0,3.0,3.0,3.0,3.0,3.0,3.0,3.0,3.0,3.0,3.0,3.0,3.0,3.0,3.0,3.0,3.0,3.0,3.0,3.0,3.0,3.0,4.514185,-4.835906,0.9997878,-22.145643
1575,-0.8180274973919509,6.642784,-11.843977,-2.3180742,0.8987031,0.40385792,0.08450376,0.14862911,10.959993,-2.5063295,-1.5081723,-0.49794897,-2.0758576,-1.8172944,3.0,3.0,3.0,3.0,3.0,3.0,3.0,3.0,3.0,3.0,3.0,3.0,3.0,3.0,3.0,3.0,3.0,3.0,3.0,3.0,3.0,3.0,3.0,3.0,3.0,3.0,3.0,3.0,3.0,3.0,3.0,3.0,3.0,3.0,3.0,3.0,4.466364,-4.990261,0.9999137,-0.25749588
1580,-0.8121753750130394,6.414327,-11.788083,-2.2880733,0.9050351,0.39744478,0.058208916,0.13986014,10.966418,-2.8003821,-1.3936307,-0.4927071,-2.0691228,-1.8127424,3.0,3.0,3.0,3.0,3.0,3.0,3.0,3.0,3.0,3.0,3.0,3.0,3.0,3.0,3.0,3.0,3.0,3.0,3.0,3.0,3.0,3.0,3.0,3.0,3.0,3.0,3.0,3.0,3.0,3.0,3.0,3.0,3.0,3.0,3.0,3.0,3.191577,-4.9627423,0.9998597,27.366722
1585,-0.8068859439581719,6.1860604,-11.7260895,-2.2605455,0.9105681,0.3907514,0.03193874,0.13099217,10.946976,-3.092153,-1.2723253,-0.4874562,-2.0625718,-1.8080496,3.0,3.0,3.0,3.0,3.0,3.0,3.0,3.0,3.0,3.0,3.0,3.0,3.0,3.0,3.0,3.0,3.0,3.0,3.0,3.0,3.0,3.0,3.0,3.0,3.0,3.0,3.0,3.0,3.0,3.0,3.0,3.0,3.0,3.0,3.0,3.0,2.8310084,-4.974877,0.9999255,42.591614
1590,-0.8021487149206967,5.95852,-11.658057,-2.235616,0.9153049,0.38378617,0.0057150396,0.12203481,10.901838,-3.3806765,-1.1454945,-0.48220927,-2.0562015,-1.8032155,3.0,3.0,3.0,3.0,3.0,3.0,3.0,3.0,3.0,3.0,3.0,3.0,3.0,3.0,3.0,3.0,3.0,3.0,3.0,3.0,3.0,3.0,3.0,3.0,3.0,3.0,3.0,3.0,3.0,3.0,3.0,3.0,3.0,3.0,3.0,3.0,3.9853601,-4.995283,0.9998245,14.266609
1595,-0.7979514688668472,5.7322383,-11.5840645,-2.2133844,0.91924864,0.37655762,-0.020440754,0.11299755,10.831263,-3.6650186,-1.0143708,-0.476979,-2.0500088,-1.7982404,3.0,3.0,3.0,3.0,3.0,3.0,3.0,3.0,3.0,3.0,3.0,3.0,3.0,3.0,3.0,3.0,3.0,3.0,3.0,3.0,3.0,3.0,3.0,3.0,3.0,3.0,3.0,3.0,3.0,3.0,3.0,3.0,3.0,3.0,3.0,3.0,4.626132,-4.98402,0.99998975,-0.4944687
1600,-0.7942804318405452,5.5077415,-11.5042095,-2.193925,0.92240345,0.3690743,-0.04650759,0.10388983,10.735588,-3.9442787,-0.88017637,-0.47177777,-2.0439894,-1.7931247,3.0,3.0,3.0,3.0,3.0,3.0,3.0,3.0,3.0,3.0,3.0,3.0,3.0,3.0,3.0,3.0,3.0,3.0,3.0,3.0,3.0,3.0,3.0,3.0,3.0,3.0,3.0,3.0,3.0,3.0,3.0,3.0,3.0,3.0,3.0,3.0,4.128295,-4.900071,0.9998857,24.894867
1605,-0.7911204471449637,5.2855473,-11.418611,-2.1772866,0.9247738,0.3613449,-0.07246481,0.09472102,10.615227,-4.2175937,-0.7441187,-0.4666177,-2.0381396,-1.7878696,3.0,3.0,3.0,3.0,3.0,3.0,3.0,3.0,3.0,3.0,3.0,3.0,3.0,3.0,3.0,3.0,3.0,3.0,3.0,3.0,3.0,3.0,3.0,3.0,3.0,3.0,3.0,3.0,3.0,3.0,3.0,3.0,3.0,3.0,3.0,3.0,4.0466747,-4.757771,0.99997807,-6.5779686
1610,-0.7884551454757283,5.0661635,-11.3274,-2.1634932,0.9263651,0.35337806,-0.09829217,0.08550036,10.470665,-4.4841366,-0.6073869,-0.46151042,-2.0324545,-1.7824769,3.0,3.0,3.0,3.0,3.0,3.0,3.0,3.0,3.0,3.0,3.0,3.0,3.0,3.0,3.0,3.0,3.0,3.0,3.0,3.0,3.0,3.0,3.0,3.0,3.0,3.0,3.0,3.0,3.0,3.0,3.0,3.0,3.0,3.0,3.0,3.0,-0.48287582,-4.585667,0.9999069,-37.133198
1615,-0.786267113696228,4.8500886,-11.23073,-2.152544,0.92718303,0.3451825,-0.123969845,0.07623702,10.302455,-4.7431197,-0.47114816,-0.45646724,-2.0269291,-1.7769489,3.0,3.0,3.0,3.0,3.0,3.0,3.0,3.0,3.0,3.0,3.0,3.0,3.0,3.0,3.0,3.0,3.0,3.0,3.0,3.0,3.0,3.0,3.0,3.0,3.0,3.0,3.0,3.0,3.0,3.0,3.0,3.0,3.0,3.0,3.0,3.0,-1.6077809,-4.2687674,0.9999027,20.319511
1620,-0.784538063046686,4.637807,-11.128767,-2.1444147,0.9272342,0.33676705,-0.14947842,0.06694006,10.111213,-4.9937963,-0.33654466,-0.451499,-2.0215585,-1.7712883,3.0,3.0,3.0,3.0,3.0,3.0,3.0,3.0,3.0,3.0,3.0,3.0,3.0,3.0,3.0,3.0,3.0,3.0,3.0,3.0,3.0,3.0,3.0,3.0,3.0,3.0,3.0,3.0,3.0,3.0,3.0,3.0,3.0,3.0,3.0,3.0,-1.2587774,-4.954679,0.99986076,-3.230259
1625,-0.7832489976646672,4.4297895,-11.021693,-2.139057,0.9265254,0.32814044,-0.17479892,0.057618417,9.897614,-5.2354603,-0.20469047,-0.44661605,-2.0163367,-1.7654983,3.0,3.0,3.0,3.0,3.0,3.0,3.0,3.0,3.0,3.0,3.0,3.0,3.0,3.0,3.0,3.0,3.0,3.0,3.0,3.0,3.0,3.0,3.0,3.0,3.0,3.0,3.0,3.0,3.0,3.0,3.0,3.0,3.0,3.0,3.0,3.0,0.3838911,-4.6273155,0.999475,1.3926468
1630,-0.7792311194516923,4.2264323,-10.909841,-2.136246,0.9256924,0.31763482,-0.19923483,0.05007215,9.666194,-5.45925,-0.08575795,-0.6941419,-2.0045135,-1.5743858,3.0,3.0,3.0,3.0,3.0,3.0,3.0,3.0,3.0,3.0,3.0,3.0,3.0,3.0,3.0,3.0,3.0,3.0,3.0,3.0,3.0,3.0,3.0,3.0,3.0,3.0,3.0,3.0,3.0,3.0,3.0,3.0,3.0,3.0,3.0,3.0,2.1888251,-2.806713,0.9997853,-25.876644
1635,-0.7777142085724358,4.0281587,-10.793415,-2.135923,0.9246932,0.30546793,-0.22289443,0.04415698,9.415201,-5.6729436,0.030854996,-0.91084075,-1.9957438,-1.4110085,3.0,3.0,3.0,3.0,3.0,3.0,3.0,3.0,3.0,3.0,3.0,3.0,3.0,3.0,3.0,3.0,3.0,3.0,3.0,3.0,3.0,3.0,3.0,3.0,3.0,3.0,3.0,3.0,3.0,3.0,3.0,3.0,3.0,3.0,3.0,3.0,0.3171568,-4.4017076,0.99871767,-8.579533
1640,-0.7777739363333502,3.835395,-10.672606,-2.1380897,0.9232336,0.29248884,-0.2461031,0.039028328,9.141911,-5.8809977,0.15227859,-0.89510286,-1.9968266,-1.4051039,3.0,3.0,3.0,3.0,3.0,3.0,3.0,3.0,3.0,3.0,3.0,3.0,3.0,3.0,3.0,3.0,3.0,3.0,3.0,3.0,3.0,3.0,3.0,3.0,3.0,3.0,3.0,3.0,3.0,3.0,3.0,3.0,3.0,3.0,3.0,3.0,2.0440044,-4.8513575,0.9990305,13.19603
1645,-0.7782599753322936,3.6485438,-10.5476265,-2.1427348,0.92104405,0.27946,-0.2691302,0.033895858,8.851233,-6.075972,0.2694332,-0.8797668,-1.9981558,-1.3985103,3.0,3.0,3.0,3.0,3.0,3.0,3.0,3.0,3.0,3.0,3.0,3.0,3.0,3.0,3.0,3.0,3.0,3.0,3.0,3.0,3.0,3.0,3.0,3.0,3.0,3.0,3.0,3.0,3.0,3.0,3.0,3.0,3.0,3.0,3.0,3.0,2.0993557,-4.5530214,0.99808455,-36.185066
1650,-0.7801973532795772,3.4679334,-10.418777,-2.1497192,0.91809523,0.2661874,-0.2921895,0.0295067,8.545336,-6.2560525,0.37907723,-0.9087699,-2.0519907,-1.3236424,3.0,3.0,3.0,3.0,3.0,3.0,3.0,3.0,3.0,3.0,3.0,3.0,3.0,3.0,3.0,3.0,3.0,3.0,3.0,3.0,3.0,3.0,3.0,3.0,3.0,3.0,3.0,3.0,3.0,3.0,3.0,3.0,3.0,3.0,3.0,3.0,2.5242376,-4.19563,0.9979042,-21.418936
1655,-0.7816060855342997,3.293921,-10.286316,-2.158945,0.9144048,0.252853,-0.31510052,0.025314784,8.222025,-6.4244027,0.4844081,-0.89191985,-2.0549536,-1.3151486,3.0,3.0,3.0,3.0,3.0,3.0,3.0,3.0,3.0,3.0,3.0,3.0,3.0,3.0,3.0,3.0,3.0,3.0,3.0,3.0,3.0,3.0,3.0,3.0,3.0,3.0,3.0,3.0,3.0,3.0,3.0,3.0,3.0,3.0,3.0,3.0,2.3887753,-0.06900263,0.9977124,-33.577297
1660,-0.7861855954888323,3.1264987,-10.150805,-2.1698713,0.91114515,0.23660205,-0.33656865,0.02356943,7.909373,-6.5577393,0.5523775,-1.4756423,-1.9176258,-1.0694692,3.0,3.0,3.0,3.0,3.0,3.0,3.0,3.0,3.0,3.0,3.0,3.0,3.0,3.0,3.0,3.0,3.0,3.0,3.0,3.0,3.0,3.0,3.0,3.0,3.0,3.0,3.0,3.0,3.0,3.0,3.0,3.0,3.0,3.0,3.0,3.0,3.8789692,-2.8712454,0.9967624,-40.940838
1665,-0.8128615337916933,2.9654684,-10.01287,-2.181863,0.9096489,0.21361633,-0.3551775,0.027493376,7.616702,-6.6551967,0.5815418,-2.53634,-1.6939247,-0.66046166,3.0,3.0,3.0,3.0,3.0,3.0,3.0,3.0,3.0,3.0,3.0,3.0,3.0,3.0,3.0,3.0,3.0,3.0,3.0,3.0,3.0,3.0,3.0,3.0,3.0,3.0,3.0,3.0,3.0,3.0,3.0,3.0,3.0,3.0,3.0,3.0,3.030363,-0.45312643,0.9972012,-26.624784
1670,-0.8327264398477903,2.8108552,-9.872964,-2.1946557,0.9097624,0.18356161,-0.37054518,0.036521196,7.2803907,-6.75951,0.6459808,-3.0322433,-1.5797266,-0.5080097,3.0,3.0,3.0,3.0,3.0,3.0,3.0,3.0,3.0,3.0,3.0,3.0,3.0,3.0,3.0,3.0,3.0,3.0,3.0,3.0,3.0,3.0,3.0,3.0,3.0,3.0,3.0,3.0,3.0,3.0,3.0,3.0,3.0,3.0,3.0,3.0,0.49395037,-4.321207,0.992332,-28.627035
1675,-0.857380451791945,2.663347,-9.731102,-2.2088149,0.9100884,0.14883918,-0.3837107,0.04849827,6.941307,-6.84217,0.7069712,-3.5774019,-1.4357377,-0.39148226,3.0,3.0,3.0,3.0,3.0,3.0,3.0,3.0,3.0,3.0,3.0,3.0,3.0,3.0,3.0,3.0,3.0,3.0,3.0,3.0,3.0,3.0,3.0,3.0,3.0,3.0,3.0,3.0,3.0,3.0,3.0,3.0,3.0,3.0,3.0,3.0,1.050106,-0.7365732,0.95365644,-0.29133987
1680,-0.8744422249802893,2.5226119,-9.587924,-2.223916,0.90971696,0.1110428,-0.39528313,0.06193395,6.6448116,-6.883488,0.72310436,-3.8919587,-1.3353885,-0.38857034,3.0,3.0,3.0,3.0,3.0,3.0,3.0,3.0,3.0,3.0,3.0,3.0,3.0,3.0,3.0,3.0,3.0,3.0,3.0,3.0,3.0,3.0,3.0,3.0,3.0,3.0,3.0,3.0,3.0,3.0,3.0,3.0,3.0,3.0,3.0,3.0,3.9258766,-0.068164825,0.99598575,-10.509388
1685,-0.8783989389497647,2.3882487,-9.444123,-2.2394865,0.90863913,0.071158536,-0.40470323,0.07434189,6.2963057,-6.9197807,0.78457505,-3.8696702,-1.2679005,-0.5218535,3.0,3.0,3.0,3.0,3.0,3.0,3.0,3.0,3.0,3.0,3.0,3.0,3.0,3.0,3.0,3.0,3.0,3.0,3.0,3.0,3.0,3.0,3.0,3.0,3.0,3.0,3.0,3.0,3.0,3.0,3.0,3.0,3.0,3.0,3.0,3.0,-2.3364472,3.7920456,0.95395136,19.871628
1690,-0.8768071972284179,2.2607474,-9.299936,-2.255933,0.9067356,0.0325604,-0.41158998,0.085814044,5.990864,-6.921269,0.80257636,-3.8257425,-0.88204354,-0.5459238,3.0,3.0,3.0,3.0,3.0,3.0,3.0,3.0,3.0,3.0,3.0,3.0,3.0,3.0,3.0,3.0,3.0,3.0,3.0,3.0,3.0,3.0,3.0,3.0,3.0,3.0,3.0,3.0,3.0,3.0,3.0,3.0,3.0,3.0,3.0,3.0,-4.278553,-0.21766233,0.9597405,4.0609703
1695,-0.8829580468926107,2.1408038,-9.155754,-2.2737834,0.90374666,-0.0065422626,-0.41682166,0.09725669,5.601339,-6.916879,0.8926162,-3.7904985,-0.9644051,-0.53536254,3.0,3.0,3.0,3.0,3.0,3.0,3.0,3.0,3.0,3.0,3.0,3.0,3.0,3.0,3.0,3.0,3.0,3.0,3.0,3.0,3.0,3.0,3.0,3.0,3.0,3.0,3.0,3.0,3.0,3.0,3.0,3.0,3.0,3.0,3.0,3.0,-3.068882,1.5301461,0.94909334,24.395409
1700,-0.8898606578777013,2.0289993,-9.011991,-2.2934623,0.89886564,-0.045314535,-0.42214835,0.10852631,5.2098556,-6.886484,0.978483,-3.7552013,-1.0442896,-0.51591206,3.0,3.0,3.0,3.0,3.0,3.0,3.0,3.0,3.0,3.0,3.0,3.0,3.0,3.0,3.0,3.0,3.0,3.0,3.0,3.0,3.0,3.0,3.0,3.0,3.0,3.0,3.0,3.0,3.0,3.0,3.0,3.0,3.0,3.0,3.0,3.0,-1.4284472,0.67739296,0.88819313,1.8103447
1705,-0.8875560389537321,1.9249332,-8.869166,-2.3144846,0.8924092,-0.08312332,-0.4271347,0.11938312,4.869469,-6.83188,1.0138777,-3.5841832,-0.9917568,-0.5060821,3.0,3.0,3.0,3.0,3.0,3.0,3.0,3.0,3.0,3.0,3.0,3.0,3.0,3.0,3.0,3.0,3.0,3.0,3.0,3.0,3.0,3.0,3.0,3.0,3.0,3.0,3.0,3.0,3.0,3.0,3.0,3.0,3.0,3.0,3.0,3.0,3.9959145,0.4872508,0.7272407,-17.774763
1710,-0.8991320400801304,1.8273704,-8.727734,-2.3356547,0.88585615,-0.119104445,-0.4292422,0.12970804,4.537191,-6.7565784,1.0338966,-3.7545207,-0.5353045,-0.3777764,3.0,3.0,3.0,3.0,3.0,3.0,3.0,3.0,3.0,3.0,3.0,3.0,3.0,3.0,3.0,3.0,3.0,3.0,3.0,3.0,3.0,3.0,3.0,3.0,3.0,3.0,3.0,3.0,3.0,3.0,3.0,3.0,3.0,3.0,3.0,3.0,-1.9038444,0.3503294,0.8314009,29.877151
1715,-0.9079862809633368,1.7377986,-8.5882015,-2.3579867,0.87841344,-0.1559143,-0.42876527,0.14227055,4.141121,-6.655237,1.0961642,-3.730514,-0.6106637,-0.34857473,3.0,3.0,3.0,3.0,3.0,3.0,3.0,3.0,3.0,3.0,3.0,3.0,3.0,3.0,3.0,3.0,3.0,3.0,3.0,3.0,3.0,3.0,3.0,3.0,3.0,3.0,3.0,3.0,3.0,3.0,3.0,3.0,3.0,3.0,3.0,3.0,1.0049796,-3.0538135,0.93062186,23.548798
1720,-0.91987722836264,1.655483,-8.450845,-2.3807921,0.86928886,-0.19246729,-0.42821473,0.15467833,3.863175,-6.557728,1.0648221,-3.8175018,-0.6283389,-0.3858633,3.0,3.0,3.0,3.0,3.0,3.0,3.0,3.0,3.0,3.0,3.0,3.0,3.0,3.0,3.0,3.0,3.0,3.0,3.0,3.0,3.0,3.0,3.0,3.0,3.0,3.0,3.0,3.0,3.0,3.0,3.0,3.0,3.0,3.0,3.0,3.0,1.9485378,1.8524609,0.56534004,-5.6366196
1725,-0.9206871940031941,1.5791073,-8.315767,-2.4029434,0.8593947,-0.22826011,-0.42538172,0.16848864,3.5321298,-6.431053,1.062483,-3.7318442,-0.3894466,-0.18730499,3.0,3.0,3.0,3.0,3.0,3.0,3.0,3.0,3.0,3.0,3.0,3.0,3.0,3.0,3.0,3.0,3.0,3.0,3.0,3.0,3.0,3.0,3.0,3.0,3.0,3.0,3.0,3.0,3.0,3.0,3.0,3.0,3.0,3.0,3.0,3.0,4.2231216,-2.9810495,-0.20330298,-8.1031685
1730,-0.9342953025027979,1.5079874,-8.183023,-2.423857,0.84825706,-0.26349673,-0.4215801,0.18248193,3.3135488,-6.323952,0.97786045,-3.8748326,-0.3949027,-0.20928359,3.0,3.0,3.0,3.0,3.0,3.0,3.0,3.0,3.0,3.0,3.0,3.0,3.0,3.0,3.0,3.0,3.0,3.0,3.0,3.0,3.0,3.0,3.0,3.0,3.0,3.0,3.0,3.0,3.0,3.0,3.0,3.0,3.0,3.0,3.0,3.0,3.8160334,0.70264244,0.2796595,-39.48207
1735,-0.9375689316136538,1.4413261,-8.052567,-2.4429004,0.83577466,-0.299667,-0.41681942,0.19478692,3.150856,-6.229854,0.8545946,-3.8362117,-0.46681064,-0.34220782,3.0,3.0,3.0,3.0,3.0,3.0,3.0,3.0,3.0,3.0,3.0,3.0,3.0,3.0,3.0,3.0,3.0,3.0,3.0,3.0,3.0,3.0,3.0,3.0,3.0,3.0,3.0,3.0,3.0,3.0,3.0,3.0,3.0,3.0,3.0,3.0,4.8765574,-3.8311925,-0.67305475,-39.747272
1740,-0.9393073907689299,1.3768278,-7.923666,-2.458596,0.8215925,-0.33507597,-0.41215742,0.2069689,3.059387,-6.1584325,0.68566245,-3.8170714,-0.5293829,-0.28446338,3.0,3.0,3.0,3.0,3.0,3.0,3.0,3.0,3.0,3.0,3.0,3.0,3.0,3.0,3.0,3.0,3.0,3.0,3.0,3.0,3.0,3.0,3.0,3.0,3.0,3.0,3.0,3.0,3.0,3.0,3.0,3.0,3.0,3.0,3.0,3.0,4.9429474,-4.37733,-0.6800356,-40.65113
1745,-0.9409649723212563,1.3142264,-7.7962847,-2.4707465,0.8057652,-0.3696396,-0.40758383,0.21905331,2.9686108,-6.084587,0.51461613,-3.7975311,-0.584912,-0.22098012,3.0,3.0,3.0,3.0,3.0,3.0,3.0,3.0,3.0,3.0,3.0,3.0,3.0,3.0,3.0,3.0,3.0,3.0,3.0,3.0,3.0,3.0,3.0,3.0,3.0,3.0,3.0,3.0,3.0,3.0,3.0,3.0,3.0,3.0,3.0,3.0,4.936262,-2.9618049,-0.6912582,-32.75732
1750,-0.9425243332715043,1.2535082,-7.6704683,-2.4793031,0.78835154,-0.40327814,-0.40308565,0.2310639,2.8784697,-6.0086884,0.34109628,-3.7776492,-0.6329204,-0.15259162,3.0,3.0,3.0,3.0,3.0,3.0,3.0,3.0,3.0,3.0,3.0,3.0,3.0,3.0,3.0,3.0,3.0,3.0,3.0,3.0,3.0,3.0,3.0,3.0,3.0,3.0,3.0,3.0,3.0,3.0,3.0,3.0,3.0,3.0,3.0,3.0,4.8233747,-4.6235633,-0.9020568,-31.2317
1755,-0.943968244883312,1.1946604,-7.546254,-2.4842103,0.76941377,-0.4359162,-0.39864713,0.24302267,2.7889087,-5.9311323,0.16479033,-3.7574885,-0.6730277,-0.08016299,3.0,3.0,3.0,3.0,3.0,3.0,3.0,3.0,3.0,3.0,3.0,3.0,3.0,3.0,3.0,3.0,3.0,3.0,3.0,3.0,3.0,3.0,3.0,3.0,3.0,3.0,3.0,3.0,3.0,3.0,3.0,3.0,3.0,3.0,3.0,3.0,4.9735727,-3.171661,-0.8874446,-43.55067
1760,-0.9452800429347122,1.137672,-7.423672,-2.4854066,0.7490174,-0.4674829,-0.39425027,0.2549497,2.6998754,-5.852334,-0.014565321,-3.7371135,-0.7049512,-0.0045801443,3.0,3.0,3.0,3.0,3.0,3.0,3.0,3.0,3.0,3.0,3.0,3.0,3.0,3.0,3.0,3.0,3.0,3.0,3.0,3.0,3.0,3.0,3.0,3.0,3.0,3.0,3.0,3.0,3.0,3.0,3.0,3.0,3.0,3.0,3.0,3.0,4.9594097,-3.1544666,-0.9726057,-41.426502
1765,-0.9464440678733427,1.0825323,-7.302743,-2.4828262,0.72723126,-0.49791214,-0.38987482,0.26686296,2.61132,-5.7727213,-0.19718327,-3.7165906,-0.7285059,0.07326078,3.0,3.0,3.0,3.0,3.0,3.0,3.0,3.0,3.0,3.0,3.0,3.0,3.0,3.0,3.0,3.0,3.0,3.0,3.0,3.0,3.0,3.0,3.0,3.0,3.0,3.0,3.0,3.0,3.0,3.0,3.0,3.0,3.0,3.0,3.0,3.0,4.998803,-4.233612,-0.990851,-43.051
1770,-0.9474460890583549,1.029232,-7.1834774,-2.4763985,0.7041265,-0.5271426,-0.38549864,0.27877837,2.5231967,-5.6927304,-0.3832238,-3.695988,-0.7436027,0.15246366,3.0,3.0,3.0,3.0,3.0,3.0,3.0,3.0,3.0,3.0,3.0,3.0,3.0,3.0,3.0,3.0,3.0,3.0,3.0,3.0,3.0,3.0,3.0,3.0,3.0,3.0,3.0,3.0,3.0,3.0,3.0,3.0,3.0,3.0,3.0,3.0,4.997957,-4.736616,-0.9825467,-42.966385
1775,-0.9482737077467658,0.9777627,-7.0658784,-2.4660509,0.6797768,-0.5551179,-0.38109788,0.29070953,2.4354627,-5.6128016,-0.57279396,-3.6753724,-0.7502464,0.2321422,3.0,3.0,3.0,3.0,3.0,3.0,3.0,3.0,3.0,3.0,3.0,3.0,3.0,3.0,3.0,3.0,3.0,3.0,3.0,3.0,3.0,3.0,3.0,3.0,3.0,3.0,3.0,3.0,3.0,3.0,3.0,3.0,3.0,3.0,3.0,3.0,4.9626207,-4.6394806,-0.94427526,-42.821735
1780,-0.9489167340893645,0.92811674,-6.9499393,-2.4517093,0.65425795,-0.5817866,-0.37664732,0.30266774,2.3480785,-5.533371,-0.7659472,-3.6548111,-0.7485322,0.3114291,3.0,3.0,3.0,3.0,3.0,3.0,3.0,3.0,3.0,3.0,3.0,3.0,3.0,3.0,3.0,3.0,3.0,3.0,3.0,3.0,3.0,3.0,3.0,3.0,3.0,3.0,3.0,3.0,3.0,3.0,3.0,3.0,3.0,3.0,3.0,3.0,4.998293,-3.9898465,-0.9754025,-43.095245
1785,-0.9493675341309998,0.8802873,-6.835644,-2.4332988,0.62764734,-0.6071022,-0.3721204,0.31466198,2.2610092,-5.4548697,-0.96268326,-3.6343699,-0.7386415,0.3894849,3.0,3.0,3.0,3.0,3.0,3.0,3.0,3.0,3.0,3.0,3.0,3.0,3.0,3.0,3.0,3.0,3.0,3.0,3.0,3.0,3.0,3.0,3.0,3.0,3.0,3.0,3.0,3.0,3.0,3.0,3.0,3.0,3.0,3.0,3.0,3.0,4.999916,-4.3945546,-0.9847036,-36.614174
1790,-0.9496213436588419,0.8342682,-6.7229676,-2.4107454,0.6000238,-0.6310235,-0.36748976,0.32669878,2.174223,-5.377716,-1.1629487,-3.614112,-0.7208371,0.46550584,3.0,3.0,3.0,3.0,3.0,3.0,3.0,3.0,3.0,3.0,3.0,3.0,3.0,3.0,3.0,3.0,3.0,3.0,3.0,3.0,3.0,3.0,3.0,3.0,3.0,3.0,3.0,3.0,3.0,3.0,3.0,3.0,3.0,3.0,3.0,3.0,4.999731,-4.685571,-0.97441214,-43.066654
1795,-0.9496765466998911,0.7900539,-6.611878,-2.3839767,0.5714673,-0.6535141,-0.3627271,0.33878234,2.087693,-5.3023114,-1.366638,-3.5940986,-0.6954576,0.53873116,3.0,3.0,3.0,3.0,3.0,3.0,3.0,3.0,3.0,3.0,3.0,3.0,3.0,3.0,3.0,3.0,3.0,3.0,3.0,3.0,3.0,3.0,3.0,3.0,3.0,3.0,3.0,3.0,3.0,3.0,3.0,3.0,3.0,3.0,3.0,3.0,4.9999294,-3.7110944,-0.9923256,-38.34443
1800,-0.949534917526117,0.7476394,-6.5023327,-2.3529234,0.54205865,-0.6745428,-0.3578038,0.3509144,2.0013967,-5.2290382,-1.5735949,-3.5743873,-0.662911,0.60844964,3.0,3.0,3.0,3.0,3.0,3.0,3.0,3.0,3.0,3.0,3.0,3.0,3.0,3.0,3.0,3.0,3.0,3.0,3.0,3.0,3.0,3.0,3.0,3.0,3.0,3.0,3.0,3.0,3.0,3.0,3.0,3.0,3.0,3.0,3.0,3.0,4.999407,-4.2715745,-0.9950317,-43.000885
1805,-0.9492018261687762,0.70702,-6.394284,-2.31752,0.5118791,-0.6940832,-0.35269085,0.3630942,1.9153159,-5.1582546,-1.7836146,-3.5550325,-0.6236684,0.6740053,3.0,3.0,3.0,3.0,3.0,3.0,3.0,3.0,3.0,3.0,3.0,3.0,3.0,3.0,3.0,3.0,3.0,3.0,3.0,3.0,3.0,3.0,3.0,3.0,3.0,3.0,3.0,3.0,3.0,3.0,3.0,3.0,3.0,3.0,3.0,3.0,4.9998665,-4.6332703,-0.99922913,-38.49435
1810,-0.9486864086503948,0.6681914,-6.2876744,-2.2777054,-0.48101017,0.71211416,0.3473592,-0.37531883,1.8294377,-5.090292,-1.9964454,-3.536084,-0.5782567,0.7348024,3.0,3.0,3.0,3.0,3.0,3.0,3.0,3.0,3.0,3.0,3.0,3.0,3.0,3.0,3.0,3.0,3.0,3.0,3.0,3.0,3.0,3.0,3.0,3.0,3.0,3.0,3.0,3.0,3.0,3.0,3.0,3.0,3.0,3.0,3.0,3.0,4.955405,-4.8389606,-0.86443037,-40.655853
1815,-0.9480017043810733,0.6311495,-6.1824427,-2.233425,-0.4495333,0.7286191,0.34177998,-0.3875828,1.7437546,-5.0254517,-2.2117927,-3.5175872,-0.5272515,0.7903094,3.0,3.0,3.0,3.0,3.0,3.0,3.0,3.0,3.0,3.0,3.0,3.0,3.0,3.0,3.0,3.0,3.0,3.0,3.0,3.0,3.0,3.0,3.0,3.0,3.0,3.0,3.0,3.0,3.0,3.0,3.0,3.0,3.0,3.0,3.0,3.0,4.9988213,-4.6910653,-0.97172254,-43.29718
1820,-0.9471647643891549,0.59589016,-6.07852,-2.18463,-0.41752967,0.7435864,0.33592466,-0.39987853,1.6582637,-4.964003,-2.429321,-3.4995828,-0.47126928,0.8400622,3.0,3.0,3.0,3.0,3.0,3.0,3.0,3.0,3.0,3.0,3.0,3.0,3.0,3.0,3.0,3.0,3.0,3.0,3.0,3.0,3.0,3.0,3.0,3.0,3.0,3.0,3.0,3.0,3.0,3.0,3.0,3.0,3.0,3.0,3.0,3.0,4.9957523,-2.8324404,-0.96950555,-44.095387
1825,-0.9461967352067466,0.5624096,-5.975832,-2.1312802,-0.38507983,0.75700915,0.3297652,-0.4121961,1.5729679,-4.9061813,-2.6486597,-3.4821062,-0.41096008,0.88366646,3.0,3.0,3.0,3.0,3.0,3.0,3.0,3.0,3.0,3.0,3.0,3.0,3.0,3.0,3.0,3.0,3.0,3.0,3.0,3.0,3.0,3.0,3.0,3.0,3.0,3.0,3.0,3.0,3.0,3.0,3.0,3.0,3.0,3.0,3.0,3.0,4.9986343,-4.058633,-0.9693878,-42.77535
1830,-0.945122924240584,0.5307034,-5.8743014,-2.0733423,-0.3522635,0.76888484,0.3232744,-0.42452347,1.4878751,-4.8521852,-2.8694046,-3.465188,-0.34699965,0.92079943,3.0,3.0,3.0,3.0,3.0,3.0,3.0,3.0,3.0,3.0,3.0,3.0,3.0,3.0,3.0,3.0,3.0,3.0,3.0,3.0,3.0,3.0,3.0,3.0,3.0,3.0,3.0,3.0,3.0,3.0,3.0,3.0,3.0,3.0,3.0,3.0,4.999855,-4.822015,-0.9816216,-41.756588
1835,-0.9439728532604728,0.50076735,-5.773846,-2.010793,-0.31915945,0.7792156,0.31642592,-0.43684658,1.4029988,-4.802177,-3.0911248,-3.4488528,-0.28008193,0.9512106,3.0,3.0,3.0,3.0,3.0,3.0,3.0,3.0,3.0,3.0,3.0,3.0,3.0,3.0,3.0,3.0,3.0,3.0,3.0,3.0,3.0,3.0,3.0,3.0,3.0,3.0,3.0,3.0,3.0,3.0,3.0,3.0,3.0,3.0,3.0,3.0,4.997493,-4.167333,-0.9710447,-44.599384
1840,-0.9427803071659517,0.47259662,-5.6743813,-1.9436169,-0.28584504,0.78800774,0.3091945,-0.4491494,1.3183573,-4.75628,-3.3133667,-3.43312,-0.21091148,0.9747218,3.0,3.0,3.0,3.0,3.0,3.0,3.0,3.0,3.0,3.0,3.0,3.0,3.0,3.0,3.0,3.0,3.0,3.0,3.0,3.0,3.0,3.0,3.0,3.0,3.0,3.0,3.0,3.0,3.0,3.0,3.0,3.0,3.0,3.0,3.0,3.0,4.9993467,-2.8724456,-0.9688664,-44.58129
1845,-0.9415833853865824,0.4461861,-5.5758204,-1.8718095,-0.2523963,0.79527175,0.3015561,-0.461414,1.2339739,-4.7145796,-3.5356593,-3.4180036,-0.14019637,0.9912264,3.0,3.0,3.0,3.0,3.0,3.0,3.0,3.0,3.0,3.0,3.0,3.0,3.0,3.0,3.0,3.0,3.0,3.0,3.0,3.0,3.0,3.0,3.0,3.0,3.0,3.0,3.0,3.0,3.0,3.0,3.0,3.0,3.0,3.0,3.0,3.0,4.998227,-4.238278,-0.98620725,-44.657955
1850,-0.9404245630784982,0.42153004,-5.4780755,-1.7953756,-0.21888737,0.8010221,0.29348814,-0.47362074,1.1498759,-4.677122,-3.757519,-3.4035118,-0.06864099,1.0006881,3.0,3.0,3.0,3.0,3.0,3.0,3.0,3.0,3.0,3.0,3.0,3.0,3.0,3.0,3.0,3.0,3.0,3.0,3.0,3.0,3.0,3.0,3.0,3.0,3.0,3.0,3.0,3.0,3.0,3.0,3.0,3.0,3.0,3.0,3.0,3.0,4.9983044,-2.126278,-0.99548805,-44.89851
1855,-0.9393507686311636,0.3986221,-5.3810573,-1.7143302,-0.18539079,0.8052771,0.28496945,-0.48574835,1.0660951,-4.643915,-3.978456,-3.3896477,0.003060535,1.0031388,3.0,3.0,3.0,3.0,3.0,3.0,3.0,3.0,3.0,3.0,3.0,3.0,3.0,3.0,3.0,3.0,3.0,3.0,3.0,3.0,3.0,3.0,3.0,3.0,3.0,3.0,3.0,3.0,3.0,3.0,3.0,3.0,3.0,3.0,3.0,3.0,4.99621,-4.6364384,-0.9743065,-42.90249
1860,-0.9384134828082548,0.37745526,-5.2846785,-1.628699,-0.15197687,0.8080586,0.2759806,-0.497774,0.9826664,-4.6149273,-4.197978,-3.3764093,0.07423072,0.9986764,3.0,3.0,3.0,2.9729042,2.9653327,3.0,3.0,3.0,3.0,3.0,3.0,3.0,3.0,3.0,3.0,3.0,3.0,3.0,3.0,3.0,3.0,3.0,3.0,3.0,3.0,3.0,3.0,3.0,3.0,3.0,3.0,3.0,3.0,3.0,3.0,3.0,4.9976597,-4.188564,-0.964412,-44.36612
1865,-0.9376688629829857,0.3580217,-5.1888514,-1.5385172,-0.11871385,0.8093921,0.2665038,-0.5096736,0.8996277,-4.59009,-4.415598,-3.363789,0.14421459,0.9874611,3.0,3.0,2.902903,2.8470411,2.8791173,3.0,3.0,3.0,3.0,3.0,3.0,3.0,3.0,3.0,3.0,3.0,3.0,3.0,3.0,3.0,3.0,3.0,3.0,3.0,3.0,3.0,3.0,3.0,3.0,3.0,3.0,3.0,3.0,3.0,3.0,3.0,4.988536,-4.8594646,-0.9730314,-44.46434
1870,-0.937177893199974,0.3403128,-5.093491,-1.4438307,-0.085667565,0.8093061,0.25652322,-0.5214217,0.817019,-4.569298,-4.6308365,-3.3517754,0.21238515,0.96971214,3.0,2.846942,2.7437167,2.7276947,2.7963307,2.9607942,3.0,3.0,3.0,3.0,3.0,3.0,3.0,3.0,3.0,3.0,3.0,3.0,3.0,3.0,3.0,3.0,3.0,3.0,3.0,3.0,3.0,3.0,3.0,3.0,3.0,3.0,3.0,3.0,3.0,3.0,4.9906197,-2.1920252,-0.9561789,-29.537586
1875,-0.9370065569352197,0.32431912,-4.998515,-1.344695,-0.052901454,0.8078323,0.24602494,-0.5329917,0.7348822,-4.55241,-4.843229,-3.340351,0.27814835,0.9457039,2.8076627,2.6559718,2.5946274,2.6136749,2.7161431,2.9192944,3.0,3.0,3.0,3.0,3.0,3.0,3.0,3.0,3.0,3.0,3.0,3.0,3.0,3.0,3.0,3.0,3.0,3.0,3.0,3.0,3.0,3.0,3.0,3.0,3.0,3.0,3.0,3.0,3.0,3.0,4.9987783,1.2086,-0.96455425,-40.39876
1880,-0.9372260240754654,0.31003025,-4.9038434,-1.2411748,-0.020476349,0.80500525,0.23499699,-0.5443562,0.6532599,-4.5392523,-5.052328,-3.329496,0.3409475,0.9157613,2.5855865,2.4797833,2.453929,2.503903,2.637768,2.8791788,3.0,3.0,3.0,3.0,3.0,3.0,3.0,3.0,3.0,3.0,3.0,3.0,3.0,3.0,3.0,3.0,3.0,3.0,3.0,3.0,3.0,3.0,3.0,3.0,3.0,3.0,3.0,3.0,3.0,2.789351,4.9983397,-3.4459865,-0.9495293,-26.418205
1885,-0.9379128363493143,0.29743496,-4.809402,-1.1333442,0.011549586,0.80086213,0.22342952,-0.5554869,0.5721952,-4.5296183,-5.257711,-3.3191848,0.40026733,0.8802552,2.3838966,2.3158474,2.3201144,2.3973744,2.5604348,2.8398812,3.0,3.0,3.0,3.0,3.0,3.0,3.0,3.0,3.0,3.0,3.0,3.0,3.0,3.0,3.0,3.0,3.0,3.0,3.0,3.0,3.0,3.0,3.0,3.0,3.0,3.0,3.0,3.0,2.7983482,2.5354364,4.972704,-2.818274,-0.9817308,-8.849155
1890,-0.9391490656846475,0.28652105,-4.7151194,-1.0212854,0.043120943,0.7954426,0.21131483,-0.56635475,0.49173087,-4.5232725,-5.4589787,-3.3093896,0.45563713,0.8395977,2.1988907,2.1619964,2.191818,2.2931235,2.4833598,2.8008153,3.0,3.0,3.0,3.0,3.0,3.0,3.0,3.0,3.0,3.0,3.0,3.0,3.0,3.0,3.0,3.0,3.0,3.0,3.0,3.0,3.0,3.0,3.0,3.0,3.0,3.0,3.0,2.8440878,2.5096958,2.3084242,4.8950186,4.23724,-0.9698013,-39.31082
1895,-0.9410224071711926,0.27727553,-4.620931,-0.90508914,0.07418516,0.7887885,0.19864735,-0.5769302,0.4119089,-4.5199523,-5.655765,-3.3000786,0.5066338,0.7942366,2.027499,2.0163305,2.0677683,2.1901891,2.4057143,2.761346,3.0,3.0,3.0,3.0,3.0,3.0,3.0,3.0,3.0,3.0,3.0,3.0,3.0,3.0,3.0,3.0,3.0,3.0,3.0,3.0,3.0,3.0,3.0,3.0,3.0,3.0,2.9413698,2.514471,2.2556336,2.1030476,4.7595253,2.94105,-0.9520806,-16.711836
1900,-0.943626151948736,0.26968452,-4.526777,-0.7848528,0.104692586,0.7809438,0.18542372,-0.58718336,0.3327698,-4.5193696,-5.8477345,-3.2912173,0.55288416,0.74465066,1.8671193,1.877143,1.9467453,2.0875802,2.3265865,2.7207532,3.0,3.0,3.0,3.0,3.0,3.0,3.0,3.0,3.0,3.0,3.0,3.0,3.0,3.0,3.0,3.0,3.0,3.0,3.0,3.0,3.0,3.0,3.0,3.0,3.0,3.0,2.5591896,2.2289789,2.0288439,1.9150816,4.9775934,2.9074993,-0.9918358,-26.483007
1905,-0.9470589651144868,0.26373327,-4.432604,-0.6606806,0.13459651,0.77195424,0.17164281,-0.59708387,0.25435233,-4.521217,-6.0345893,-3.2827692,0.5940664,0.69134396,1.7154942,1.7428582,1.8275384,1.9842362,2.244934,2.6781802,3.0,3.0,3.0,3.0,3.0,3.0,3.0,3.0,3.0,3.0,3.0,3.0,3.0,3.0,3.0,3.0,3.0,3.0,3.0,3.0,3.0,3.0,3.0,3.0,3.0,2.659555,2.23393,1.9775391,1.8236474,1.7410595,2.8255959,3.2938232,-0.992789,28.521736
1910,-0.9514243698368858,0.2594063,-4.338366,-0.5326823,0.16385323,0.7618672,0.15730572,-0.60660154,0.17669275,-4.525166,-6.216068,-3.2746954,0.6299116,0.6348407,1.5706131,1.6119763,1.7089057,1.8789823,2.1595218,2.6325634,3.0,3.0,3.0,3.0,3.0,3.0,3.0,3.0,3.0,3.0,3.0,3.0,3.0,3.0,3.0,3.0,3.0,3.0,3.0,3.0,3.0,3.0,3.0,3.0,2.8442588,2.279669,1.9515759,1.7525921,1.6355274,1.5780689,4.157675,4.0300636,-0.9837833,-14.821056
1915,-0.9568298124142275,0.25668737,-4.244023,-0.4009729,0.19242205,0.75073147,0.14241575,-0.6157059,0.09982478,-4.5308747,-6.3919487,-3.2669551,0.6602042,0.5756801,1.4306335,1.4830229,1.5895278,1.7704712,2.0688372,2.582521,3.0,3.0,3.0,3.0,3.0,3.0,3.0,3.0,3.0,3.0,3.0,3.0,3.0,3.0,3.0,3.0,3.0,3.0,3.0,3.0,3.0,3.0,3.0,3.0,2.3827524,1.9554663,1.701974,1.5483074,1.4608012,1.4235988,1.6107697,4.235819,-0.9891308,24.00946
1920,-0.9633851567422033,0.25555968,-4.149543,-0.26567125,0.22026531,0.73859704,0.12697843,-0.62436694,0.023779,-4.537989,-6.5620513,-3.2595072,0.6847824,0.51441056,1.2938129,1.3544985,1.4679551,1.6571099,1.9709675,2.5261855,3.0,3.0,3.0,3.0,3.0,3.0,3.0,3.0,3.0,3.0,3.0,3.0,3.0,3.0,3.0,3.0,3.0,3.0,3.0,3.0,3.0,3.0,3.0,2.5759938,1.9976243,1.6728582,1.4775399,1.3600671,1.2963871,1.2754233,-2.422896,4.0782633,-0.9904009,35.841248
1925,-0.9712004356583581,0.25600567,-4.0549006,-0.12689957,0.24734844,0.725515,0.111001484,-0.63255465,-0.051417306,-4.5461445,-6.7262363,-3.2523086,0.7035375,0.45158547,1.1584466,1.2248236,1.3425415,1.5369582,1.8634245,2.4609256,3.0,3.0,3.0,3.0,3.0,3.0,3.0,3.0,3.0,3.0,3.0,3.0,3.0,3.0,3.0,3.0,3.0,3.0,3.0,3.0,3.0,3.0,2.9340143,2.0945654,1.6680129,1.4216875,1.272441,1.1841134,1.1396319,1.1315069,-4.66183,4.589759,-0.9814855,33.808723
1930,-0.9803826792536849,0.25800738,-3.96008,0.015217559,0.27363986,0.71153724,0.0944948,-0.6402396,-0.1257404,-4.554973,-6.884406,-3.2453165,0.7164136,0.3877575,1.0228066,1.0922766,1.2113597,1.4075879,1.742872,2.3828676,3.0,3.0,3.0,3.0,3.0,3.0,3.0,3.0,3.0,3.0,3.0,3.0,3.0,3.0,3.0,3.0,3.0,3.0,3.0,3.0,3.0,3.0,2.2820926,1.693436,1.3795122,1.1943908,1.082063,1.0173,0.9881814,0.9899247,-3.786527,4.662531,-0.98645383,44.504265
1935,-0.991031658604206,0.26154634,-3.8650708,0.16055407,0.299111,0.69671625,0.07747038,-0.6473928,-0.19917023,-4.5641026,-7.0365057,-3.2384882,0.723406,0.32347423,0.88507825,0.95491755,1.0720882,1.2658774,1.6046984,2.2860305,3.0,3.0,3.0,3.0,3.0,3.0,3.0,3.0,3.0,3.0,3.0,3.0,3.0,3.0,3.0,3.0,3.0,3.0,3.0,3.0,3.0,2.6524165,1.7621695,1.350061,1.1217979,0.9851639,0.9026486,0.85691226,0.8398757,0.84879076,-4.8502064,4.282669,-0.99153024,39.80568
1940,-1.003083258552678,0.2671251,-3.7695563,0.30896878,0.32375354,0.6827285,0.058094304,-0.6524496,-0.31387386,-4.598664,-7.1812005,-3.328114,0.29195964,0.11546134,0.744238,0.8122124,0.9247748,1.1128081,1.4522085,2.1850176,3.0,3.0,3.0,3.0,3.0,3.0,3.0,3.0,3.0,3.0,3.0,3.0,3.0,3.0,3.0,3.0,3.0,3.0,3.0,3.0,3.0,1.8867007,1.3239826,1.0442569,0.8842954,0.78758216,0.72993004,0.69995993,0.69256717,0.7065735,-4.5150194,3.0766716,-0.99540347,21.69365
1945,-1.0296595649359455,0.2763728,-3.6725476,0.4602027,0.34777206,0.6733655,0.03228167,-0.65160686,-0.52584636,-4.6919003,-7.310444,-3.5777078,-0.79075146,-0.20986848,0.59977984,0.66453296,0.7712294,0.9532448,1.2993915,2.142475,3.0,3.0,3.0,3.0,3.0,3.0,3.0,3.0,3.0,3.0,3.0,3.0,3.0,3.0,3.0,3.0,3.0,3.0,3.0,3.0,2.0483553,1.2662812,0.9369996,0.76200277,0.65895617,0.59642315,0.5602782,0.54384404,0.544417,0.56208795,-4.6261067,-2.173333,-0.99137133,43.734894
1950,-1.0529208888397161,0.2914605,-3.5727801,0.6138554,0.37435323,0.6661642,0.0039886986,-0.6450341,-0.86766315,-4.859504,-7.4157114,-3.7676795,-1.0882962,0.19547471,0.44776425,0.5057117,0.6018941,0.77223,1.1246903,2.1915388,3.0,3.0,3.0,3.0,3.0,3.0,3.0,3.0,3.0,3.0,3.0,3.0,3.0,3.0,3.0,3.0,3.0,3.0,3.0,2.2863061,1.1479917,0.7822776,0.6072716,0.50888866,0.44969782,0.41411328,0.39486542,0.38861066,0.39434615,0.41298988,-4.9537606,-3.4798646,-0.99781084,44.50506
1955,-1.0637302452051995,0.3143377,-3.469169,0.7694781,0.40129623,0.65829474,-0.02433595,-0.6364096,-1.2513266,-5.048537,-7.5045037,-3.7504423,-1.0968399,0.15343381,0.2816882,0.3252279,0.39902884,0.5372716,0.86216253,2.3626695,3.0,3.0,3.0,3.0,3.0,3.0,3.0,3.0,3.0,3.0,3.0,3.0,3.0,3.0,3.0,3.0,3.0,3.0,3.0,0.938257,0.5640177,0.41214845,0.3326786,0.28619134,0.25798073,0.24151246,0.23369518,0.23323254,0.24005117,0.25527033,-4.981903,-4.8251157,-0.9921993,44.56643
