step,reward,rel_x,rel_y,rel_z,qw,qx,qy,qz,vx,vy,vz,wx,wy,wz,lidar_0,lidar_1,lidar_2,lidar_3,lidar_4,lidar_5,lidar_6,lidar_7,lidar_8,lidar_9,lidar_10,lidar_11,lidar_12,lidar_13,lidar_14,lidar_15,lidar_16,lidar_17,lidar_18,lidar_19,lidar_20,lidar_21,lidar_22,lidar_23,lidar_24,lidar_25,lidar_26,lidar_27,lidar_28,lidar_29,lidar_30,lidar_31,lidar_32,lidar_33,lidar_34,lidar_35,act_vx,act_vy,act_vz,act_yaw
5,0.08657892123829983,-0.04126391,0.077278994,0.8978864,1.0,0.0,0.0,0.0,0.0,0.0,0.2028851,0.0,0.0,0.0,3.0,3.0,3.0,3.0,3.0,3.0,3.0,3.0,3.0,3.0,3.0,3.0,3.0,3.0,3.0,3.0,3.0,3.0,3.0,3.0,3.0,3.0,3.0,3.0,3.0,3.0,3.0,3.0,3.0,3.0,3.0,3.0,3.0,3.0,3.0,3.0,-2.743528,2.5252476,0.98203254,-5.3565025
10,0.18362197472980238,-0.04126391,0.077278994,0.8904937,1.0,-3.7429625e-05,3.7429625e-05,-2.1670014e-05,0.0,0.0,0.45589474,-0.01796622,0.01796622,-0.010401607,3.0,3.0,3.0,3.0,3.0,3.0,3.0,3.0,3.0,3.0,3.0,3.0,3.0,3.0,3.0,3.0,3.0,3.0,3.0,3.0,3.0,3.0,3.0,3.0,3.0,3.0,3.0,3.0,3.0,3.0,3.0,3.0,3.0,3.0,3.0,3.0,-1.4193339,0.5113597,0.99206233,-0.98988724
15,-0.026832329878749173,-0.04126436,0.0772785,0.87827027,0.999999,0.0010906975,0.00027055573,0.00086630986,8.3767e-05,1.6455242e-05,0.6769078,0.12026056,0.07592974,-0.089031115,3.0,3.0,3.0,3.0,3.0,3.0,3.0,3.0,3.0,3.0,3.0,3.0,3.0,3.0,3.0,3.0,3.0,3.0,3.0,3.0,3.0,3.0,3.0,3.0,3.0,3.0,3.0,3.0,3.0,3.0,3.0,3.0,3.0,3.0,3.0,3.0,-3.456571,0.024191856,0.9489075,26.95475
20,-0.09172282304679918,-0.041267987,0.07728829,0.8618577,0.9999903,0.0026624994,0.0020743855,0.0028372437,0.00028598408,-0.0008775966,0.8536224,0.28686485,0.24563584,0.034959387,3.0,3.0,3.0,3.0,3.0,3.0,3.0,3.0,3.0,3.0,3.0,3.0,3.0,3.0,3.0,3.0,3.0,3.0,3.0,3.0,3.0,3.0,3.0,3.0,3.0,3.0,3.0,3.0,3.0,3.0,3.0,3.0,3.0,3.0,3.0,3.0,-3.1603754,0.46952152,0.9689709,-36.511036
25,-0.08910233375683796,-0.04129117,0.07732876,0.8425062,0.99995464,0.005214737,0.00417808,0.006782981,0.001793199,-0.0028127837,0.97491324,0.425355,0.38348395,0.60236585,3.0,3.0,3.0,3.0,3.0,3.0,3.0,3.0,3.0,3.0,3.0,3.0,3.0,3.0,3.0,3.0,3.0,3.0,3.0,3.0,3.0,3.0,3.0,3.0,3.0,3.0,3.0,3.0,3.0,3.0,3.0,3.0,3.0,3.0,3.0,3.0,-1.4078116,-1.7850318,0.9733732,-37.750397
30,-0.08693388479982239,-0.0413564,0.07742355,0.8215238,0.9998967,0.01049728,0.0059919395,0.00777407,0.004302948,-0.006146628,1.0315716,0.5502723,-0.055665392,-0.25418758,3.0,3.0,3.0,3.0,3.0,3.0,3.0,3.0,3.0,3.0,3.0,3.0,3.0,3.0,3.0,3.0,3.0,3.0,3.0,3.0,3.0,3.0,3.0,3.0,3.0,3.0,3.0,3.0,3.0,3.0,3.0,3.0,3.0,3.0,3.0,3.0,0.24432945,2.665329,0.99356174,-39.015198
35,-0.03599039064410592,-0.041487645,0.07762393,0.7992065,0.9998603,0.01536444,0.0056155403,0.0034295612,0.0075145,-0.012119176,1.0907851,0.4192009,0.07506399,-0.4038508,3.0,3.0,3.0,3.0,3.0,3.0,3.0,3.0,3.0,3.0,3.0,3.0,3.0,3.0,3.0,3.0,3.0,3.0,3.0,3.0,3.0,3.0,3.0,3.0,3.0,3.0,3.0,3.0,3.0,3.0,3.0,3.0,3.0,3.0,3.0,3.0,-0.39131784,-0.87917376,0.96935964,-35.15732
40,0.17903178124112912,-0.041678872,0.077975184,0.77593356,0.9997607,0.021293662,0.0049081985,0.0010113964,0.0102597745,-0.020358773,1.1325709,0.5800519,-0.066304035,0.09068987,3.0,3.0,3.0,3.0,3.0,3.0,3.0,3.0,3.0,3.0,3.0,3.0,3.0,3.0,3.0,3.0,3.0,3.0,3.0,3.0,3.0,3.0,3.0,3.0,3.0,3.0,3.0,3.0,3.0,3.0,3.0,3.0,3.0,3.0,3.0,3.0,0.80402136,-0.4946432,0.9618515,-14.365932
45,-0.09730524888544634,-0.041919187,0.07851491,0.75224894,0.9996136,0.027267054,0.0050111613,0.0020151122,0.012369631,-0.029883126,1.1379086,0.48645547,0.05635807,-0.17049544,3.0,3.0,3.0,3.0,3.0,3.0,3.0,3.0,3.0,3.0,3.0,3.0,3.0,3.0,3.0,3.0,3.0,3.0,3.0,3.0,3.0,3.0,3.0,3.0,3.0,3.0,3.0,3.0,3.0,3.0,3.0,3.0,3.0,3.0,3.0,3.0,-1.9035053,-3.0508852,0.9433323,-42.158836
50,-0.1200192085226483,-0.04220595,0.079304524,0.72809494,0.9994538,0.03271244,0.004686864,-7.4635995e-05,0.014639528,-0.043697234,1.1755308,0.63875186,0.18086883,0.011430941,3.0,3.0,3.0,3.0,3.0,3.0,3.0,3.0,3.0,3.0,3.0,3.0,3.0,3.0,3.0,3.0,3.0,3.0,3.0,3.0,3.0,3.0,3.0,3.0,3.0,3.0,3.0,3.0,3.0,3.0,3.0,3.0,3.0,3.0,3.0,3.0,0.50299263,-0.052805424,0.9299195,-44.81956
55,-0.12333030786850124,-0.042533085,0.0803679,0.70384175,0.99919176,0.039550576,0.0064556226,-0.0031445846,0.016410474,-0.055594873,1.1465153,0.6231877,0.2231528,-0.4914673,3.0,3.0,3.0,3.0,3.0,3.0,3.0,3.0,3.0,3.0,3.0,3.0,3.0,3.0,3.0,3.0,3.0,3.0,3.0,3.0,3.0,3.0,3.0,3.0,3.0,3.0,3.0,3.0,3.0,3.0,3.0,3.0,3.0,3.0,3.0,3.0,-2.754857,-2.5321345,0.40010667,-43.559216
60,-0.11396064445081111,-0.042903278,0.08170305,0.68032837,0.9988648,0.046487678,0.0071805916,-0.0075117345,0.018739684,-0.070141986,1.119277,0.7784937,0.075714715,-0.36319834,3.0,3.0,3.0,3.0,3.0,3.0,3.0,3.0,3.0,3.0,3.0,3.0,3.0,3.0,3.0,3.0,3.0,3.0,3.0,3.0,3.0,3.0,3.0,3.0,3.0,3.0,3.0,3.0,3.0,3.0,3.0,3.0,3.0,3.0,3.0,3.0,-2.2958632,0.17607737,0.90264106,-42.461422
65,-0.11635037806388288,-0.04333058,0.08342055,0.65684974,0.99853194,0.05281223,0.008767179,-0.008242465,0.021776054,-0.09140683,1.1360961,0.6687058,0.21179874,-0.18218951,3.0,3.0,3.0,3.0,3.0,3.0,3.0,3.0,3.0,3.0,3.0,3.0,3.0,3.0,3.0,3.0,3.0,3.0,3.0,3.0,3.0,3.0,3.0,3.0,3.0,3.0,3.0,3.0,3.0,3.0,3.0,3.0,3.0,3.0,3.0,3.0,0.13347673,2.1318126,0.5565436,-42.786613
70,-0.09197910649594077,-0.043816663,0.08553185,0.63382065,0.9980615,0.06055899,0.0099523,-0.010336891,0.024500605,-0.10882145,1.0904324,0.7395806,0.19995354,-0.16683275,3.0,3.0,3.0,3.0,3.0,3.0,3.0,3.0,3.0,3.0,3.0,3.0,3.0,3.0,3.0,3.0,3.0,3.0,3.0,3.0,3.0,3.0,3.0,3.0,3.0,3.0,3.0,3.0,2.9889464,3.0,3.0,3.0,3.0,3.0,3.0,3.0,0.6378155,3.2160559,0.8428892,-39.233414
75,-0.10816665263880759,-0.044353068,0.0879654,0.61230624,0.99761325,0.06681021,0.012306974,-0.012360288,0.026916247,-0.123918846,1.0063112,0.48211035,0.09474611,-0.045010686,3.0,3.0,3.0,3.0,3.0,3.0,3.0,3.0,3.0,3.0,3.0,3.0,3.0,3.0,3.0,3.0,3.0,3.0,3.0,3.0,3.0,3.0,3.0,3.0,3.0,3.0,3.0,2.9150505,2.860628,2.8945374,3.0,3.0,3.0,3.0,3.0,3.0,-0.38610935,1.0660629,0.95128715,-40.215023
80,-0.13295864576824235,-0.044973377,0.0908968,0.59130347,0.99733007,0.07094814,0.013893789,-0.010299086,0.031651594,-0.1517014,1.0059667,0.49677968,0.3037264,0.353973,3.0,3.0,3.0,3.0,3.0,3.0,3.0,3.0,3.0,3.0,3.0,3.0,3.0,3.0,3.0,3.0,3.0,3.0,3.0,3.0,3.0,3.0,3.0,3.0,3.0,3.0,3.0,2.8938112,2.8351824,2.8641806,2.985426,3.0,3.0,3.0,3.0,3.0,0.7583046,2.2202058,0.33151293,-41.48555
85,-0.1773141357440956,-0.045673013,0.09426986,0.5714244,0.99697894,0.075606585,0.016935566,-0.0054609985,0.03509869,-0.16956314,0.92472184,0.45437172,0.2647316,0.56357235,3.0,3.0,3.0,3.0,3.0,3.0,3.0,3.0,3.0,3.0,3.0,3.0,3.0,3.0,3.0,3.0,3.0,3.0,3.0,3.0,3.0,3.0,3.0,3.0,3.0,3.0,3.0,2.8463283,2.7777066,2.795249,2.9017425,3.0,3.0,3.0,3.0,3.0,0.40431023,2.8081994,0.74410665,-44.05473
90,-0.08813684758240525,-0.046465967,0.098079436,0.5528957,0.9967277,0.077749945,0.021972897,-0.0024575754,0.040515363,-0.19297543,0.873067,0.07291153,0.6193677,0.184775,3.0,3.0,3.0,3.0,3.0,3.0,3.0,3.0,3.0,3.0,3.0,3.0,3.0,3.0,3.0,3.0,3.0,3.0,3.0,3.0,3.0,3.0,3.0,3.0,3.0,3.0,3.0,2.886722,2.7908692,2.7830207,2.8619304,3.0,3.0,3.0,3.0,3.0,-1.3757019,3.9883614,0.84245956,-34.024715
95,-0.0860331903726903,-0.047399998,0.10241337,0.5352498,0.9967348,0.07627922,0.026476258,0.00044415565,0.049147878,-0.22183456,0.8541165,-0.10377268,0.35169628,0.09953466,3.0,3.0,3.0,3.0,3.0,3.0,3.0,3.0,3.0,3.0,3.0,3.0,3.0,3.0,3.0,3.0,3.0,3.0,3.0,3.0,3.0,3.0,3.0,3.0,3.0,3.0,3.0,3.0,2.924306,2.887713,2.9402585,3.0,3.0,3.0,3.0,3.0,2.6679955,-0.087501526,0.77592075,-34.39036
100,-0.06379731845717285,-0.048567355,0.10743773,0.5173692,0.99691993,0.071206614,0.032835364,-0.0014481028,0.06106259,-0.25392395,0.8616513,-0.73321843,0.4863673,0.01492336,3.0,3.0,3.0,3.0,3.0,3.0,3.0,3.0,3.0,3.0,3.0,3.0,3.0,3.0,3.0,3.0,3.0,3.0,3.0,3.0,3.0,3.0,3.0,3.0,3.0,3.0,3.0,3.0,3.0,3.0,3.0,3.0,3.0,3.0,3.0,3.0,-0.33970785,-3.2488298,0.9018636,31.367569
105,0.10849306519761037,-0.05008636,0.11326463,0.49822786,0.99699754,0.06730223,0.03828855,-0.0005232382,0.07923997,-0.29239306,0.9284794,-0.33282763,0.7329264,0.20486757,3.0,3.0,3.0,3.0,3.0,3.0,3.0,3.0,3.0,3.0,3.0,3.0,3.0,3.0,3.0,3.0,3.0,3.0,3.0,3.0,3.0,3.0,3.0,3.0,3.0,3.0,3.0,3.0,3.0,3.0,3.0,3.0,3.0,3.0,3.0,3.0,1.7029405,4.3536625,0.85657454,13.746006
110,-97.44248865346967,-0.051899247,0.11963118,0.47937027,0.99715567,0.060177673,0.045378182,-1.630847e-05,0.092986576,-0.3147972,0.89463717,-0.92253786,0.650558,0.053953778,3.0,3.0,3.0,3.0,3.0,3.0,3.0,3.0,3.0,3.0,3.0,3.0,3.0,3.0,3.0,3.0,3.0,3.0,3.0,3.0,3.0,3.0,3.0,3.0,3.0,3.0,3.0,3.0,3.0,3.0,3.0,3.0,3.0,3.0,3.0,3.0,-2.0275748,-0.8749356,0.92511845,2.3005905
115,0.16997940043360918,1.9457958,0.12666851,1.4592794,0.9972366,0.054601755,0.05037365,-0.0005833756,0.1224079,-0.35203508,1.0065519,-0.35306153,0.4417434,0.104780726,3.0,3.0,3.0,3.0,3.0,3.0,3.0,3.0,3.0,3.0,3.0,3.0,3.0,3.0,3.0,3.0,3.0,3.0,3.0,3.0,3.0,3.0,3.0,3.0,3.0,3.0,3.0,3.0,3.0,3.0,3.0,3.0,3.0,3.0,3.0,3.0,4.6287365,0.90815544,0.75268555,3.966816
120,-0.10774443934584532,1.9428903,0.13437736,1.437393,0.99696225,0.05208349,0.05790952,0.0003329807,0.1497474,-0.38020453,1.065402,-0.18766935,0.63463676,0.020744061,3.0,3.0,3.0,3.0,3.0,3.0,3.0,3.0,3.0,3.0,3.0,3.0,3.0,3.0,3.0,3.0,3.0,3.0,3.0,3.0,3.0,3.0,3.0,3.0,3.0,3.0,3.0,3.0,3.0,3.0,3.0,3.0,3.0,3.0,3.0,3.0,1.872642,-2.0971942,0.9463527,34.942245
125,-0.004497117548626306,1.9394176,0.14260769,1.4147505,0.99651164,0.051401936,0.06573597,0.0010588457,0.17843784,-0.4047826,1.1003076,-0.12635098,0.8323109,-0.14804557,3.0,3.0,3.0,3.0,3.0,3.0,3.0,3.0,3.0,3.0,3.0,3.0,3.0,3.0,3.0,3.0,3.0,3.0,3.0,3.0,3.0,3.0,3.0,3.0,3.0,3.0,3.0,3.0,3.0,3.0,3.0,3.0,3.0,3.0,3.0,3.0,-2.9730577,-2.6072888,0.9423404,24.433502
130,-0.004913006778109297,1.9353486,0.15130827,1.3917433,0.9958722,0.052688636,0.07390866,0.00019175388,0.20514037,-0.42483377,1.0937649,0.16145982,0.7579258,0.20249197,3.0,3.0,3.0,3.0,3.0,3.0,3.0,3.0,3.0,3.0,3.0,3.0,3.0,3.0,3.0,3.0,3.0,3.0,3.0,3.0,3.0,3.0,3.0,3.0,3.0,3.0,3.0,3.0,3.0,3.0,3.0,3.0,3.0,3.0,3.0,3.0,-0.4756899,0.37083387,0.6815444,24.794762
135,0.003114974054713171,1.9307655,0.16037019,1.3694677,0.99524295,0.05372974,0.08126714,0.0004165372,0.23293845,-0.44365934,1.0704656,0.1374807,0.5150354,-0.09739717,3.0,3.0,3.0,3.0,3.0,3.0,3.0,3.0,3.0,3.0,3.0,3.0,3.0,3.0,3.0,3.0,3.0,3.0,3.0,3.0,3.0,3.0,3.0,3.0,3.0,3.0,3.0,3.0,3.0,3.0,3.0,3.0,3.0,3.0,3.0,3.0,2.2608004,-0.9707308,0.8545449,-24.947628
140,0.22927209655958303,1.9253976,0.16994567,1.3466128,0.99456096,0.055853296,0.08791178,0.000665511,0.2771948,-0.47209507,1.1301085,0.33350852,0.735109,0.040221084,3.0,3.0,3.0,3.0,3.0,3.0,3.0,3.0,3.0,3.0,3.0,3.0,3.0,3.0,3.0,3.0,3.0,3.0,3.0,3.0,3.0,3.0,3.0,3.0,3.0,3.0,3.0,3.0,3.0,3.0,3.0,3.0,3.0,3.0,3.0,3.0,1.4045959,0.7964659,0.8655014,-2.3601875
145,0.005224186893656113,1.9191849,0.18004927,1.3231854,0.99379075,0.05706154,0.09551921,0.00017175524,0.31358764,-0.49425364,1.1261493,0.20662059,0.67002285,-0.07331371,3.0,3.0,3.0,3.0,3.0,3.0,3.0,3.0,3.0,3.0,3.0,3.0,3.0,3.0,3.0,3.0,3.0,3.0,3.0,3.0,3.0,3.0,3.0,3.0,3.0,3.0,3.0,3.0,3.0,3.0,3.0,3.0,3.0,3.0,3.0,3.0,1.2625351,0.6971574,0.99363613,26.100235
150,-0.03768234990645847,1.9121712,0.19062473,1.2998058,0.9929393,0.05988987,0.10231403,-0.0040706093,0.35320866,-0.5170859,1.1230903,0.49645644,0.67024237,-0.35491797,3.0,3.0,3.0,3.0,3.0,3.0,3.0,3.0,3.0,3.0,3.0,3.0,3.0,3.0,3.0,3.0,3.0,3.0,3.0,3.0,3.0,3.0,3.0,3.0,3.0,3.0,3.0,3.0,3.0,3.0,3.0,3.0,3.0,2.974049,3.0,3.0,-2.0235963,1.6782784,0.99371743,29.947212
155,0.010092104584276285,1.9043782,0.20164746,1.2768685,0.9920011,0.06518239,0.107911244,-0.006338228,0.38523275,-0.535537,1.0724853,0.4570846,0.5838396,-0.26139534,3.0,3.0,3.0,3.0,3.0,3.0,3.0,3.0,3.0,3.0,3.0,3.0,3.0,3.0,3.0,3.0,3.0,3.0,3.0,3.0,3.0,3.0,3.0,3.0,3.0,3.0,3.0,3.0,3.0,3.0,3.0,3.0,2.9289927,2.8913078,2.9428618,3.0,-1.439671,3.0256252,0.93707395,-25.01359
160,-0.06939880613025551,1.8960217,0.2130006,1.2555659,0.99109393,0.06851763,0.11383034,-0.008990888,0.41133186,-0.5510337,0.98700064,0.22306833,0.6247963,-0.2636302,3.0,3.0,3.0,3.0,3.0,3.0,3.0,3.0,3.0,3.0,3.0,3.0,3.0,3.0,3.0,3.0,3.0,3.0,3.0,3.0,3.0,3.0,3.0,3.0,3.0,3.0,3.0,3.0,3.0,3.0,3.0,2.998144,2.8657079,2.8267324,2.874986,3.0,-2.4029512,0.55205107,0.7003424,32.524467
165,0.08900232423446458,1.8871567,0.22465502,1.236274,0.99021345,0.071346134,0.11934263,-0.012015865,0.43677062,-0.56607693,0.89231205,0.29377884,0.4810567,-0.38469505,3.0,3.0,3.0,3.0,3.0,3.0,3.0,3.0,3.0,3.0,3.0,3.0,3.0,3.0,3.0,3.0,3.0,3.0,3.0,3.0,3.0,3.0,3.0,3.0,3.0,3.0,3.0,3.0,3.0,3.0,3.0,2.9479935,2.814571,2.77332,2.8176363,2.954625,-0.64014196,-0.7200246,0.9571767,16.546318
170,-0.06477768863588396,1.8772104,0.23696128,1.2167475,0.98939335,0.073666535,0.124283955,-0.015084182,0.49754018,-0.60281456,0.93789506,0.29665542,0.5183391,-0.37016407,3.0,3.0,3.0,3.0,3.0,3.0,3.0,3.0,3.0,3.0,3.0,3.0,3.0,3.0,3.0,3.0,3.0,3.0,3.0,3.0,3.0,3.0,3.0,3.0,3.0,3.0,3.0,3.0,3.0,3.0,3.0,2.9192667,2.7835503,2.7394307,2.7798338,2.911227,-1.7853789,2.020585,0.97085524,32.748337
175,0.15655873995063146,1.8664262,0.24976988,1.1980945,0.98875487,0.07489941,0.12830946,-0.017046716,0.53620327,-0.62599164,0.8863625,-0.051577702,0.28225163,0.0011429139,3.0,3.0,3.0,3.0,3.0,3.0,3.0,3.0,3.0,3.0,3.0,3.0,3.0,3.0,3.0,3.0,3.0,3.0,3.0,3.0,3.0,3.0,3.0,3.0,3.0,3.0,3.0,3.0,3.0,3.0,3.0,2.9176216,2.7774386,2.7292335,2.765261,2.8912773,1.663866,0.47535038,0.9267683,11.887653
180,-0.05701861172769801,1.85436,0.26334575,1.1787531,0.988131,0.07468974,0.13267222,-0.020411443,0.6046128,-0.66658044,0.9431926,-0.032865863,0.5401278,-0.46165624,3.0,3.0,3.0,3.0,3.0,3.0,3.0,3.0,3.0,3.0,3.0,3.0,3.0,3.0,3.0,3.0,3.0,3.0,3.0,3.0,3.0,3.0,3.0,3.0,3.0,3.0,3.0,3.0,3.0,3.0,3.0,2.9391148,2.7877905,2.7301786,2.756973,2.872441,-1.5931416,-4.108218,0.99205303,33.771233
185,-0.10183055901890514,1.8411287,0.27760193,1.1592829,0.9874398,0.076949306,0.1356652,-0.025227312,0.65033406,-0.69310564,0.9095471,0.1408808,0.31779394,-0.4304838,3.0,3.0,3.0,3.0,3.0,3.0,3.0,3.0,3.0,3.0,3.0,3.0,3.0,3.0,3.0,3.0,3.0,3.0,3.0,3.0,3.0,3.0,3.0,3.0,3.0,3.0,3.0,3.0,3.0,3.0,3.0,2.9407866,2.7884812,2.7300417,2.7560225,2.8705614,-1.4921093,1.2074175,0.4814291,38.367424
190,0.07450465254725608,1.8270019,0.29238304,1.1407734,0.98696136,0.078355685,0.13764586,-0.028657485,0.7063003,-0.7263602,0.90906817,-0.08593887,0.3632532,-0.41079915,3.0,3.0,3.0,3.0,3.0,3.0,3.0,3.0,3.0,3.0,3.0,3.0,3.0,3.0,3.0,3.0,3.0,3.0,3.0,3.0,3.0,3.0,3.0,3.0,3.0,3.0,3.0,3.0,3.0,3.0,3.0,2.9631288,2.808628,2.7488232,2.7740424,2.8883011,-0.23705101,-0.64256763,0.928707,21.9375
195,0.04070700243629122,1.8115604,0.3079506,1.1217586,0.9869095,0.0774229,0.13815771,-0.030458972,0.76333225,-0.7604321,0.9109464,-0.24369533,-0.028381936,-0.047674745,3.0,3.0,3.0,3.0,3.0,3.0,3.0,3.0,3.0,3.0,3.0,3.0,3.0,3.0,3.0,3.0,3.0,3.0,3.0,3.0,3.0,3.0,3.0,3.0,3.0,3.0,3.0,3.0,3.0,3.0,3.0,3.0,2.8763473,2.8108268,2.8323681,2.9443972,2.8171878,1.7448306,0.86670256,26.60717
200,0.09766737172326762,1.794991,0.3241843,1.1029276,0.9870805,0.07375362,0.13882145,-0.03100196,0.81651103,-0.79140365,0.8985178,-0.37436363,0.048615787,0.054562,3.0,3.0,3.0,3.0,3.0,3.0,3.0,3.0,3.0,3.0,3.0,3.0,3.0,3.0,3.0,3.0,3.0,3.0,3.0,3.0,3.0,3.0,3.0,3.0,3.0,3.0,3.0,3.0,3.0,3.0,3.0,3.0,2.9753625,2.8956807,2.9061542,3.0,1.2583256,-1.1554384,0.5117637,20.849297
205,-0.04390223994152265,1.7773337,0.34103253,1.0844295,0.98720866,0.07069539,0.13999352,-0.02868944,0.86507154,-0.81829935,0.86962044,-0.30573618,0.21736728,0.27442837,3.0,3.0,3.0,3.0,3.0,3.0,3.0,3.0,3.0,3.0,3.0,3.0,3.0,3.0,3.0,3.0,3.0,3.0,3.0,3.0,3.0,3.0,3.0,3.0,3.0,3.0,3.0,3.0,3.0,3.0,3.0,3.0,3.0,2.966256,2.9674222,3.0,-1.3160596,-1.7987323,0.5773659,34.906395
210,-0.005080644124199063,1.758584,0.35846218,1.0662732,0.98740655,0.06823486,0.14020464,-0.026739752,0.9345311,-0.85467416,0.9117954,-0.33356193,0.0118289245,0.23086327,3.0,3.0,3.0,3.0,3.0,3.0,3.0,3.0,3.0,3.0,3.0,3.0,3.0,3.0,3.0,3.0,3.0,3.0,3.0,3.0,3.0,3.0,3.0,3.0,3.0,3.0,3.0,3.0,3.0,3.0,3.0,3.0,3.0,3.0,3.0,3.0,-2.399755,0.6286011,0.4932288,32.424797
215,0.22419061364334142,1.7386961,0.37647536,1.048308,0.98782605,0.065343246,0.13895223,-0.024944996,0.9683078,-0.87132335,0.83051354,-0.35568875,-0.2413585,0.12691425,3.0,3.0,3.0,3.0,3.0,3.0,3.0,3.0,3.0,3.0,3.0,3.0,3.0,3.0,3.0,3.0,3.0,3.0,3.0,3.0,3.0,3.0,3.0,3.0,3.0,3.0,3.0,3.0,3.0,3.0,3.0,3.0,3.0,3.0,3.0,3.0,0.6330576,-2.2534788,0.71525323,9.073971
220,0.16967825833316036,1.7178371,0.3949624,1.0310713,0.9886666,0.061665017,0.13514203,-0.021734705,1.0208441,-0.8968274,0.8176553,-0.5512554,-0.46581748,0.37216017,3.0,3.0,3.0,3.0,3.0,3.0,3.0,3.0,3.0,3.0,3.0,3.0,3.0,3.0,3.0,3.0,3.0,3.0,3.0,3.0,3.0,3.0,3.0,3.0,3.0,3.0,3.0,3.0,3.0,3.0,3.0,3.0,3.0,3.0,3.0,3.0,2.6486835,0.52591753,0.8408376,14.518616
225,-0.05774100312218888,1.6958741,0.41396794,1.013998,0.98957473,0.05434914,0.13183814,-0.02016609,1.0825471,-0.92481774,0.8439896,-0.56847286,-0.3508085,0.16081439,3.0,3.0,3.0,3.0,3.0,3.0,3.0,3.0,3.0,3.0,3.0,3.0,3.0,3.0,3.0,3.0,3.0,3.0,3.0,3.0,3.0,3.0,3.0,3.0,3.0,3.0,3.0,3.0,3.0,3.0,3.0,3.0,3.0,3.0,3.0,3.0,1.9995012,0.45520115,0.9131825,38.641174
230,0.06401677473273215,1.672561,0.4335528,0.99606186,0.99014395,0.048521385,0.1296044,-0.021524046,1.1370001,-0.9471692,0.8493567,-0.42780071,-0.26463616,-0.19859882,3.0,3.0,3.0,3.0,3.0,3.0,3.0,3.0,3.0,3.0,3.0,3.0,3.0,3.0,3.0,3.0,3.0,3.0,3.0,3.0,3.0,3.0,3.0,3.0,3.0,3.0,3.0,3.0,3.0,3.0,3.0,3.0,3.0,3.0,3.0,3.0,-1.6316371,-1.5249963,0.6531451,26.613937
235,-0.07638056266110627,1.6484315,0.45344752,0.9791445,0.9907402,0.045891035,0.12493274,-0.026827952,1.1761345,-0.96156234,0.8022724,-0.20841664,-0.60428447,-0.7941367,3.0,3.0,3.0,3.0,3.0,3.0,3.0,3.0,3.0,3.0,3.0,3.0,3.0,3.0,3.0,3.0,3.0,3.0,3.0,3.0,3.0,3.0,3.0,3.0,3.0,3.0,3.0,3.0,3.0,3.0,3.0,3.0,3.0,3.0,3.0,3.0,0.020705223,-1.8505433,0.96011686,40.17025
240,0.26017748545152425,1.623033,0.47382745,0.9613217,0.9916257,0.047807366,0.115445375,-0.03263861,1.2486653,-0.99020475,0.89803374,0.007985152,-0.82005125,-0.6761348,3.0,3.0,3.0,3.0,3.0,3.0,3.0,3.0,3.0,3.0,3.0,3.0,3.0,3.0,3.0,3.0,3.0,3.0,3.0,3.0,3.0,3.0,3.0,3.0,3.0,3.0,3.0,3.0,3.0,3.0,3.0,3.0,3.0,3.0,3.0,3.0,-1.9274163,-3.4511023,0.9317167,6.80402
245,0.3144663511395086,1.5963953,0.49473146,0.942323,0.9926114,0.047402307,0.104526654,-0.039367512,1.3024337,-1.0144876,0.942016,-0.4408937,-0.8429006,-0.6395702,3.0,3.0,3.0,3.0,3.0,3.0,3.0,3.0,3.0,3.0,3.0,3.0,3.0,3.0,3.0,3.0,3.0,3.0,3.0,3.0,3.0,3.0,3.0,3.0,3.0,3.0,3.0,3.0,3.0,3.0,3.0,3.0,3.0,3.0,3.0,3.0,-1.6831422,-2.106032,0.5076792,0.43278122
250,0.06723165069383524,1.5688668,0.5160555,0.923164,0.9936079,0.04359604,0.09394201,-0.044918362,1.3419615,-1.0337595,0.9466219,-0.40739754,-1.1248275,-0.24709249,3.0,3.0,3.0,3.0,3.0,3.0,3.0,3.0,3.0,3.0,3.0,3.0,3.0,3.0,3.0,3.0,3.0,3.0,3.0,3.0,3.0,3.0,3.0,3.0,3.0,3.0,3.0,3.0,3.0,3.0,3.0,3.0,3.0,3.0,3.0,3.0,3.0248184,-0.2703066,0.91709375,-27.949873
255,0.11077115141395188,1.5404122,0.5378394,0.9031348,0.99466294,0.039206322,0.08209192,-0.048676714,1.3786157,-1.0520148,0.9584461,-0.5917277,-1.1291206,-0.35040644,3.0,3.0,3.0,3.0,3.0,3.0,3.0,3.0,3.0,3.0,3.0,3.0,3.0,3.0,3.0,3.0,3.0,3.0,3.0,3.0,3.0,3.0,3.0,3.0,3.0,3.0,3.0,3.0,3.0,3.0,3.0,3.0,3.0,3.0,3.0,3.0,-0.7149286,-0.7634778,0.84868383,23.292229
260,-0.0026775783727419067,1.5113053,0.5599543,0.8830793,0.99589354,0.032032378,0.06902773,-0.04904242,1.4076827,-1.0668675,0.9585006,-0.87187904,-1.2021402,0.19072036,3.0,3.0,3.0,3.0,3.0,3.0,3.0,3.0,3.0,3.0,3.0,3.0,3.0,3.0,3.0,3.0,3.0,3.0,3.0,3.0,3.0,3.0,3.0,3.0,3.0,3.0,3.0,3.0,3.0,3.0,3.0,3.0,3.0,3.0,3.0,3.0,0.73111534,1.0967598,0.8061056,34.14406
265,-0.061502863801345065,1.481607,0.58236414,0.86259246,0.9971138,0.023355717,0.0563216,-0.045237627,1.4352677,-1.0802561,0.988922,-0.9013898,-1.2746242,0.39208585,3.0,3.0,3.0,3.0,3.0,3.0,3.0,3.0,3.0,3.0,3.0,3.0,3.0,3.0,3.0,3.0,3.0,3.0,3.0,3.0,3.0,3.0,3.0,3.0,3.0,3.0,3.0,3.0,3.0,3.0,3.0,3.0,3.0,3.0,3.0,3.0,0.37898254,-1.4036732,0.9496592,40.077118
270,0.281389404642772,1.4514012,0.60499936,0.8413749,0.9982311,0.01575953,0.042535726,-0.038432203,1.4574561,-1.0894694,1.0258915,-0.6742122,-1.3915344,0.70399916,3.0,3.0,3.0,3.0,3.0,3.0,3.0,3.0,3.0,3.0,3.0,3.0,3.0,3.0,3.0,3.0,3.0,3.0,3.0,3.0,3.0,3.0,3.0,3.0,3.0,3.0,3.0,3.0,3.0,3.0,3.0,3.0,3.0,3.0,3.0,3.0,2.0817375,-0.37199354,0.6861894,4.938614
275,0.22877006620888019,1.4208876,0.62774134,0.82019097,0.9989258,0.008105302,0.028781746,-0.03539967,1.4684129,-1.0924945,1.0039546,-0.6850609,-1.4070405,0.1029584,3.0,3.0,3.0,3.0,3.0,3.0,3.0,3.0,3.0,3.0,3.0,3.0,3.0,3.0,3.0,3.0,3.0,3.0,3.0,3.0,3.0,3.0,3.0,3.0,3.0,3.0,3.0,3.0,3.0,3.0,3.0,3.0,3.0,3.0,3.0,3.0,2.1230555,-0.7024903,0.91803575,10.178532
280,0.09968491117310047,1.3901681,0.6505203,0.7987352,0.99939847,0.00051220786,0.016547944,-0.030472135,1.4775174,-1.0933765,1.043419,-0.8171339,-0.98879176,0.6900841,3.0,3.0,3.0,3.0,3.0,3.0,3.0,3.0,3.0,3.0,3.0,3.0,3.0,3.0,3.0,3.0,3.0,3.0,3.0,3.0,3.0,3.0,3.0,3.0,3.0,3.0,3.0,3.0,3.0,3.0,3.0,3.0,3.0,3.0,3.0,3.0,-1.7289381,-3.2238522,0.7485256,22.844994
285,0.09320458448929814,1.359357,0.6732653,0.77702636,0.9996525,-0.004634313,0.0036239664,-0.02569466,1.4796838,-1.0902724,1.0588816,-0.48022425,-1.3916255,0.5170314,3.0,3.0,3.0,3.0,3.0,3.0,3.0,3.0,3.0,3.0,3.0,3.0,3.0,3.0,3.0,3.0,3.0,3.0,3.0,3.0,3.0,3.0,3.0,3.0,3.0,3.0,3.0,3.0,3.0,3.0,3.0,3.0,3.0,3.0,3.0,3.0,3.5721855,0.94711685,0.9314251,22.938805
290,-0.058312255425795656,1.3285584,0.69591045,0.7542897,0.9996467,-0.010683455,-0.00835706,-0.022856163,1.476569,-1.0842997,1.1136365,-0.61625475,-1.2444429,0.35083523,3.0,3.0,3.0,3.0,3.0,3.0,3.0,3.0,3.0,3.0,3.0,3.0,3.0,3.0,3.0,3.0,3.0,3.0,3.0,3.0,3.0,3.0,3.0,3.0,3.0,3.0,3.0,3.0,3.0,3.0,3.0,3.0,3.0,3.0,3.0,3.0,0.16171074,1.8162413,0.90649366,38.272064
295,0.14111537654106582,1.2978954,0.71840054,0.7308448,0.9995406,-0.016555829,-0.02053483,-0.014925999,1.4681492,-1.0762191,1.1236606,-0.5154019,-1.0691559,0.8558527,3.0,3.0,3.0,3.0,3.0,3.0,3.0,3.0,3.0,3.0,3.0,3.0,3.0,3.0,3.0,3.0,3.0,3.0,3.0,3.0,3.0,3.0,3.0,3.0,3.0,3.0,3.0,3.0,3.0,3.0,3.0,3.0,3.0,3.0,3.0,3.0,-0.61161613,-3.1043987,0.9638214,-17.21261
300,0.24359355901262442,1.2674812,0.7406873,0.7071016,0.9993098,-0.019748017,-0.030677846,-0.0069866474,1.4533875,-1.0650611,1.1553799,-0.4123366,-0.7117584,0.89813644,3.0,3.0,3.0,3.0,3.0,3.0,3.0,3.0,3.0,3.0,3.0,3.0,3.0,3.0,3.0,3.0,3.0,3.0,3.0,3.0,3.0,3.0,3.0,3.0,3.0,3.0,3.0,3.0,3.0,3.0,3.0,3.0,3.0,3.0,3.0,3.0,-1.5313542,0.1766963,0.9892428,-6.8788147
305,0.16348877252935162,1.2374479,0.7627118,0.68244034,0.99881727,-0.025777718,-0.041057833,0.003713865,1.4341986,-1.0522891,1.1861321,-0.5370816,-0.88675356,0.8063038,3.0,3.0,3.0,3.0,3.0,3.0,3.0,3.0,3.0,3.0,3.0,3.0,3.0,3.0,3.0,3.0,3.0,3.0,3.0,3.0,3.0,3.0,3.0,3.0,3.0,3.0,3.0,3.0,3.0,3.0,3.0,3.0,3.0,3.0,3.0,3.0,-0.7957225,-2.1209228,0.9929191,13.854012
310,-0.07854403355825279,1.207842,0.7844607,0.65761614,0.99821234,-0.028936908,-0.05160051,0.008492051,1.412057,-1.0383506,1.1911464,-0.10580992,-1.0763869,0.35330757,3.0,3.0,3.0,3.0,3.0,3.0,3.0,3.0,3.0,3.0,3.0,3.0,3.0,3.0,3.0,3.0,3.0,3.0,3.0,3.0,3.0,3.0,3.0,3.0,3.0,3.0,3.0,3.0,3.0,3.0,3.0,3.0,3.0,3.0,3.0,3.0,-0.7341504,2.2350116,0.9900625,-37.51465
315,-0.06604963793906127,1.1787082,0.80592805,0.63311327,0.99735457,-0.03212189,-0.06400021,0.012491417,1.3896376,-1.0255897,1.1566938,-0.31478584,-1.257177,0.22388339,3.0,3.0,3.0,3.0,3.0,3.0,3.0,3.0,3.0,3.0,3.0,3.0,3.0,3.0,3.0,3.0,3.0,3.0,3.0,3.0,3.0,3.0,3.0,3.0,3.0,3.0,3.0,3.0,3.0,3.0,3.0,3.0,3.0,3.0,3.0,3.0,2.1890645,0.30038595,0.9765917,-34.34453
320,-0.03776815412366796,1.1501395,0.8270976,0.6090173,0.9964441,-0.035066124,-0.07567291,0.011964725,1.3600578,-1.0104657,1.1442196,-0.19254185,-0.9529176,0.002733333,3.0,3.0,3.0,3.0,3.0,3.0,3.0,3.0,3.0,3.0,3.0,3.0,3.0,3.0,3.0,3.0,3.0,3.0,3.0,3.0,3.0,3.0,3.0,3.0,3.0,3.0,3.0,3.0,3.0,3.0,3.0,3.0,3.0,3.0,3.0,3.0,-1.8311548,-4.2048664,0.8429539,-30.577
325,-0.01658538906261997,1.1222718,0.84792846,0.58503926,0.99566597,-0.0352979,-0.085575685,0.008952119,1.3218653,-0.9926263,1.1571273,0.22391167,-0.894723,-0.3163977,3.0,3.0,3.0,3.0,3.0,3.0,3.0,3.0,3.0,3.0,3.0,3.0,3.0,3.0,3.0,3.0,3.0,3.0,3.0,3.0,3.0,3.0,3.0,3.0,3.0,3.0,3.0,3.0,3.0,3.0,3.0,3.0,3.0,3.0,3.0,3.0,-2.9849672,-3.710754,0.96987915,-27.272997
330,0.058786420900730496,1.0953094,0.8683641,0.560461,0.9948069,-0.03374837,-0.095966846,0.0032614502,1.277419,-0.9741471,1.1817325,0.1417427,-1.0681727,-0.5041268,3.0,3.0,3.0,3.0,3.0,3.0,3.0,3.0,3.0,3.0,3.0,3.0,3.0,3.0,3.0,3.0,3.0,3.0,3.0,3.0,3.0,3.0,3.0,3.0,3.0,3.0,3.0,3.0,3.0,3.0,3.0,3.0,3.0,3.0,3.0,3.0,2.7236009,-0.40547276,0.9739088,-18.087357
335,-0.12073365367572644,1.0692319,0.8884569,0.5359048,0.993836,-0.032912526,-0.10573668,-0.0051548956,1.234353,-0.9581101,1.1749731,0.07357031,-0.7689936,-0.6648887,3.0,3.0,3.0,3.0,3.0,3.0,3.0,3.0,3.0,3.0,3.0,3.0,3.0,3.0,3.0,3.0,3.0,3.0,3.0,3.0,3.0,3.0,3.0,3.0,3.0,3.0,3.0,3.0,3.0,3.0,3.0,3.0,3.0,3.0,3.0,3.0,0.4415779,-2.4150062,0.97694707,-35.11033
340,0.01171176709929142,1.0442638,0.90816426,0.51072466,0.9928058,-0.032331068,-0.114622794,-0.012370378,1.1780144,-0.9390514,1.213376,0.08260138,-0.9757996,-0.4815506,3.0,3.0,3.0,3.0,3.0,3.0,3.0,3.0,3.0,3.0,3.0,3.0,3.0,3.0,3.0,3.0,3.0,3.0,3.0,3.0,3.0,3.0,3.0,3.0,3.0,3.0,3.0,3.0,3.0,3.0,3.0,3.0,3.0,3.0,3.0,3.0,3.126545,-1.9162967,0.9505098,-20.064968
345,-0.03727263034070277,1.0200702,0.9276078,0.48670632,0.99167883,-0.03203708,-0.12357506,-0.016609697,1.1473107,-0.9287113,1.1232406,0.07624507,-0.7221589,-0.31858066,3.0,3.0,3.0,3.0,3.0,3.0,3.0,3.0,3.0,3.0,3.0,3.0,3.0,3.0,3.0,3.0,3.0,3.0,3.0,3.0,3.0,3.0,3.0,3.0,3.0,3.0,3.0,3.0,3.0,3.0,3.0,3.0,3.0,3.0,3.0,3.0,-0.9670911,-2.8876114,0.95976734,-23.978174
350,-0.2202225338434609,0.9969001,0.9467371,0.4631367,0.99056107,-0.030452164,-0.13206427,-0.020504205,1.086256,-0.9107525,1.1442364,0.04648221,-0.95050293,-0.2177729,3.0,3.0,3.0,3.0,3.0,3.0,3.0,3.0,3.0,3.0,3.0,3.0,3.0,3.0,3.0,3.0,3.0,3.0,3.0,3.0,3.0,3.0,3.0,3.0,3.0,3.0,3.0,3.0,3.0,3.0,3.0,3.0,3.0,3.0,3.0,3.0,2.907319,-3.436895,0.99197614,-40.300198
355,-0.15801594443915348,0.9747661,0.965568,0.44017604,0.9893432,-0.029965125,-0.14079277,-0.021896947,1.0439495,-0.8987252,1.0824916,0.12689087,-0.9080988,-0.113153115,3.0,3.0,3.0,3.0,3.0,3.0,3.0,3.0,3.0,3.0,3.0,3.0,3.0,3.0,3.0,3.0,3.0,3.0,3.0,3.0,3.0,3.0,3.0,3.0,3.0,3.0,3.0,3.0,3.0,3.0,3.0,3.0,3.0,3.0,3.0,3.0,1.5618191,-3.8985682,0.9621388,-32.48347
360,-0.20662859881391568,0.9536647,0.98412263,0.41808063,0.9886251,-0.026959995,-0.14647673,-0.020932633,0.9846298,-0.8837911,1.0700797,0.091691546,-0.26264,0.24586867,3.0,3.0,3.0,3.0,3.0,3.0,3.0,3.0,3.0,3.0,3.0,3.0,3.0,3.0,3.0,3.0,3.0,3.0,3.0,3.0,3.0,3.0,3.0,3.0,3.0,3.0,3.0,3.0,3.0,3.0,3.0,3.0,3.0,3.0,3.0,3.0,-1.8998489,0.93548775,0.99465275,-37.251335
365,-0.2436194482060808,0.93427294,1.0022839,0.39474702,0.9879086,-0.025386283,-0.15188225,-0.017996028,0.91051674,-0.8670369,1.100842,0.27113923,-0.4051831,0.3974925,3.0,3.0,3.0,3.0,3.0,3.0,3.0,3.0,3.0,3.0,3.0,3.0,3.0,3.0,3.0,3.0,3.0,3.0,3.0,3.0,3.0,3.0,3.0,3.0,3.0,3.0,3.0,3.0,3.0,3.0,3.0,3.0,3.0,3.0,3.0,3.0,-0.6535797,-2.280891,0.9558412,-38.91502
370,-0.22720804080287893,0.91597354,1.0202043,0.37234437,0.9872407,-0.020734241,-0.15704371,-0.016224295,0.85764974,-0.8561263,1.0549757,0.2243985,-0.32156855,0.25672704,3.0,3.0,3.0,3.0,3.0,3.0,3.0,3.0,3.0,3.0,3.0,3.0,3.0,3.0,3.0,3.0,3.0,3.0,3.0,3.0,3.0,3.0,3.0,3.0,3.0,3.0,3.0,3.0,3.0,3.0,3.0,3.0,3.0,3.0,3.0,3.0,1.1182451,2.1345968,0.874002,-35.93782
375,-0.29364504859277907,0.89898896,1.0378883,0.3503042,0.9869243,-0.020805018,-0.15951565,-0.010114765,0.7974817,-0.8456007,1.0274627,-0.0652154,-0.13871002,0.73798597,3.0,3.0,3.0,3.0,3.0,3.0,3.0,3.0,3.0,3.0,3.0,3.0,3.0,3.0,3.0,3.0,3.0,3.0,3.0,3.0,3.0,3.0,3.0,3.0,3.0,3.0,3.0,3.0,3.0,3.0,3.0,3.0,3.0,3.0,3.0,3.0,1.1437683,-1.1427164,0.8260795,-40.509785
380,-0.19824478076737312,0.8833167,1.0553555,0.3286988,0.9869778,-0.017911948,-0.15980902,-0.0038786521,0.71572655,-0.83298475,1.0627513,0.3741511,-0.14307591,0.5179328,3.0,3.0,3.0,3.0,3.0,3.0,3.0,3.0,3.0,3.0,3.0,3.0,3.0,3.0,3.0,3.0,3.0,3.0,3.0,3.0,3.0,3.0,3.0,3.0,3.0,3.0,3.0,3.0,3.0,3.0,3.0,3.0,3.0,3.0,3.0,3.0,-0.6467633,0.13357735,0.89860153,-29.798431
385,-0.35002535189213924,0.86906785,1.0726116,0.3072026,0.98660433,-0.014727864,-0.16243793,0.002975425,0.6707321,-0.82626796,0.98700124,0.2276489,-0.18276173,0.78583425,3.0,3.0,3.0,3.0,3.0,3.0,3.0,3.0,3.0,3.0,3.0,3.0,3.0,3.0,3.0,3.0,3.0,3.0,3.0,3.0,3.0,3.0,3.0,3.0,3.0,3.0,3.0,3.0,3.0,3.0,3.0,3.0,3.0,3.0,3.0,3.0,2.5834327,-1.0626974,0.9905485,-42.99576
390,-0.3510066256225667,0.8560495,1.0897278,0.28644368,0.98677665,-0.00928577,-0.16161454,0.008147911,0.5874687,-0.8182988,1.0230184,0.2906479,0.04728356,0.5693108,3.0,3.0,3.0,3.0,3.0,3.0,3.0,3.0,3.0,3.0,3.0,3.0,3.0,3.0,3.0,3.0,3.0,3.0,3.0,3.0,3.0,3.0,3.0,3.0,3.0,3.0,3.0,3.0,3.0,3.0,3.0,3.0,3.0,3.0,3.0,3.0,-2.5137181,0.8165364,0.8837533,-42.10134
395,-0.10152739219476037,0.8446736,1.1067114,0.26519176,0.9866282,-0.0069676707,-0.16212454,0.015227663,0.5261876,-0.8137682,0.99501985,0.27998894,0.1439172,0.6792771,3.0,3.0,3.0,3.0,3.0,3.0,3.0,3.0,3.0,3.0,3.0,3.0,3.0,3.0,3.0,3.0,3.0,3.0,3.0,3.0,3.0,3.0,3.0,3.0,3.0,3.0,3.0,3.0,3.0,3.0,3.0,3.0,3.0,3.0,3.0,3.0,-0.3388033,-1.3152003,0.8021325,-15.527157
400,-0.3919816878637434,0.83458376,1.1236242,0.24449588,0.9865928,-0.0032270625,-0.16168724,0.021940714,0.45873183,-0.81082773,0.98555636,0.040334366,0.024396552,0.818267,3.0,3.0,3.0,3.0,3.0,3.0,3.0,3.0,3.0,3.0,3.0,3.0,3.0,3.0,3.0,3.0,3.0,3.0,3.0,3.0,3.0,3.0,3.0,3.0,3.0,3.0,3.0,3.0,3.0,3.0,3.0,3.0,3.0,3.0,3.0,3.0,1.5395713,-2.6506712,0.89480364,-43.011982
405,-0.3893853608009808,0.82575285,1.1404991,0.2244121,0.9868596,-0.0021071024,-0.15875718,0.029997135,0.39997527,-0.80963284,0.95219404,-0.23749298,0.21980387,0.87614965,3.0,3.0,3.0,3.0,3.0,3.0,3.0,3.0,3.0,3.0,3.0,3.0,3.0,3.0,3.0,3.0,3.0,3.0,3.0,3.0,3.0,3.0,3.0,3.0,3.0,3.0,3.0,3.0,3.0,3.0,3.0,3.0,3.0,3.0,3.0,3.0,-1.3676043,-1.933886,0.77660346,-41.22205
410,-0.35613393390804343,0.81856245,1.1573676,0.20371705,0.98671484,-0.0023574643,-0.15874499,0.03447208,0.31143022,-0.8097201,1.0125519,-0.13292657,-0.2314986,0.2917829,3.0,3.0,3.0,3.0,3.0,3.0,3.0,3.0,3.0,3.0,3.0,3.0,3.0,3.0,3.0,3.0,3.0,3.0,3.0,3.0,3.0,3.0,3.0,3.0,3.0,3.0,3.0,3.0,3.0,3.0,3.0,3.0,3.0,3.0,3.0,3.0,1.885736,2.3057098,0.83654714,-37.580963
415,-0.3444175045607007,0.81270224,1.1742288,0.183318,0.98654044,-0.0051854015,-0.15928805,0.036583833,0.26249665,-0.80899954,0.95290047,-0.2791328,-0.08802009,0.112923175,3.0,3.0,3.0,3.0,3.0,3.0,3.0,3.0,3.0,3.0,3.0,3.0,3.0,3.0,3.0,3.0,3.0,3.0,3.0,3.0,3.0,3.0,3.0,3.0,3.0,3.0,3.0,3.0,3.0,3.0,3.0,3.0,3.0,3.0,3.0,3.0,-1.9560976,0.37248993,0.96927285,-35.35991
420,-0.27753376306724076,0.80803275,1.1910677,0.16364844,0.98589826,-0.010117743,-0.16198693,0.040774334,0.21201354,-0.8075866,0.89754003,-0.54786336,-0.2787655,0.41097397,3.0,3.0,3.0,3.0,3.0,3.0,3.0,3.0,3.0,3.0,3.0,3.0,3.0,3.0,3.0,3.0,3.0,3.0,3.0,3.0,3.0,3.0,3.0,3.0,3.0,3.0,3.0,3.0,3.0,3.0,3.0,3.0,3.0,3.0,3.0,3.0,4.526453,-3.960502,0.9200673,-26.164343
425,-0.4250785395711347,0.80414796,1.2078617,0.14596286,0.9855013,-0.014537372,-0.16314805,0.044255592,0.16713929,-0.8049166,0.82307756,-0.31610084,0.02401024,0.14448394,3.0,3.0,3.0,3.0,3.0,3.0,3.0,3.0,3.0,3.0,3.0,3.0,3.0,3.0,3.0,3.0,3.0,3.0,3.0,3.0,3.0,3.0,3.0,3.0,3.0,3.0,3.0,3.0,3.0,3.0,3.0,3.0,3.0,3.0,3.0,3.0,-1.0418556,-0.55861235,0.9519801,-41.29351
430,-0.40503797935323876,0.80179834,1.224563,0.12808084,0.985271,-0.017002545,-0.16414484,0.04481564,0.08205773,-0.79958284,0.8655242,-0.36000156,0.011422151,0.035129953,3.0,3.0,3.0,3.0,3.0,3.0,3.0,3.0,3.0,3.0,3.0,3.0,3.0,3.0,3.0,3.0,3.0,3.0,3.0,3.0,3.0,3.0,3.0,3.0,3.0,3.0,3.0,3.0,3.0,3.0,3.0,3.0,3.0,3.0,3.0,3.0,0.66220856,0.25492477,0.9676585,-38.182236
435,-0.2935635394591725,0.80107063,1.2411432,0.109766856,0.985412,-0.022987317,-0.16261126,0.044636033,0.0007265795,-0.79272413,0.896357,-0.69418955,0.32383624,-0.06290179,3.0,3.0,3.0,3.0,3.0,3.0,3.0,3.0,3.0,3.0,3.0,3.0,3.0,3.0,3.0,3.0,3.0,3.0,3.0,3.0,3.0,3.0,3.0,3.0,3.0,3.0,3.0,3.0,3.0,3.0,3.0,3.0,3.0,3.0,3.0,3.0,-1.9844031,3.7181168,0.7504568,-24.794153
440,-0.3367141284192495,0.8021518,1.2575344,0.09045156,0.98535943,-0.032047827,-0.16073397,0.046950705,-0.073095836,-0.7838336,0.9072838,-0.9554609,0.092188776,0.103907935,3.0,3.0,3.0,3.0,3.0,3.0,3.0,3.0,3.0,3.0,3.0,3.0,3.0,3.0,3.0,3.0,3.0,3.0,3.0,3.0,3.0,3.0,3.0,3.0,3.0,3.0,3.0,3.0,3.0,3.0,3.0,3.0,3.0,3.0,3.0,3.0,3.0311499,-3.352838,0.5490681,-27.85229
445,-0.46777018146302907,0.8041731,1.2737663,0.072639465,0.9853219,-0.040618706,-0.15845886,0.048802625,-0.12509859,-0.7735845,0.8562735,-0.86595935,0.17112881,0.05688803,3.0,3.0,3.0,3.0,3.0,3.0,3.0,3.0,3.0,3.0,3.0,3.0,3.0,3.0,3.0,3.0,3.0,3.0,3.0,3.0,3.0,3.0,3.0,3.0,3.0,3.0,3.0,3.0,3.0,3.0,3.0,3.0,3.0,3.0,3.0,3.0,2.691834,1.2620916,0.28655005,-40.670094
450,-0.4575996356699792,0.80722624,1.2897695,0.056022268,0.9852044,-0.049948066,-0.15599911,0.05041563,-0.17008023,-0.7621797,0.78648925,-1.0939921,0.1483321,-0.013291874,3.0,3.0,3.0,3.0,3.0,3.0,3.0,3.0,3.0,3.0,3.0,3.0,3.0,3.0,3.0,3.0,3.0,3.0,3.0,3.0,3.0,3.0,3.0,3.0,3.0,3.0,3.0,3.0,3.0,3.0,3.0,3.0,3.0,3.0,3.0,3.0,2.0088997,-3.4021206,0.08604491,-38.55422
455,-0.17879923464579434,0.81110495,1.3055404,0.041177437,0.98481435,-0.061108105,-0.15391225,0.05212937,-0.1968723,-0.75330514,0.6632839,-1.0926225,0.14401504,-0.013056649,3.0,3.0,3.0,3.0,3.0,3.0,3.0,3.0,3.0,3.0,3.0,3.0,3.0,3.0,3.0,3.0,3.0,3.0,3.0,3.0,3.0,3.0,3.0,3.0,3.0,3.0,3.0,3.0,3.0,3.0,3.0,3.0,3.0,3.0,3.0,3.0,2.5989413,-0.043720722,0.5415101,-10.164482
460,-0.4074357121173804,0.81553906,1.3211035,0.028895088,0.9843059,-0.07217789,-0.15178148,0.05380106,-0.22356993,-0.74254864,0.5407974,-1.0569383,0.17414932,-0.026080528,3.0,3.0,3.0,3.0,3.0,3.0,3.0,3.0,3.0,3.0,3.0,3.0,3.0,3.0,3.0,3.0,3.0,3.0,3.0,3.0,3.0,3.0,3.0,3.0,3.0,3.0,3.0,3.0,3.0,3.0,3.0,3.0,3.0,3.0,3.0,3.0,2.3458805,-1.4064298,0.1668477,-33.054935
465,-0.27535284571020735,0.8207751,1.3363162,0.018394979,0.98388964,-0.08387922,-0.14729933,0.056818545,-0.26613468,-0.723231,0.46830928,-1.1834085,0.46194485,0.12772,3.0,3.0,3.0,3.0,3.0,3.0,3.0,3.0,3.0,3.0,3.0,3.0,3.0,3.0,3.0,3.0,3.0,3.0,3.0,3.0,3.0,3.0,3.0,3.0,3.0,3.0,3.0,3.0,3.0,3.0,3.0,3.0,3.0,3.0,3.0,3.0,-2.5547237,1.091042,-0.7643914,-19.12068
470,-0.43781915537655086,0.8268826,1.3510783,0.009400217,0.983565,-0.094679475,-0.1417276,0.05957328,-0.31838202,-0.6946667,0.4306715,-1.0314658,0.500307,0.021668846,3.0,3.0,3.0,3.0,3.0,3.0,3.0,3.0,3.0,3.0,3.0,3.0,3.0,3.0,3.0,3.0,3.0,3.0,3.0,3.0,3.0,3.0,3.0,3.0,3.0,3.0,3.0,3.0,3.0,3.0,3.0,3.0,3.0,3.0,3.0,3.0,-1.4459496,1.2219973,0.20098329,-35.673355
475,-0.2646122327258153,0.8340501,1.3652223,0.0012346248,0.982861,-0.10593961,-0.13659944,0.06404478,-0.35468754,-0.6717712,0.3456033,-1.1224554,0.5142361,0.25843424,3.0,3.0,3.0,3.0,3.0,3.0,3.0,3.0,3.0,3.0,3.0,3.0,3.0,3.0,3.0,3.0,3.0,3.0,3.0,3.0,3.0,3.0,3.0,3.0,3.0,3.0,3.0,3.0,3.0,3.0,3.0,3.0,3.0,3.0,3.0,3.0,-1.5388923,-4.0144997,-0.26454353,17.636063
480,-0.4078363414239166,0.84178054,1.378967,-0.004570608,0.9824009,-0.11532646,-0.13047615,0.067559406,-0.38197404,-0.65140873,0.23444779,-0.87435347,0.509773,0.090343885,3.0,3.0,3.0,3.0,3.0,3.0,3.0,3.0,3.0,3.0,3.0,3.0,3.0,3.0,3.0,3.0,3.0,3.0,3.0,3.0,3.0,3.0,3.0,3.0,3.0,3.0,3.0,3.0,3.0,3.0,3.0,3.0,3.0,3.0,3.0,3.0,0.44376612,-2.9802916,0.5435443,-32.89977
485,-0.3754520313891663,0.85059464,1.391857,-0.009894557,0.98256326,-0.120204225,-0.124996886,0.0670539,-0.45248094,-0.5945926,0.27800044,-0.20850994,0.3017533,-0.31471032,3.0,3.0,3.0,3.0,3.0,3.0,3.0,3.0,3.0,3.0,3.0,3.0,3.0,3.0,3.0,3.0,3.0,3.0,3.0,3.0,3.0,3.0,3.0,3.0,3.0,3.0,3.0,3.0,3.0,3.0,3.0,3.0,3.0,3.0,3.0,3.0,-0.740901,1.6298461,-0.3334707,-31.028584
490,-0.26825730356549365,0.8603723,1.4039291,-0.014426968,0.9829528,-0.12301354,-0.12095044,0.06358029,-0.49144453,-0.5598094,0.21737735,-0.36557674,0.41459063,-0.69435436,3.0,3.0,3.0,3.0,3.0,3.0,3.0,3.0,3.0,3.0,3.0,3.0,3.0,3.0,3.0,3.0,3.0,3.0,3.0,3.0,3.0,3.0,3.0,3.0,3.0,3.0,3.0,3.0,3.0,3.0,3.0,3.0,3.0,3.0,3.0,3.0,-1.3678446,-1.5301654,0.137187,-19.65814
495,-0.3172541796701721,0.871142,1.4150959,-0.018412383,0.983681,-0.12652548,-0.11491725,0.05618705,-0.537929,-0.5159097,0.19021595,-0.4403268,0.69112873,-0.7393895,3.0,3.0,3.0,3.0,3.0,3.0,3.0,3.0,3.0,3.0,3.0,3.0,3.0,3.0,3.0,3.0,3.0,3.0,3.0,3.0,3.0,3.0,3.0,3.0,3.0,3.0,3.0,3.0,3.0,3.0,3.0,3.0,3.0,3.0,3.0,3.0,-0.9467983,-0.65912676,0.15940726,-24.485098
500,-0.3667613627764912,0.8829332,1.425248,-0.022157114,0.984558,-0.12842083,-0.10893875,0.04781241,-0.58287734,-0.46948257,0.16704255,0.04347008,0.5054554,-0.8433844,3.0,3.0,3.0,3.0,3.0,3.0,3.0,3.0,3.0,3.0,3.0,3.0,3.0,3.0,3.0,3.0,3.0,3.0,3.0,3.0,3.0,3.0,3.0,3.0,3.0,3.0,3.0,3.0,3.0,3.0,3.0,3.0,3.0,3.0,3.0,3.0,1.9245148,3.6289291,-0.5067271,-29.705994
505,-0.4204736717092367,0.8955921,1.4344536,-0.02528431,0.9855758,-0.13102703,-0.100497685,0.03704668,-0.62149525,-0.4259353,0.12895511,-0.283378,0.7635556,-1.3371993,3.0,3.0,3.0,3.0,3.0,3.0,3.0,3.0,3.0,3.0,3.0,3.0,3.0,3.0,3.0,3.0,3.0,3.0,3.0,3.0,3.0,3.0,3.0,3.0,3.0,3.0,3.0,3.0,3.0,3.0,3.0,3.0,3.0,3.0,3.0,3.0,-2.862876,-2.0670104,0.5944083,-34.471546
510,-0.4147870761732788,0.90940154,1.4422663,-0.029388972,0.9860679,-0.13467729,-0.09392553,0.026648922,-0.681016,-0.35154063,0.2019557,-0.30661115,0.53909194,-0.8888845,3.0,3.0,3.0,3.0,3.0,3.0,3.0,3.0,3.0,3.0,3.0,3.0,3.0,3.0,3.0,3.0,3.0,3.0,3.0,3.0,3.0,3.0,3.0,3.0,3.0,3.0,3.0,3.0,3.0,3.0,3.0,3.0,3.0,3.0,3.0,3.0,-2.3159611,-3.2206907,0.30410933,-35.344208
515,-0.4414791046174018,0.92415535,1.4487873,-0.03392007,0.9864471,-0.1377128,-0.087918505,0.015088599,-0.73551816,-0.27347624,0.2767253,-0.2584849,0.45286116,-1.5043993,3.0,3.0,3.0,3.0,3.0,3.0,3.0,3.0,3.0,3.0,3.0,3.0,3.0,3.0,3.0,3.0,3.0,3.0,3.0,3.0,3.0,3.0,3.0,3.0,3.0,3.0,3.0,3.0,3.0,3.0,3.0,3.0,3.0,3.0,3.0,3.0,0.6457348,-4.157147,0.7098931,-37.66411
520,-0.44207519438578347,0.9399659,1.4537019,-0.039852403,0.98697513,-0.14038427,-0.07851073,0.0028917908,-0.7814318,-0.19827707,0.33276722,0.0782037,0.574421,-1.3531376,3.0,3.0,3.0,3.0,3.0,3.0,3.0,3.0,3.0,3.0,3.0,3.0,3.0,3.0,3.0,3.0,3.0,3.0,3.0,3.0,3.0,3.0,3.0,3.0,3.0,3.0,3.0,3.0,3.0,3.0,3.0,3.0,3.0,3.0,3.0,3.0,2.0782795,-1.1725428,0.5576775,-38.838047
525,-0.08618050495367528,0.95656514,1.4572257,-0.046297014,0.9877708,-0.13946083,-0.06915514,-0.008777669,-0.8079288,-0.14709337,0.3027644,0.18812974,0.7348308,-1.2233807,3.0,3.0,3.0,3.0,3.0,3.0,3.0,3.0,3.0,3.0,3.0,3.0,3.0,3.0,3.0,3.0,3.0,3.0,3.0,3.0,3.0,3.0,3.0,3.0,3.0,3.0,3.0,3.0,3.0,3.0,3.0,3.0,3.0,3.0,3.0,3.0,-1.9242463,3.2842045,-0.49383664,-0.11878204
530,-0.3483619310521151,0.9736236,1.4597813,-0.051787034,0.9881935,-0.14081801,-0.057203595,-0.019277588,-0.8246038,-0.1087367,0.2293002,-0.1642893,1.1274924,-1.2104826,3.0,3.0,3.0,3.0,3.0,3.0,3.0,3.0,3.0,3.0,3.0,3.0,3.0,3.0,3.0,3.0,3.0,3.0,3.0,3.0,3.0,3.0,3.0,3.0,3.0,3.0,3.0,3.0,3.0,3.0,3.0,3.0,3.0,3.0,3.0,3.0,-2.1187212,-1.6319942,-0.3302561,29.906548
535,-0.46092797902782195,0.990993,1.4614743,-0.05594001,0.9882021,-0.14402498,-0.04406113,-0.027784897,-0.8433815,-0.05087483,0.21975468,-0.34725308,1.1514763,-0.6818339,3.0,3.0,3.0,3.0,3.0,3.0,3.0,3.0,3.0,3.0,3.0,3.0,3.0,3.0,3.0,3.0,3.0,3.0,3.0,3.0,3.0,3.0,3.0,3.0,3.0,3.0,3.0,3.0,3.0,3.0,3.0,3.0,3.0,3.0,3.0,3.0,3.0002384,0.61175823,0.020944834,42.432175
540,-0.4676724265687913,1.0087844,1.4616098,-0.06101331,0.98798317,-0.14847434,-0.030389126,-0.030349279,-0.8638298,0.038376886,0.30869,-0.17661306,1.5020349,-0.1248285,3.0,3.0,3.0,3.0,3.0,3.0,3.0,3.0,3.0,3.0,3.0,3.0,3.0,3.0,3.0,3.0,3.0,3.0,3.0,3.0,3.0,3.0,3.0,3.0,3.0,3.0,3.0,3.0,3.0,3.0,3.0,3.0,3.0,3.0,3.0,3.0,-2.021557,-0.29264688,0.8672383,44.24211
545,-0.44499515120572103,1.0269953,1.4594557,-0.06927003,0.9880644,-0.15024628,-0.017469464,-0.029148104,-0.8789475,0.14425775,0.44649705,-0.35259914,1.0679243,0.13142434,3.0,3.0,3.0,3.0,3.0,3.0,3.0,3.0,3.0,3.0,3.0,3.0,3.0,3.0,3.0,3.0,3.0,3.0,3.0,3.0,3.0,3.0,3.0,3.0,3.0,3.0,3.0,3.0,3.0,3.0,3.0,3.0,3.0,3.0,3.0,3.0,2.2570758,-4.638569,0.93162394,43.649323
550,-0.43638594485816573,1.0453407,1.455795,-0.07811944,0.98817635,-0.1512235,-0.0054127965,-0.02469208,-0.88143927,0.20238344,0.42816865,0.16028199,1.4353433,0.4056299,3.0,3.0,3.0,3.0,3.0,3.0,3.0,3.0,3.0,3.0,3.0,3.0,3.0,3.0,3.0,3.0,3.0,3.0,3.0,3.0,3.0,3.0,3.0,3.0,3.0,3.0,3.0,3.0,3.0,3.0,3.0,3.0,3.0,3.0,3.0,3.0,-1.5277698,-3.784461,0.7895273,42.94252
555,-0.43432931162114474,1.063691,1.4507791,-0.087046996,0.98836386,-0.1506466,0.007203829,-0.019764632,-0.87989146,0.26152608,0.4135822,0.06586786,1.1458561,0.29153338,3.0,3.0,3.0,3.0,3.0,3.0,3.0,3.0,3.0,3.0,3.0,3.0,3.0,3.0,3.0,3.0,3.0,3.0,3.0,3.0,3.0,3.0,3.0,3.0,3.0,3.0,3.0,3.0,3.0,3.0,3.0,3.0,3.0,3.0,3.0,3.0,-3.4153926,-2.334247,0.41455817,44.117958
560,-0.4332965376157606,1.0819665,1.4448352,-0.09471077,0.9883112,-0.15075797,0.018259445,-0.01340232,-0.8751732,0.30104896,0.33709118,-0.019283885,1.1539888,0.5965154,3.0,3.0,3.0,3.0,3.0,3.0,3.0,3.0,3.0,3.0,3.0,3.0,3.0,3.0,3.0,3.0,3.0,3.0,3.0,3.0,3.0,3.0,3.0,3.0,3.0,3.0,3.0,3.0,3.0,3.0,3.0,3.0,3.0,3.0,3.0,3.0,0.8676915,-0.5937128,0.62093544,44.75647
565,-0.4026128012333515,1.1000164,1.4373852,-0.1029797,0.9883386,-0.14959942,0.027977996,-0.004907898,-0.85927165,0.397082,0.44304153,0.0027769902,0.83410996,0.6555883,3.0,3.0,3.0,3.0,3.0,3.0,3.0,3.0,3.0,3.0,3.0,3.0,3.0,3.0,3.0,3.0,3.0,3.0,3.0,3.0,3.0,3.0,3.0,3.0,3.0,3.0,3.0,3.0,3.0,3.0,3.0,3.0,3.0,3.0,3.0,3.0,-3.7733274,-2.1485186,0.33116353,43.195763
570,-0.35196281318741324,1.117817,1.4287062,-0.11098785,0.9882155,-0.14908586,0.034616653,0.0022902717,-0.84905726,0.43894047,0.3753752,0.23996465,0.48907882,0.41528904,3.0,3.0,3.0,3.0,3.0,3.0,3.0,3.0,3.0,3.0,3.0,3.0,3.0,3.0,3.0,3.0,3.0,3.0,3.0,3.0,3.0,3.0,3.0,3.0,3.0,3.0,3.0,3.0,3.0,3.0,3.0,3.0,3.0,3.0,3.0,3.0,0.7038665,3.237997,0.0774622,39.7928
575,-0.37922552752721594,1.1352633,1.4186088,-0.11935843,0.988032,-0.14896236,0.039581407,0.0060277767,-0.8299226,0.51298255,0.41257557,-0.069272585,0.46246958,0.42454773,3.0,3.0,3.0,3.0,3.0,3.0,3.0,3.0,3.0,3.0,3.0,3.0,3.0,3.0,3.0,3.0,3.0,3.0,3.0,3.0,3.0,3.0,3.0,3.0,3.0,3.0,3.0,3.0,3.0,3.0,3.0,3.0,3.0,3.0,3.0,3.0,1.9539852,-1.6957884,0.29699707,43.693436
580,-0.06773431175742148,1.1523341,1.4071599,-0.12789044,0.9878365,-0.1487907,0.043733627,0.01130394,-0.8137724,0.56813174,0.3887529,0.09988245,0.3725006,0.36963287,3.0,3.0,3.0,3.0,3.0,3.0,3.0,3.0,3.0,3.0,3.0,3.0,3.0,3.0,3.0,3.0,3.0,3.0,3.0,3.0,3.0,3.0,3.0,3.0,3.0,3.0,3.0,3.0,3.0,3.0,3.0,3.0,3.0,3.0,3.0,3.0,-1.3335311,-0.9799557,0.7423487,13.744541
585,-0.31849535443879023,1.1690154,1.3944308,-0.13635638,0.9881641,-0.14556226,0.04608514,0.01481561,-0.7945993,0.6299619,0.38734397,0.34275544,0.30105594,0.3002846,3.0,3.0,3.0,3.0,3.0,3.0,3.0,3.0,3.0,3.0,3.0,3.0,3.0,3.0,3.0,3.0,3.0,3.0,3.0,3.0,3.0,3.0,3.0,3.0,3.0,3.0,3.0,3.0,3.0,3.0,3.0,3.0,3.0,3.0,3.0,3.0,1.4093947,-1.6263521,-0.3806889,39.628723
590,-0.3539885402509914,1.1853178,1.3805498,-0.14441943,0.9885204,-0.14193827,0.04844077,0.018289173,-0.77157545,0.69957024,0.4173732,0.4357054,0.17221,0.19999722,3.0,3.0,3.0,3.0,3.0,3.0,3.0,3.0,3.0,3.0,3.0,3.0,3.0,3.0,3.0,3.0,3.0,3.0,3.0,3.0,3.0,3.0,3.0,3.0,3.0,3.0,3.0,3.0,3.0,3.0,3.0,3.0,3.0,3.0,3.0,3.0,-1.6009367,2.3019686,0.1342057,44.376106
595,-0.26257225445624366,1.2011265,1.3652174,-0.15317936,0.9890812,-0.13724144,0.048968595,0.022027396,-0.7482423,0.76632,0.44416505,0.43352872,0.11697975,0.16004086,3.0,3.0,3.0,3.0,3.0,3.0,3.0,3.0,3.0,3.0,3.0,3.0,3.0,3.0,3.0,3.0,3.0,3.0,3.0,3.0,3.0,3.0,3.0,3.0,3.0,3.0,3.0,3.0,3.0,3.0,3.0,3.0,3.0,3.0,3.0,3.0,1.009614,0.00507164,0.18567348,36.32762
600,-0.11780516995913909,1.2165096,1.348705,-0.1618538,0.98971033,-0.13212335,0.048838146,0.025134472,-0.73197293,0.8094518,0.39621934,0.47289288,-0.06473175,0.110915735,3.0,3.0,3.0,3.0,3.0,3.0,3.0,3.0,3.0,3.0,3.0,3.0,3.0,3.0,3.0,3.0,3.0,3.0,3.0,3.0,3.0,3.0,3.0,3.0,3.0,3.0,3.0,3.0,3.0,3.0,3.0,3.0,3.0,3.0,3.0,3.0,0.9276624,1.332664,0.7450236,22.65335
605,-0.28367554416940965,1.2314175,1.330908,-0.17100464,0.99028903,-0.12732464,0.049006116,0.026730508,-0.7096013,0.8694898,0.41549528,0.58819216,0.12086899,0.21469748,3.0,3.0,3.0,3.0,3.0,3.0,3.0,3.0,3.0,3.0,3.0,3.0,3.0,3.0,3.0,3.0,3.0,3.0,3.0,3.0,3.0,3.0,3.0,3.0,3.0,3.0,3.0,3.0,3.0,3.0,3.0,3.0,3.0,3.0,3.0,3.0,-0.8499031,1.2876325,0.52826047,39.74054
610,0.07366137337861194,1.2459375,1.312114,-0.17974421,0.9908956,-0.12203062,0.049019843,0.028834635,-0.6878125,0.92545325,0.43007755,0.52161425,0.03452399,0.13778853,3.0,3.0,3.0,3.0,3.0,3.0,3.0,3.0,3.0,3.0,3.0,3.0,3.0,3.0,3.0,3.0,3.0,3.0,3.0,3.0,3.0,3.0,3.0,3.0,3.0,3.0,3.0,3.0,3.0,3.0,3.0,3.0,3.0,3.0,3.0,3.0,1.8641157,0.8537102,0.11767459,-4.441845
615,-0.16927303166786437,1.2600719,1.2923727,-0.18805854,0.9914156,-0.11651018,0.04942564,0.032826178,-0.6692465,0.96987826,0.41002217,0.6189097,0.21506104,0.5948711,3.0,3.0,3.0,3.0,3.0,3.0,3.0,3.0,3.0,3.0,3.0,3.0,3.0,3.0,3.0,3.0,3.0,3.0,3.0,3.0,3.0,3.0,3.0,3.0,3.0,3.0,3.0,3.0,3.0,3.0,3.0,3.0,3.0,3.0,3.0,3.0,2.3068643,3.5177698,0.48239803,28.95684
620,-0.13701637086901697,1.2737706,1.2715957,-0.19648138,0.9915629,-0.112410486,0.052368026,0.03774213,-0.6538329,1.0045846,0.35599643,0.40509388,0.3479023,0.4146818,3.0,3.0,3.0,3.0,3.0,3.0,3.0,3.0,3.0,3.0,3.0,3.0,3.0,3.0,3.0,3.0,3.0,3.0,3.0,3.0,3.0,3.0,3.0,3.0,3.0,3.0,3.0,3.0,3.0,3.0,3.0,3.0,3.0,3.0,3.0,3.0,-1.4781761,-3.514001,-0.11206621,26.485825
625,-0.2116530110019244,1.2872486,1.250389,-0.2026327,0.99179673,-0.107739635,0.05464134,0.0417814,-0.6392439,1.0336252,0.28495723,0.59591043,0.1065508,0.17137831,3.0,3.0,3.0,3.0,3.0,3.0,3.0,3.0,3.0,3.0,3.0,3.0,3.0,3.0,3.0,3.0,3.0,3.0,3.0,3.0,3.0,3.0,3.0,3.0,3.0,3.0,3.0,3.0,3.0,3.0,3.0,3.0,3.0,3.0,3.0,3.0,-2.3343718,-3.7161028,-0.5337675,34.474648
630,-0.2208008169221433,1.3003796,1.2285058,-0.20768827,0.9924827,-0.10011624,0.055167496,0.04371921,-0.6229431,1.0643356,0.22793247,0.86004466,0.20227571,0.19699657,3.0,3.0,3.0,3.0,3.0,3.0,3.0,3.0,3.0,3.0,3.0,3.0,3.0,3.0,3.0,3.0,3.0,3.0,3.0,3.0,3.0,3.0,3.0,3.0,3.0,3.0,3.0,3.0,3.0,3.0,3.0,3.0,3.0,3.0,3.0,3.0,-2.9047723,-4.1352134,-0.23340207,35.212006
635,-0.2069028739096752,1.3131174,1.2059109,-0.2120526,0.9932374,-0.09174509,0.05544663,0.0445879,-0.6005244,1.1039183,0.2277352,0.79417604,0.11156449,-0.015848286,3.0,3.0,3.0,3.0,3.0,3.0,3.0,3.0,3.0,3.0,3.0,3.0,3.0,3.0,3.0,3.0,3.0,3.0,3.0,3.0,3.0,3.0,3.0,3.0,3.0,3.0,3.0,3.0,3.0,3.0,3.0,3.0,3.0,3.0,3.0,3.0,-0.72157955,-2.8880095,-0.10160136,34.787704
640,-0.03341751765867007,1.3254868,1.1827085,-0.21545751,0.99388486,-0.08375132,0.05595057,0.0452563,-0.58655113,1.1245708,0.14550477,0.6726482,-0.024882205,0.13268904,3.0,3.0,3.0,3.0,3.0,3.0,3.0,3.0,3.0,3.0,3.0,3.0,3.0,3.0,3.0,3.0,3.0,3.0,3.0,3.0,3.0,3.0,3.0,3.0,3.0,3.0,3.0,3.0,3.0,3.0,3.0,3.0,3.0,3.0,3.0,3.0,0.08108854,1.5051994,-0.608348,18.054485
645,-0.24716986606754016,1.3374602,1.1589266,-0.21813682,0.9943851,-0.076524585,0.055666376,0.047365457,-0.56299895,1.1587949,0.15409246,0.8414023,0.18867174,0.28405327,3.0,3.0,3.0,3.0,3.0,3.0,3.0,3.0,3.0,3.0,3.0,3.0,3.0,3.0,3.0,3.0,3.0,3.0,3.0,3.0,3.0,3.0,3.0,3.0,3.0,3.0,3.0,3.0,3.0,3.0,3.0,3.0,3.0,3.0,3.0,3.0,-1.5716755,2.5742507,-0.58905727,-39.36718
650,-0.06736897932042113,1.3490409,1.1346112,-0.22006927,0.9947472,-0.06826502,0.05726764,0.05038132,-0.54768384,1.1772646,0.08373381,0.64351195,0.3021225,0.07469736,3.0,3.0,3.0,3.0,3.0,3.0,3.0,3.0,3.0,3.0,3.0,3.0,3.0,3.0,3.0,3.0,3.0,3.0,3.0,3.0,3.0,3.0,3.0,3.0,3.0,3.0,3.0,3.0,3.0,3.0,3.0,3.0,3.0,3.0,3.0,3.0,0.7495756,2.5064635,-0.48168898,-22.013565
655,-0.07163774330744038,1.3602458,1.1098644,-0.22101161,0.994883,-0.06235307,0.061135914,0.05081628,-0.5298003,1.1964597,0.032027755,0.56420135,0.5611458,-0.004197259,3.0,3.0,3.0,3.0,3.0,3.0,3.0,3.0,3.0,3.0,3.0,3.0,3.0,3.0,3.0,3.0,3.0,3.0,3.0,3.0,3.0,3.0,3.0,3.0,3.0,3.0,3.0,3.0,3.0,3.0,3.0,3.0,3.0,3.0,3.0,3.0,-2.2349195,2.1312308,-0.28821015,22.50737
660,0.026429438227751623,1.370852,1.0845083,-0.22263938,0.99505824,-0.055582896,0.0663964,0.04859225,-0.49018887,1.2355758,0.14794993,0.8854457,0.5291122,-0.33002728,3.0,3.0,3.0,3.0,3.0,3.0,3.0,3.0,3.0,3.0,3.0,3.0,3.0,3.0,3.0,3.0,3.0,3.0,3.0,3.0,3.0,3.0,3.0,3.0,3.0,3.0,3.0,3.0,3.0,3.0,3.0,3.0,3.0,3.0,3.0,3.0,-3.7685413,3.6223326,-0.23834747,-11.660156
665,-0.021249197676878995,1.3809139,1.0586715,-0.224237,0.9953094,-0.045910254,0.07160374,0.04608999,-0.47802714,1.24301,0.029213984,0.8848712,0.52661383,-0.3294075,3.0,3.0,3.0,3.0,3.0,3.0,3.0,3.0,3.0,3.0,3.0,3.0,3.0,3.0,3.0,3.0,3.0,3.0,3.0,3.0,3.0,3.0,3.0,3.0,3.0,3.0,3.0,3.0,3.0,3.0,3.0,3.0,3.0,3.0,3.0,3.0,-3.7857106,2.5048885,-0.6513071,-17.150835
670,-0.1243988223116568,1.3904661,1.0325325,-0.22508985,0.99555725,-0.037685417,0.07522518,0.04226948,-0.44738337,1.2607946,0.034465075,0.7278638,0.34067872,-0.42189708,3.0,3.0,3.0,3.0,3.0,3.0,3.0,3.0,3.0,3.0,3.0,3.0,3.0,3.0,3.0,3.0,3.0,3.0,3.0,3.0,3.0,3.0,3.0,3.0,3.0,3.0,3.0,3.0,3.0,3.0,3.0,3.0,3.0,3.0,3.0,3.0,-1.821672,1.2935362,0.007307172,28.645218
675,-0.08945481420110418,1.3993822,1.0060859,-0.22589347,0.9958853,-0.029429425,0.07668837,0.038277965,-0.40624857,1.2790993,0.098944426,0.8039511,0.15645021,-0.444467,3.0,3.0,3.0,3.0,3.0,3.0,3.0,3.0,3.0,3.0,3.0,3.0,3.0,3.0,3.0,3.0,3.0,3.0,3.0,3.0,3.0,3.0,3.0,3.0,3.0,3.0,3.0,3.0,3.0,3.0,3.0,3.0,3.0,3.0,3.0,3.0,1.0762968,0.804842,-0.0602507,-25.478195
680,-0.15968931617354779,1.4074327,0.9793028,-0.22803392,0.9960494,-0.021398071,0.077847734,0.0369791,-0.3701695,1.2905302,0.124348216,0.6931609,0.019259382,-0.32751584,3.0,3.0,3.0,3.0,3.0,3.0,3.0,3.0,3.0,3.0,3.0,3.0,3.0,3.0,3.0,3.0,3.0,3.0,3.0,3.0,3.0,3.0,3.0,3.0,3.0,3.0,3.0,3.0,3.0,3.0,3.0,3.0,3.0,3.0,3.0,3.0,0.31144094,3.568551,0.6388216,-32.952244
685,-0.07795475054680828,1.4145743,0.95226806,-0.2316769,0.99606556,-0.013312285,0.07999405,0.03573684,-0.33509484,1.2987555,0.14049713,0.79150754,0.26348865,-0.12269472,3.0,3.0,3.0,3.0,3.0,3.0,3.0,3.0,3.0,3.0,3.0,3.0,3.0,3.0,3.0,3.0,3.0,3.0,3.0,3.0,3.0,3.0,3.0,3.0,3.0,3.0,3.0,3.0,3.0,3.0,3.0,3.0,3.0,3.0,3.0,3.0,-3.3782153,3.3605042,-0.49979413,24.561813
690,0.04435388551457636,1.420924,0.9251253,-0.23591666,0.9960704,-0.0063038813,0.081170075,0.03486376,-0.27763942,1.3062806,0.2875548,0.66604173,0.053625323,-0.23767705,3.0,3.0,3.0,3.0,3.0,3.0,3.0,3.0,3.0,3.0,3.0,3.0,3.0,3.0,3.0,3.0,3.0,3.0,3.0,3.0,3.0,3.0,3.0,3.0,3.0,3.0,3.0,3.0,3.0,3.0,3.0,3.0,3.0,3.0,3.0,3.0,1.276103,-4.022984,0.6572404,-12.609653
695,0.005488449570015902,1.4262357,0.89789087,-0.24219142,0.99598336,0.003393016,0.08287745,0.03371799,-0.24483375,1.3068901,0.2792442,0.9898523,0.10990364,-0.3091487,3.0,3.0,3.0,3.0,3.0,3.0,3.0,3.0,3.0,3.0,3.0,3.0,3.0,3.0,3.0,3.0,3.0,3.0,3.0,3.0,3.0,3.0,3.0,3.0,3.0,3.0,3.0,3.0,3.0,3.0,3.0,3.0,3.0,3.0,3.0,3.0,1.839457,0.9225941,-0.3482151,-16.56813
700,-0.027830016286073095,1.4309623,0.8707034,-0.24764627,0.9959542,0.012112667,0.083005175,0.03222739,-0.21447112,1.303371,0.25286105,0.6784917,0.09988332,-0.26769942,3.0,3.0,3.0,3.0,3.0,3.0,3.0,3.0,3.0,3.0,3.0,3.0,3.0,3.0,3.0,3.0,3.0,3.0,3.0,3.0,3.0,3.0,3.0,3.0,3.0,3.0,3.0,3.0,3.0,3.0,3.0,3.0,3.0,3.0,3.0,3.0,-2.9322581,-0.63535595,0.28250122,-20.578852
705,-0.2694717805640719,1.4350652,0.8436259,-0.25249678,0.9960216,0.020953424,0.08214408,0.027463779,-0.18607733,1.2971054,0.21458726,0.78817564,-0.046032276,-0.6349778,3.0,3.0,3.0,3.0,3.0,3.0,3.0,3.0,3.0,3.0,3.0,3.0,3.0,3.0,3.0,3.0,3.0,3.0,3.0,3.0,3.0,3.0,3.0,3.0,3.0,3.0,3.0,3.0,3.0,3.0,3.0,3.0,3.0,3.0,3.0,3.0,-1.4534593,2.1049547,-0.2500767,-44.48764
710,-0.2449069958190275,1.4384178,0.81675977,-0.25752303,0.996155,0.029561648,0.08044986,0.018142182,-0.13739221,1.282237,0.30001932,0.9112452,-0.16466607,-1.162422,3.0,3.0,3.0,3.0,3.0,3.0,3.0,3.0,3.0,3.0,3.0,3.0,3.0,3.0,3.0,3.0,3.0,3.0,3.0,3.0,3.0,3.0,3.0,3.0,3.0,3.0,3.0,3.0,3.0,3.0,3.0,3.0,3.0,3.0,3.0,3.0,2.0933223,2.0241709,0.73662686,-41.037888
715,-0.03724106210797551,1.4408424,0.79022306,-0.26386073,0.9961184,0.03876648,0.07870034,0.007173726,-0.10934238,1.269968,0.26510766,0.80606365,-0.14795522,-0.9843022,3.0,3.0,3.0,3.0,3.0,3.0,3.0,3.0,3.0,3.0,3.0,3.0,3.0,3.0,3.0,3.0,3.0,3.0,3.0,3.0,3.0,3.0,3.0,3.0,3.0,3.0,3.0,3.0,3.0,3.0,3.0,3.0,3.0,3.0,3.0,3.0,1.1324711,3.2637196,0.5679513,-20.588789
720,-0.2082498364937835,1.4426022,0.7640452,-0.27004993,0.99578166,0.04768724,0.07824006,-0.0048248866,-0.07175963,1.2488954,0.29475528,0.9090189,0.08426418,-1.1546978,3.0,3.0,3.0,3.0,3.0,3.0,3.0,3.0,3.0,3.0,3.0,3.0,3.0,3.0,3.0,3.0,3.0,3.0,3.0,3.0,3.0,3.0,3.0,3.0,3.0,3.0,3.0,3.0,3.0,3.0,3.0,3.0,3.0,3.0,3.0,3.0,-2.0817707,4.572049,-0.4041221,-37.324863
725,-0.22440717657287476,1.4439268,0.7381617,-0.27470043,0.99509346,0.05803278,0.0784997,-0.016092148,-0.05814503,1.2378314,0.17554192,0.90665674,0.07181285,-1.1535525,3.0,3.0,3.0,3.0,3.0,3.0,3.0,3.0,3.0,3.0,3.0,3.0,3.0,3.0,3.0,3.0,3.0,3.0,3.0,3.0,3.0,3.0,3.0,3.0,3.0,3.0,3.0,3.0,3.0,3.0,3.0,3.0,3.0,3.0,3.0,3.0,-3.856402,4.796135,0.19684088,-38.99374
730,-0.029326430523744562,1.4448708,0.7126095,-0.27749598,0.9944302,0.067055285,0.07716924,-0.025633669,-0.034614597,1.2167168,0.120769106,0.6695836,-0.24170157,-0.81727684,3.0,3.0,3.0,3.0,3.0,3.0,3.0,3.0,3.0,3.0,3.0,3.0,3.0,3.0,3.0,3.0,3.0,3.0,3.0,3.0,3.0,3.0,3.0,3.0,3.0,3.0,3.0,3.0,3.0,3.0,3.0,3.0,3.0,3.0,3.0,3.0,-0.14572191,4.3668613,0.39034283,-20.291464
735,-0.19344629215546522,1.4449182,0.687914,-0.28187895,0.9941001,0.0728147,0.07365611,-0.032214236,0.021333633,1.1616622,0.2861019,0.4193469,-0.16788508,-0.7662196,3.0,3.0,3.0,3.0,3.0,3.0,3.0,3.0,3.0,3.0,3.0,3.0,3.0,3.0,3.0,3.0,3.0,3.0,3.0,3.0,3.0,3.0,3.0,3.0,3.0,3.0,3.0,3.0,3.0,3.0,3.0,3.0,3.0,3.0,3.0,3.0,-0.06244135,-3.9051013,0.41576362,-36.89267
740,-0.23608969057758525,1.4439945,0.6642454,-0.2885951,0.99358404,0.08095456,0.07028901,-0.03600848,0.052692354,1.1259922,0.29945514,0.851178,-0.29558092,-0.34659454,3.0,3.0,3.0,3.0,3.0,3.0,3.0,3.0,3.0,3.0,3.0,3.0,3.0,3.0,3.0,3.0,3.0,3.0,3.0,3.0,3.0,3.0,3.0,3.0,3.0,3.0,3.0,3.0,3.0,3.0,3.0,3.0,3.0,3.0,3.0,3.0,1.815145,4.841872,0.4791572,40.85765
745,0.07120119373474043,1.4424778,0.6413404,-0.29535148,0.9929978,0.0881482,0.06865507,-0.038362768,0.08917145,1.0772371,0.363927,0.6171022,-0.019338178,-0.18119204,3.0,3.0,3.0,3.0,3.0,3.0,3.0,3.0,3.0,3.0,3.0,3.0,3.0,3.0,3.0,3.0,3.0,3.0,3.0,3.0,3.0,3.0,3.0,3.0,3.0,3.0,3.0,3.0,3.0,3.0,3.0,3.0,3.0,3.0,3.0,3.0,2.5956345,4.277606,0.4055612,-9.604507
750,-0.0521833670513816,1.4403143,0.61934906,-0.30268237,0.99244034,0.091393024,0.07045101,-0.041786443,0.11454572,1.0396899,0.3500328,0.09413694,0.07633473,-0.3600852,3.0,3.0,3.0,3.0,3.0,3.0,3.0,3.0,3.0,3.0,3.0,3.0,3.0,3.0,3.0,3.0,3.0,3.0,3.0,3.0,3.0,3.0,3.0,3.0,3.0,3.0,3.0,3.0,3.0,3.0,3.0,3.0,3.0,3.0,3.0,3.0,2.8068395,-3.077873,0.66717124,23.115547
755,-0.09437872386016113,1.4374559,0.59838307,-0.3109083,0.99196225,0.09342906,0.07277157,-0.044567265,0.1436117,0.9964241,0.36057803,0.18616207,0.31360564,-0.2571031,3.0,3.0,3.0,3.0,3.0,3.0,3.0,3.0,3.0,3.0,3.0,3.0,3.0,3.0,3.0,3.0,3.0,3.0,3.0,3.0,3.0,3.0,3.0,3.0,3.0,3.0,3.0,3.0,3.0,3.0,3.0,3.0,3.0,3.0,3.0,3.0,-0.41026545,1.18362,0.092069745,-27.660645
760,-0.1681433965244542,1.4341172,0.57813966,-0.31835243,0.9916057,0.094997376,0.07419179,-0.046788678,0.17549995,0.9492936,0.38406357,-0.093286596,0.087702386,-0.19607772,3.0,3.0,3.0,3.0,3.0,3.0,3.0,3.0,3.0,3.0,3.0,3.0,3.0,3.0,3.0,3.0,3.0,3.0,3.0,3.0,3.0,3.0,3.0,3.0,3.0,3.0,3.0,3.0,3.0,3.0,3.0,3.0,3.0,3.0,3.0,3.0,2.1025777,-4.426227,0.70725894,34.818794
765,0.0014235595071006302,1.4297448,0.55939865,-0.3288408,0.9914073,0.0940326,0.07681827,-0.048666045,0.23165539,0.86830556,0.5736598,-0.22241123,0.3074536,-0.18115881,3.0,3.0,3.0,3.0,3.0,3.0,3.0,3.0,3.0,3.0,3.0,3.0,3.0,3.0,3.0,3.0,3.0,3.0,3.0,3.0,3.0,3.0,3.0,3.0,3.0,3.0,3.0,3.0,3.0,3.0,3.0,3.0,3.0,3.0,3.0,3.0,0.43099165,-0.35054398,0.72441363,17.253399
770,-0.1893412748829385,1.4241551,0.5423706,-0.34344354,0.9913591,0.093705006,0.0774949,-0.049203288,0.29442602,0.78129065,0.79650366,-0.031516623,0.0711143,-0.042818792,3.0,3.0,3.0,3.0,3.0,3.0,3.0,3.0,3.0,3.0,3.0,3.0,3.0,3.0,3.0,3.0,3.0,3.0,3.0,3.0,3.0,3.0,3.0,3.0,3.0,3.0,3.0,3.0,3.0,3.0,3.0,3.0,3.0,3.0,3.0,3.0,4.456526,2.2984228,0.9112489,35.90087
775,-0.21635539376479357,1.4175012,0.52681386,-0.36099845,0.9910244,0.09138938,0.0828181,-0.05157335,0.32889837,0.7334574,0.8247458,-0.094971895,0.66173905,-0.051307473,3.0,3.0,3.0,3.0,3.0,3.0,3.0,3.0,3.0,3.0,3.0,3.0,3.0,3.0,3.0,3.0,3.0,3.0,3.0,3.0,3.0,3.0,3.0,3.0,3.0,3.0,3.0,3.0,3.0,3.0,3.0,3.0,3.0,3.0,3.0,3.0,3.5593977,3.5934458,0.8786905,37.35293
780,-0.25692575636799764,1.410269,0.5120208,-0.37802413,0.99045044,0.08738046,0.09167783,-0.054477505,0.35818958,0.6964,0.80285907,-0.48164156,0.9883891,-0.20524684,3.0,3.0,3.0,3.0,3.0,3.0,3.0,3.0,3.0,3.0,3.0,3.0,3.0,3.0,3.0,3.0,3.0,3.0,3.0,3.0,3.0,3.0,3.0,3.0,3.0,3.0,3.0,3.0,3.0,3.0,3.0,3.0,3.0,3.0,3.0,3.0,0.2322669,1.9525428,0.8794038,40.927933
785,-0.2875475293058597,1.4021397,0.49823633,-0.39595217,0.99012387,0.07789175,0.10123423,-0.05778618,0.41187137,0.6394557,0.89671165,-0.9941507,1.0056494,-0.37194648,3.0,3.0,3.0,3.0,3.0,3.0,3.0,3.0,3.0,3.0,3.0,3.0,3.0,3.0,3.0,3.0,3.0,3.0,3.0,3.0,3.0,3.0,3.0,3.0,3.0,3.0,3.0,3.0,3.0,3.0,3.0,3.0,3.0,3.0,3.0,3.0,-2.3999033,-3.9315352,0.9235382,42.88511
790,-0.2686321585685597,1.3926243,0.48573923,-0.4168116,0.9897391,0.07102231,0.10835405,-0.060263745,0.48664835,0.57476693,1.0674527,-0.33150175,0.6171849,0.119087175,3.0,3.0,3.0,3.0,3.0,3.0,3.0,3.0,3.0,3.0,3.0,3.0,3.0,3.0,3.0,3.0,3.0,3.0,3.0,3.0,3.0,3.0,3.0,3.0,3.0,3.0,3.0,3.0,3.0,3.0,3.0,3.0,3.0,3.0,3.0,3.0,4.165374,1.638732,0.9551748,42.14292
795,-0.2529696662279925,1.3817327,0.47434732,-0.44005516,0.98918915,0.067613125,0.11576833,-0.05942238,0.53973424,0.5339847,1.1124773,-0.27893886,0.65862393,0.15961383,3.0,3.0,3.0,3.0,3.0,3.0,3.0,3.0,3.0,3.0,3.0,3.0,3.0,3.0,3.0,3.0,3.0,3.0,3.0,3.0,3.0,3.0,3.0,3.0,3.0,3.0,3.0,3.0,3.0,3.0,3.0,3.0,3.0,3.0,3.0,3.0,3.683813,2.789774,0.95894563,40.546783
800,-0.2776619316559964,1.3698063,0.46369392,-0.46366423,0.9886054,0.06523623,0.121979915,-0.05936766,0.60023254,0.49311653,1.1699091,0.18847016,0.48298976,0.29458213,3.0,3.0,3.0,3.0,3.0,3.0,3.0,3.0,3.0,3.0,3.0,3.0,3.0,3.0,3.0,3.0,3.0,3.0,3.0,3.0,3.0,3.0,3.0,3.0,3.0,3.0,3.0,3.0,3.0,3.0,3.0,3.0,3.0,3.0,3.0,3.0,2.6722546,1.885253,0.40476823,43.58248
805,-0.20671310534087986,1.3569924,0.45363152,-0.48678654,0.98813426,0.06741482,0.12629603,-0.05563464,0.6250741,0.47622213,1.069843,0.3380607,0.31056172,0.39172038,3.0,3.0,3.0,3.0,3.0,3.0,3.0,3.0,3.0,3.0,3.0,3.0,3.0,3.0,3.0,3.0,3.0,3.0,3.0,3.0,3.0,3.0,3.0,3.0,3.0,3.0,3.0,3.0,3.0,3.0,3.0,3.0,3.0,3.0,3.0,3.0,-3.7056792,0.9133034,0.85043967,36.925575
810,-0.2127170521949321,1.3437215,0.44388193,-0.50753975,0.98769623,0.0701844,0.12996452,-0.051376447,0.64503753,0.46243963,0.94703776,0.33593053,0.31121704,0.39179343,3.0,3.0,3.0,3.0,3.0,3.0,3.0,3.0,3.0,3.0,3.0,3.0,3.0,3.0,3.0,3.0,3.0,3.0,3.0,3.0,3.0,3.0,3.0,3.0,3.0,3.0,3.0,3.0,3.0,3.0,3.0,3.0,3.0,3.0,3.0,3.0,-1.613255,1.4104834,0.5920682,38.38993
815,-0.24132240173887953,1.3300159,0.43443027,-0.52577555,0.9872874,0.0727286,0.13338082,-0.046730254,0.66693026,0.44753382,0.8291208,0.29454377,0.24550045,0.4867166,3.0,3.0,3.0,3.0,3.0,3.0,3.0,3.0,3.0,3.0,3.0,3.0,3.0,3.0,3.0,3.0,3.0,3.0,3.0,3.0,3.0,3.0,3.0,3.0,3.0,3.0,3.0,3.0,3.0,3.0,3.0,3.0,3.0,3.0,3.0,3.0,-2.809787,4.086684,0.54619884,41.802063
820,-0.24095353099708,1.3158363,0.42529908,-0.5415923,0.987067,0.07454346,0.13592117,-0.040834695,0.69174993,0.43094495,0.71963817,0.17551632,0.06318791,0.71311045,3.0,3.0,3.0,3.0,3.0,3.0,3.0,3.0,3.0,3.0,3.0,3.0,3.0,3.0,3.0,3.0,3.0,3.0,3.0,3.0,3.0,3.0,3.0,3.0,3.0,3.0,3.0,3.0,3.0,3.0,3.0,3.0,3.0,3.0,3.0,3.0,1.0624971,2.648666,0.70157397,42.52594
825,-0.23727876306000834,1.3004789,0.4169099,-0.5575114,0.9874989,0.07375719,0.13490087,-0.034750503,0.7734623,0.38024288,0.81598544,0.032144275,0.017031802,0.6175311,3.0,3.0,3.0,3.0,3.0,3.0,3.0,3.0,3.0,3.0,3.0,3.0,3.0,3.0,3.0,3.0,3.0,3.0,3.0,3.0,3.0,3.0,3.0,3.0,3.0,3.0,3.0,3.0,3.0,3.0,3.0,3.0,3.0,3.0,3.0,3.0,-1.1205723,2.4175882,0.7770902,42.62133
830,-0.22826938080149473,1.2840223,0.40920988,-0.57325536,0.98784465,0.07301399,0.13433853,-0.028018381,0.80174375,0.3620719,0.7186303,0.052816123,-0.16320957,0.53304136,3.0,3.0,3.0,3.0,3.0,3.0,3.0,3.0,3.0,3.0,3.0,3.0,3.0,3.0,3.0,3.0,3.0,3.0,3.0,3.0,3.0,3.0,3.0,3.0,3.0,3.0,3.0,3.0,3.0,3.0,3.0,3.0,3.0,3.0,3.0,3.0,-3.3937094,3.3151608,0.772565,42.56111
835,-0.06743787897375511,1.2668705,0.40194532,-0.5873649,0.98848194,0.07218403,0.13137455,-0.020824064,0.849113,0.33317843,0.6918655,0.056801178,-0.6193205,0.7683107,3.0,3.0,3.0,3.0,3.0,3.0,3.0,3.0,3.0,3.0,3.0,3.0,3.0,3.0,3.0,3.0,3.0,3.0,3.0,3.0,3.0,3.0,3.0,3.0,3.0,3.0,3.0,3.0,3.0,3.0,3.0,3.0,3.0,3.0,3.0,3.0,1.185502,-0.43513012,0.86767495,26.219353
840,0.15317979026840828,1.2485955,0.3953601,-0.601451,0.9890644,0.07397836,0.12716709,-0.010361985,0.8854016,0.31070152,0.6272085,0.29111576,-0.4821748,0.9411562,3.0,3.0,3.0,3.0,3.0,3.0,3.0,3.0,3.0,3.0,3.0,3.0,3.0,3.0,3.0,3.0,3.0,3.0,3.0,3.0,3.0,3.0,3.0,3.0,3.0,3.0,3.0,3.0,3.0,3.0,3.0,3.0,3.0,3.0,3.0,3.0,-1.2107694,0.27014542,0.80177355,-4.65324
845,-0.010079168847366954,1.2295693,0.3892516,-0.6142564,0.9898123,0.0735739,0.12184719,-0.0034221269,0.93165225,0.28156862,0.60664254,0.07415195,-0.6300127,0.32797644,3.0,3.0,3.0,3.0,3.0,3.0,3.0,3.0,3.0,3.0,3.0,3.0,3.0,3.0,3.0,3.0,3.0,3.0,3.0,3.0,3.0,3.0,3.0,3.0,3.0,3.0,3.0,3.0,3.0,3.0,3.0,3.0,3.0,3.0,3.0,3.0,-1.538254,-0.05029869,0.91285384,22.401405
850,-0.1537912876101245,1.2092389,0.3839658,-0.6280939,0.9906845,0.07483646,0.11376231,-0.0013527179,0.9929969,0.2424993,0.6545314,0.2457714,-0.75317365,0.1124858,3.0,3.0,3.0,3.0,3.0,3.0,3.0,3.0,3.0,3.0,3.0,3.0,3.0,3.0,3.0,3.0,3.0,3.0,3.0,3.0,3.0,3.0,3.0,3.0,3.0,3.0,3.0,3.0,3.0,3.0,3.0,3.0,3.0,3.0,3.0,3.0,-3.3830583,-0.9709382,0.46595323,36.840996
855,-0.027921897561365233,1.1881264,0.37921992,-0.641104,0.9915466,0.07572946,0.10535871,7.324285e-06,1.0350207,0.21228462,0.6409384,0.0050185295,-0.93929887,-0.14907077,3.0,3.0,3.0,3.0,3.0,3.0,3.0,3.0,3.0,3.0,3.0,3.0,3.0,3.0,3.0,3.0,3.0,3.0,3.0,3.0,3.0,3.0,3.0,3.0,3.0,3.0,3.0,3.0,3.0,3.0,3.0,3.0,3.0,3.0,3.0,3.0,-3.3158202,-1.1191704,0.9208274,23.989838
860,0.08023625413025481,1.165983,0.37524348,-0.65471905,0.9925375,0.07834801,0.09341513,-0.0021263831,1.0843769,0.17358966,0.68038553,0.43953553,-1.024579,-0.04066182,3.0,3.0,3.0,3.0,3.0,3.0,3.0,3.0,3.0,3.0,3.0,3.0,3.0,3.0,3.0,3.0,3.0,3.0,3.0,3.0,3.0,3.0,3.0,3.0,3.0,3.0,3.0,3.0,3.0,3.0,3.0,3.0,3.0,3.0,3.0,3.0,-0.08974028,3.9828558,0.030321598,12.6269455
865,-0.21307546778493164,1.143218,0.37180114,-0.66738063,0.9931056,0.08295882,0.08280991,-0.001284491,1.0980405,0.15956138,0.55939794,0.44107005,-1.0217717,-0.04084563,3.0,3.0,3.0,3.0,3.0,3.0,3.0,3.0,3.0,3.0,3.0,3.0,3.0,3.0,3.0,3.0,3.0,3.0,3.0,3.0,3.0,3.0,3.0,3.0,3.0,3.0,3.0,3.0,3.0,3.0,3.0,3.0,3.0,3.0,3.0,3.0,-2.608855,3.2875414,0.21600735,43.378006
870,-0.10063410610545706,1.1201907,0.36866045,-0.6775272,0.99353635,0.087574385,0.072222464,-0.00044505388,1.1099102,0.14477783,0.43884477,0.44259796,-1.018969,-0.040968806,3.0,3.0,3.0,3.0,3.0,3.0,3.0,3.0,3.0,3.0,3.0,3.0,3.0,3.0,3.0,3.0,3.0,3.0,3.0,3.0,3.0,3.0,3.0,3.0,3.0,3.0,3.0,3.0,3.0,3.0,3.0,3.0,3.0,3.0,3.0,3.0,-2.928927,2.8418064,-0.22745448,33.138664
875,-0.15027997393254722,1.0969387,0.36583728,-0.68516695,0.9938304,0.092194036,0.061654225,0.00039213433,1.119983,0.12923552,0.31866604,0.44411796,-1.0161717,-0.04103188,3.0,3.0,3.0,3.0,3.0,3.0,3.0,3.0,3.0,3.0,3.0,3.0,3.0,3.0,3.0,3.0,3.0,3.0,3.0,3.0,3.0,3.0,3.0,3.0,3.0,3.0,3.0,3.0,3.0,3.0,3.0,3.0,3.0,3.0,3.0,3.0,-2.911181,3.8054457,-0.03292942,39.151466
880,-0.15898408940384767,1.0734993,0.36334738,-0.6903071,0.99398845,0.096817076,0.051106643,0.0012272777,1.128255,0.11293167,0.1988046,0.44562882,-1.0133803,-0.0410354,3.0,3.0,3.0,3.0,3.0,3.0,3.0,3.0,3.0,3.0,3.0,3.0,3.0,3.0,3.0,3.0,3.0,3.0,3.0,3.0,3.0,3.0,3.0,3.0,3.0,3.0,3.0,3.0,3.0,3.0,3.0,3.0,3.0,3.0,3.0,3.0,-4.4923596,4.4801254,-0.47684586,40.941154
885,-0.11805364243549599,1.0498828,0.3612587,-0.69321793,0.9941359,0.100594126,0.03955681,0.0031360444,1.1363517,0.09276219,0.09506988,0.35155714,-1.1460882,0.08016119,3.0,3.0,3.0,3.0,3.0,3.0,3.0,3.0,3.0,3.0,3.0,3.0,3.0,3.0,3.0,3.0,3.0,3.0,3.0,3.0,3.0,3.0,3.0,3.0,3.0,3.0,3.0,3.0,3.0,3.0,3.0,3.0,3.0,3.0,3.0,3.0,-2.6020935,3.9923973,-0.5175813,37.817505
890,0.11775685245124784,1.0261496,0.35954568,-0.69370615,0.9941564,0.10417867,0.02777904,0.0053090947,1.1408107,0.07512335,-0.0242894,0.35513756,-1.1426877,0.0799808,3.0,3.0,3.0,3.0,3.0,3.0,3.0,3.0,3.0,3.0,3.0,3.0,3.0,3.0,3.0,3.0,3.0,3.0,3.0,3.0,3.0,3.0,3.0,3.0,3.0,3.0,3.0,3.0,3.0,3.0,3.0,3.0,3.0,3.0,3.0,3.0,-3.5090685,4.7571898,-0.03155476,14.530579
895,-0.16119596485115373,1.0023396,0.35824206,-0.6918744,0.9941103,0.106975414,0.015041132,0.008647676,1.1438588,0.05457732,-0.13240437,0.2607139,-1.2861065,0.23795529,3.0,3.0,3.0,3.0,3.0,3.0,3.0,3.0,3.0,3.0,3.0,3.0,3.0,3.0,3.0,3.0,3.0,3.0,3.0,3.0,3.0,3.0,3.0,3.0,3.0,3.0,3.0,3.0,3.0,3.0,3.0,3.0,3.0,3.0,3.0,3.0,0.5772495,4.6615105,-0.17055875,44.08248
900,-0.14061486960021197,0.9784693,0.35761398,-0.6888962,0.9941796,0.106837995,0.00068089843,0.013857598,1.1471896,0.0058738934,-0.11372494,-0.2831423,-1.2815236,0.23550494,3.0,3.0,3.0,3.0,3.0,3.0,3.0,3.0,3.0,3.0,3.0,3.0,3.0,3.0,3.0,3.0,3.0,3.0,3.0,3.0,3.0,3.0,3.0,3.0,3.0,3.0,3.0,3.0,3.0,3.0,3.0,3.0,3.0,3.0,3.0,3.0,0.43195677,3.8569489,0.5555935,40.836235
905,-0.1774727860293472,0.9545814,0.35860497,-0.6891261,0.9946504,0.10094904,-0.011360134,0.01872945,1.1449943,-0.08521562,0.10609279,-0.67695314,-1.2509547,0.35098547,3.0,3.0,3.0,3.0,3.0,3.0,3.0,3.0,3.0,3.0,3.0,3.0,3.0,3.0,3.0,3.0,3.0,3.0,3.0,3.0,3.0,3.0,3.0,3.0,3.0,3.0,3.0,3.0,3.0,3.0,3.0,3.0,3.0,3.0,3.0,3.0,2.6828437,1.0859399,0.99459183,40.713165
910,-0.2637638998190286,0.93086874,0.36151266,-0.6943314,0.9951376,0.09228843,-0.024597848,0.024061715,1.132188,-0.17494127,0.34608045,-0.88754797,-1.4017801,0.38950893,3.0,3.0,3.0,3.0,3.0,3.0,3.0,3.0,3.0,3.0,3.0,3.0,3.0,3.0,3.0,3.0,3.0,3.0,3.0,3.0,3.0,3.0,3.0,3.0,3.0,3.0,3.0,3.0,3.0,3.0,3.0,3.0,3.0,3.0,3.0,3.0,4.5204735,-0.40422916,0.9952638,44.788742
915,-0.30519404965224584,0.90757084,0.3661968,-0.70456064,0.9953773,0.08305263,-0.038350582,0.029249048,1.1073538,-0.25708434,0.58810365,-0.8397933,-1.3588506,0.3566083,3.0,3.0,3.0,3.0,3.0,3.0,3.0,3.0,3.0,3.0,3.0,3.0,3.0,3.0,3.0,3.0,3.0,3.0,3.0,3.0,3.0,3.0,3.0,3.0,3.0,3.0,3.0,3.0,3.0,3.0,3.0,3.0,3.0,3.0,3.0,3.0,4.6982193,-0.40912724,0.9990349,44.85724
920,-0.33173501786878323,0.8849095,0.37242228,-0.7194081,0.9955289,0.07439334,-0.04925357,0.03101541,1.0741047,-0.32429075,0.7863857,-1.0284915,-0.8129765,-0.22925583,3.0,3.0,3.0,3.0,3.0,3.0,3.0,3.0,3.0,3.0,3.0,3.0,3.0,3.0,3.0,3.0,3.0,3.0,3.0,3.0,3.0,3.0,3.0,3.0,3.0,3.0,3.0,3.0,3.0,3.0,3.0,3.0,3.0,3.0,3.0,3.0,-2.5930738,1.2815194,0.99965584,44.25583
925,-0.2657114797308155,0.86304533,0.37993646,-0.73826236,0.9956716,0.064284906,-0.0585825,0.03276696,1.0326161,-0.38294345,0.97848,-0.8778845,-0.9857711,0.10098696,3.0,3.0,3.0,3.0,3.0,3.0,3.0,3.0,3.0,3.0,3.0,3.0,3.0,3.0,3.0,3.0,3.0,3.0,3.0,3.0,3.0,3.0,3.0,3.0,3.0,3.0,3.0,3.0,3.0,3.0,3.0,3.0,3.0,3.0,3.0,3.0,-0.48377228,-1.5026166,0.997113,33.61032
930,-0.3996717633797461,0.84200805,0.3884229,-0.75995773,0.9954509,0.056430962,-0.07007045,0.031355605,0.995249,-0.42127514,1.0702871,-0.66405195,-1.1445217,-0.11761477,3.0,3.0,3.0,3.0,3.0,3.0,3.0,3.0,3.0,3.0,3.0,3.0,3.0,3.0,3.0,3.0,3.0,3.0,3.0,3.0,3.0,3.0,3.0,3.0,3.0,3.0,3.0,3.0,3.0,3.0,3.0,3.0,3.0,3.0,3.0,3.0,1.9989085,1.2901807,0.98167515,44.643845
935,-0.41512160298116674,0.82166404,0.39749128,-0.78227484,0.99524516,0.047329593,-0.07932339,0.030899145,0.96173316,-0.44557157,1.0840685,-0.8543684,-0.871461,0.12443296,3.0,3.0,3.0,3.0,3.0,3.0,3.0,3.0,3.0,3.0,3.0,3.0,3.0,3.0,3.0,3.0,3.0,3.0,3.0,3.0,3.0,3.0,3.0,3.0,3.0,3.0,3.0,3.0,3.0,3.0,3.0,3.0,3.0,3.0,3.0,3.0,-0.23984814,-0.7570181,0.9730488,44.490295
940,-0.4059140836621928,0.8020927,0.4070421,-0.8050548,0.9947665,0.0417918,-0.08849869,0.029343791,0.9256724,-0.46556506,1.089223,-0.4140213,-0.84255475,-0.466705,3.0,3.0,3.0,3.0,3.0,3.0,3.0,3.0,3.0,3.0,3.0,3.0,3.0,3.0,3.0,3.0,3.0,3.0,3.0,3.0,3.0,3.0,3.0,3.0,3.0,3.0,3.0,3.0,3.0,3.0,3.0,3.0,3.0,3.0,3.0,3.0,-0.33461094,2.7275143,0.41552055,43.018547
945,-0.28144628152754997,0.78312534,0.41687575,-0.82681286,0.9943248,0.035024527,-0.09693603,0.026361546,0.89898556,-0.4765602,1.0198138,-0.7644107,-0.8755405,-0.32046682,3.0,3.0,3.0,3.0,3.0,3.0,3.0,3.0,3.0,3.0,3.0,3.0,3.0,3.0,3.0,3.0,3.0,3.0,3.0,3.0,3.0,3.0,3.0,3.0,3.0,3.0,3.0,3.0,3.0,3.0,3.0,3.0,3.0,3.0,3.0,3.0,0.04149723,1.1598973,0.98151445,29.423363
950,-0.42730850613006893,0.7649964,0.42701375,-0.8484356,0.9940402,0.02455686,-0.1023882,0.028244834,0.84873635,-0.4931656,1.0585269,-1.1491642,-0.56768996,0.23405264,3.0,3.0,3.0,3.0,3.0,3.0,3.0,3.0,3.0,3.0,3.0,3.0,3.0,3.0,3.0,3.0,3.0,3.0,3.0,3.0,3.0,3.0,3.0,3.0,3.0,3.0,3.0,3.0,3.0,3.0,3.0,3.0,3.0,3.0,3.0,3.0,-0.8040228,-1.5947685,0.93124413,41.672073
955,-0.4618942947492222,0.7480761,0.43747577,-0.8714826,0.9932959,0.016882217,-0.111114554,0.0270512,0.79702216,-0.5052524,1.0921248,-0.63435113,-0.86912143,-0.38204452,3.0,3.0,3.0,3.0,3.0,3.0,3.0,3.0,3.0,3.0,3.0,3.0,3.0,3.0,3.0,3.0,3.0,3.0,3.0,3.0,3.0,3.0,3.0,3.0,3.0,3.0,3.0,3.0,3.0,3.0,3.0,3.0,3.0,3.0,3.0,3.0,-0.10485411,1.4625974,0.8530071,43.89714
960,-0.4634811734580495,0.731981,0.44807452,-0.89382124,0.99256134,0.009387552,-0.11878234,0.024993125,0.7589857,-0.5102677,1.0457691,-0.5553911,-0.73117495,-0.26083046,3.0,3.0,3.0,3.0,3.0,3.0,3.0,3.0,3.0,3.0,3.0,3.0,3.0,3.0,3.0,3.0,3.0,3.0,3.0,3.0,3.0,3.0,3.0,3.0,3.0,3.0,3.0,3.0,3.0,3.0,3.0,3.0,3.0,3.0,3.0,3.0,-0.29031706,1.2889318,0.6166258,44.282295
965,-0.4718432617300891,0.7167276,0.45874524,-0.9152478,0.99176174,0.0022629716,-0.12603806,0.022758167,0.7150169,-0.5131044,1.0127928,-0.51299345,-0.726282,-0.3669901,3.0,3.0,3.0,3.0,3.0,3.0,3.0,3.0,3.0,3.0,3.0,3.0,3.0,3.0,3.0,3.0,3.0,3.0,3.0,3.0,3.0,3.0,3.0,3.0,3.0,3.0,3.0,3.0,3.0,3.0,3.0,3.0,3.0,3.0,3.0,3.0,0.13516712,1.437644,0.59931266,44.535233
970,-0.3422800834626235,0.7024014,0.46944118,-0.93590325,0.99097073,-0.0070056566,-0.13187888,0.023148756,0.6695223,-0.5133356,0.97606856,-0.9751795,-0.5239247,0.0077698366,3.0,3.0,3.0,3.0,3.0,3.0,3.0,3.0,3.0,3.0,3.0,3.0,3.0,3.0,3.0,3.0,3.0,3.0,3.0,3.0,3.0,3.0,3.0,3.0,3.0,3.0,3.0,3.0,3.0,3.0,3.0,3.0,3.0,3.0,3.0,3.0,2.3018131,1.1010752,0.81993675,30.682236
975,-0.45756475484891795,0.6891823,0.4800959,-0.956286,0.9903768,-0.015345654,-0.13587257,0.021377929,0.60869724,-0.50959563,0.9882801,-0.693944,-0.49135542,-0.26850313,3.0,3.0,3.0,3.0,3.0,3.0,3.0,3.0,3.0,3.0,3.0,3.0,3.0,3.0,3.0,3.0,3.0,3.0,3.0,3.0,3.0,3.0,3.0,3.0,3.0,3.0,3.0,3.0,3.0,3.0,3.0,3.0,3.0,3.0,3.0,3.0,-0.69407654,1.6604385,0.6136346,41.24227
980,-0.25871838737777675,0.67699933,0.49065545,-0.97602445,0.98928326,-0.02349831,-0.14269967,0.020081189,0.5723296,-0.5051313,0.90718246,-0.6841739,-0.7286319,-0.24872044,3.0,3.0,3.0,3.0,3.0,3.0,3.0,3.0,3.0,3.0,3.0,3.0,3.0,3.0,3.0,3.0,3.0,3.0,3.0,3.0,3.0,3.0,3.0,3.0,3.0,3.0,3.0,3.0,3.0,3.0,3.0,3.0,3.0,3.0,3.0,3.0,3.1986942,-0.12880659,0.9474199,21.49157
985,-0.480410163524064,0.66578984,0.5010635,-0.9947161,0.9884117,-0.030929022,-0.14754875,0.017747276,0.51337475,-0.49532712,0.89582855,-0.6998194,-0.46360055,-0.30070904,3.0,3.0,3.0,3.0,3.0,3.0,3.0,3.0,3.0,3.0,3.0,3.0,3.0,3.0,3.0,3.0,3.0,3.0,3.0,3.0,3.0,3.0,3.0,3.0,3.0,3.0,3.0,3.0,3.0,3.0,3.0,3.0,3.0,3.0,3.0,3.0,-1.3693249,-1.1021626,0.7217257,42.98372
990,-0.5090293937784336,0.6559823,0.511205,-1.0136644,0.9874318,-0.037900522,-0.1527205,0.0147766955,0.45223433,-0.4827066,0.88576716,-0.5521292,-0.569544,-0.41046304,3.0,3.0,3.0,3.0,3.0,3.0,3.0,3.0,3.0,3.0,3.0,3.0,3.0,3.0,3.0,3.0,3.0,3.0,3.0,3.0,3.0,3.0,3.0,3.0,3.0,3.0,3.0,3.0,3.0,3.0,3.0,3.0,3.0,3.0,3.0,3.0,-2.054386,3.6124916,0.80715346,44.543953
995,-0.40039357707968914,0.6473687,0.5210669,-1.0320582,0.985996,-0.0469661,-0.1595685,0.011998343,0.40114778,-0.47003984,0.83761847,-0.8375149,-0.65746826,-0.43178263,3.0,3.0,3.0,3.0,3.0,3.0,3.0,3.0,3.0,3.0,3.0,3.0,3.0,3.0,3.0,3.0,3.0,3.0,3.0,3.0,3.0,3.0,3.0,3.0,3.0,3.0,3.0,3.0,3.0,3.0,3.0,3.0,3.0,3.0,3.0,3.0,4.3753023,-2.2985804,0.93922544,34.35115
1000,-0.45968126427263417,0.6394529,0.5307257,-1.0482298,0.98465127,-0.055738308,-0.16509889,0.009872858,0.36535746,-0.45902535,0.73632544,-0.7697255,-0.49172863,-0.2087722,3.0,3.0,3.0,3.0,3.0,3.0,3.0,3.0,3.0,3.0,3.0,3.0,3.0,3.0,3.0,3.0,3.0,3.0,3.0,3.0,3.0,3.0,3.0,3.0,3.0,3.0,3.0,3.0,3.0,3.0,3.0,3.0,3.0,3.0,3.0,3.0,2.09803,1.3316069,0.9594703,41.45356
1005,-0.48386513174841045,0.6327406,0.53998756,-1.063574,0.9836069,-0.06455164,-0.16825336,0.006431426,0.30242962,-0.43756422,0.71017957,-0.8589571,-0.24692339,-0.38847637,3.0,3.0,3.0,3.0,3.0,3.0,3.0,3.0,3.0,3.0,3.0,3.0,3.0,3.0,3.0,3.0,3.0,3.0,3.0,3.0,3.0,3.0,3.0,3.0,3.0,3.0,3.0,3.0,3.0,3.0,3.0,3.0,3.0,3.0,3.0,3.0,1.9446964,-1.8045597,0.90117145,43.9234
1010,-0.4979012043843743,0.62746894,0.54870665,-1.0786892,0.9830953,-0.07348902,-0.16755417,0.0069743297,0.22555123,-0.40745032,0.72040534,-0.7488261,0.033122208,-0.08542348,3.0,3.0,3.0,3.0,3.0,3.0,3.0,3.0,3.0,3.0,3.0,3.0,3.0,3.0,3.0,3.0,3.0,3.0,3.0,3.0,3.0,3.0,3.0,3.0,3.0,3.0,3.0,3.0,3.0,3.0,3.0,3.0,3.0,3.0,3.0,3.0,1.0163794,1.1584549,0.80883,44.778214
1015,-0.47269554651525614,0.62362975,0.5568175,-1.0935507,0.9829886,-0.08162053,-0.16444346,0.005465812,0.16552931,-0.3806975,0.6840883,-0.6800223,0.3589651,-0.32941964,3.0,3.0,3.0,3.0,3.0,3.0,3.0,3.0,3.0,3.0,3.0,3.0,3.0,3.0,3.0,3.0,3.0,3.0,3.0,3.0,3.0,3.0,3.0,3.0,3.0,3.0,3.0,3.0,3.0,3.0,3.0,3.0,3.0,3.0,3.0,3.0,-2.0348544,0.41265106,0.643067,41.897552
1020,-0.3305872169141046,0.6210789,0.5643052,-1.1078073,0.98260313,-0.091922805,-0.16131245,0.0044277622,0.106671415,-0.35113433,0.6476278,-1.0020752,0.32312617,-0.33329856,3.0,3.0,3.0,3.0,3.0,3.0,3.0,3.0,3.0,3.0,3.0,3.0,3.0,3.0,3.0,3.0,3.0,3.0,3.0,3.0,3.0,3.0,3.0,3.0,3.0,3.0,3.0,3.0,3.0,3.0,3.0,3.0,3.0,3.0,3.0,3.0,3.923396,-3.1842673,0.8974385,28.033607
1025,-0.4708836316645693,0.6196452,0.5711653,-1.1210461,0.9824006,-0.10293326,-0.15577187,0.005384512,0.043635935,-0.3140721,0.62786937,-0.9869857,0.7331808,0.06529938,3.0,3.0,3.0,3.0,3.0,3.0,3.0,3.0,3.0,3.0,3.0,3.0,3.0,3.0,3.0,3.0,3.0,3.0,3.0,3.0,3.0,3.0,3.0,3.0,3.0,3.0,3.0,3.0,3.0,3.0,3.0,3.0,3.0,3.0,3.0,3.0,3.4901104,-3.9409554,0.8397958,41.96006
1030,-0.29381583041391823,0.6193566,0.57728827,-1.1334572,0.9828234,-0.111884445,-0.14663541,0.006173591,-0.013945871,-0.2745769,0.59953564,-0.68368864,1.0656992,-0.46053314,3.0,3.0,3.0,3.0,3.0,3.0,3.0,3.0,3.0,3.0,3.0,3.0,3.0,3.0,3.0,3.0,3.0,3.0,3.0,3.0,3.0,3.0,3.0,3.0,3.0,3.0,3.0,3.0,3.0,3.0,3.0,3.0,3.0,3.0,3.0,3.0,-0.4382186,0.7079706,0.6753833,23.745407
1035,-0.5063394040234368,0.62086856,0.582074,-1.147335,0.9834588,-0.11832535,-0.13706215,0.0046679517,-0.11368415,-0.19660091,0.72076184,-0.3646368,0.7456091,-0.41649705,3.0,3.0,3.0,3.0,3.0,3.0,3.0,3.0,3.0,3.0,3.0,3.0,3.0,3.0,3.0,3.0,3.0,3.0,3.0,3.0,3.0,3.0,3.0,3.0,3.0,3.0,3.0,3.0,3.0,3.0,3.0,3.0,3.0,3.0,3.0,3.0,-1.22895,-2.3395932,0.2693498,44.343483
1040,-0.48060371196323215,0.6236647,0.5857941,-1.161282,0.98382616,-0.12329456,-0.12991802,0.0024076393,-0.15072855,-0.16368163,0.6461138,-0.39521262,0.49872586,-0.36173752,3.0,3.0,3.0,3.0,3.0,3.0,3.0,3.0,3.0,3.0,3.0,3.0,3.0,3.0,3.0,3.0,3.0,3.0,3.0,3.0,3.0,3.0,3.0,3.0,3.0,3.0,3.0,3.0,3.0,3.0,3.0,3.0,3.0,3.0,3.0,3.0,-0.38409472,1.6310167,-0.1670757,43.39402
1045,-0.4366847990233421,0.627584,0.5884578,-1.1750457,0.98403347,-0.12834215,-0.123299494,0.0019290668,-0.2078871,-0.10858394,0.652072,-0.5343042,0.77745104,-0.064431615,3.0,3.0,3.0,3.0,3.0,3.0,3.0,3.0,3.0,3.0,3.0,3.0,3.0,3.0,3.0,3.0,3.0,3.0,3.0,3.0,3.0,3.0,3.0,3.0,3.0,3.0,3.0,3.0,3.0,3.0,3.0,3.0,3.0,3.0,3.0,3.0,0.80601597,-2.0237622,0.52937484,38.38407
1050,-0.3183692123716208,0.63235784,0.590249,-1.187802,0.9842485,-0.1349358,-0.11420144,0.0022884754,-0.24312213,-0.070779525,0.58580124,-0.6877815,0.9233845,-0.21719146,3.0,3.0,3.0,3.0,3.0,3.0,3.0,3.0,3.0,3.0,3.0,3.0,3.0,3.0,3.0,3.0,3.0,3.0,3.0,3.0,3.0,3.0,3.0,3.0,3.0,3.0,3.0,3.0,3.0,3.0,3.0,3.0,3.0,3.0,3.0,3.0,-1.3573146,-2.3486507,0.70768857,26.642082
1055,-0.4789683846671641,0.63806564,0.59095716,-1.200147,0.98467195,-0.13793881,-0.106731705,-0.0015519954,-0.29413563,-0.008988366,0.5977271,0.017835934,0.44382292,-0.6382272,3.0,3.0,3.0,3.0,3.0,3.0,3.0,3.0,3.0,3.0,3.0,3.0,3.0,3.0,3.0,3.0,3.0,3.0,3.0,3.0,3.0,3.0,3.0,3.0,3.0,3.0,3.0,3.0,3.0,3.0,3.0,3.0,3.0,3.0,3.0,3.0,-4.163118,-3.1842902,-0.77068514,43.646492
1060,-0.4752187306652037,0.6446626,0.59052813,-1.2121645,0.98477936,-0.14009292,-0.10266882,-0.006536356,-0.32659486,0.03394717,0.5408012,-0.19226745,0.28892183,-0.5238899,3.0,3.0,3.0,3.0,3.0,3.0,3.0,3.0,3.0,3.0,3.0,3.0,3.0,3.0,3.0,3.0,3.0,3.0,3.0,3.0,3.0,3.0,3.0,3.0,3.0,3.0,3.0,3.0,3.0,3.0,3.0,3.0,3.0,3.0,3.0,3.0,-3.4650657,-4.2662377,0.9647794,43.766556
1065,-0.47779577772415144,0.65203065,0.5890348,-1.2235397,0.9850501,-0.13904561,-0.10074398,-0.013902812,-0.3678539,0.09181594,0.5322332,0.35567853,0.0052453633,-0.8212262,3.0,3.0,3.0,3.0,3.0,3.0,3.0,3.0,3.0,3.0,3.0,3.0,3.0,3.0,3.0,3.0,3.0,3.0,3.0,3.0,3.0,3.0,3.0,3.0,3.0,3.0,3.0,3.0,3.0,3.0,3.0,3.0,3.0,3.0,3.0,3.0,-2.786172,-0.55201435,0.04478538,44.729645
1070,-0.49947294100324346,0.6603287,0.5862122,-1.2351756,0.9854182,-0.1352882,-0.100479335,-0.023494186,-0.42641634,0.17569943,0.61472815,0.3655545,-0.00360348,-0.8119188,3.0,3.0,3.0,3.0,3.0,3.0,3.0,3.0,3.0,3.0,3.0,3.0,3.0,3.0,3.0,3.0,3.0,3.0,3.0,3.0,3.0,3.0,3.0,3.0,3.0,3.0,3.0,3.0,3.0,3.0,3.0,3.0,3.0,3.0,3.0,3.0,-3.9976046,-1.4556165,0.6099088,44.844
1075,-0.4772274177776678,0.6696985,0.5818574,-1.2478466,0.98555636,-0.13238813,-0.1006136,-0.03207635,-0.45975408,0.22336936,0.5768351,0.36584496,-0.04656068,-0.80179685,3.0,3.0,3.0,3.0,3.0,3.0,3.0,3.0,3.0,3.0,3.0,3.0,3.0,3.0,3.0,3.0,3.0,3.0,3.0,3.0,3.0,3.0,3.0,3.0,3.0,3.0,3.0,3.0,3.0,3.0,3.0,3.0,3.0,3.0,3.0,3.0,-3.4885883,-3.3240244,0.36971724,43.855988
1080,-0.509953740720295,0.6798108,0.57644385,-1.2600131,0.9860341,-0.12661254,-0.10012169,-0.04100784,-0.510262,0.29509515,0.62866396,0.81260276,-0.21589217,-0.8470438,3.0,3.0,3.0,3.0,3.0,3.0,3.0,3.0,3.0,3.0,3.0,3.0,3.0,3.0,3.0,3.0,3.0,3.0,3.0,3.0,3.0,3.0,3.0,3.0,3.0,3.0,3.0,3.0,3.0,3.0,3.0,3.0,3.0,3.0,3.0,3.0,-2.9259064,2.4501562,0.8510611,44.599403
1085,-0.5485192922781954,0.6914678,0.5688765,-1.2758011,0.9863513,-0.118651,-0.10198683,-0.051299877,-0.59110117,0.40616482,0.8377252,0.9316889,-0.48002082,-0.93066055,3.0,3.0,3.0,3.0,3.0,3.0,3.0,3.0,3.0,3.0,3.0,3.0,3.0,3.0,3.0,3.0,3.0,3.0,3.0,3.0,3.0,3.0,3.0,3.0,3.0,3.0,3.0,3.0,3.0,3.0,3.0,3.0,3.0,3.0,3.0,3.0,-1.5619669,2.0348697,0.7380394,44.881416
1090,-0.5292725758474933,0.70430446,0.5597312,-1.2933726,0.9862145,-0.11296151,-0.105318256,-0.05940271,-0.6264182,0.452143,0.8143757,0.52358115,-0.34339902,-0.62829155,3.0,3.0,3.0,3.0,3.0,3.0,3.0,3.0,3.0,3.0,3.0,3.0,3.0,3.0,3.0,3.0,3.0,3.0,3.0,3.0,3.0,3.0,3.0,3.0,3.0,3.0,3.0,3.0,3.0,3.0,3.0,3.0,3.0,3.0,3.0,3.0,-0.9843788,2.3359919,0.4515729,44.659004
1095,-0.4167084170517661,0.7177521,0.54982466,-1.3097817,0.98632956,-0.10808633,-0.107073925,-0.06329739,-0.6582519,0.4908245,0.76952887,0.6564175,-0.020168453,-0.07797955,3.0,3.0,3.0,3.0,3.0,3.0,3.0,3.0,3.0,3.0,3.0,3.0,3.0,3.0,3.0,3.0,3.0,3.0,3.0,3.0,3.0,3.0,3.0,3.0,3.0,3.0,3.0,3.0,3.0,3.0,3.0,3.0,3.0,3.0,3.0,3.0,-3.2271683,1.0745316,0.6768379,33.83454
1100,-0.35077048737671257,0.73201895,0.5389584,-1.3259842,0.9869448,-0.10319279,-0.10656,-0.06273912,-0.69822294,0.5368355,0.7624498,0.42678317,0.13507438,-0.029116662,3.0,3.0,3.0,3.0,3.0,3.0,3.0,3.0,3.0,3.0,3.0,3.0,3.0,3.0,3.0,3.0,3.0,3.0,3.0,3.0,3.0,3.0,3.0,3.0,3.0,3.0,3.0,3.0,3.0,3.0,3.0,3.0,3.0,3.0,3.0,3.0,-1.7785473,0.54540443,-0.26627386,28.537865
1105,-0.4585800095924908,0.7468824,0.52742124,-1.3409162,0.9874656,-0.09823978,-0.105405316,-0.06442257,-0.723939,0.56540203,0.68820494,0.6110559,-0.03937214,-0.20747308,3.0,3.0,3.0,3.0,3.0,3.0,3.0,3.0,3.0,3.0,3.0,3.0,3.0,3.0,3.0,3.0,3.0,3.0,3.0,3.0,3.0,3.0,3.0,3.0,3.0,3.0,3.0,3.0,3.0,3.0,3.0,3.0,3.0,3.0,3.0,3.0,-0.78622866,-0.5263252,0.8951781,39.15236
1110,-0.2081436182707318,0.7625866,0.5149782,-1.3558215,0.9880624,-0.0928673,-0.10505407,-0.06381248,-0.7697284,0.61396736,0.7143959,0.33592898,-0.090184465,0.18347532,3.0,3.0,3.0,3.0,3.0,3.0,3.0,3.0,3.0,3.0,3.0,3.0,3.0,3.0,3.0,3.0,3.0,3.0,3.0,3.0,3.0,3.0,3.0,3.0,3.0,3.0,3.0,3.0,3.0,3.0,3.0,3.0,3.0,3.0,3.0,3.0,3.0075703,0.29762745,0.87722385,13.902199
1115,-0.16614515935174576,0.779001,0.50180495,-1.3700836,0.9889223,-0.08697449,-0.103734344,-0.060887773,-0.8046976,0.6488883,0.68774235,0.76947993,0.3197372,0.3939657,3.0,3.0,3.0,3.0,3.0,3.0,3.0,3.0,3.0,3.0,3.0,3.0,3.0,3.0,3.0,3.0,3.0,3.0,3.0,3.0,3.0,3.0,3.0,3.0,3.0,3.0,3.0,3.0,3.0,3.0,3.0,3.0,3.0,3.0,3.0,3.0,-2.5304928,2.609147,0.88107896,7.3377457
1120,-0.24960415929042273,0.79656655,0.48752373,-1.3859011,0.9898748,-0.082681365,-0.100693025,-0.05632577,-0.86097836,0.70216477,0.7690296,0.29095715,0.37115818,0.39729592,3.0,3.0,3.0,3.0,3.0,3.0,3.0,3.0,3.0,3.0,3.0,3.0,3.0,3.0,3.0,3.0,3.0,3.0,3.0,3.0,3.0,3.0,3.0,3.0,3.0,3.0,3.0,3.0,3.0,3.0,3.0,3.0,3.0,3.0,3.0,3.0,0.5464835,-0.7124958,0.18987441,-16.51214
1125,-0.2468334901727725,0.814777,0.47264203,-1.400856,0.99061114,-0.07956644,-0.09822066,-0.052071158,-0.8854302,0.7247397,0.69738793,0.17133602,0.19523282,0.552074,3.0,3.0,3.0,3.0,3.0,3.0,3.0,3.0,3.0,3.0,3.0,3.0,3.0,3.0,3.0,3.0,3.0,3.0,3.0,3.0,3.0,3.0,3.0,3.0,3.0,3.0,3.0,3.0,3.0,3.0,3.0,3.0,3.0,3.0,3.0,3.0,0.63055897,-1.2277541,0.8210832,16.5485
1130,-0.416337215545069,0.8337163,0.4570974,-1.4154915,0.99141264,-0.07767095,-0.09619689,-0.04259546,-0.91812706,0.75428057,0.67123896,0.091331355,0.2981109,1.0489587,3.0,3.0,3.0,3.0,3.0,3.0,3.0,3.0,3.0,3.0,3.0,3.0,3.0,3.0,3.0,3.0,3.0,3.0,3.0,3.0,3.0,3.0,3.0,3.0,3.0,3.0,3.0,3.0,3.0,3.0,3.0,3.0,3.0,3.0,3.0,3.0,3.9659176,-0.7153568,0.8023212,32.67076
1135,-0.3450445680537943,0.85332614,0.44095975,-1.4295812,0.9924531,-0.07265971,-0.09357991,-0.03162578,-0.96577793,0.79589283,0.7286675,0.49792802,0.26088822,0.75429446,3.0,3.0,3.0,3.0,3.0,3.0,3.0,3.0,3.0,3.0,3.0,3.0,3.0,3.0,3.0,3.0,3.0,3.0,3.0,3.0,3.0,3.0,3.0,3.0,3.0,3.0,3.0,3.0,3.0,3.0,3.0,3.0,3.0,3.0,3.0,3.0,2.6229343,-0.64117,0.9364215,24.024956
1140,-0.13355515604854049,0.873888,0.42401516,-1.4447057,0.9934825,-0.06696649,-0.08919722,-0.023493169,-1.0049973,0.827837,0.7465971,0.267157,0.41630763,0.852948,3.0,3.0,3.0,3.0,3.0,3.0,3.0,3.0,3.0,3.0,3.0,3.0,3.0,3.0,3.0,3.0,3.0,3.0,3.0,3.0,3.0,3.0,3.0,3.0,3.0,3.0,3.0,3.0,3.0,3.0,3.0,3.0,3.0,3.0,3.0,3.0,0.39135742,0.02227068,0.39667726,2.4701843
1145,-0.2051229462293199,0.8951965,0.40647826,-1.459928,0.99421555,-0.063823834,-0.08507103,-0.014994357,-1.0393578,0.8546261,0.7475915,0.09205777,0.5248415,0.6717667,3.0,3.0,3.0,3.0,3.0,3.0,3.0,3.0,3.0,3.0,3.0,3.0,3.0,3.0,3.0,3.0,3.0,3.0,3.0,3.0,3.0,3.0,3.0,3.0,3.0,3.0,3.0,3.0,3.0,3.0,3.0,3.0,3.0,3.0,3.0,3.0,-2.1810346,2.0375152,0.715117,-7.8723373
1150,-0.267390573994855,0.9171995,0.38840416,-1.4751295,0.9946568,-0.06363887,-0.081048004,-0.006259849,-1.0627806,0.8727192,0.69205225,0.046398964,0.5221157,0.7824559,3.0,3.0,3.0,3.0,3.0,3.0,3.0,3.0,3.0,3.0,3.0,3.0,3.0,3.0,3.0,3.0,3.0,3.0,3.0,3.0,3.0,3.0,3.0,3.0,3.0,3.0,3.0,3.0,3.0,3.0,3.0,3.0,3.0,3.0,3.0,3.0,-3.0971737,3.0693817,0.7769519,-13.907101
1155,-0.22255002930133225,0.93987834,0.36979532,-1.4904251,0.9951101,-0.063555576,-0.07544139,0.0050204475,-1.0996609,0.9021133,0.72624665,-0.08269339,0.768444,0.98122704,3.0,3.0,3.0,3.0,3.0,3.0,3.0,3.0,3.0,3.0,3.0,3.0,3.0,3.0,3.0,3.0,3.0,3.0,3.0,3.0,3.0,3.0,3.0,3.0,3.0,3.0,3.0,3.0,3.0,3.0,3.0,3.0,3.0,3.0,3.0,3.0,1.951971,-1.2305646,0.7795898,8.848461
1160,-0.19170025502508492,0.963,0.35082316,-1.5045695,0.99560326,-0.06293,-0.06712667,0.017549593,-1.1183829,0.9181102,0.6618589,-0.16940008,0.7712927,1.2866503,3.0,3.0,3.0,3.0,3.0,3.0,3.0,3.0,3.0,3.0,3.0,3.0,3.0,3.0,3.0,3.0,3.0,3.0,3.0,3.0,3.0,3.0,3.0,3.0,3.0,3.0,3.0,3.0,3.0,3.0,3.0,3.0,3.0,3.0,3.0,3.0,4.6436844,1.6808605,0.673892,3.7321434
1165,-0.3319587697700313,0.98647755,0.33153102,-1.5173022,0.9957292,-0.06533905,-0.058363017,0.029119572,-1.1311566,0.9301794,0.5682812,-0.35936397,0.9351569,0.97505444,3.0,3.0,3.0,3.0,3.0,3.0,3.0,3.0,3.0,3.0,3.0,3.0,3.0,3.0,3.0,3.0,3.0,3.0,3.0,3.0,3.0,3.0,3.0,3.0,3.0,3.0,3.0,3.0,3.0,3.0,3.0,3.0,3.0,3.0,3.0,3.0,-1.935525,2.3115258,0.47179866,-20.965824
1170,-0.4112549074317436,1.0103154,0.31185654,-1.5290606,0.99547243,-0.070038736,-0.049134526,0.041412227,-1.1511391,0.95255345,0.55062884,-0.70300317,0.92106533,0.8608631,3.0,3.0,3.0,3.0,3.0,3.0,3.0,3.0,3.0,3.0,3.0,3.0,3.0,3.0,3.0,3.0,3.0,3.0,3.0,3.0,3.0,3.0,3.0,3.0,3.0,3.0,3.0,3.0,3.0,3.0,3.0,3.0,3.0,3.0,3.0,3.0,1.5720663,-1.1071558,0.71764755,28.835075
1175,-0.28753415550622763,1.0346296,0.2915566,-1.5414537,0.99478024,-0.07819649,-0.038616966,0.052974984,-1.1748191,0.98601884,0.60093,-1.063664,1.1120842,0.8353461,3.0,3.0,3.0,3.0,3.0,3.0,3.0,3.0,3.0,3.0,3.0,3.0,3.0,3.0,3.0,3.0,3.0,3.0,3.0,3.0,3.0,3.0,3.0,3.0,3.0,3.0,3.0,3.0,3.0,3.0,3.0,3.0,3.0,3.0,3.0,3.0,4.3030224,-2.1294236,0.6631383,-14.10387
1180,-0.2586137097858626,1.0592096,0.27079308,-1.5530131,0.9937808,-0.08862525,-0.025136659,0.06255741,-1.182515,1.0036372,0.5211196,-1.2215531,1.3663864,0.627442,3.0,3.0,3.0,3.0,3.0,3.0,3.0,3.0,3.0,3.0,3.0,3.0,3.0,3.0,3.0,3.0,3.0,3.0,3.0,3.0,3.0,3.0,3.0,3.0,3.0,3.0,3.0,3.0,3.0,3.0,3.0,3.0,3.0,3.0,3.0,3.0,3.5333738,2.6008315,0.39157808,11.515076
1185,-0.40589155509562364,1.0839834,0.24940218,-1.5641599,0.9924905,-0.10200929,-0.008866751,0.06691942,-1.1931065,1.0452121,0.5551397,-1.2334732,1.6060115,0.25596607,3.0,3.0,3.0,3.0,3.0,3.0,3.0,3.0,3.0,3.0,3.0,3.0,3.0,3.0,3.0,3.0,3.0,3.0,3.0,3.0,3.0,3.0,3.0,3.0,3.0,3.0,3.0,3.0,3.0,3.0,3.0,3.0,3.0,3.0,3.0,3.0,0.22042036,3.0562706,0.34260345,-25.574858
1190,-0.32387098221123234,1.1088833,0.2271713,-1.5755205,0.9908424,-0.11630476,0.0077535585,0.068149865,-1.1950307,1.0752612,0.50552094,-1.5141625,1.454495,-0.07540179,3.0,3.0,3.0,3.0,3.0,3.0,3.0,3.0,3.0,3.0,3.0,3.0,3.0,3.0,3.0,3.0,3.0,3.0,3.0,3.0,3.0,3.0,3.0,3.0,3.0,3.0,3.0,3.0,3.0,3.0,3.0,3.0,3.0,3.0,3.0,3.0,2.4188805,-3.366618,0.8818501,-17.381487
1195,-0.4520313307578843,1.1337477,0.20424752,-1.5858155,0.98900926,-0.1279773,0.024863677,0.069744155,-1.1919171,1.1109478,0.45879686,-1.1591018,1.6215214,0.00918465,3.0,3.0,3.0,3.0,3.0,3.0,3.0,3.0,3.0,3.0,3.0,3.0,3.0,3.0,3.0,3.0,3.0,3.0,3.0,3.0,3.0,3.0,3.0,3.0,3.0,3.0,3.0,3.0,3.0,3.0,3.0,3.0,3.0,3.0,3.0,3.0,1.2636843,3.4106827,0.10698688,-31.310436
1200,-0.14130115856104614,1.1584909,0.1806905,-1.5944763,0.9868538,-0.13925192,0.04258191,0.07010887,-1.184202,1.1434832,0.38304543,-1.0976162,1.4950391,-0.22458555,3.0,3.0,3.0,3.0,3.0,3.0,3.0,3.0,3.0,3.0,3.0,3.0,3.0,3.0,3.0,3.0,3.0,3.0,3.0,3.0,3.0,3.0,3.0,3.0,3.0,3.0,3.0,3.0,3.0,3.0,3.0,3.0,3.0,3.0,3.0,3.0,-0.24119234,1.8373232,-0.06540167,-0.9127922
1205,-0.1886417475305981,1.1830487,0.15655923,-1.6010518,0.9847843,-0.14877431,0.058365468,0.06826048,-1.1749815,1.1676266,0.26791018,-1.0290831,1.3972745,-0.34930962,3.0,3.0,3.0,3.0,3.0,3.0,3.0,3.0,3.0,3.0,3.0,3.0,3.0,3.0,3.0,3.0,3.0,3.0,3.0,3.0,3.0,3.0,3.0,3.0,3.0,3.0,3.0,3.0,3.0,3.0,3.0,3.0,3.0,3.0,3.0,3.0,-2.7704635,-2.742669,-0.27162832,-7.71402
1210,-0.35252554878651643,1.2073898,0.13193797,-1.6051049,0.98242474,-0.15808535,0.07394017,0.06620819,-1.1636286,1.1915038,0.14556755,-1.0265757,1.3941426,-0.3485487,3.0,3.0,3.0,3.0,3.0,3.0,3.0,3.0,3.0,3.0,3.0,3.0,3.0,3.0,3.0,3.0,3.0,3.0,3.0,3.0,3.0,3.0,3.0,3.0,3.0,3.0,3.0,3.0,3.0,3.0,3.0,3.0,3.0,3.0,3.0,3.0,-3.2560575,-1.683562,-0.25247812,-26.531944
1215,-0.3064097488530374,1.2314626,0.10679883,-1.6066018,0.97973883,-0.16732006,0.08945491,0.06413802,-1.149728,1.2170082,0.02262183,-1.0240788,1.3910202,-0.34779632,3.0,3.0,3.0,3.0,3.0,3.0,3.0,3.0,3.0,3.0,3.0,3.0,3.0,3.0,3.0,3.0,3.0,3.0,3.0,3.0,3.0,3.0,3.0,3.0,3.0,3.0,3.0,3.0,3.0,3.0,3.0,3.0,3.0,3.0,3.0,3.0,-3.1328602,-3.3541248,-0.6338483,-23.47573
1220,-0.4605231184493223,1.2552141,0.08110861,-1.6055287,0.97672975,-0.1764758,0.104904756,0.06205076,-1.1332974,1.2440847,-0.10103367,-1.0215927,1.3879071,-0.34705225,3.0,3.0,3.0,3.0,3.0,3.0,3.0,3.0,3.0,3.0,3.0,3.0,3.0,3.0,3.0,3.0,3.0,3.0,3.0,3.0,3.0,3.0,3.0,3.0,3.0,3.0,3.0,3.0,3.0,3.0,3.0,3.0,3.0,3.0,3.0,3.0,-4.550566,-3.3356724,-0.7651607,-40.700653
1225,-0.45985911644102356,1.2785919,0.054835267,-1.6018695,0.9734008,-0.18554997,0.12028487,0.059947222,-1.1143584,1.2726756,-0.22550057,-1.0191174,1.3848033,-0.34631637,3.0,3.0,3.0,3.0,3.0,3.0,3.0,3.0,3.0,3.0,3.0,3.0,3.0,3.0,3.0,3.0,3.0,3.0,3.0,3.0,3.0,3.0,3.0,3.0,3.0,3.0,3.0,3.0,3.0,3.0,3.0,3.0,3.0,3.0,3.0,3.0,-4.828573,0.739583,-0.82974696,-42.498013
1230,-0.39876758600281303,1.301544,0.027948,-1.595606,0.9697553,-0.19454005,0.1355905,0.057828203,-1.0929358,1.3027208,-0.35087523,-1.0166531,1.3817086,-0.3455885,3.0,3.0,3.0,3.0,3.0,3.0,3.0,3.0,3.0,3.0,3.0,3.0,3.0,3.0,3.0,3.0,3.0,3.0,3.0,3.0,3.0,3.0,3.0,3.0,3.0,3.0,3.0,3.0,3.0,3.0,3.0,3.0,3.0,3.0,3.0,3.0,-4.8792872,-1.0524707,-0.95110184,-38.088486
1235,-0.38633821313422095,1.3240191,0.00041728618,-1.5867181,0.9657966,-0.2034436,0.15081693,0.055694494,-1.0690583,1.3341578,-0.4772486,-1.0141996,1.3786229,-0.34486845,3.0,3.0,3.0,3.0,3.0,3.0,3.0,3.0,3.0,3.0,3.0,3.0,3.0,3.0,3.0,3.0,3.0,3.0,3.0,3.0,3.0,3.0,3.0,3.0,3.0,3.0,3.0,3.0,3.0,3.0,3.0,3.0,3.0,3.0,3.0,3.0,-4.9791775,2.454999,-0.47891176,-38.520416
1240,-0.2577706357015,1.3459663,-0.027785063,-1.5751841,0.96152824,-0.21225819,0.1659596,0.053546887,-1.0427586,1.366922,-0.6047061,-1.0117574,1.375546,-0.34415603,3.0,3.0,3.0,3.0,3.0,3.0,3.0,3.0,3.0,3.0,3.0,3.0,3.0,3.0,3.0,3.0,3.0,3.0,3.0,3.0,3.0,3.0,3.0,3.0,3.0,3.0,3.0,3.0,3.0,3.0,3.0,3.0,3.0,3.0,3.0,3.0,-4.956868,-1.3379922,-0.8356868,-27.295446
1245,-0.26298704176875604,1.3673359,-0.056685872,-1.5609803,0.9569538,-0.22098148,0.18101397,0.051386166,-1.0140731,1.4009467,-0.7333278,-1.0093263,1.3724779,-0.3434511,3.0,3.0,3.0,3.0,3.0,3.0,3.0,3.0,3.0,3.0,3.0,3.0,3.0,3.0,3.0,3.0,3.0,3.0,3.0,3.0,3.0,3.0,3.0,3.0,3.0,3.0,3.0,3.0,3.0,3.0,3.0,3.0,3.0,3.0,3.0,3.0,-4.846201,-1.4941237,-0.8344845,-29.56474
1250,-0.3536191981354102,1.3880785,-0.08631054,-1.5440814,0.95207685,-0.22961117,0.1959756,0.049213115,-0.9830424,1.4361635,-0.86318797,-1.0069066,1.3694183,-0.34275344,3.0,3.0,3.0,3.0,3.0,3.0,3.0,3.0,3.0,3.0,3.0,3.0,3.0,3.0,3.0,3.0,3.0,3.0,3.0,3.0,3.0,3.0,3.0,3.0,3.0,3.0,3.0,3.0,3.0,3.0,3.0,3.0,3.0,3.0,3.0,3.0,-4.9260974,-0.8798084,-0.7042556,-40.427376
1255,-0.33589908121989365,1.4081457,-0.116683036,-1.524461,0.9469011,-0.23814505,0.21084015,0.04702851,-0.949711,1.4725021,-0.99435556,-1.0044982,1.3663672,-0.3420629,3.0,3.0,3.0,3.0,3.0,3.0,3.0,3.0,3.0,3.0,3.0,3.0,3.0,3.0,3.0,3.0,3.0,3.0,3.0,3.0,3.0,3.0,3.0,3.0,3.0,3.0,3.0,3.0,3.0,3.0,3.0,3.0,3.0,3.0,3.0,3.0,-4.9583416,-2.6789865,-0.783607,-40.203
1260,-0.3218045006088799,1.4274902,-0.14782584,-1.5020909,0.9414303,-0.24658094,0.22560334,0.044833127,-0.91412735,1.5098907,-1.1268939,-1.0021014,1.3633245,-0.34137923,3.0,3.0,3.0,3.0,3.0,3.0,3.0,3.0,3.0,3.0,3.0,3.0,3.0,3.0,3.0,3.0,3.0,3.0,3.0,3.0,3.0,3.0,3.0,3.0,3.0,3.0,3.0,3.0,3.0,3.0,3.0,3.0,3.0,3.0,3.0,3.0,-4.957331,-1.1731555,-0.83190274,-40.45421
1265,-0.2762199992326687,1.4460658,-0.17975989,-1.4769418,0.93566823,-0.25491673,0.24026099,0.042627737,-0.8763438,1.5482559,-1.260861,-0.999716,1.36029,-0.34070227,3.0,3.0,3.0,3.0,3.0,3.0,3.0,3.0,3.0,3.0,3.0,3.0,3.0,3.0,3.0,3.0,3.0,3.0,3.0,3.0,3.0,3.0,3.0,3.0,3.0,3.0,3.0,3.0,3.0,3.0,3.0,3.0,3.0,3.0,3.0,3.0,-4.993099,0.6885123,-0.9052441,-37.407196
1270,-0.2647565389174544,1.4638166,-0.21251698,-1.4490014,0.9296116,-0.26329342,0.2546518,0.040635187,-0.833818,1.5904875,-1.3919607,-1.0322107,1.3129759,-0.20363966,3.0,3.0,3.0,3.0,3.0,3.0,3.0,3.0,3.0,3.0,3.0,3.0,3.0,3.0,3.0,3.0,3.0,3.0,3.0,3.0,3.0,3.0,3.0,3.0,3.0,3.0,3.0,3.0,3.0,3.0,3.0,3.0,3.0,3.0,3.0,3.0,-4.9858613,3.4381046,-0.9446115,-37.619637
1275,-0.2278176049677085,1.4806668,-0.24615245,-1.4182924,0.9232497,-0.27214518,0.26829997,0.039523866,-0.791889,1.6306386,-1.5289497,-1.0305599,1.3096405,-0.20247944,3.0,3.0,3.0,3.0,3.0,3.0,3.0,3.0,3.0,3.0,3.0,3.0,3.0,3.0,3.0,3.0,3.0,3.0,3.0,3.0,3.0,3.0,3.0,3.0,3.0,3.0,3.0,3.0,3.0,3.0,3.0,3.0,3.0,3.0,3.0,3.0,-4.941005,0.30875254,-0.9760876,-35.45017
1280,-0.3026710427214246,1.4966204,-0.2806359,-1.3847101,0.91661906,-0.28090245,0.2818302,0.038406968,-0.74812466,1.6717014,-1.6675036,-1.0288949,1.3063362,-0.20129953,3.0,3.0,3.0,3.0,3.0,3.0,3.0,3.0,3.0,3.0,3.0,3.0,3.0,3.0,3.0,3.0,3.0,3.0,3.0,3.0,3.0,3.0,3.0,3.0,3.0,3.0,3.0,3.0,3.0,3.0,3.0,3.0,3.0,3.0,3.0,3.0,-4.9461145,-0.021609306,-0.92895645,-44.29679
1285,-0.27889731232921405,1.5116401,-0.31598547,-1.3482212,0.9097235,-0.28956306,0.29523912,0.03728506,-0.70259213,1.713604,-1.8076564,-1.027215,1.3030629,-0.20010114,3.0,3.0,3.0,3.0,3.0,3.0,3.0,3.0,3.0,3.0,3.0,3.0,3.0,3.0,3.0,3.0,3.0,3.0,3.0,3.0,3.0,3.0,3.0,3.0,3.0,3.0,3.0,3.0,3.0,3.0,3.0,3.0,3.0,3.0,3.0,3.0,-4.9829783,0.037034035,-0.96090937,-43.08259
1290,-0.28525055860957704,1.5256898,-0.35221767,-1.3087921,0.9025671,-0.29812497,0.3085235,0.036158685,-0.65536153,1.7562728,-1.9494371,-1.0255198,1.2998208,-0.19888546,3.0,3.0,3.0,3.0,3.0,3.0,3.0,3.0,3.0,3.0,3.0,3.0,3.0,3.0,3.0,3.0,3.0,3.0,3.0,3.0,3.0,3.0,3.0,3.0,3.0,3.0,3.0,3.0,3.0,3.0,3.0,3.0,3.0,3.0,3.0,3.0,-4.9954696,-1.4196749,-0.9808306,-44.750065
1295,-0.24579468427969342,1.5387352,-0.3893476,-1.2663887,0.8951536,-0.30658606,0.32168007,0.035028398,-0.6065058,1.7996339,-2.0928698,-1.0238088,1.29661,-0.19765367,3.0,3.0,3.0,3.0,3.0,3.0,3.0,3.0,3.0,3.0,3.0,3.0,3.0,3.0,3.0,3.0,3.0,3.0,3.0,3.0,3.0,3.0,3.0,3.0,3.0,3.0,3.0,3.0,3.0,3.0,3.0,3.0,3.0,3.0,3.0,3.0,-4.99004,-3.1937857,-0.98038733,-41.57876
1300,-0.242847422165897,1.5507431,-0.42738876,-1.2209762,0.88748705,-0.3149444,0.3347057,0.033894736,-0.5561006,1.8436118,-2.2379727,-1.0220816,1.2934306,-0.196407,3.0,3.0,3.0,3.0,3.0,3.0,3.0,3.0,3.0,3.0,3.0,3.0,3.0,3.0,3.0,3.0,3.0,3.0,3.0,3.0,3.0,3.0,3.0,3.0,3.0,3.0,3.0,3.0,3.0,3.0,3.0,3.0,3.0,3.0,3.0,3.0,-4.997946,-0.86744833,-0.9932097,-42.12173
1305,-0.2354666767446683,1.5616318,-0.4664045,-1.1725711,0.8799475,-0.32297757,0.34691617,0.03204874,-0.50118923,1.8912121,-2.3816783,-1.0083454,1.176819,-0.2555307,3.0,3.0,3.0,3.0,3.0,3.0,3.0,3.0,3.0,3.0,3.0,3.0,3.0,3.0,3.0,3.0,3.0,3.0,3.0,3.0,3.0,3.0,3.0,3.0,3.0,3.0,3.0,3.0,3.0,3.0,3.0,3.0,3.0,3.0,3.0,3.0,-4.9935036,1.6411343,-0.98125887,-42.055862
1310,-0.2371201670769756,1.5713842,-0.50639135,-1.1211241,0.87243223,-0.33074784,0.35858127,0.029788638,-0.44170728,1.9423438,-2.5244453,-0.9758374,1.005512,-0.3302463,3.0,3.0,3.0,3.0,3.0,3.0,3.0,3.0,3.0,3.0,3.0,3.0,3.0,3.0,3.0,3.0,3.0,3.0,3.0,3.0,3.0,3.0,3.0,3.0,3.0,3.0,3.0,3.0,3.0,3.0,3.0,3.0,3.0,3.0,3.0,3.0,-4.997353,3.5416327,-0.9892154,-42.67369
1315,-0.240342429511346,1.579789,-0.5475383,-1.0667629,0.86608493,-0.33754006,0.36785126,0.025476534,-0.3761531,1.9984382,-2.664826,-0.91769147,0.6726586,-0.47396785,3.0,3.0,3.0,3.0,3.0,3.0,3.0,3.0,3.0,3.0,3.0,3.0,3.0,3.0,3.0,3.0,3.0,3.0,3.0,3.0,3.0,3.0,3.0,3.0,3.0,3.0,3.0,3.0,3.0,3.0,3.0,3.0,3.0,3.0,3.0,3.0,-4.9888043,4.4601784,-0.9977576,-43.410564
1320,-0.14265638470531955,1.586765,-0.5899017,-1.0094999,0.86116415,-0.34327188,0.37444058,0.018840836,-0.31263128,2.0514462,-2.8090324,-0.8844621,0.49246097,-0.5524613,3.0,3.0,3.0,3.0,3.0,3.0,3.0,3.0,3.0,3.0,3.0,3.0,3.0,3.0,3.0,3.0,3.0,3.0,3.0,3.0,3.0,3.0,3.0,3.0,3.0,3.0,3.0,3.0,3.0,3.0,3.0,3.0,3.0,3.0,3.0,3.0,-4.950166,-0.4777193,-0.9902077,-33.70722
1325,-0.25593254792224374,1.5925459,-0.6332298,-0.9491083,0.8563177,-0.34886798,0.38062158,0.011760534,-0.2516847,2.1007154,-2.957053,-0.9057927,0.33161992,-0.633703,3.0,3.0,3.0,3.0,3.0,3.0,3.0,3.0,3.0,3.0,3.0,3.0,3.0,3.0,3.0,3.0,3.0,3.0,3.0,3.0,3.0,3.0,3.0,3.0,3.0,3.0,3.0,3.0,3.0,3.0,3.0,3.0,3.0,3.0,3.0,3.0,-4.9803286,4.165122,-0.98680174,-44.397102
1330,-0.2637111968461139,1.5970126,-0.6776122,-0.88565093,0.8521711,-0.3541768,0.38516852,0.0028945992,-0.19153795,2.1480784,-3.1067958,-0.9019493,0.22210628,-0.6844168,3.0,3.0,3.0,3.0,3.0,3.0,3.0,3.0,3.0,3.0,3.0,3.0,3.0,3.0,3.0,3.0,3.0,3.0,3.0,3.0,3.0,3.0,3.0,3.0,3.0,3.0,3.0,3.0,3.0,3.0,3.0,3.0,3.0,3.0,3.0,3.0,-4.862719,4.360305,-0.9560553,-44.295013
1335,-0.26568330368668125,1.600127,-0.7230579,-0.81913143,0.84871763,-0.35894662,0.38831022,-0.007133066,-0.12635644,2.1988907,-3.2538514,-0.87675977,0.041972928,-0.75159645,3.0,3.0,3.0,3.0,3.0,3.0,3.0,3.0,3.0,3.0,3.0,3.0,3.0,3.0,3.0,3.0,3.0,3.0,3.0,3.0,3.0,3.0,3.0,3.0,3.0,3.0,3.0,3.0,3.0,3.0,3.0,3.0,3.0,3.0,3.0,3.0,-4.932906,4.425538,-0.9707335,-43.2098
1340,-0.2975578123110789,1.6019061,-0.76952374,-0.7495236,0.8459167,-0.36321437,0.39008567,-0.018260237,-0.062033724,2.247571,-3.4020572,-0.8552327,-0.13213767,-0.8120142,3.0,3.0,3.0,3.0,3.0,3.0,3.0,3.0,3.0,3.0,3.0,3.0,3.0,3.0,3.0,3.0,3.0,3.0,3.0,3.0,3.0,3.0,3.0,3.0,3.0,3.0,3.0,3.0,3.0,3.0,3.0,3.0,3.0,3.0,3.0,3.0,-4.701496,3.3057213,-0.93552244,-44.794796
1345,-0.3191171790157381,1.6023833,-0.8169513,-0.676799,0.8436434,-0.36699122,0.3907346,-0.030160308,0.0024505993,2.2950058,-3.550384,-0.81269,-0.33641934,-0.86751133,3.0,3.0,3.0,3.0,2.9700713,2.9677804,3.0,3.0,3.0,3.0,3.0,3.0,3.0,3.0,3.0,3.0,3.0,3.0,3.0,3.0,3.0,3.0,3.0,3.0,3.0,3.0,3.0,3.0,3.0,3.0,3.0,3.0,3.0,3.0,3.0,3.0,-3.9696517,4.0650463,-0.9437103,-44.86909
1350,-0.29091476764157714,1.6011014,-0.865713,-0.6012466,0.84286046,-0.36924586,0.38911304,-0.04283428,0.112542875,2.3806508,-3.6700659,-0.5732657,-0.6940761,-0.88731503,3.0,3.0,3.0,2.9949214,2.8910084,2.878596,2.9557137,3.0,3.0,3.0,3.0,3.0,3.0,3.0,3.0,3.0,3.0,3.0,3.0,3.0,3.0,3.0,3.0,3.0,3.0,3.0,3.0,3.0,3.0,3.0,3.0,3.0,3.0,3.0,3.0,3.0,1.8561893,4.524309,-0.9071302,-39.952927
1355,-0.3615632047348032,1.5963546,-0.9172408,-0.52393216,0.8449597,-0.3678981,0.3843266,-0.05465484,0.26825893,2.5035837,-3.7607338,-0.15935604,-1.066976,-0.8276783,3.0,3.0,3.0,2.9364972,2.825208,2.804137,2.869934,3.0,3.0,3.0,3.0,3.0,3.0,3.0,3.0,3.0,3.0,3.0,3.0,3.0,3.0,3.0,3.0,3.0,3.0,3.0,3.0,3.0,3.0,3.0,3.0,3.0,3.0,3.0,3.0,3.0,-3.3273983,2.674924,-0.63765764,-44.243313
1360,-0.2983266470886456,1.5886341,-0.97105426,-0.444613,0.85110587,-0.36195135,0.37447286,-0.06618231,0.46712074,2.6593127,-3.81938,0.41190764,-1.6457734,-0.7358419,3.0,3.0,3.0,2.8985767,2.7795663,2.7502112,2.8058324,2.955402,3.0,3.0,3.0,3.0,3.0,3.0,3.0,3.0,3.0,3.0,3.0,3.0,3.0,3.0,3.0,3.0,3.0,3.0,3.0,3.0,3.0,3.0,3.0,3.0,3.0,3.0,3.0,3.0,-0.12164974,1.353632,-0.8973041,-34.54399
1365,-0.2549194284639488,1.5751964,-1.0293821,-0.36522996,0.8597246,-0.3521841,0.36216503,-0.07534249,0.7623583,2.891833,-3.8030245,0.89194334,-1.7451222,-0.5280268,3.0,3.0,3.0,2.8725028,2.748004,2.7128532,2.7614357,2.9015598,3.0,3.0,3.0,3.0,3.0,3.0,3.0,3.0,3.0,3.0,3.0,3.0,3.0,3.0,3.0,3.0,3.0,3.0,3.0,3.0,3.0,3.0,3.0,3.0,3.0,3.0,3.0,3.0,-3.2378721,0.41123962,-0.95197433,-26.702911
1370,-0.12406980124836814,1.5569271,-1.0914328,-0.28546622,0.87031966,-0.33914796,0.34739888,-0.082682215,0.9507516,3.0339267,-3.8465097,1.1931854,-2.1589165,-0.482238,3.0,3.0,3.0,2.8603947,2.7316935,2.692359,2.736096,2.869918,3.0,3.0,3.0,3.0,3.0,3.0,3.0,3.0,3.0,3.0,3.0,3.0,3.0,3.0,3.0,3.0,3.0,3.0,3.0,3.0,3.0,3.0,3.0,3.0,3.0,3.0,3.0,3.0,-3.6176884,3.105507,-0.9082122,-7.72353
1375,-0.5164506369661123,1.5355079,-1.1557965,-0.20437668,0.8832411,-0.3234379,0.3266056,-0.09274623,1.0766225,3.1238866,-3.9240322,1.2568177,-2.8668947,-0.636153,3.0,3.0,3.0,2.8866136,2.747908,2.700204,2.7358365,2.8604991,3.0,3.0,3.0,3.0,3.0,3.0,3.0,3.0,3.0,3.0,3.0,3.0,3.0,3.0,3.0,3.0,3.0,3.0,3.0,3.0,3.0,3.0,3.0,3.0,3.0,3.0,3.0,3.0,-3.767041,-0.696013,-0.8900147,42.184593
1380,-0.4071647766947696,1.5119073,-1.2216712,-0.12147524,0.8969679,-0.3060105,0.3014106,-0.1046799,1.1747513,3.1909335,-4.0107155,1.3380312,-3.3163574,-0.6897366,3.0,3.0,3.0,2.9513311,2.7967143,2.7364993,2.7609444,2.8739405,3.0,3.0,3.0,3.0,3.0,3.0,3.0,3.0,3.0,3.0,3.0,3.0,3.0,3.0,3.0,3.0,3.0,3.0,3.0,3.0,3.0,3.0,3.0,3.0,3.0,3.0,3.0,3.0,-3.2747447,0.7980008,-0.9129772,25.267014
1385,-0.6627636140510111,1.4861176,-1.2890594,-0.037087042,0.9117562,-0.28558058,0.27090415,-0.11728304,1.2626224,3.2498367,-4.0937343,1.5647602,-3.7004147,-0.5970463,3.0,3.0,3.0,3.0,2.8989754,2.8211384,2.8311458,2.9305856,3.0,3.0,3.0,3.0,3.0,3.0,3.0,3.0,3.0,3.0,3.0,3.0,3.0,3.0,3.0,3.0,3.0,3.0,3.0,3.0,3.0,3.0,3.0,3.0,3.0,3.0,3.0,3.0,-4.783323,-2.2067845,-0.97181046,44.416595
1390,-0.7145553675958625,1.4588406,-1.35741,0.049165644,0.92548853,-0.26487556,0.23723444,-0.1305057,1.3310819,3.294,-4.180939,1.4243113,-3.9654355,-0.62365896,3.0,3.0,3.0,3.0,3.0,2.9521067,2.9415088,3.0,3.0,3.0,3.0,3.0,3.0,3.0,3.0,3.0,3.0,3.0,3.0,3.0,3.0,3.0,3.0,3.0,3.0,3.0,3.0,3.0,3.0,3.0,3.0,3.0,3.0,3.0,3.0,3.0,-4.3473396,-1.37357,-0.9954979,43.561554
1395,-0.7809325835861884,1.4295329,-1.4272298,0.13599484,0.9385492,-0.24229622,0.1997737,-0.14320746,1.4832516,3.4126108,-4.11309,1.65865,-4.276192,-0.41140494,3.0,3.0,3.0,3.0,3.0,3.0,3.0,3.0,3.0,3.0,3.0,3.0,3.0,3.0,3.0,3.0,3.0,3.0,3.0,3.0,3.0,3.0,3.0,3.0,3.0,3.0,3.0,3.0,3.0,3.0,3.0,3.0,3.0,3.0,3.0,3.0,-4.627094,0.11732674,-0.949909,44.100494
1400,-0.8513110604707091,1.3968937,-1.4997531,0.22054374,0.95055664,-0.21690449,0.15926673,-0.1550118,1.6328512,3.5380576,-3.9917102,1.7735845,-4.5054455,-0.44130886,3.0,3.0,3.0,3.0,3.0,3.0,3.0,3.0,3.0,3.0,3.0,3.0,3.0,3.0,3.0,3.0,3.0,3.0,3.0,3.0,3.0,3.0,3.0,3.0,3.0,3.0,3.0,3.0,3.0,3.0,3.0,3.0,3.0,3.0,3.0,3.0,-4.6137047,-4.213126,-0.991682,44.92903
1405,-0.8989376562332292,1.3613698,-1.5748267,0.30212024,0.9604759,-0.18937704,0.11990442,-0.16506149,1.7568132,3.6522326,-3.84708,2.140986,-4.265961,-0.3466029,3.0,3.0,3.0,3.0,3.0,3.0,3.0,3.0,3.0,3.0,3.0,3.0,3.0,3.0,3.0,3.0,3.0,3.0,3.0,3.0,3.0,3.0,3.0,3.0,3.0,3.0,3.0,3.0,3.0,3.0,3.0,3.0,3.0,3.0,3.0,3.0,-3.2150526,-0.69191694,-0.9200964,44.93492
1410,-0.9494308355582172,1.3232664,-1.6524783,0.37946758,0.9684112,-0.15936667,0.08210303,-0.17332381,1.8714094,3.773735,-3.6236432,2.3601062,-4.11161,-0.22085874,3.0,3.0,3.0,3.0,3.0,3.0,3.0,3.0,3.0,3.0,3.0,3.0,3.0,3.0,3.0,3.0,3.0,3.0,3.0,3.0,3.0,3.0,3.0,3.0,3.0,3.0,3.0,3.0,3.0,3.0,3.0,3.0,3.0,3.0,3.0,3.0,-4.9020176,-1.635493,-0.49061728,44.97367
1415,-0.9924593409235428,1.2832123,-1.7324244,0.45190403,0.9742373,-0.12806392,0.045087848,-0.1800788,1.951821,3.8769405,-3.3775067,2.3114512,-4.113967,-0.20654166,3.0,3.0,3.0,3.0,3.0,3.0,3.0,3.0,3.0,3.0,3.0,3.0,3.0,3.0,3.0,3.0,3.0,3.0,3.0,3.0,3.0,3.0,3.0,3.0,3.0,3.0,3.0,3.0,3.0,3.0,3.0,3.0,3.0,3.0,3.0,3.0,-4.7874603,0.5066261,-0.9608809,44.86525
1420,-1.0344482768142387,1.2419469,-1.8142481,0.5190785,0.97766507,-0.096950576,0.00783258,-0.18630688,1.9950022,3.9583824,-3.1212285,2.262162,-4.116179,-0.19676034,3.0,3.0,3.0,3.0,3.0,3.0,3.0,3.0,3.0,3.0,3.0,3.0,3.0,3.0,3.0,3.0,3.0,3.0,3.0,3.0,3.0,3.0,3.0,3.0,3.0,3.0,3.0,3.0,3.0,3.0,3.0,3.0,3.0,3.0,3.0,3.0,-4.9769735,3.5861702,-0.97829354,44.953888
1425,-1.0566479799523583,1.2002552,-1.8975002,0.58083487,0.9787151,-0.06610533,-0.02956541,-0.19202276,2.0002453,4.018426,-2.8592193,2.2126458,-4.118033,-0.19147636,3.0,3.0,3.0,3.0,3.0,3.0,3.0,3.0,3.0,3.0,3.0,3.0,3.0,3.0,3.0,3.0,3.0,3.0,3.0,3.0,3.0,3.0,3.0,3.0,3.0,3.0,3.0,3.0,3.0,3.0,3.0,3.0,3.0,3.0,3.0,3.0,-4.7127166,4.1875124,-0.9791268,43.712067
1430,-1.091616428574263,1.1589322,-1.9817417,0.63710856,0.9774137,-0.035603426,-0.067009926,-0.19724217,1.9672304,4.05764,-2.5958617,2.1632998,-4.1193285,-0.19060747,3.0,3.0,3.0,3.0,3.0,3.0,3.0,3.0,3.0,3.0,3.0,3.0,3.0,3.0,3.0,3.0,3.0,3.0,3.0,3.0,3.0,3.0,3.0,3.0,3.0,3.0,3.0,3.0,3.0,3.0,3.0,3.0,3.0,3.0,3.0,3.0,-4.975084,2.9047542,-0.99367493,44.399147
1435,-1.110428865077965,1.1187751,-2.0665479,0.6879256,0.97379273,-0.005516575,-0.10440616,-0.20198165,1.8960133,4.0767846,-2.335466,2.1145072,-4.119878,-0.1940302,3.0,3.0,3.0,3.0,3.0,3.0,3.0,3.0,3.0,3.0,3.0,3.0,3.0,3.0,3.0,3.0,3.0,3.0,3.0,3.0,3.0,3.0,3.0,3.0,3.0,3.0,3.0,3.0,3.0,3.0,3.0,3.0,3.0,3.0,3.0,3.0,-4.6282196,3.794551,-0.9968304,43.88362
1440,-1.1244120124505923,1.0805749,-2.151512,0.73340034,0.9678892,0.024087112,-0.14166093,-0.20625843,1.7870132,4.076794,-2.082232,2.066634,-4.1195087,-0.20158283,3.0,3.0,3.0,3.0,3.0,3.0,3.0,3.0,3.0,3.0,3.0,3.0,3.0,3.0,3.0,3.0,3.0,3.0,3.0,3.0,3.0,3.0,3.0,3.0,3.0,3.0,3.0,3.0,3.0,3.0,3.0,3.0,3.0,3.0,3.0,3.0,-4.7183228,4.394432,-0.9952647,43.349594
1445,-1.1501016430342383,1.0451097,-2.236249,0.77373296,0.9597449,0.05314319,-0.17868291,-0.21009034,1.6409968,4.058764,-1.8402132,2.0200267,-4.1180654,-0.21306859,3.0,3.0,3.0,3.0,3.0,3.0,3.0,3.0,3.0,3.0,3.0,3.0,3.0,3.0,3.0,3.0,3.0,3.0,3.0,3.0,3.0,3.0,3.0,3.0,3.0,3.0,3.0,3.0,3.0,3.0,3.0,3.0,3.0,3.0,3.0,3.0,-4.8798113,4.79385,-0.98411655,44.47187
1450,-1.1586607893364407,1.0131377,-2.320398,0.80920583,0.94940656,0.0815909,-0.21538278,-0.21349563,1.4590594,4.0239315,-1.613283,1.9750088,-4.1154084,-0.22825906,3.0,3.0,3.0,3.0,3.0,3.0,3.0,3.0,3.0,3.0,3.0,3.0,3.0,3.0,3.0,3.0,3.0,3.0,3.0,2.8950443,2.7311025,2.6612604,2.6741273,2.7717469,2.9704382,3.0,3.0,3.0,3.0,3.0,3.0,3.0,3.0,3.0,3.0,3.0,-4.3876987,4.8634224,-0.9982117,44.37706
1455,-1.1672316704787384,0.9853901,-2.403626,0.8401795,0.9369252,0.10937323,-0.25167352,-0.21649297,1.2426054,3.9736593,-1.4051057,1.9318789,-4.111417,-0.24689765,3.0,3.0,3.0,3.0,3.0,3.0,3.0,3.0,3.0,3.0,3.0,3.0,3.0,3.0,3.0,3.0,3.0,3.0,2.733869,2.455645,2.2920287,2.2118618,2.2017515,2.2600925,2.396405,2.6354313,3.0,3.0,3.0,3.0,3.0,3.0,3.0,3.0,3.0,3.0,-4.5184665,4.6028004,-0.9989324,44.60565
1460,-1.0979996897498387,0.96256536,-2.4856296,0.8670879,0.9223559,0.13643691,-0.28747043,-0.21910122,0.99332815,3.9094164,-1.21911,1.890909,-4.105987,-0.2687033,3.0,3.0,3.0,3.0,3.0,3.0,3.0,3.0,3.0,3.0,3.0,3.0,3.0,3.0,3.0,3.0,3.0,2.848048,2.4078226,2.141836,1.9830285,1.8998877,1.8782098,1.9145372,2.0147212,2.19639,2.4974735,2.999844,3.0,3.0,3.0,3.0,3.0,3.0,3.0,3.0,-3.9025974,4.0546684,-0.99706805,37.35589
1465,-1.0694392721192667,0.9453231,-2.5661368,0.89043325,0.90575784,0.16273241,-0.32269144,-0.22133942,0.71318835,3.8327599,-1.0584658,1.8523426,-4.0990343,-0.2933742,3.0,3.0,3.0,3.0,3.0,3.0,3.0,3.0,3.0,3.0,3.0,3.0,3.0,3.0,3.0,3.0,3.0,2.587968,2.1649137,1.9106361,1.7576027,1.674368,1.6464243,1.6692858,1.7466081,1.8917122,2.1338198,2.5353355,3.0,3.0,3.0,3.0,3.0,3.0,3.0,3.0,-4.7563715,4.4743786,-0.88133013,34.141777
1470,-1.1090727918643823,0.93427914,-2.6449096,0.91078025,0.8871937,0.18821396,-0.35725728,-0.22322667,0.40439457,3.7453153,-0.9260647,1.816394,-4.090491,-0.3205914,3.0,3.0,3.0,3.0,3.0,3.0,3.0,3.0,3.0,3.0,3.0,3.0,3.0,3.0,3.0,3.0,3.0,2.3894727,1.9808172,1.736586,1.5889506,1.5066423,1.4750528,1.4890765,1.5509464,1.6711589,1.8732731,2.2072968,2.789438,3.0,3.0,3.0,3.0,3.0,3.0,3.0,-4.856736,4.5143547,0.33771348,-38.124126
1475,-0.9804737842964765,0.9300003,-2.7217438,0.92875034,0.86672944,0.2128395,-0.39109138,-0.224782,0.06938424,3.6487582,-0.82450104,1.7832468,-4.0803094,-0.35002255,3.0,3.0,3.0,3.0,3.0,3.0,3.0,3.0,3.0,3.0,3.0,3.0,3.0,3.0,3.0,3.0,2.9689353,2.237308,1.8398265,1.6036475,1.4605356,1.3793514,1.345445,1.3532984,1.4041592,1.5065558,1.6801267,1.9664288,2.460464,3.0,3.0,3.0,3.0,3.0,3.0,3.0,-4.9867897,4.8753605,0.106558084,-24.885263
1480,-1.1287854912967985,0.9330001,-2.796471,0.94501495,0.8444343,0.23657066,-0.42412028,-0.2260244,-0.28919283,3.5447974,-0.75605685,1.7530538,-4.0684586,-0.3813257,3.0,3.0,3.0,3.0,3.0,3.0,3.0,3.0,3.0,3.0,3.0,3.0,3.0,3.0,3.0,3.0,2.848452,2.1209419,1.7313514,1.5012113,1.3615928,1.2813549,1.2457939,1.2490814,1.2917389,1.3808529,1.5332116,1.7843002,2.214187,3.0,3.0,3.0,3.0,3.0,3.0,3.0,-4.8284774,4.9373035,0.6230409,-40.045036
1485,-1.0231610707567074,0.94373405,-2.8689585,0.9602891,0.82038015,0.2593727,-0.45627365,-0.22697258,-0.6684891,3.4351597,-0.7226874,1.7259371,-4.054926,-0.41415268,3.0,3.0,3.0,3.0,3.0,3.0,3.0,3.0,3.0,3.0,3.0,3.0,3.0,3.0,3.0,3.0,2.7618554,2.032892,1.6479944,1.4219713,1.2847986,1.2051592,1.1682411,1.1679504,1.204241,1.2830957,1.4191421,1.6433136,2.024651,2.7450604,3.0,3.0,3.0,3.0,3.0,3.0,-4.9207406,4.8943243,0.06994796,-29.10176
1490,-1.11463126295086,0.96259636,-2.9391098,0.9753243,0.79464155,0.28121454,-0.48748425,-0.22764505,-1.065473,3.3215766,-0.7260075,1.7019876,-4.039715,-0.44815257,3.0,3.0,3.0,3.0,3.0,3.0,3.0,3.0,3.0,3.0,3.0,3.0,3.0,3.0,3.0,3.0,2.7040198,1.9677222,1.5844285,1.3607181,1.2249799,1.1455151,1.107328,1.1040691,1.1352214,1.2058866,1.3289948,1.531936,1.8752755,2.5154793,3.0,3.0,3.0,3.0,3.0,3.0,-4.95035,4.901617,0.7121699,-38.054115
1495,-1.1684291410756187,0.98991567,-3.006864,0.99090123,0.76729536,0.30206856,-0.5176882,-0.22805995,-1.4769429,3.205777,-0.7672784,1.6812657,-4.0228453,-0.48297516,3.0,3.0,3.0,3.0,3.0,3.0,3.0,3.0,3.0,3.0,3.0,3.0,3.0,3.0,3.0,3.0,2.6713111,1.9214128,1.5367142,1.3136195,1.1783539,1.098609,1.0591143,1.0532527,1.080093,1.1440061,1.2565396,1.44223,1.7548873,2.33106,3.0,3.0,3.0,3.0,3.0,3.0,-4.7956605,4.4071674,0.3670051,-42.912178
1500,-1.085448451087672,1.0259522,-3.0721967,1.0078224,0.73842037,0.32191065,-0.54682505,-0.22823505,-1.8995466,3.0894809,-0.84739596,1.6638019,-4.004353,-0.5182739,3.0,3.0,3.0,3.0,3.0,3.0,3.0,3.0,3.0,3.0,3.0,3.0,3.0,3.0,3.0,3.0,2.6612883,1.8909569,1.5018637,1.2777678,1.1420599,1.061569,1.0206469,1.0123818,1.0354584,1.0936159,1.1972371,1.3684831,1.655594,2.1789489,3.0,3.0,3.0,3.0,3.0,3.0,-4.8111925,4.6342745,-0.04290074,-33.400177
1505,-1.190948335907334,1.0708945,-3.135119,1.0269041,0.7080973,0.34072012,-0.57483774,-0.22818765,-2.3298066,2.9743955,-0.9668808,1.6495976,-3.9842877,-0.55370885,3.0,3.0,3.0,3.0,3.0,3.0,3.0,3.0,3.0,3.0,3.0,3.0,3.0,3.0,3.0,3.0,2.6725438,1.8740934,1.4775536,1.2508858,1.1138561,1.0321493,0.9896248,0.97903603,0.9986951,1.0517722,1.1476355,1.3064009,1.5715644,2.04993,3.0,3.0,3.0,3.0,3.0,3.0,-4.710761,-1.125418,-0.067625344,-42.83726
1510,-0.924327328516113,1.1248577,-3.1956768,1.0489691,0.67640835,0.35847956,-0.60167265,-0.22793457,-2.7641535,2.8622088,-1.125871,1.6386268,-3.962712,-0.5889498,3.0,3.0,3.0,3.0,3.0,3.0,3.0,3.0,3.0,3.0,3.0,3.0,3.0,3.0,3.0,3.0,2.7046711,1.869131,1.4619256,1.2311226,1.0919129,1.0085177,0.9641745,0.95125246,0.96768606,1.0161144,1.1049885,1.2526071,1.4982935,1.9370925,2.8623471,3.0,3.0,3.0,3.0,3.0,-4.640924,1.046176,0.29352534,13.607544
1515,-1.2418125770424346,1.1877667,-3.2539763,1.0748378,0.64436185,0.3742722,-0.6270706,-0.2269373,-3.189784,2.756533,-1.3240772,1.4344007,-3.8269484,-0.6054641,3.0,3.0,3.0,3.0,3.0,3.0,3.0,3.0,3.0,3.0,3.0,3.0,3.0,3.0,3.0,3.0,2.741656,1.8676066,1.4495337,1.2145535,1.0731897,0.9881978,0.9422076,0.92722815,0.94085777,0.9852778,1.0681638,1.2062955,1.4355559,1.8414899,2.681088,3.0,3.0,3.0,3.0,3.0,-4.8546352,-1.8613806,0.14806724,-43.618774
1520,-1.1397407962238875,1.2593309,-3.31018,1.1052775,0.6134289,0.38685867,-0.6509076,-0.22442076,-3.5793617,2.6631036,-1.555273,0.8270979,-3.4066632,-0.62434644,3.0,3.0,3.0,3.0,3.0,3.0,3.0,3.0,3.0,3.0,3.0,3.0,3.0,3.0,3.0,3.0,2.7530575,1.855156,1.4317098,1.1952138,1.0532377,0.967691,0.92087555,0.9045982,0.91624224,0.95766765,1.0359848,1.1668645,1.383718,1.7654588,2.5448604,3.0,3.0,3.0,3.0,3.0,-4.9565463,-2.8503852,0.86315894,31.300102
1525,-1.2416431880764838,1.3374575,-3.3647935,1.1407075,0.5921134,0.3898731,-0.6707605,-0.21790142,-3.8393464,2.5986485,-1.7959579,-0.27727976,-2.4466903,-0.6366458,3.0,3.0,3.0,3.0,3.0,3.0,3.0,3.0,3.0,3.0,3.0,3.0,3.0,3.0,3.0,3.0,2.612799,1.7753808,1.3761345,1.1520641,1.0173277,0.93627644,0.8922984,0.87773955,0.89026415,0.93187577,1.0097533,1.1396188,1.3550687,1.7360187,2.5215023,3.0,3.0,3.0,3.0,3.0,-4.9567585,-3.3694963,0.25804758,-40.67086
1530,-1.269051596997591,1.4198194,-3.4183087,1.1811088,0.58002645,0.3846042,-0.6872444,-0.20819224,-3.995696,2.554814,-2.0283837,-1.011983,-1.7926624,-0.6665712,3.0,3.0,3.0,3.0,3.0,3.0,3.0,3.0,3.0,3.0,3.0,3.0,3.0,3.0,3.0,3.0,2.3517356,1.6369578,1.2853483,1.0852226,0.96437377,0.8921341,0.85410595,0.8437768,0.8594979,0.90379876,0.9844522,1.1182163,1.341207,1.741377,2.5942304,3.0,3.0,3.0,3.0,3.0,-4.8927145,2.0006037,0.5234127,-41.791042
1535,-1.3222546636192642,1.5042119,-3.4711356,1.2261437,0.5724334,0.37527487,-0.7019197,-0.19697085,-4.0955024,2.5216753,-2.2528691,-1.465046,-1.3626808,-0.7057246,3.0,3.0,3.0,3.0,3.0,3.0,3.0,3.0,3.0,3.0,3.0,3.0,3.0,3.0,3.0,3.0,2.0652623,1.4791311,1.180076,1.007064,0.902204,0.8402444,0.8092569,0.804035,0.8237487,0.87160236,0.9562044,1.0958728,1.3306693,1.7616353,2.7280712,3.0,3.0,3.0,3.0,3.0,-4.8347244,-4.8015013,0.8170184,-44.481533
1540,-1.3492921639959727,1.5903167,-3.523335,1.2757751,0.5673185,0.3637362,-0.7152775,-0.18499658,-4.157327,2.4949725,-2.4684975,-1.5140982,-1.285766,-0.6892139,3.0,3.0,3.0,3.0,3.0,3.0,3.0,3.0,3.0,3.0,3.0,3.0,3.0,3.0,3.0,2.9247267,1.7904078,1.3189462,1.0697556,0.92335945,0.8345126,0.7829647,0.7591387,0.75910383,0.78285444,0.8343081,0.9230197,1.0691934,1.3179567,1.7883909,2.9189956,3.0,3.0,3.0,3.0,3.0,-4.93289,-3.98605,0.8050147,-44.94864
1545,-1.3744656572197815,1.6776737,-3.5749853,1.329898,0.56203765,0.35214028,-0.7281873,-0.17278354,-4.2168374,2.4687297,-2.6842158,-1.5160478,-1.2864766,-0.6667727,3.0,3.0,3.0,3.0,3.0,3.0,3.0,3.0,3.0,3.0,3.0,3.0,3.0,3.0,3.0,2.3953235,1.5462356,1.1677698,0.9616169,0.83899665,0.76471937,0.722697,0.7053683,0.70991653,0.7370644,0.7913728,0.88329405,1.034955,1.2970722,1.8106654,3.0,3.0,3.0,3.0,3.0,3.0,-4.9919705,-4.9076934,0.8862448,-44.970005
1550,-1.3957348542007768,1.7662541,-3.626091,1.388519,0.55653757,0.34053212,-0.74067205,-0.1603395,-4.275019,2.4426644,-2.9002464,-1.5186516,-1.285993,-0.6445068,3.0,3.0,3.0,3.0,3.0,3.0,3.0,3.0,3.0,3.0,3.0,3.0,3.0,3.0,3.0,1.9654019,1.3258063,1.0237546,0.8549525,0.75359356,0.6925326,0.65915185,0.6476137,0.65606374,0.685852,0.7420946,0.83605784,0.991769,1.2660273,1.8266654,3.0,3.0,3.0,3.0,3.0,3.0,-4.995074,-4.0489335,0.7432369,-44.720108
1555,-1.4228586436785415,1.856029,-3.6766548,1.451644,0.5508301,0.32891378,-0.7527249,-0.14767238,-4.331792,2.4166687,-3.1165195,-1.5218741,-1.2843225,-0.6224946,3.0,3.0,3.0,3.0,3.0,3.0,3.0,3.0,3.0,3.0,3.0,3.0,3.0,3.0,2.9639406,1.6048422,1.1237133,0.8852222,0.7490138,0.666688,0.6175738,0.5919515,0.58545053,0.59703434,0.62857014,0.685617,0.78012186,0.9378985,1.2222257,1.8339014,3.0,3.0,3.0,3.0,3.0,3.0,-4.9958,-4.5695167,0.9109684,-44.85701
1560,-1.445817148866785,1.9469683,-3.726677,1.5192766,0.5449271,0.31728712,-0.7643395,-0.13479045,-4.3870807,2.3906364,-3.3329566,-1.5256782,-1.281477,-0.6008119,3.0,3.0,3.0,3.0,3.0,3.0,3.0,3.0,3.0,3.0,3.0,3.0,3.0,3.0,2.206317,1.2942982,0.9358745,0.7507774,0.6431218,0.57782334,0.5394425,0.5206779,0.51839674,0.5322366,0.5644569,0.62091136,0.7140196,0.87111545,1.162108,1.8284509,3.0,3.0,3.0,3.0,3.0,3.0,-4.9954185,-4.175517,0.9368453,-44.60061
1565,-1.4767651714256975,2.03904,-3.776155,1.5914197,0.5388402,0.30565375,-0.7755099,-0.12170222,-4.4408154,2.3644633,-3.5494728,-1.5300252,-1.2774726,-0.57953215,3.0,3.0,3.0,3.0,3.0,3.0,3.0,3.0,3.0,3.0,3.0,3.0,3.0,3.0,1.6332455,1.0207558,0.75913537,0.6192392,0.5366494,0.4865412,0.457711,0.44486728,0.44590342,0.46098387,0.49261177,0.5467353,0.63592726,0.7885222,1.0806723,1.8037894,3.0,3.0,3.0,3.0,3.0,3.0,-4.9967937,-4.8806815,0.99390936,-44.979294
1570,-1.5038073059636001,2.1322112,-3.825085,1.6680734,0.5325808,0.29401514,-0.7862307,-0.108416565,-4.4929304,2.338048,-3.7659755,-1.534875,-1.27233,-0.5587259,3.0,3.0,3.0,3.0,3.0,3.0,3.0,3.0,3.0,3.0,3.0,3.0,3.0,2.617085,1.1778405,0.77512074,0.5910054,0.48958868,0.42900622,0.39237523,0.37191924,0.36400244,0.36734462,0.3824778,0.41196665,0.46157902,0.54355377,0.68628865,0.9706782,1.7482519,3.0,3.0,3.0,3.0,3.0,3.0,-4.9996557,-4.844426,0.7337972,-44.983696
1575,-1.5306632688932298,2.2264473,-3.8734605,1.7492363,0.52616024,0.28237262,-0.7964967,-0.094942614,-4.5433655,2.3112915,-3.9823666,-1.5401865,-1.266074,-0.5384606,3.0,3.0,3.0,3.0,3.0,3.0,3.0,3.0,3.0,3.0,3.0,3.0,3.0,1.5593427,0.80171996,0.5508301,0.4294788,0.36093026,0.31962675,0.29484457,0.2815685,0.27750507,0.28200388,0.29578638,0.32124785,0.36359382,0.43398723,0.55925405,0.8212563,1.6388078,3.0,3.0,3.0,3.0,3.0,3.0,-4.9999456,-3.8672538,0.9864329,-44.992363
