step,reward,rel_x,rel_y,rel_z,qw,qx,qy,qz,vx,vy,vz,wx,wy,wz,lidar_0,lidar_1,lidar_2,lidar_3,lidar_4,lidar_5,lidar_6,lidar_7,lidar_8,lidar_9,lidar_10,lidar_11,lidar_12,lidar_13,lidar_14,lidar_15,lidar_16,lidar_17,lidar_18,lidar_19,lidar_20,lidar_21,lidar_22,lidar_23,lidar_24,lidar_25,lidar_26,lidar_27,lidar_28,lidar_29,lidar_30,lidar_31,lidar_32,lidar_33,lidar_34,lidar_35,act_vx,act_vy,act_vz,act_yaw
5,-0.27854347677863356,-0.060576905,0.03799386,0.8978864,1.0,0.0,0.0,0.0,0.0,0.0,0.2028851,0.0,0.0,0.0,3.0,3.0,3.0,3.0,3.0,3.0,3.0,3.0,3.0,3.0,3.0,3.0,3.0,3.0,3.0,3.0,3.0,3.0,3.0,3.0,3.0,3.0,3.0,3.0,3.0,3.0,3.0,3.0,3.0,3.0,3.0,3.0,3.0,3.0,3.0,3.0,-1.4205198,-4.0705156,0.9474189,-42.894043
10,-0.1658598838722622,-0.060576793,0.03799397,0.89052486,0.9999996,0.00087935454,-0.0001355181,-7.847817e-05,-2.68802e-05,-2.6875605e-05,0.45269033,0.19104561,-0.012553891,-0.0072489823,3.0,3.0,3.0,3.0,3.0,3.0,3.0,3.0,3.0,3.0,3.0,3.0,3.0,3.0,3.0,3.0,3.0,3.0,3.0,3.0,3.0,3.0,3.0,3.0,3.0,3.0,3.0,3.0,3.0,3.0,3.0,3.0,3.0,3.0,3.0,3.0,0.54821205,0.2256198,0.9342631,-36.61212
15,-0.13039838999219608,-0.060574885,0.038003534,0.8782448,0.9999945,0.0028337198,0.0003393441,0.0016938642,-0.0001497809,-0.00083101797,0.67311615,0.47102773,0.03526693,0.22286676,3.0,3.0,3.0,3.0,3.0,3.0,3.0,3.0,3.0,3.0,3.0,3.0,3.0,3.0,3.0,3.0,3.0,3.0,3.0,3.0,3.0,3.0,3.0,3.0,3.0,3.0,3.0,3.0,3.0,3.0,3.0,3.0,3.0,3.0,3.0,3.0,-2.176414,0.7751918,0.95465744,-36.716682
20,-0.11870935126583299,-0.06057402,0.038048528,0.86209875,0.9999713,0.0066257934,0.001704434,0.0032649813,4.4630866e-05,-0.0034522412,0.84022135,0.21641414,0.20016737,0.09300139,3.0,3.0,3.0,3.0,3.0,3.0,3.0,3.0,3.0,3.0,3.0,3.0,3.0,3.0,3.0,3.0,3.0,3.0,3.0,3.0,3.0,3.0,3.0,3.0,3.0,3.0,3.0,3.0,3.0,3.0,3.0,3.0,3.0,3.0,3.0,3.0,-0.0059862137,1.8021164,0.9853399,-39.245964
25,0.19577308081180783,-0.060588043,0.038176008,0.8429353,0.99997723,0.006456871,0.0019199357,0.00043208545,0.0010763268,-0.007899951,0.96458995,-0.26333207,0.021514218,-0.30711603,3.0,3.0,3.0,3.0,3.0,3.0,3.0,3.0,3.0,3.0,3.0,3.0,3.0,3.0,3.0,3.0,3.0,3.0,3.0,3.0,3.0,3.0,3.0,3.0,3.0,3.0,3.0,3.0,3.0,3.0,3.0,3.0,3.0,3.0,3.0,3.0,2.5938425,-1.687098,0.9533241,-9.47477
30,0.18900983578889374,-0.06062657,0.038388316,0.821756,0.99996704,0.006571927,0.004317826,0.0020193418,0.0025127276,-0.011632415,1.0508566,0.19330448,0.17259277,0.21362127,3.0,3.0,3.0,3.0,3.0,3.0,3.0,3.0,3.0,3.0,3.0,3.0,3.0,3.0,3.0,3.0,3.0,3.0,3.0,3.0,3.0,3.0,3.0,3.0,3.0,3.0,3.0,3.0,3.0,3.0,3.0,3.0,3.0,3.0,3.0,3.0,-1.5208712,-0.53509617,0.9800352,-12.349724
35,0.1019230500179667,-0.060706086,0.03867306,0.7992955,0.9999533,0.0072578155,0.0063628173,0.00039409066,0.0047748736,-0.015142337,1.0940064,-0.20784988,0.31323108,-0.28811592,3.0,3.0,3.0,3.0,3.0,3.0,3.0,3.0,3.0,3.0,3.0,3.0,3.0,3.0,3.0,3.0,3.0,3.0,3.0,3.0,3.0,3.0,3.0,3.0,3.0,3.0,3.0,3.0,3.0,3.0,3.0,3.0,3.0,3.0,3.0,3.0,0.2634759,-3.940966,0.94342184,-21.333004
40,0.01737997427693272,-0.06084553,0.039032973,0.77599925,0.9999388,0.006101602,0.008892456,-0.0024662083,0.008125749,-0.018575916,1.1317418,-0.058167398,0.26689556,-0.17109947,3.0,3.0,3.0,3.0,3.0,3.0,3.0,3.0,3.0,3.0,3.0,3.0,3.0,3.0,3.0,3.0,3.0,3.0,3.0,3.0,3.0,3.0,3.0,3.0,3.0,3.0,3.0,3.0,3.0,3.0,3.0,3.0,3.0,3.0,3.0,3.0,-0.5614953,-0.95645857,0.99340427,-31.198147
45,0.2688082306472425,-0.06106753,0.03945754,0.7519969,0.9998943,0.008006743,0.009130755,-0.0079889195,0.012398135,-0.021624353,1.1644646,0.33939207,-0.14125171,-0.6607338,3.0,3.0,3.0,3.0,3.0,3.0,3.0,3.0,3.0,3.0,3.0,3.0,3.0,3.0,3.0,3.0,3.0,3.0,3.0,3.0,3.0,3.0,3.0,3.0,3.0,3.0,3.0,3.0,3.0,3.0,3.0,3.0,3.0,3.0,3.0,3.0,2.3552566,1.9969978,0.99713826,-4.859337
50,0.15154659838497497,-0.061379295,0.03995533,0.72734714,0.99984014,0.009165121,0.00795191,-0.013132768,0.016609807,-0.025530396,1.1970634,0.2244355,-0.008334324,-0.17117341,3.0,3.0,3.0,3.0,3.0,3.0,3.0,3.0,3.0,3.0,3.0,3.0,3.0,3.0,3.0,3.0,3.0,3.0,3.0,3.0,3.0,3.0,3.0,3.0,3.0,3.0,3.0,3.0,3.0,3.0,3.0,3.0,3.0,3.0,3.0,3.0,0.48816395,0.12885046,0.9974754,-19.078993
55,0.2638675560803921,-0.06176822,0.040537234,0.7022598,0.9998154,0.011141953,0.0083020795,-0.013269708,0.020027922,-0.02959961,1.2075907,0.3504893,0.12460957,0.22903347,3.0,3.0,3.0,3.0,3.0,3.0,3.0,3.0,3.0,3.0,3.0,3.0,3.0,3.0,3.0,3.0,3.0,3.0,3.0,3.0,3.0,3.0,3.0,3.0,3.0,3.0,3.0,3.0,3.0,3.0,3.0,3.0,3.0,3.0,3.0,3.0,-0.76802635,-1.161022,0.9765501,7.5230217
60,0.24390187732386337,-0.062226202,0.041212767,0.6771019,0.9998361,0.013449764,0.0062617245,-0.010375355,0.023174355,-0.034375545,1.2022724,-0.022382837,-0.26293698,0.2946965,3.0,3.0,3.0,3.0,3.0,3.0,3.0,3.0,3.0,3.0,3.0,3.0,3.0,3.0,3.0,3.0,3.0,3.0,3.0,3.0,3.0,3.0,3.0,3.0,3.0,3.0,3.0,3.0,3.0,3.0,3.0,3.0,3.0,3.0,3.0,3.0,2.1930313,-1.0938497,0.9840175,9.342369
65,0.10644690504339299,-0.0627423,0.042003162,0.6519019,0.9998673,0.015228967,0.0044104825,-0.0037322256,0.025734471,-0.040309064,1.2116394,0.12606624,-0.38827196,0.74830586,3.0,3.0,3.0,3.0,3.0,3.0,3.0,3.0,3.0,3.0,3.0,3.0,3.0,3.0,3.0,3.0,3.0,3.0,3.0,3.0,3.0,3.0,3.0,3.0,3.0,3.0,3.0,3.0,3.0,3.0,3.0,3.0,3.0,3.0,3.0,3.0,-1.1542077,-2.9643595,0.9607359,-22.412598
70,0.21834045592247997,-0.06329618,0.042915978,0.62685084,0.99984074,0.017649628,-0.0021499384,0.0015281743,0.026871018,-0.046282634,1.1971023,0.29116094,-0.7244436,0.24848753,3.0,3.0,3.0,3.0,3.0,3.0,3.0,3.0,3.0,3.0,3.0,3.0,3.0,3.0,3.0,3.0,3.0,3.0,3.0,3.0,3.0,3.0,3.0,3.0,3.0,3.0,3.0,3.0,3.0,3.0,3.0,3.0,3.0,3.0,3.0,3.0,-1.1544323,0.9947109,0.93193233,10.936047
75,0.1421489336691989,-0.0638415,0.04396982,0.60194194,0.99971205,0.021197287,-0.009847289,0.005429808,0.02529106,-0.05357925,1.193668,0.46365753,-0.5877067,0.22177775,3.0,3.0,3.0,3.0,3.0,3.0,3.0,3.0,3.0,3.0,3.0,3.0,3.0,3.0,3.0,3.0,3.0,3.0,3.0,3.0,2.4854472,2.49898,3.0,3.0,3.0,3.0,3.0,3.0,3.0,3.0,3.0,3.0,3.0,3.0,3.0,3.0,-3.9445305,2.1965084,0.98878217,-18.22281
80,0.1578492252847179,-0.064315684,0.045192838,0.5771237,0.9995853,0.023397094,-0.015245231,0.0070351427,0.020584889,-0.062550485,1.1955546,0.12963252,-0.46017492,0.08358323,3.0,3.0,3.0,3.0,3.0,3.0,3.0,3.0,3.0,3.0,3.0,3.0,3.0,3.0,3.0,3.0,3.0,3.0,3.0,3.0,2.463357,2.5054185,3.0,3.0,3.0,3.0,3.0,3.0,3.0,3.0,3.0,3.0,3.0,3.0,3.0,3.0,0.28862572,-1.179234,0.95787334,-17.739222
85,0.24916360700478662,-0.06466006,0.046625126,0.55206114,0.9993782,0.026607653,-0.021371333,0.008862664,0.013456609,-0.073209025,1.2114029,0.2735778,-0.8520796,0.20004655,3.0,3.0,3.0,3.0,3.0,3.0,3.0,3.0,3.0,3.0,3.0,3.0,3.0,3.0,3.0,3.0,3.0,3.0,3.0,3.0,2.4393265,2.5130699,3.0,3.0,3.0,3.0,3.0,3.0,3.0,3.0,3.0,3.0,3.0,3.0,3.0,3.0,-0.1595459,-0.2062192,0.9272119,-7.930649
90,-0.04242490003104249,-0.064838395,0.048275307,0.5270715,0.99914217,0.028736427,-0.028414134,0.009044078,0.0044537866,-0.08385746,1.2003311,0.17886873,-0.62561905,-0.1650622,3.0,3.0,3.0,3.0,3.0,3.0,3.0,3.0,3.0,3.0,3.0,3.0,3.0,3.0,3.0,3.0,3.0,3.0,3.0,3.0,2.436151,2.5163367,3.0,3.0,3.0,3.0,3.0,3.0,3.0,3.0,3.0,3.0,3.0,3.0,3.0,3.0,-3.2944937,-2.0127077,0.9405178,-37.418175
95,0.0022211656635020005,-0.064786226,0.05016799,0.50211775,0.9988814,0.0301147,-0.03598173,0.0058575366,-0.0073144124,-0.09532265,1.1908318,0.11203446,-0.5304264,-0.29359287,3.0,3.0,3.0,3.0,3.0,3.0,3.0,3.0,3.0,3.0,3.0,3.0,3.0,3.0,3.0,3.0,3.0,3.0,3.0,3.0,2.4760273,2.5099423,3.0,3.0,3.0,3.0,3.0,3.0,3.0,3.0,3.0,3.0,3.0,3.0,3.0,3.0,0.14660358,-3.024596,0.9755535,-32.861176
100,-0.1672622156041333,1.9355577,0.0523151,1.4772141,0.9985648,0.033007096,-0.04207907,0.0028713644,-0.020444725,-0.10628338,1.1654639,0.27064964,-0.6537197,-0.30259046,3.0,3.0,3.0,3.0,3.0,3.0,3.0,3.0,3.0,3.0,3.0,3.0,3.0,3.0,3.0,3.0,3.0,3.0,3.0,3.0,2.5150437,2.5039918,3.0,3.0,3.0,3.0,3.0,3.0,3.0,3.0,3.0,3.0,3.0,3.0,3.0,3.0,4.9761333,4.9883575,0.7729355,38.5402
105,0.038159403051214014,1.9360802,0.05460309,1.454372,0.9981728,0.03556086,-0.048842277,-0.00095016387,-0.028260399,-0.11218434,1.0495726,0.2617891,-0.6321881,-0.4066329,3.0,3.0,3.0,3.0,3.0,3.0,3.0,3.0,3.0,3.0,3.0,3.0,3.0,3.0,3.0,3.0,3.0,3.0,3.0,3.0,2.5676506,2.496363,3.0,3.0,3.0,3.0,3.0,3.0,3.0,3.0,3.0,3.0,3.0,3.0,3.0,3.0,4.9918423,4.9113216,0.9830587,15.379089
110,-0.02625849204034522,1.9368017,0.057034157,1.4337319,0.9978545,0.03653088,-0.053856395,-0.0071745277,-0.039329205,-0.119927876,0.9541182,0.020397237,-0.33138487,-0.75545067,3.0,3.0,3.0,3.0,3.0,3.0,3.0,3.0,3.0,3.0,3.0,3.0,3.0,3.0,3.0,3.0,3.0,3.0,3.0,3.0,2.6567574,2.481117,3.0,3.0,3.0,3.0,3.0,3.0,3.0,3.0,3.0,3.0,3.0,3.0,3.0,3.0,4.9962654,4.581648,0.79212976,20.643661
115,0.10675023026950597,1.937786,0.059639826,1.4149129,0.9977079,0.034556545,-0.05555381,-0.017279183,-0.052795935,-0.12858923,0.8711792,-0.24330051,0.015264306,-1.1407954,3.0,3.0,3.0,3.0,3.0,3.0,3.0,3.0,3.0,3.0,3.0,3.0,3.0,3.0,3.0,3.0,3.0,3.0,3.0,3.0,3.0,2.4534147,3.0,3.0,3.0,3.0,3.0,3.0,3.0,3.0,3.0,3.0,3.0,3.0,3.0,3.0,4.595394,3.9951715,0.9853263,2.413536
120,0.007951188758052674,1.9392396,0.06252517,1.3961759,0.99769515,0.030974781,-0.05215728,-0.03040646,-0.08374215,-0.14631996,0.9429569,-0.010599053,0.4042233,-1.2509724,3.0,3.0,3.0,3.0,3.0,3.0,3.0,3.0,3.0,3.0,3.0,3.0,3.0,3.0,3.0,3.0,3.0,3.0,3.0,3.0,3.0,2.4160163,3.0,3.0,3.0,3.0,3.0,3.0,3.0,3.0,3.0,3.0,3.0,3.0,3.0,3.0,0.86539555,2.3471127,0.96939826,16.36168
125,0.049234134081173,1.9413472,0.06577263,1.3756564,0.99771637,0.029062545,-0.04684246,-0.039027847,-0.110725276,-0.16115671,0.99643546,-0.15503263,0.5127411,-0.78296334,3.0,3.0,3.0,3.0,3.0,3.0,3.0,3.0,3.0,3.0,3.0,3.0,3.0,3.0,3.0,3.0,3.0,3.0,3.0,3.0,3.0,2.3901558,3.0,3.0,3.0,3.0,3.0,3.0,3.0,3.0,3.0,3.0,3.0,3.0,3.0,3.0,0.21729279,-0.56903076,0.82112074,13.097172
130,0.0038254777375715254,1.943951,0.069299266,1.3543228,0.9977244,0.029473696,-0.04081931,-0.044844873,-0.13361567,-0.17437106,1.0368247,0.009342643,0.57553816,-0.59896225,3.0,3.0,3.0,3.0,3.0,3.0,3.0,3.0,3.0,3.0,3.0,3.0,3.0,3.0,3.0,3.0,3.0,3.0,3.0,3.0,3.0,2.3713114,3.0,3.0,3.0,3.0,3.0,3.0,3.0,3.0,3.0,3.0,3.0,3.0,3.0,3.0,2.8850946,3.3233414,0.9382894,17.18811
135,-0.003934861532163603,1.9469603,0.07307946,1.3325369,0.9978585,0.02668416,-0.033232093,-0.049618386,-0.15206647,-0.18657878,1.0616505,-0.12968688,0.67309606,-0.23625082,3.0,3.0,3.0,3.0,3.0,3.0,3.0,3.0,3.0,3.0,3.0,3.0,3.0,3.0,3.0,3.0,3.0,3.0,3.0,3.0,3.0,2.354224,3.0,3.0,3.0,3.0,3.0,3.0,3.0,3.0,3.0,3.0,3.0,3.0,3.0,3.0,-1.3234801,2.6956663,0.8077698,-18.298998
140,0.03259236669680077,1.9502822,0.077076375,1.3106877,0.99816215,0.023111966,-0.02520568,-0.050028626,-0.16396277,-0.1951467,1.0378704,-0.35482448,0.95464313,0.12502779,3.0,3.0,3.0,3.0,3.0,3.0,3.0,3.0,3.0,3.0,3.0,3.0,3.0,3.0,3.0,3.0,3.0,3.0,3.0,3.0,3.0,2.878183,3.0,3.0,3.0,3.0,3.0,3.0,3.0,3.0,3.0,3.0,3.0,3.0,3.0,3.0,-2.0086355,-2.5942686,0.9255793,13.470074
145,-0.028623682788661287,1.9538703,0.08128417,1.2882661,0.9984163,0.019344099,-0.017032625,-0.050006256,-0.17712918,-0.20627734,1.1025091,-0.19846793,0.782657,-0.05572694,3.0,3.0,3.0,3.0,3.0,3.0,3.0,3.0,3.0,3.0,3.0,3.0,3.0,3.0,3.0,3.0,3.0,3.0,3.0,3.0,3.0,3.0,3.0,3.0,3.0,3.0,3.0,3.0,3.0,3.0,3.0,3.0,3.0,3.0,3.0,3.0,-2.7998443,-2.3905745,0.9095603,20.352913
150,0.11635390481066418,1.9576602,0.08568661,1.2649307,0.99856687,0.019307941,-0.00894926,-0.049105607,-0.18460286,-0.21466911,1.131775,-0.08341798,0.8929726,0.42822546,3.0,3.0,3.0,3.0,3.0,3.0,3.0,3.0,3.0,3.0,3.0,3.0,3.0,3.0,3.0,3.0,3.0,3.0,3.0,3.0,3.0,3.0,3.0,3.0,3.0,3.0,3.0,3.0,3.0,3.0,3.0,3.0,3.0,3.0,3.0,3.0,-3.3323882,-2.2360203,0.90004206,-4.070015
155,-0.007594632568409143,1.9615581,0.09026479,1.2410151,0.9986185,0.02007252,-0.0017756225,-0.048528697,-0.18814616,-0.22278681,1.1485807,0.080337614,0.72034866,-0.044640686,3.0,3.0,3.0,3.0,3.0,3.0,3.0,3.0,3.0,3.0,3.0,3.0,3.0,3.0,3.0,3.0,3.0,3.0,3.0,3.0,3.0,3.0,3.0,3.0,3.0,3.0,3.0,3.0,3.0,3.0,3.0,3.0,3.0,3.0,3.0,3.0,-1.0433788,-3.9976718,0.79101753,18.018513
160,-0.057656847881836226,1.9654847,0.09500536,1.2170761,0.9984981,0.022109201,0.0051979045,-0.049857255,-0.1883261,-0.23126253,1.160999,0.43260083,0.5909575,-0.1832695,3.0,3.0,3.0,3.0,3.0,3.0,3.0,3.0,3.0,3.0,3.0,3.0,3.0,3.0,3.0,3.0,3.0,3.0,3.0,3.0,3.0,3.0,3.0,3.0,3.0,3.0,3.0,3.0,3.0,3.0,3.0,3.0,3.0,3.0,3.0,3.0,2.3640356,-0.31590748,0.9834454,-23.35722
165,-0.22714755074818008,1.9693809,0.099930406,1.1929559,0.99833524,0.02401284,0.012273961,-0.05098479,-0.18576898,-0.23996414,1.1547654,0.08477418,0.7941008,-0.3308625,3.0,3.0,3.0,3.0,3.0,3.0,3.0,3.0,3.0,3.0,3.0,3.0,3.0,3.0,3.0,3.0,3.0,3.0,3.0,3.0,3.0,3.0,3.0,3.0,3.0,3.0,3.0,3.0,3.0,3.0,3.0,3.0,3.0,3.0,3.0,3.0,-0.17726326,-3.0735674,0.8285409,39.735207
170,0.047400211096859934,1.9731865,0.105055824,1.1688341,0.9981964,0.0254439,0.018464811,-0.051143017,-0.18035479,-0.25001752,1.1567271,-0.02514454,0.5340531,0.11411379,3.0,3.0,3.0,3.0,3.0,3.0,3.0,3.0,3.0,3.0,3.0,3.0,3.0,3.0,3.0,3.0,3.0,3.0,3.0,3.0,3.0,3.0,3.0,3.0,3.0,3.0,3.0,3.0,3.0,3.0,3.0,3.0,3.0,3.0,3.0,3.0,1.4790936,-0.13520288,0.8266394,12.770462
175,-0.06890616166739555,1.9768431,0.110399075,1.1446288,0.99818784,0.023674926,0.025344219,-0.04917489,-0.17152372,-0.26119024,1.1749916,-0.124759555,0.6524831,0.1538329,3.0,3.0,3.0,3.0,3.0,3.0,3.0,3.0,3.0,3.0,3.0,3.0,3.0,3.0,3.0,3.0,3.0,3.0,3.0,3.0,3.0,3.0,3.0,3.0,3.0,3.0,3.0,3.0,3.0,3.0,3.0,3.0,3.0,3.0,3.0,3.0,-1.6254783,-0.26206732,0.9804299,-24.37635
180,0.049564901983115195,1.9802818,0.1159678,1.1200545,0.9982229,0.020698808,0.03086889,-0.046579935,-0.160446,-0.27122822,1.1812991,-0.5205313,0.57846206,0.11358368,3.0,3.0,3.0,3.0,3.0,3.0,3.0,3.0,3.0,3.0,3.0,3.0,3.0,3.0,3.0,3.0,3.0,3.0,3.0,3.0,3.0,3.0,3.0,3.0,3.0,3.0,3.0,3.0,3.0,3.0,3.0,3.0,3.0,3.0,3.0,3.0,1.4644632,0.53824425,0.9975171,12.339458
185,-0.2032814826561627,1.9834801,0.121711954,1.0957175,0.99800354,0.014983714,0.036610708,-0.04923463,-0.14817345,-0.27856937,1.1646081,-0.3456197,0.34756163,-0.52094805,3.0,3.0,3.0,3.0,3.0,3.0,3.0,3.0,3.0,3.0,3.0,3.0,3.0,3.0,3.0,3.0,3.0,3.0,3.0,3.0,3.0,3.0,3.0,3.0,3.0,3.0,3.0,3.0,3.0,3.0,3.0,3.0,3.0,3.0,3.0,3.0,1.7618442,0.56343365,0.97288465,37.66401
190,0.1298319903307367,1.9863667,0.12759991,1.0713102,0.99754393,0.012295072,0.041426226,-0.05512539,-0.133529,-0.28444406,1.1541051,-0.19732371,0.47043097,-0.6418244,3.0,3.0,3.0,3.0,3.0,3.0,3.0,3.0,3.0,3.0,3.0,3.0,3.0,3.0,3.0,3.0,3.0,3.0,3.0,3.0,3.0,3.0,3.0,3.0,3.0,3.0,3.0,3.0,3.0,3.0,3.0,3.0,3.0,3.0,3.0,3.0,-2.3946905,-0.47239685,0.98893666,-3.045414
195,-0.22060386397558002,1.9889271,0.13359784,1.0471797,0.99713516,0.011274708,0.045729693,-0.05918754,-0.1150502,-0.29039544,1.1675316,-0.291061,0.6164038,-0.4972749,3.0,3.0,3.0,3.0,3.0,3.0,3.0,3.0,3.0,3.0,3.0,3.0,3.0,3.0,3.0,3.0,3.0,3.0,3.0,3.0,3.0,3.0,3.0,3.0,3.0,3.0,3.0,3.0,3.0,3.0,3.0,3.0,3.0,3.0,3.0,3.0,-2.3919883,-4.429169,0.96363175,38.908905
200,-0.16415064147114206,1.9911172,0.13970491,1.0231729,0.99671054,0.0107472595,0.04837547,-0.06412806,-0.098418295,-0.294892,1.1408601,-0.10539233,0.096580066,-0.29591572,3.0,3.0,3.0,3.0,3.0,3.0,3.0,3.0,3.0,3.0,3.0,3.0,3.0,3.0,3.0,3.0,3.0,3.0,3.0,3.0,3.0,3.0,3.0,3.0,3.0,3.0,3.0,3.0,3.0,3.0,3.0,3.0,3.0,3.0,3.0,3.0,2.4241996,-0.4833398,0.74539316,34.270485
205,-0.10117509373242531,1.9929016,0.145919,0.99924004,0.99639356,0.012235246,0.05201116,-0.0659165,-0.07543324,-0.30102992,1.1698472,0.34068683,0.44279227,-0.1762068,3.0,3.0,3.0,3.0,3.0,3.0,3.0,3.0,3.0,3.0,3.0,3.0,3.0,3.0,3.0,3.0,3.0,3.0,3.0,3.0,3.0,3.0,3.0,3.0,3.0,3.0,3.0,3.0,3.0,3.0,3.0,3.0,3.0,3.0,3.0,3.0,-0.080654144,-1.2304544,0.9940052,28.114784
210,0.06705863541514653,1.9942187,0.15226173,0.97498375,0.9959671,0.015096101,0.056852344,-0.06774545,-0.056642555,-0.30637217,1.1436942,0.13599475,0.4587403,-0.15376236,3.0,3.0,3.0,3.0,3.0,3.0,3.0,3.0,3.0,3.0,3.0,3.0,3.0,3.0,3.0,3.0,3.0,3.0,3.0,3.0,3.0,3.0,3.0,3.0,3.0,3.0,3.0,3.0,3.0,3.0,3.0,3.0,3.0,3.0,3.0,3.0,-1.0554938,-1.1361182,0.93872404,-11.13821
215,-0.07900138112336114,1.9951144,0.15873434,0.9512095,0.99565923,0.0153549565,0.06061157,-0.06894276,-0.033570632,-0.31369263,1.1407005,-0.1264733,0.5423626,0.01558337,3.0,3.0,3.0,3.0,3.0,3.0,3.0,3.0,3.0,3.0,3.0,3.0,3.0,3.0,3.0,3.0,3.0,3.0,3.0,3.0,3.0,3.0,3.0,3.0,3.0,3.0,3.0,3.0,3.0,3.0,3.0,3.0,3.0,3.0,3.0,3.0,1.4655056,-0.48950005,0.9823259,26.036621
220,-0.029301347907748493,1.9954919,0.16536842,0.92734796,0.99539214,0.015092835,0.06558598,-0.06830225,-0.0075520733,-0.3215716,1.1474341,0.017807217,0.4363798,0.105640665,3.0,3.0,3.0,3.0,3.0,3.0,3.0,3.0,3.0,3.0,3.0,3.0,3.0,3.0,3.0,3.0,3.0,3.0,3.0,3.0,3.0,3.0,3.0,3.0,3.0,3.0,3.0,3.0,3.0,3.0,3.0,3.0,3.0,3.0,3.0,3.0,3.1673393,4.4354515,0.87046504,-20.825874
225,0.14710961072383547,1.9952878,0.17216896,0.90325755,0.995037,0.01536243,0.071965575,-0.06698015,0.021186238,-0.32951313,1.1583983,0.18943733,0.53458124,0.22785571,3.0,3.0,3.0,3.0,3.0,3.0,3.0,3.0,3.0,3.0,3.0,3.0,3.0,3.0,3.0,3.0,3.0,3.0,3.0,3.0,3.0,3.0,3.0,3.0,3.0,3.0,3.0,3.0,3.0,3.0,3.0,3.0,3.0,3.0,3.0,3.0,1.1669769,2.0226154,0.95949686,-3.0934525
230,-0.1649219521586831,1.9944905,0.17912672,0.87921345,0.994418,0.014912287,0.079594314,-0.06763977,0.04646283,-0.33597493,1.1270112,0.036409207,0.6709935,-0.19382173,3.0,3.0,3.0,3.0,3.0,3.0,3.0,3.0,3.0,3.0,3.0,3.0,3.0,3.0,3.0,3.0,3.0,3.0,3.0,3.0,3.0,3.0,3.0,3.0,3.0,3.0,3.0,3.0,3.0,3.0,3.0,3.0,3.0,3.0,3.0,3.0,0.47973585,-0.3613162,0.80342555,34.843307
235,-0.19232823950216585,1.9931746,0.1862097,0.8561277,0.9936411,0.018165866,0.08744011,-0.06856863,0.0778273,-0.34360585,1.1148396,0.6339702,0.87190485,0.069901735,3.0,3.0,3.0,3.0,3.0,3.0,3.0,3.0,3.0,3.0,3.0,3.0,3.0,3.0,3.0,3.0,3.0,3.0,3.0,3.0,3.0,3.0,3.0,3.0,3.0,3.0,3.0,3.0,3.0,3.0,3.0,3.0,3.0,3.0,3.0,3.0,-2.4409966,1.4408374,0.95717883,-36.912907
240,-0.21265880181107913,1.9911975,0.19346145,0.8334424,0.99322253,0.02061303,0.09434453,-0.06467782,0.11035379,-0.35235253,1.0922282,0.038290896,0.67194253,0.28974146,3.0,3.0,3.0,3.0,3.0,3.0,3.0,3.0,3.0,3.0,3.0,3.0,3.0,3.0,3.0,3.0,3.0,3.0,3.0,3.0,3.0,3.0,3.0,3.0,3.0,3.0,3.0,3.0,3.0,3.0,3.0,3.0,3.0,3.0,3.0,3.0,0.7875147,-3.176403,0.9449465,-40.165245
245,-0.12867764859038475,1.9882557,0.20098014,0.8098491,0.9927442,0.021978505,0.10224586,-0.05934407,0.16299316,-0.3668375,1.1625011,0.4138391,0.8809941,0.7627392,3.0,3.0,3.0,3.0,3.0,3.0,3.0,3.0,3.0,3.0,3.0,3.0,3.0,3.0,3.0,3.0,3.0,3.0,3.0,3.0,3.0,3.0,3.0,3.0,3.0,3.0,3.0,3.0,3.0,3.0,3.0,3.0,3.0,3.0,3.0,3.0,0.84380054,0.39100695,0.37281656,-31.743515
250,-0.22506427958798952,1.9844965,0.20871617,0.78644294,0.9921762,0.023410307,0.111009374,-0.05210825,0.19808768,-0.3759718,1.1243814,0.20017663,0.7228385,0.5788317,3.0,3.0,3.0,3.0,3.0,3.0,3.0,3.0,3.0,3.0,3.0,3.0,3.0,3.0,3.0,3.0,3.0,3.0,3.0,3.0,3.0,3.0,3.0,3.0,3.0,3.0,3.0,3.0,3.0,3.0,3.0,3.0,3.0,3.0,3.0,3.0,0.77562094,-2.6767685,0.91580045,-42.416103
255,-0.2000630708605028,1.9797392,0.2167101,0.7627559,0.99156743,0.025910927,0.118894994,-0.044571124,0.2420074,-0.38710943,1.1150825,0.3365965,0.75083596,0.7442198,3.0,3.0,3.0,3.0,3.0,3.0,3.0,3.0,3.0,3.0,3.0,3.0,3.0,3.0,3.0,3.0,3.0,3.0,3.0,3.0,3.0,3.0,3.0,3.0,3.0,3.0,3.0,3.0,3.0,3.0,3.0,3.0,3.0,3.0,3.0,3.0,-1.1275125,-2.9282012,0.9138657,-39.921864
260,0.04995899219643726,1.9740939,0.22492822,0.7395778,0.9910336,0.02803727,0.124859184,-0.038424473,0.29034466,-0.39940265,1.1095846,0.14478584,0.42453238,0.5690582,3.0,3.0,3.0,3.0,3.0,3.0,3.0,3.0,3.0,3.0,3.0,3.0,3.0,3.0,3.0,3.0,3.0,3.0,3.0,3.0,3.0,3.0,3.0,3.0,3.0,3.0,3.0,3.0,3.0,3.0,3.0,3.0,3.0,3.0,3.0,3.0,3.0512943,-3.5694885,0.9651768,16.294453
265,0.07681482350914282,1.9671311,0.23348472,0.7154175,0.99022657,0.030796122,0.13232246,-0.03152372,0.35832983,-0.41682068,1.1708761,0.614942,0.64425236,0.7441363,3.0,3.0,3.0,3.0,3.0,3.0,3.0,3.0,3.0,3.0,3.0,3.0,3.0,3.0,3.0,3.0,3.0,3.0,3.0,3.0,3.0,3.0,3.0,3.0,3.0,3.0,3.0,3.0,3.0,3.0,3.0,3.0,3.0,3.0,3.0,3.0,2.0397253,3.6766996,0.87612474,-13.801748
270,0.02103214274648635,1.9589318,0.24235599,0.69086,0.98937875,0.03298021,0.13918881,-0.025854819,0.41345468,-0.4308941,1.1696274,0.1594473,0.7678026,0.42057452,3.0,3.0,3.0,3.0,3.0,3.0,3.0,3.0,3.0,3.0,3.0,3.0,3.0,3.0,3.0,3.0,3.0,3.0,3.0,3.0,3.0,3.0,3.0,3.0,3.0,3.0,3.0,3.0,3.0,3.0,3.0,3.0,3.0,3.0,3.0,3.0,0.8318682,-3.546189,0.94313145,-21.188732
275,0.14994509818672616,1.9496633,0.25149906,0.66674286,0.98850805,0.03356663,0.1457702,-0.021821108,0.4653094,-0.4439847,1.1460155,-0.161816,0.474144,0.21040997,3.0,3.0,3.0,3.0,3.0,3.0,3.0,3.0,3.0,3.0,3.0,3.0,3.0,3.0,3.0,3.0,3.0,3.0,3.0,3.0,3.0,3.0,3.0,3.0,3.0,3.0,3.0,3.0,3.0,3.0,3.0,3.0,3.0,3.0,3.0,3.0,2.6974993,-0.4738202,9.870529e-05,-9.069191
280,0.19970150891881858,1.939296,0.2609097,0.64317775,0.98746175,0.03451242,0.1530672,-0.017280692,0.5206895,-0.45715395,1.1256477,0.4037077,0.8423544,0.5965117,3.0,3.0,3.0,3.0,3.0,3.0,3.0,3.0,3.0,3.0,3.0,3.0,3.0,3.0,3.0,3.0,3.0,3.0,3.0,3.0,3.0,3.0,3.0,3.0,3.0,3.0,3.0,3.0,3.0,3.0,3.0,3.0,3.0,3.0,3.0,3.0,0.17132473,2.0877504,0.30639732,3.4569473
285,0.041341002061905885,1.9279867,0.27053845,0.6208243,0.9862235,0.037427,0.16064231,-0.012509787,0.56726134,-0.46789664,1.0667025,0.32451904,0.5020983,0.16763212,3.0,3.0,3.0,3.0,3.0,3.0,3.0,3.0,3.0,3.0,3.0,3.0,3.0,3.0,3.0,3.0,3.0,3.0,3.0,3.0,3.0,3.0,3.0,3.0,3.0,3.0,3.0,3.0,3.0,3.0,3.0,3.0,3.0,3.0,3.0,3.0,0.27735233,1.9014788,0.9701121,21.335617
290,-0.14774579477544147,1.9151468,0.28052965,0.59808433,0.9854325,0.037359726,0.16540952,-0.012911686,0.6555387,-0.48897317,1.1267182,-0.23365621,0.73568803,-0.14707157,3.0,3.0,3.0,3.0,3.0,3.0,3.0,3.0,3.0,3.0,3.0,3.0,3.0,3.0,3.0,3.0,3.0,3.0,3.0,3.0,3.0,3.0,3.0,3.0,3.0,3.0,3.0,3.0,3.0,3.0,3.0,3.0,3.0,3.0,3.0,3.0,-1.7834294,-4.521028,0.88365555,41.32302
295,-0.07104103934231065,1.9008195,0.29086837,0.57520705,0.9844181,0.03848237,0.17102566,-0.013794839,0.7099818,-0.5012453,1.0807949,0.32182345,0.44976678,0.03657644,3.0,3.0,3.0,3.0,3.0,3.0,3.0,3.0,3.0,3.0,3.0,3.0,3.0,3.0,3.0,3.0,3.0,3.0,3.0,3.0,3.0,3.0,3.0,3.0,3.0,3.0,3.0,3.0,3.0,3.0,3.0,3.0,3.0,3.0,3.0,3.0,0.6691475,3.8162565,0.96111596,34.87744
300,0.2403113295512826,1.8849746,0.30155504,0.55227786,0.9838638,0.037733305,0.17413789,-0.016256252,0.8001861,-0.5221778,1.1297296,-0.26780295,0.39287466,-0.30573556,3.0,3.0,3.0,3.0,3.0,3.0,3.0,3.0,3.0,3.0,3.0,3.0,3.0,3.0,3.0,3.0,3.0,3.0,3.0,3.0,3.0,3.0,3.0,3.0,3.0,3.0,3.0,3.0,3.0,3.0,3.0,3.0,3.0,3.0,3.0,3.0,0.54070234,-1.9617548,0.5038061,5.0605354
305,0.08714321197961611,1.8673756,0.3126411,0.5287257,0.9833128,0.036374163,0.1771984,-0.019327773,0.88489294,-0.54109234,1.1590444,-0.24588458,0.38288054,-0.26703873,3.0,3.0,3.0,3.0,3.0,3.0,3.0,3.0,3.0,3.0,3.0,3.0,3.0,3.0,3.0,3.0,3.0,3.0,3.0,3.0,3.0,3.0,3.0,3.0,3.0,3.0,3.0,3.0,3.0,3.0,3.0,3.0,3.0,3.0,3.0,3.0,1.613575,-4.0488605,0.8271601,22.35675
310,-0.10801439800604778,1.8478692,0.32414764,0.50421363,0.98269296,0.036403075,0.1804032,-0.021071699,0.9787184,-0.5615999,1.209726,-0.10948491,0.5930242,-0.19901776,3.0,3.0,3.0,3.0,3.0,3.0,3.0,3.0,3.0,3.0,3.0,3.0,3.0,3.0,3.0,3.0,3.0,3.0,3.0,3.0,3.0,3.0,3.0,3.0,3.0,3.0,3.0,3.0,3.0,3.0,3.0,3.0,3.0,3.0,3.0,3.0,0.45598507,-4.077159,0.9511311,43.56138
315,-0.0791650346798104,1.8263831,0.33608413,0.478634,0.98171335,0.036566287,0.18541154,-0.022897901,1.0646597,-0.5800853,1.2345223,0.06004797,0.4377236,-0.13836823,3.0,3.0,3.0,3.0,3.0,3.0,3.0,3.0,3.0,3.0,3.0,3.0,3.0,3.0,3.0,3.0,3.0,3.0,3.0,3.0,3.0,3.0,3.0,3.0,3.0,3.0,3.0,3.0,3.0,3.0,3.0,3.0,3.0,3.0,3.0,3.0,3.5785875,2.2809386,0.94276047,42.673485
320,-0.07444161662734833,1.8029788,0.34842923,0.4522987,0.9803369,0.03735644,0.1922235,-0.024374668,1.1676441,-0.6019625,1.2954701,0.23405646,0.82838106,-0.041436296,3.0,3.0,3.0,3.0,3.0,3.0,3.0,3.0,3.0,3.0,3.0,3.0,3.0,3.0,3.0,3.0,3.0,3.0,3.0,3.0,3.0,3.0,3.0,3.0,3.0,3.0,3.0,3.0,3.0,3.0,3.0,3.0,3.0,3.0,3.0,3.0,1.398418,-1.0549092,0.9486611,43.207825
325,0.0015294341312499515,1.7780277,0.36109838,0.42627543,0.97901607,0.04002234,0.19832195,-0.024374677,1.2177868,-0.6123311,1.2177091,0.053193934,0.45800078,-0.13780978,3.0,3.0,3.0,3.0,3.0,3.0,3.0,3.0,3.0,3.0,3.0,3.0,3.0,3.0,3.0,3.0,3.0,3.0,3.0,3.0,3.0,3.0,3.0,3.0,3.0,3.0,3.0,3.0,3.0,3.0,3.0,3.0,3.0,3.0,3.0,3.0,-0.27057552,0.51433325,0.8649634,36.363487
330,-0.008735427621756275,1.7522724,0.37393314,0.40249556,0.9780014,0.04073824,0.20294149,-0.025853513,1.2486873,-0.6185936,1.0906554,0.05518444,0.45695037,-0.13472264,3.0,3.0,3.0,3.0,3.0,3.0,3.0,3.0,3.0,3.0,3.0,3.0,3.0,3.0,3.0,3.0,3.0,3.0,3.0,3.0,3.0,3.0,3.0,3.0,3.0,3.0,3.0,3.0,3.0,3.0,3.0,3.0,3.0,3.0,3.0,3.0,-1.549645,-0.44803858,0.93611336,37.016167
335,0.08465036146082933,1.7258645,0.38690084,0.3813629,0.9769643,0.04146558,0.20754741,-0.027302824,1.2802643,-0.6250465,0.96350956,0.055776782,0.45621714,-0.1348617,3.0,3.0,3.0,3.0,3.0,3.0,3.0,3.0,3.0,3.0,3.0,3.0,3.0,3.0,3.0,3.0,3.0,3.0,3.0,3.0,3.0,3.0,3.0,3.0,3.0,3.0,3.0,3.0,3.0,3.0,3.0,3.0,3.0,3.0,3.0,3.0,-2.26234,0.3494587,0.90164113,27.33371
340,-0.04799111045600285,1.6987743,0.40000904,0.36284447,0.9759314,0.04233889,0.2119472,-0.029045727,1.3163,-0.6325588,0.8446921,0.08914291,0.36603805,-0.29072648,3.0,3.0,3.0,3.0,3.0,3.0,3.0,3.0,3.0,3.0,3.0,3.0,3.0,3.0,3.0,3.0,3.0,3.0,3.0,3.0,3.0,3.0,3.0,3.0,3.0,3.0,3.0,3.0,3.0,3.0,3.0,3.0,3.0,3.0,3.0,3.0,0.064442635,-0.4327898,0.9276531,40.890427
345,0.01691258228696152,1.6706175,0.4133471,0.34611997,0.97571963,0.041632976,0.21301492,-0.029368628,1.3678457,-0.64369345,0.75888586,-0.21624509,-0.012983737,-0.008025719,3.0,3.0,3.0,3.0,3.0,3.0,3.0,3.0,3.0,3.0,3.0,3.0,3.0,3.0,3.0,3.0,3.0,3.0,3.0,3.0,3.0,3.0,3.0,3.0,3.0,3.0,3.0,3.0,3.0,3.0,3.0,3.0,3.0,3.0,3.0,3.0,-2.4648995,4.283471,0.9933095,34.579536
350,0.03758094703308007,1.6416278,0.42685926,0.3317171,0.97605467,0.038301338,0.21193148,-0.030583471,1.4124887,-0.65294117,0.65783256,-0.55470854,-0.22212754,-0.14108458,3.0,3.0,3.0,3.0,3.0,3.0,3.0,3.0,3.0,3.0,3.0,3.0,3.0,3.0,3.0,3.0,3.0,3.0,3.0,3.0,3.0,3.0,3.0,3.0,3.0,3.0,3.0,3.0,3.0,3.0,3.0,3.0,3.0,3.0,3.0,3.0,-1.9232223,1.713047,0.76230097,32.11579
355,0.1346174178517413,1.6112832,0.4406454,0.31846535,0.977245,0.029916205,0.20707272,-0.034901693,1.4897484,-0.6681549,0.6305993,-1.0892519,-0.6323201,-0.15513086,3.0,3.0,3.0,3.0,3.0,3.0,3.0,3.0,3.0,3.0,3.0,3.0,3.0,3.0,3.0,3.0,3.0,3.0,3.0,3.0,3.0,3.0,3.0,3.0,3.0,3.0,3.0,3.0,3.0,3.0,3.0,3.0,3.0,3.0,3.0,3.0,0.7273221,3.7873697,0.9080384,-22.316446
360,0.21935060349622948,1.5789899,0.45477897,0.3049448,0.9795354,0.01718599,0.19693802,-0.037820727,1.5755252,-0.682245,0.62854326,-1.2556921,-1.0150084,0.030552404,3.0,3.0,3.0,3.0,3.0,3.0,3.0,3.0,3.0,3.0,3.0,3.0,3.0,3.0,3.0,3.0,3.0,3.0,3.0,3.0,3.0,3.0,3.0,3.0,3.0,3.0,3.0,3.0,3.0,3.0,3.0,3.0,3.0,3.0,3.0,3.0,3.0829897,2.9626722,0.92723393,-14.480747
365,0.048052597852285994,1.5447863,0.4691565,0.2910122,0.98104554,0.0013702397,0.1892131,-0.04178771,1.6585323,-0.691391,0.6310299,-1.6397257,-0.64543676,-0.10538368,3.0,3.0,3.0,3.0,3.0,3.0,3.0,3.0,3.0,3.0,3.0,3.0,3.0,3.0,3.0,3.0,3.0,3.0,3.0,3.0,3.0,3.0,3.0,3.0,3.0,3.0,3.0,3.0,3.0,3.0,3.0,3.0,3.0,3.0,3.0,3.0,-3.087277,-4.375983,0.881541,-31.936779
370,0.2021705097080404,1.509639,0.48356283,0.2788115,0.982542,-0.012921206,0.18012653,-0.044706807,1.7167937,-0.6912776,0.5832951,-1.1241795,-1.1051329,0.14185971,3.0,3.0,3.0,3.0,3.0,3.0,3.0,3.0,3.0,3.0,3.0,3.0,3.0,3.0,3.0,3.0,3.0,3.0,3.0,3.0,3.0,3.0,3.0,3.0,3.0,3.0,3.0,3.0,3.0,3.0,3.0,3.0,3.0,3.0,3.0,3.0,4.8080263,4.0257225,0.79976773,-17.590427
375,0.1433121709616827,1.472047,0.49788544,0.26425847,0.9848063,-0.024873149,0.16607139,-0.044251814,1.8600258,-0.6835878,0.77222794,-1.3058205,-1.2672377,0.23161924,3.0,3.0,3.0,3.0,3.0,3.0,3.0,3.0,3.0,3.0,3.0,3.0,3.0,3.0,3.0,3.0,3.0,3.0,3.0,3.0,3.0,3.0,3.0,3.0,3.0,3.0,3.0,3.0,3.0,3.0,3.0,3.0,3.0,3.0,3.0,3.0,3.1946354,2.456521,0.9143431,-26.732714
380,0.014255735895495003,1.4323848,0.51200294,0.24796593,0.98633194,-0.039772756,0.1535359,-0.044655398,1.9283638,-0.6728458,0.7783758,-1.4416237,-1.3314117,0.474167,3.0,3.0,3.0,3.0,3.0,3.0,3.0,3.0,3.0,3.0,3.0,3.0,3.0,3.0,3.0,3.0,3.0,3.0,3.0,3.0,3.0,3.0,3.0,3.0,3.0,3.0,3.0,3.0,3.0,3.0,3.0,3.0,3.0,3.0,3.0,3.0,3.7235365,-1.8926196,0.76409006,-40.103146
385,0.04863861585935564,1.3913078,0.5257939,0.23132835,0.9877001,-0.053717986,0.14093252,-0.041242134,1.9899013,-0.65622723,0.7808623,-1.4358164,-1.1336569,0.62071794,3.0,3.0,3.0,3.0,3.0,3.0,3.0,3.0,3.0,3.0,3.0,3.0,3.0,3.0,3.0,3.0,3.0,3.0,3.0,3.0,3.0,3.0,3.0,3.0,3.0,3.0,3.0,3.0,3.0,3.0,3.0,3.0,3.0,3.0,3.0,3.0,0.6060047,-1.4227607,0.94226,-37.574974
390,-0.010954906734835346,1.34899,0.53912675,0.21448371,0.9887203,-0.067961104,0.12816086,-0.0372594,2.0549316,-0.6293126,0.8165484,-1.505971,-1.1823897,0.8482912,3.0,3.0,3.0,3.0,3.0,3.0,3.0,3.0,3.0,3.0,3.0,3.0,3.0,3.0,3.0,3.0,3.0,3.0,3.0,3.0,3.0,3.0,3.0,3.0,3.0,3.0,3.0,3.0,3.0,3.0,3.0,3.0,3.0,3.0,3.0,3.0,0.3526616,0.14644098,0.9360111,-44.18908
395,0.040028655641047184,1.3055481,0.55186874,0.19742608,0.9897589,-0.08077908,0.114345394,-0.02787805,2.1064587,-0.59772277,0.8280339,-1.0480002,-1.1598014,1.3898314,3.0,3.0,3.0,3.0,3.0,3.0,3.0,3.0,3.0,3.0,3.0,3.0,3.0,3.0,3.0,3.0,3.0,3.0,3.0,3.0,3.0,3.0,3.0,3.0,3.0,3.0,3.0,3.0,3.0,3.0,3.0,3.0,3.0,3.0,3.0,3.0,-2.8220007,-1.4510381,0.6732712,-39.23447
400,0.009238645219885544,1.2612748,0.5639748,0.18078168,0.99065566,-0.09221436,0.09887184,-0.017952353,2.1466784,-0.5623139,0.8219948,-0.9544077,-1.439746,1.1198233,3.0,3.0,3.0,3.0,3.0,3.0,3.0,3.0,3.0,3.0,3.0,3.0,3.0,3.0,3.0,3.0,3.0,3.0,3.0,3.0,3.0,3.0,3.0,3.0,3.0,3.0,3.0,3.0,3.0,3.0,3.0,3.0,3.0,3.0,3.0,3.0,0.19384956,-1.8698902,0.9766197,-43.05855
405,0.0004246782810317651,1.2159402,0.57503843,0.16286302,0.99147373,-0.10059935,0.08220311,-0.010114979,2.1941528,-0.5098328,0.8840739,-0.71301675,-1.4790813,1.2403963,3.0,3.0,3.0,3.0,3.0,3.0,3.0,3.0,3.0,3.0,3.0,3.0,3.0,3.0,3.0,3.0,3.0,3.0,3.0,3.0,3.0,3.0,3.0,3.0,3.0,3.0,3.0,3.0,3.0,3.0,3.0,3.0,3.0,3.0,3.0,3.0,1.819169,-1.3243551,0.8182101,-44.63397
410,0.009906007235715053,1.16981,0.5850317,0.14406252,0.9920935,-0.10766838,0.064427674,-0.0026693367,2.2286735,-0.45618466,0.9285544,-0.622075,-1.677978,0.8326938,3.0,3.0,3.0,3.0,3.0,3.0,3.0,3.0,3.0,3.0,3.0,3.0,3.0,3.0,3.0,3.0,3.0,3.0,3.0,3.0,3.0,3.0,3.0,3.0,3.0,3.0,3.0,3.0,3.0,3.0,3.0,3.0,3.0,3.0,3.0,3.0,-2.8550901,-0.34857988,0.9368073,-44.17668
415,0.005614558596394537,1.1231848,0.5940508,0.12517929,0.9928406,-0.11127849,0.043407213,-0.0006496531,2.2432911,-0.41716492,0.8916684,-0.11906818,-2.0392315,0.13440178,3.0,3.0,3.0,3.0,3.0,3.0,3.0,3.0,3.0,3.0,3.0,3.0,3.0,3.0,3.0,3.0,3.0,3.0,3.0,3.0,3.0,3.0,3.0,3.0,3.0,3.0,3.0,3.0,3.0,3.0,3.0,3.0,3.0,3.0,3.0,3.0,3.8766022,-3.3124657,0.99348164,-44.02848
420,0.06857966984097241,1.0762457,0.601981,0.10590438,0.9933665,-0.11260246,0.023318311,-2.1318952e-05,2.2571888,-0.35954615,0.9331094,-0.05186345,-1.8457997,0.25836033,3.0,3.0,3.0,3.0,3.0,3.0,3.0,3.0,3.0,3.0,3.0,3.0,3.0,3.0,3.0,3.0,3.0,3.0,3.0,3.0,3.0,3.0,3.0,3.0,3.0,3.0,3.0,3.0,3.0,3.0,3.0,3.0,3.0,3.0,3.0,3.0,-0.6574459,-0.33984947,0.9629508,-38.400063
425,0.028745378178669956,1.0291537,0.6086806,0.08565342,0.99382585,-0.11081133,0.005269407,-0.0018167192,2.2615817,-0.292803,1.0138656,0.0139722945,-1.4443547,-0.13978262,3.0,3.0,3.0,3.0,3.0,3.0,3.0,3.0,3.0,3.0,3.0,3.0,3.0,3.0,3.0,3.0,3.0,3.0,3.0,3.0,3.0,3.0,3.0,3.0,3.0,3.0,3.0,3.0,3.0,3.0,3.0,3.0,3.0,3.0,3.0,3.0,-0.84345245,0.5971408,0.97105885,-43.131523
430,0.03287016191320652,0.9820881,0.6139746,0.06359898,0.99377656,-0.110532686,-0.012851599,-0.005046025,2.2563226,-0.23126282,1.0754584,0.101130046,-1.9095984,-0.39102665,3.0,3.0,3.0,3.0,3.0,3.0,3.0,3.0,3.0,3.0,3.0,3.0,3.0,3.0,3.0,3.0,3.0,3.0,3.0,3.0,3.0,3.0,3.0,3.0,3.0,3.0,3.0,3.0,3.0,3.0,3.0,3.0,3.0,3.0,3.0,3.0,-1.0644088,1.8318062,0.98269963,-41.274296
435,0.12033135672828815,0.93521935,0.61825234,0.041427277,0.99332505,-0.1099727,-0.033431284,-0.009676969,2.2452214,-0.19514097,1.0253845,0.18469088,-1.8907173,-0.2203969,3.0,3.0,3.0,3.0,3.0,3.0,3.0,3.0,3.0,3.0,3.0,3.0,3.0,3.0,3.0,3.0,3.0,3.0,3.0,3.0,3.0,3.0,3.0,3.0,3.0,3.0,3.0,3.0,3.0,3.0,3.0,3.0,3.0,3.0,3.0,3.0,2.0034413,-2.212346,0.9802122,-31.452312
440,0.08302993364192274,0.88873047,0.6216299,0.01962377,0.9928433,-0.1067964,-0.05203676,-0.012206231,2.2219982,-0.14274897,1.0494978,0.4722586,-1.7296191,-0.011684484,3.0,3.0,3.0,3.0,3.0,3.0,3.0,3.0,3.0,3.0,3.0,3.0,3.0,3.0,3.0,3.0,3.0,3.0,3.0,3.0,3.0,3.0,3.0,3.0,3.0,3.0,3.0,3.0,3.0,3.0,3.0,3.0,3.0,3.0,3.0,3.0,3.4152918,0.6690459,0.9919064,-34.458485
445,-0.0191168700311668,0.8429059,0.62378895,-0.0033402906,0.99196595,-0.10307473,-0.07151349,-0.016276436,2.187188,-0.08473146,1.1054655,0.45483392,-2.1100075,-0.2258532,3.0,3.0,3.0,3.0,3.0,3.0,3.0,3.0,3.0,3.0,3.0,3.0,3.0,3.0,3.0,3.0,3.0,3.0,3.0,3.0,3.0,3.0,3.0,3.0,3.0,3.0,3.0,3.0,3.0,3.0,3.0,3.0,3.0,3.0,3.0,3.0,4.3105307,-2.2671795,0.99813676,-42.64901
450,-0.023777890567215576,0.79761225,0.62526965,-0.025105054,0.9908619,-0.09710451,-0.0915591,-0.019503891,2.1636066,-0.060552802,1.0116348,0.6640179,-1.7845013,0.09681988,3.0,3.0,3.0,3.0,3.0,3.0,3.0,3.0,3.0,3.0,3.0,3.0,3.0,3.0,3.0,3.0,3.0,3.0,3.0,3.0,3.0,3.0,3.0,3.0,3.0,3.0,3.0,3.0,3.0,3.0,3.0,3.0,3.0,3.0,3.0,3.0,4.5226173,1.15691,0.9788072,-42.29809
455,-0.050177763611828685,0.7532439,0.62584907,-0.046952978,0.9895987,-0.09404878,-0.10616271,-0.024056215,2.0995617,9.887198e-05,1.105443,-0.026490008,-1.3339016,-0.23892227,3.0,3.0,3.0,3.0,3.0,3.0,3.0,3.0,3.0,3.0,3.0,3.0,3.0,3.0,3.0,3.0,3.0,3.0,3.0,3.0,3.0,3.0,3.0,3.0,3.0,3.0,3.0,3.0,3.0,3.0,3.0,3.0,3.0,3.0,3.0,3.0,0.9273186,3.846549,0.99772716,-44.3673
460,-0.06125369828009469,0.7104014,0.62508154,-0.07123416,0.9880816,-0.093491405,-0.11899578,-0.02818035,2.0289562,0.059107725,1.1938936,0.19308524,-1.3274113,-0.3807809,3.0,3.0,3.0,3.0,3.0,3.0,3.0,3.0,3.0,3.0,3.0,3.0,3.0,3.0,3.0,3.0,3.0,3.0,3.0,3.0,3.0,3.0,3.0,3.0,3.0,3.0,3.0,3.0,3.0,3.0,3.0,3.0,3.0,3.0,3.0,3.0,-3.346131,1.0200768,0.9853834,-43.45311
465,-0.05861208029359405,0.6689473,0.6232285,-0.09661939,0.98619455,-0.09085637,-0.13391836,-0.03508953,1.9734795,0.10003968,1.1911094,0.56153595,-1.3850242,-0.6895391,3.0,3.0,3.0,3.0,3.0,3.0,3.0,3.0,3.0,3.0,3.0,3.0,3.0,3.0,3.0,3.0,3.0,3.0,3.0,3.0,3.0,3.0,3.0,3.0,3.0,3.0,3.0,3.0,3.0,3.0,3.0,3.0,3.0,3.0,3.0,3.0,2.7966728,0.09795618,0.98020864,-40.995056
470,-0.09765406131226029,0.62852484,0.62069756,-0.12111661,0.98497957,-0.08653141,-0.14331959,-0.04227327,1.9127247,0.13905236,1.1832112,0.25436434,-0.64878845,-0.38027632,3.0,3.0,3.0,3.0,3.0,3.0,3.0,3.0,3.0,3.0,3.0,3.0,3.0,3.0,3.0,3.0,3.0,3.0,3.0,3.0,3.0,3.0,3.0,3.0,3.0,3.0,3.0,3.0,3.0,3.0,3.0,3.0,3.0,3.0,3.0,3.0,-1.4445317,2.7228189,0.9625201,-44.399986
475,-0.113617031331957,0.5898418,0.6170738,-0.14695315,0.9836092,-0.08344755,-0.15263888,-0.047443323,1.8350565,0.18658747,1.2235097,0.4602555,-1.0135305,-0.3924442,3.0,3.0,3.0,3.0,3.0,3.0,3.0,3.0,3.0,3.0,3.0,3.0,3.0,3.0,3.0,3.0,3.0,3.0,3.0,3.0,3.0,3.0,3.0,3.0,3.0,3.0,3.0,3.0,3.0,3.0,3.0,3.0,3.0,3.0,3.0,3.0,0.35014343,1.6503286,0.9823053,-43.092957
480,-0.146555839935052,0.552454,0.6127149,-0.172361,0.9818122,-0.07935253,-0.16426966,-0.052569244,1.7732165,0.22041556,1.1971115,0.39552405,-1.0311512,-0.35533565,3.0,3.0,3.0,3.0,3.0,3.0,3.0,3.0,3.0,3.0,3.0,3.0,3.0,3.0,3.0,3.0,3.0,3.0,3.0,3.0,3.0,3.0,3.0,3.0,3.0,3.0,3.0,3.0,3.0,3.0,3.0,3.0,3.0,3.0,3.0,3.0,1.6503325,0.14555025,0.9149177,-44.54961
485,-0.09594958736171683,0.5162899,0.6077369,-0.1968408,0.9803237,-0.07565794,-0.17388177,-0.054831497,1.7125947,0.25015664,1.154688,0.2631594,-0.9387552,0.070546634,3.0,3.0,3.0,3.0,3.0,3.0,3.0,3.0,3.0,3.0,3.0,3.0,3.0,3.0,3.0,3.0,3.0,3.0,3.0,3.0,3.0,3.0,3.0,3.0,3.0,3.0,3.0,3.0,3.0,3.0,3.0,3.0,3.0,3.0,3.0,3.0,1.4361882,3.12669,0.37966895,-37.909424
490,-0.1636313738494899,0.4812167,0.60225743,-0.21984197,0.9786398,-0.07126294,-0.18438967,-0.056446776,1.6657171,0.27054963,1.0651001,0.30737078,-0.97984654,0.0016395259,3.0,3.0,3.0,3.0,3.0,3.0,3.0,3.0,3.0,3.0,3.0,3.0,3.0,3.0,3.0,3.0,3.0,3.0,3.0,3.0,3.0,3.0,3.0,3.0,3.0,3.0,3.0,3.0,3.0,3.0,3.0,3.0,3.0,3.0,3.0,3.0,1.3094187,0.94274044,0.821862,-43.0141
495,-0.1518963483406327,0.4473637,0.5962673,-0.24152914,0.976979,-0.070324264,-0.19349588,-0.055909414,1.6033779,0.29613236,1.0095892,-0.07384911,-0.9346592,0.16512693,3.0,3.0,3.0,3.0,3.0,3.0,3.0,3.0,3.0,3.0,3.0,3.0,3.0,3.0,3.0,3.0,3.0,3.0,3.0,3.0,3.0,3.0,3.0,3.0,3.0,3.0,3.0,3.0,3.0,3.0,3.0,3.0,3.0,3.0,3.0,3.0,1.8208303,-2.212079,-0.5673983,-40.420223
500,-0.03174564958873222,0.4144116,0.58993405,-0.2609746,0.9750912,-0.07019335,-0.20315263,-0.054762773,1.5670664,0.30923513,0.8825395,-0.07342944,-0.93314195,0.1649829,3.0,3.0,3.0,3.0,3.0,3.0,3.0,3.0,3.0,3.0,3.0,3.0,3.0,3.0,3.0,3.0,3.0,3.0,3.0,3.0,3.0,3.0,3.0,3.0,3.0,3.0,3.0,3.0,3.0,3.0,3.0,3.0,3.0,3.0,3.0,3.0,1.4721212,-2.5125182,-0.701619,-27.443846
505,-0.09163757365027708,0.38237694,0.5832691,-0.27810562,0.97334766,-0.06864274,-0.21187678,-0.054687247,1.5207714,0.32583857,0.7753518,0.12569325,-0.8393007,0.06763782,3.0,3.0,3.0,3.0,3.0,3.0,3.0,3.0,3.0,3.0,3.0,3.0,3.0,3.0,3.0,3.0,3.0,3.0,3.0,3.0,3.0,3.0,3.0,3.0,3.0,3.0,3.0,3.0,3.0,3.0,3.0,3.0,3.0,3.0,3.0,3.0,-0.35264635,-4.075012,-0.84778917,-32.637993
510,-0.1603431223059277,0.35117805,0.57632,-0.29266393,0.9715862,-0.06674704,-0.22034831,-0.054878075,1.4819053,0.33867118,0.6477311,0.12443672,-0.838202,0.06708061,3.0,3.0,3.0,3.0,3.0,3.0,3.0,3.0,3.0,3.0,3.0,3.0,3.0,3.0,3.0,3.0,3.0,3.0,3.0,3.0,3.0,3.0,3.0,3.0,3.0,3.0,3.0,3.0,3.0,3.0,3.0,3.0,3.0,3.0,3.0,3.0,1.6827021,-1.1524854,0.75563085,-38.98864
515,-0.1819641627256532,0.32102302,0.56902593,-0.30503112,0.97022134,-0.06385264,-0.22748567,-0.053326372,1.4313618,0.3550819,0.542447,0.19077791,-0.69945306,0.24439748,3.0,3.0,3.0,3.0,3.0,3.0,3.0,3.0,3.0,3.0,3.0,3.0,3.0,3.0,3.0,3.0,3.0,3.0,3.0,3.0,3.0,3.0,3.0,3.0,3.0,3.0,3.0,3.0,3.0,3.0,3.0,3.0,3.0,3.0,3.0,3.0,4.0359735,-3.015101,-0.89850086,-40.75359
520,-0.12758533795702656,0.29171392,0.56147736,-0.31473124,0.96879727,-0.06095594,-0.23459707,-0.051773075,1.390352,0.36709803,0.4143526,0.19072662,-0.6983284,0.24413615,3.0,3.0,3.0,3.0,3.0,3.0,3.0,3.0,3.0,3.0,3.0,3.0,3.0,3.0,3.0,3.0,3.0,3.0,3.0,3.0,3.0,3.0,3.0,3.0,3.0,3.0,3.0,3.0,3.0,3.0,3.0,3.0,3.0,3.0,3.0,3.0,3.6992912,-4.0724897,-0.66895705,-35.08317
525,0.07107614085938907,0.26327184,0.5536847,-0.32176006,0.9673144,-0.058057155,-0.24168213,-0.050218273,1.3483299,0.37860963,0.28603935,0.19067293,-0.6972055,0.24387881,3.0,3.0,3.0,3.0,3.0,3.0,3.0,3.0,3.0,3.0,3.0,3.0,3.0,3.0,3.0,3.0,3.0,3.0,3.0,3.0,3.0,3.0,3.0,3.0,3.0,3.0,3.0,3.0,3.0,3.0,3.0,3.0,3.0,3.0,3.0,3.0,4.886655,-4.5868154,-0.61685854,14.193295
530,-0.07127246533856871,0.23571788,0.54565865,-0.3261126,0.9657732,-0.055156488,-0.24874051,-0.04866205,1.3052955,0.38961282,0.1574726,0.19061685,-0.69608426,0.24362542,3.0,3.0,3.0,3.0,3.0,3.0,3.0,3.0,3.0,3.0,3.0,3.0,3.0,3.0,3.0,3.0,3.0,3.0,3.0,3.0,3.0,3.0,3.0,3.0,3.0,3.0,3.0,3.0,3.0,3.0,3.0,3.0,3.0,3.0,3.0,3.0,4.8709536,-3.958135,-0.8675839,29.483345
535,-0.043011979855406085,0.20907313,0.5374097,-0.3277831,0.964174,-0.052254144,-0.25577185,-0.0471045,1.261248,0.4001032,0.0286204,0.19055828,-0.6949649,0.2433759,3.0,3.0,3.0,3.0,3.0,3.0,3.0,3.0,3.0,3.0,3.0,3.0,3.0,3.0,3.0,3.0,3.0,3.0,3.0,3.0,3.0,3.0,3.0,3.0,3.0,3.0,3.0,3.0,3.0,3.0,3.0,3.0,3.0,3.0,3.0,3.0,4.8156977,-2.53463,-0.95748556,27.125725
540,0.08887950439246184,0.1833587,0.5289487,-0.32676533,0.962517,-0.049350332,-0.2627758,-0.045545705,1.216187,0.4100758,-0.10054582,0.19049725,-0.69384736,0.24313019,3.0,3.0,3.0,3.0,3.0,3.0,3.0,3.0,3.0,3.0,3.0,3.0,3.0,3.0,3.0,3.0,3.0,3.0,3.0,3.0,3.0,3.0,3.0,3.0,3.0,3.0,3.0,3.0,3.0,3.0,3.0,3.0,3.0,3.0,3.0,3.0,4.9841013,-0.48652887,-0.7047645,14.084232
545,0.13779446238243115,0.15859573,0.5202865,-0.3230524,0.96080273,-0.046445258,-0.26975203,-0.043985758,1.1701117,0.4195249,-0.23005073,0.19043368,-0.6927316,0.24288826,3.0,3.0,3.0,3.0,3.0,3.0,3.0,3.0,3.0,3.0,3.0,3.0,3.0,3.0,3.0,3.0,3.0,3.0,3.0,3.0,3.0,3.0,3.0,3.0,3.0,3.0,3.0,3.0,3.0,3.0,3.0,3.0,3.0,3.0,3.0,3.0,4.9462013,0.71321106,-0.87874764,9.352371
550,0.10170950992993838,0.13480534,0.511434,-0.316637,0.9590315,-0.043539118,-0.27670017,-0.042424742,1.1230217,0.42844433,-0.35991457,0.19036755,-0.6916177,0.24265,3.0,3.0,3.0,3.0,3.0,3.0,3.0,3.0,3.0,3.0,3.0,3.0,3.0,3.0,3.0,3.0,3.0,3.0,3.0,3.0,3.0,3.0,3.0,3.0,3.0,3.0,3.0,3.0,3.0,3.0,3.0,3.0,3.0,3.0,3.0,3.0,4.936516,1.1584091,-0.96751124,-13.962631
555,-0.09626870239291219,0.11200865,0.50240237,-0.30751142,0.95720375,-0.04063212,-0.2836199,-0.040862747,1.074918,0.43682736,-0.49015275,0.19029883,-0.69050574,0.2424154,3.0,3.0,3.0,3.0,3.0,3.0,3.0,3.0,3.0,3.0,3.0,3.0,3.0,3.0,3.0,3.0,3.0,3.0,3.0,3.0,3.0,3.0,3.0,3.0,3.0,3.0,3.0,3.0,3.0,3.0,3.0,3.0,3.0,3.0,3.0,3.0,4.9761915,-1.283329,-0.6967176,34.98136
560,-0.02999553179239567,0.090226784,0.4932029,-0.29566777,0.95531976,-0.03772446,-0.29051092,-0.039299857,1.025803,0.4446671,-0.62077576,0.1902275,-0.68939567,0.24218436,3.0,3.0,3.0,3.0,3.0,3.0,3.0,3.0,3.0,3.0,3.0,3.0,3.0,3.0,3.0,3.0,3.0,3.0,3.0,3.0,3.0,3.0,3.0,3.0,3.0,3.0,3.0,3.0,3.0,3.0,3.0,3.0,3.0,3.0,3.0,3.0,4.9634695,1.8328342,-0.9170524,28.930405
565,-0.09085789531165855,0.06948074,0.48384696,-0.28109792,0.95337987,-0.034816343,-0.29737288,-0.037736155,0.97568095,0.45195648,-0.75178915,0.19015351,-0.6882875,0.24195684,3.0,3.0,3.0,3.0,3.0,3.0,3.0,3.0,3.0,3.0,3.0,3.0,3.0,3.0,3.0,3.0,3.0,3.0,3.0,3.0,3.0,3.0,3.0,3.0,3.0,3.0,3.0,3.0,3.0,3.0,3.0,3.0,3.0,3.0,3.0,3.0,4.8719215,-0.43153334,-0.64841324,35.830368
570,-0.11942658294963682,0.049791418,0.47434613,-0.26379374,0.95138454,-0.03190796,-0.30420542,-0.036171734,0.9245589,0.45868862,-0.883194,0.19007686,-0.6871813,0.24173279,3.0,3.0,3.0,3.0,3.0,3.0,3.0,3.0,3.0,3.0,3.0,3.0,3.0,3.0,3.0,3.0,3.0,3.0,3.0,3.0,3.0,3.0,3.0,3.0,3.0,3.0,3.0,3.0,3.0,3.0,3.0,3.0,3.0,3.0,3.0,3.0,4.908621,0.97485113,-0.017148554,39.28808
575,0.0655618292548577,0.031388123,0.4646819,-0.24404152,0.9496967,-0.03040867,-0.30985382,-0.033793874,0.85996085,0.4666857,-0.9973267,0.006016297,-0.5319279,0.27996197,3.0,3.0,3.0,3.0,3.0,3.0,3.0,3.0,3.0,3.0,3.0,3.0,3.0,3.0,3.0,3.0,3.0,3.0,3.0,3.0,3.0,3.0,3.0,3.0,3.0,3.0,3.0,3.0,3.0,3.0,3.0,3.0,3.0,3.0,3.0,3.0,4.865999,-1.8585279,0.1115669,21.084984
580,0.16797370575660953,0.014131425,0.4548858,-0.22161315,0.948064,-0.02925193,-0.31519005,-0.031211542,0.80712783,0.4725171,-1.1294167,0.006934292,-0.5308669,0.28023505,3.0,3.0,3.0,3.0,3.0,3.0,3.0,3.0,3.0,3.0,3.0,3.0,3.0,3.0,3.0,3.0,3.0,3.0,3.0,3.0,3.0,3.0,3.0,3.0,3.0,3.0,3.0,3.0,3.0,3.0,3.0,3.0,3.0,3.0,3.0,3.0,4.5019703,-2.4735498,-0.034912944,10.583191
585,-0.18059507952281623,-0.0016169654,2.4449227,-0.19696388,0.94705635,-0.026408207,-0.31878155,-0.027663052,0.72699845,0.48130208,-1.2261213,0.17439799,-0.28187072,0.4939723,3.0,3.0,3.0,3.0,3.0,3.0,3.0,3.0,3.0,3.0,3.0,3.0,3.0,3.0,3.0,3.0,3.0,3.0,3.0,3.0,3.0,3.0,3.0,3.0,3.0,3.0,3.0,3.0,3.0,3.0,3.0,3.0,3.0,3.0,3.0,3.0,4.9075413,1.4650416,-0.5637717,38.593643
590,-0.24096354018453914,-0.016089184,2.4348354,-0.16976473,0.946296,-0.022963062,-0.32163146,-0.023447912,0.6730584,0.48600203,-1.3585064,0.17495051,-0.28015134,0.49380475,3.0,3.0,3.0,3.0,3.0,3.0,3.0,3.0,3.0,3.0,3.0,3.0,3.0,3.0,3.0,3.0,3.0,3.0,3.0,3.0,3.0,3.0,3.0,3.0,3.0,3.0,3.0,3.0,3.0,3.0,3.0,3.0,3.0,3.0,3.0,3.0,4.9580727,3.9306393,-0.55938864,44.45008
595,-0.24396963564947596,-0.02943272,2.4246607,-0.13980874,0.94550526,-0.019512696,-0.32445192,-0.019234883,0.6187261,0.4898629,-1.4907935,0.17548043,-0.27842906,0.4936432,3.0,3.0,3.0,3.0,3.0,3.0,3.0,3.0,3.0,3.0,3.0,3.0,3.0,3.0,3.0,3.0,3.0,3.0,3.0,3.0,3.0,3.0,3.0,3.0,3.0,3.0,3.0,3.0,3.0,3.0,3.0,3.0,3.0,3.0,3.0,3.0,4.8821297,-0.1890111,-0.9120773,44.756744
600,-0.22675594150906472,-0.041639622,2.414416,-0.10709826,0.9446844,-0.016057378,-0.32724288,-0.015024071,0.5640196,0.49287906,-1.6229577,0.17598775,-0.27670416,0.49348754,3.0,3.0,3.0,3.0,3.0,3.0,3.0,3.0,3.0,3.0,3.0,3.0,3.0,3.0,3.0,3.0,3.0,3.0,3.0,3.0,3.0,3.0,3.0,3.0,3.0,3.0,3.0,3.0,3.0,3.0,3.0,3.0,3.0,3.0,3.0,3.0,4.821804,0.29666662,-0.29153824,42.755486
605,-0.24754722096841902,-0.05260089,2.4041135,-0.071764246,0.9439271,-0.012786974,-0.32971594,-0.011202395,0.4863115,0.49631438,-1.7263926,0.10071142,-0.12770231,0.35419348,3.0,3.0,3.0,3.0,3.0,3.0,3.0,3.0,3.0,3.0,3.0,3.0,3.0,3.0,3.0,3.0,3.0,3.0,3.0,3.0,3.0,3.0,3.0,3.0,3.0,3.0,3.0,3.0,3.0,3.0,3.0,3.0,3.0,3.0,3.0,3.0,4.938368,3.3286886,-0.4784091,44.73175
610,-0.24931326089460165,-0.061851144,2.3937457,-0.03438816,0.94385153,-0.011424229,-0.3300601,-0.008607311,0.40962943,0.49876812,-1.8313679,-0.025677038,0.064431034,0.21028051,3.0,3.0,3.0,3.0,3.0,3.0,3.0,3.0,3.0,3.0,3.0,3.0,3.0,3.0,3.0,3.0,3.0,3.0,3.0,3.0,3.0,3.0,3.0,3.0,3.0,3.0,3.0,3.0,3.0,3.0,3.0,3.0,3.0,3.0,3.0,3.0,4.92155,3.1159344,-0.74191314,44.772545
615,-0.21753641751324682,-0.06945932,2.3833308,0.0051124636,0.9443182,-0.010234581,-0.32881156,-0.0064360104,0.32612452,0.50105864,-1.9271708,0.1396693,0.2267824,0.26824346,3.0,3.0,3.0,3.0,3.0,3.0,3.0,3.0,3.0,3.0,3.0,3.0,3.0,3.0,3.0,3.0,3.0,3.0,3.0,3.0,3.0,3.0,3.0,3.0,3.0,3.0,3.0,3.0,3.0,3.0,3.0,3.0,3.0,3.0,3.0,3.0,4.662668,2.6461177,-0.20595509,40.74946
620,-0.2668372433331622,-0.07491037,2.3728578,0.04606497,0.9461248,-0.009077137,-0.32363543,-0.0050639375,0.1980023,0.50441074,-1.9646635,0.00231992,0.69832295,0.08622451,3.0,3.0,3.0,3.0,3.0,3.0,3.0,3.0,3.0,3.0,3.0,3.0,3.0,3.0,3.0,3.0,3.0,3.0,3.0,3.0,3.0,3.0,3.0,3.0,3.0,3.0,3.0,3.0,3.0,3.0,3.0,3.0,3.0,3.0,3.0,3.0,3.306301,1.4516163,-0.49501765,44.6612
625,-0.26348857928682856,-0.07615292,2.3622673,0.08575414,0.94888854,-0.010183217,-0.31541535,-0.0044711805,-0.05154496,0.51171213,-1.8393433,-0.11270225,0.83299816,0.013425413,3.0,3.0,3.0,3.0,3.0,3.0,3.0,3.0,3.0,3.0,3.0,3.0,3.0,3.0,3.0,3.0,3.0,3.0,3.0,3.0,3.0,3.0,3.0,3.0,3.0,3.0,3.0,3.0,3.0,3.0,3.0,3.0,3.0,3.0,3.0,3.0,4.7620506,3.291112,0.30659294,43.574043
630,-0.2694741813205103,-0.07200165,2.3515043,0.12243074,0.9521682,-0.012722486,-0.30528075,-0.0041854703,-0.3070248,0.52055115,-1.6934974,-0.21385868,1.0625672,-0.019324457,3.0,3.0,3.0,3.0,3.0,3.0,3.0,3.0,3.0,3.0,3.0,3.0,3.0,3.0,3.0,3.0,3.0,3.0,3.0,3.0,3.0,3.0,3.0,3.0,3.0,3.0,3.0,3.0,3.0,3.0,3.0,3.0,3.0,3.0,3.0,3.0,1.1576862,-0.6242924,0.48247814,44.005035
635,-0.276168830010485,-0.062296584,2.34052,0.1555572,0.95545316,-0.014958127,-0.294742,-0.0035597663,-0.5705428,0.5319625,-1.520416,-0.214851,1.0604311,-0.02023712,3.0,3.0,3.0,3.0,3.0,3.0,3.0,3.0,3.0,3.0,3.0,3.0,3.0,3.0,3.0,3.0,3.0,3.0,3.0,3.0,3.0,3.0,3.0,3.0,3.0,3.0,3.0,3.0,3.0,3.0,3.0,3.0,3.0,3.0,3.0,3.0,1.2459855,-0.17770386,0.53612614,44.78125
640,-0.28149394571955333,-0.047373325,2.329284,0.18525013,0.95889956,-0.01843568,-0.28313377,-0.0026462835,-0.812276,0.544512,-1.3611046,-0.4168865,1.23412,-0.036120623,3.0,3.0,3.0,3.0,3.0,3.0,3.0,3.0,3.0,3.0,3.0,3.0,3.0,3.0,3.0,3.0,3.0,3.0,3.0,3.0,3.0,3.0,3.0,3.0,3.0,3.0,3.0,3.0,3.0,3.0,3.0,3.0,3.0,3.0,3.0,3.0,2.098301,1.1961327,0.5386832,44.971474
645,-0.27507093354852424,-0.02752795,2.3177524,0.2115513,0.96267253,-0.02178698,-0.26978815,-0.0011102564,-1.0446864,0.55994165,-1.1958863,-0.28870216,1.4018866,0.06907329,3.0,3.0,3.0,3.0,3.0,3.0,3.0,3.0,3.0,3.0,3.0,3.0,3.0,3.0,3.0,3.0,3.0,3.0,3.0,3.0,3.0,3.0,3.0,3.0,3.0,3.0,3.0,3.0,3.0,3.0,3.0,3.0,3.0,3.0,3.0,3.0,-2.9994226,-0.618937,0.88366914,44.243477
650,-0.2784580559777746,-0.0028317953,2.3058577,0.23409551,0.9664341,-0.024524098,-0.25574052,0.00070270075,-1.2776378,0.5785543,-1.0054317,-0.2918056,1.3983891,0.06678122,3.0,3.0,3.0,3.0,3.0,3.0,3.0,3.0,3.0,3.0,3.0,3.0,3.0,3.0,3.0,3.0,3.0,3.0,3.0,3.0,3.0,3.0,3.0,3.0,3.0,3.0,3.0,3.0,3.0,3.0,3.0,3.0,3.0,3.0,3.0,3.0,-4.1529875,-0.47435427,0.85327494,44.804146
655,-0.25952967112941544,0.026566904,2.29355,0.25259405,0.9699711,-0.027293183,-0.2416709,0.002500628,-1.4985143,0.599172,-0.8087962,-0.2949469,1.3948739,0.064616166,3.0,3.0,3.0,3.0,3.0,3.0,3.0,3.0,3.0,3.0,3.0,3.0,3.0,3.0,3.0,3.0,3.0,3.0,3.0,3.0,3.0,3.0,3.0,3.0,3.0,3.0,3.0,3.0,3.0,3.0,3.0,3.0,3.0,3.0,3.0,3.0,-4.324043,0.46612978,0.95482445,43.186226
660,-0.26737567239938276,0.06041415,2.2807872,0.26692286,0.9732842,-0.030093538,-0.22758284,0.0042838575,-1.7071216,0.62186164,-0.60635906,-0.29812208,1.3913419,0.06257854,3.0,3.0,3.0,3.0,3.0,3.0,3.0,3.0,3.0,3.0,3.0,3.0,3.0,3.0,3.0,3.0,3.0,3.0,3.0,3.0,3.0,3.0,3.0,3.0,3.0,3.0,3.0,3.0,3.0,3.0,3.0,3.0,3.0,3.0,3.0,3.0,-4.369178,2.5604305,0.49340475,44.167244
665,-0.011709086055690487,0.09845198,2.267525,0.27696604,0.97637373,-0.032924455,-0.21347983,0.006052724,-1.9032726,0.6466887,-0.3985236,-0.3013271,1.387794,0.06066862,3.0,3.0,3.0,3.0,3.0,3.0,3.0,3.0,3.0,3.0,3.0,3.0,3.0,3.0,3.0,3.0,3.0,3.0,3.0,3.0,3.0,3.0,3.0,3.0,3.0,3.0,3.0,3.0,3.0,3.0,3.0,3.0,3.0,3.0,3.0,3.0,-0.7881732,3.5786572,0.7275531,-18.71026
670,-0.24871988964925434,0.14014012,2.2537587,0.2832248,0.979647,-0.037406866,-0.1971588,0.004572165,-2.0663078,0.67090476,-0.23013794,-0.4280848,1.6719397,-0.42411268,3.0,3.0,3.0,3.0,3.0,3.0,3.0,3.0,3.0,3.0,3.0,3.0,3.0,3.0,3.0,3.0,3.0,3.0,3.0,3.0,3.0,3.0,3.0,3.0,3.0,3.0,3.0,3.0,3.0,3.0,3.0,3.0,3.0,3.0,3.0,3.0,-3.344835,-1.9834008,0.7643585,41.826576
675,-0.21882372530487956,0.18512817,2.2394295,0.28576714,0.98287946,-0.042136542,-0.1793503,0.0024437413,-2.2118983,0.6982254,-0.067858845,-0.36464566,1.8019753,-0.2596592,3.0,3.0,3.0,3.0,3.0,3.0,3.0,3.0,3.0,3.0,3.0,3.0,3.0,3.0,3.0,3.0,3.0,3.0,3.0,3.0,3.0,3.0,3.0,3.0,3.0,3.0,3.0,3.0,3.0,3.0,3.0,3.0,3.0,3.0,3.0,3.0,3.3714619,0.85694885,0.9273733,38.430405
680,0.01530270953808252,0.23265192,2.2245495,0.28566152,0.98666745,-0.04272175,-0.1569565,0.0051858537,-2.3279607,0.72563493,0.06074287,0.13700512,2.173132,0.15989053,3.0,3.0,3.0,3.0,3.0,3.0,3.0,3.0,3.0,3.0,3.0,3.0,3.0,3.0,3.0,3.0,3.0,3.0,3.0,3.0,3.0,3.0,3.0,3.0,3.0,3.0,3.0,3.0,3.0,3.0,3.0,3.0,3.0,3.0,3.0,3.0,-0.7229128,-3.5332716,0.66059744,13.70686
685,-0.19698121916515432,0.28260237,2.2090487,0.2821958,0.9903422,-0.036882155,-0.13350672,0.006167561,-2.444131,0.7565115,0.24531233,0.69698316,2.303437,0.19796607,3.0,3.0,3.0,3.0,3.0,3.0,3.0,3.0,3.0,3.0,3.0,3.0,3.0,3.0,3.0,3.0,3.0,3.0,3.0,3.0,3.0,3.0,3.0,3.0,3.0,3.0,3.0,3.0,3.0,3.0,3.0,3.0,3.0,3.0,3.0,3.0,-3.1175041,1.7804832,0.7707696,-34.479908
690,-0.24798832438108617,0.33467987,2.192979,0.27506554,0.9936891,-0.029374555,-0.10802868,0.006992712,-2.5314257,0.77974296,0.39714253,0.87173027,2.4261591,-0.0048760185,3.0,3.0,3.0,3.0,3.0,3.0,3.0,3.0,3.0,3.0,3.0,3.0,3.0,3.0,3.0,3.0,3.0,3.0,3.0,3.0,3.0,3.0,3.0,3.0,3.0,3.0,3.0,3.0,3.0,3.0,3.0,3.0,3.0,3.0,3.0,3.0,-3.726706,2.8676891,0.84435177,-38.43422
695,-0.10842905154938684,0.3883779,2.1764858,0.2644708,0.9963772,-0.021372864,-0.08214337,0.005303901,-2.6079404,0.799395,0.5963528,0.6889093,2.4619048,-0.16545707,3.0,3.0,3.0,3.0,3.0,3.0,3.0,3.0,3.0,3.0,3.0,3.0,3.0,3.0,3.0,3.0,3.0,3.0,3.0,3.0,3.0,3.0,3.0,3.0,3.0,3.0,3.0,3.0,3.0,3.0,3.0,3.0,3.0,3.0,3.0,3.0,0.67836666,4.7554197,0.9208288,-23.430761
700,-0.2847735691668134,0.4432104,2.159709,0.25098017,0.99824756,-0.015090229,-0.0570964,0.0037563217,-2.6401196,0.8072108,0.64288014,0.5226501,2.2782433,-0.0004880524,3.0,3.0,3.0,3.0,3.0,3.0,3.0,3.0,3.0,3.0,3.0,3.0,3.0,3.0,3.0,3.0,3.0,3.0,3.0,3.0,3.0,3.0,3.0,3.0,3.0,3.0,3.0,3.0,3.0,3.0,3.0,3.0,3.0,3.0,3.0,3.0,2.319241,4.5373144,0.4851147,-40.178345
705,0.017075915732967073,0.49838707,2.1428497,0.2375299,0.99941504,-0.011271843,-0.03200407,0.004268474,-2.6564376,0.8113331,0.68319505,0.31002465,2.5731473,0.1540347,3.0,3.0,3.0,3.0,3.0,3.0,3.0,3.0,3.0,3.0,3.0,3.0,3.0,3.0,3.0,3.0,3.0,3.0,3.0,3.0,3.0,3.0,3.0,3.0,3.0,3.0,3.0,3.0,3.0,3.0,3.0,3.0,3.0,3.0,3.0,3.0,-2.8376126,-2.4989808,0.9927566,-7.5169106
710,-0.2892003415300932,0.5539053,2.1258812,0.22133641,0.9999683,-0.005429608,-0.004490519,0.0037072338,-2.6670065,0.8158407,0.82306844,0.79322857,2.7099373,-0.061953343,3.0,3.0,3.0,3.0,3.0,3.0,3.0,3.0,3.0,3.0,3.0,3.0,3.0,3.0,3.0,3.0,3.0,3.0,3.0,3.0,3.0,3.0,3.0,3.0,3.0,3.0,3.0,3.0,3.0,3.0,3.0,3.0,3.0,3.0,3.0,3.0,-4.513363,-1.6880937,0.8446995,-36.975746
715,-0.02237750787147738,0.6093778,2.1088917,0.20407218,0.999753,0.004722622,0.02166847,0.0014640387,-2.6583867,0.8146741,0.8217197,0.9212663,2.5210884,-0.27992386,3.0,3.0,3.0,3.0,3.0,3.0,3.0,3.0,3.0,3.0,3.0,3.0,3.0,3.0,3.0,3.0,3.0,3.0,3.0,3.0,3.0,3.0,3.0,3.0,3.0,3.0,3.0,3.0,3.0,3.0,3.0,3.0,3.0,3.0,3.0,3.0,-1.5769207,4.478798,0.92544377,-7.874771
720,-0.36446507104114,0.66452646,2.0919795,0.18676077,0.9988073,0.01194443,0.047140565,-0.0043701613,-2.636263,0.8088682,0.8578866,0.73811996,2.6477816,-0.5107096,3.0,3.0,3.0,3.0,3.0,3.0,3.0,3.0,3.0,3.0,3.0,3.0,3.0,3.0,3.0,3.0,3.0,3.0,3.0,3.0,3.0,3.0,3.0,3.0,3.0,3.0,3.0,3.0,3.0,3.0,3.0,3.0,3.0,3.0,3.0,3.0,-0.7242594,-3.5114386,0.6812506,-41.502964
725,-0.08312820628285594,0.719001,2.0752504,0.16796279,0.9969135,0.01867623,0.075452715,-0.011025461,-2.6016614,0.7993425,0.90675056,0.5323633,2.7897105,-0.7443006,3.0,3.0,3.0,3.0,3.0,3.0,3.0,3.0,3.0,3.0,3.0,3.0,3.0,3.0,3.0,3.0,3.0,3.0,3.0,3.0,3.0,3.0,3.0,3.0,3.0,3.0,3.0,3.0,3.0,3.0,3.0,3.0,3.0,3.0,3.0,3.0,-0.53637075,-4.3563123,0.34712863,-10.832729
730,-0.18951746866329885,0.7728651,2.0586903,0.15018164,0.99417776,0.026966266,0.10297717,-0.016705422,-2.5730615,0.7914649,0.8230919,0.9287573,2.5896552,-0.4732835,3.0,3.0,3.0,3.0,3.0,3.0,3.0,3.0,3.0,3.0,3.0,3.0,3.0,3.0,3.0,3.0,3.0,3.0,3.0,3.0,3.0,3.0,3.0,3.0,3.0,3.0,3.0,3.0,3.0,3.0,3.0,3.0,3.0,3.0,3.0,3.0,-0.6472788,3.225995,0.47197413,-20.718584
735,-0.28342883418146647,0.82553446,2.0424695,0.13176829,0.99078995,0.03558911,0.12873873,-0.0222485,-2.4859781,0.7663105,0.96947116,0.7717282,2.4514241,-0.58852834,3.0,3.0,3.0,3.0,3.0,3.0,3.0,3.0,3.0,3.0,3.0,3.0,3.0,3.0,3.0,3.0,3.0,3.0,3.0,3.0,3.0,3.0,3.0,3.0,3.0,3.0,3.0,3.0,3.0,3.0,3.0,3.0,3.0,3.0,3.0,3.0,1.8088884,3.8548565,0.91556,-29.295645
740,-0.4346828953734815,0.8762579,2.0268254,0.11050375,0.9865014,0.039998695,0.15571305,-0.031122008,-2.4047868,0.7418752,1.0332066,0.2738127,2.74985,-0.8710463,3.0,3.0,3.0,3.0,3.0,3.0,3.0,3.0,3.0,3.0,3.0,3.0,3.0,3.0,3.0,3.0,3.0,3.0,3.0,3.0,3.0,3.0,3.0,3.0,3.0,3.0,3.0,3.0,3.0,3.0,3.0,3.0,3.0,3.0,3.0,3.0,-4.077788,-4.7389045,0.07196522,-42.45239
745,-0.3223810334177888,0.9259297,2.0114956,0.09053801,0.98121494,0.04356237,0.18346456,-0.040747397,-2.3699985,0.7316917,0.90825325,0.3091951,2.7260368,-0.87722635,3.0,3.0,3.0,3.0,3.0,3.0,3.0,3.0,3.0,3.0,3.0,3.0,3.0,3.0,3.0,3.0,3.0,3.0,3.0,3.0,3.0,3.0,3.0,3.0,3.0,3.0,3.0,3.0,3.0,3.0,3.0,3.0,3.0,3.0,3.0,3.0,0.30949116,-3.6940587,0.920918,-30.231522
750,-0.33541130210018577,0.9740793,1.9965999,0.07124013,0.97498095,0.04858178,0.21121351,-0.049404696,-2.2765832,0.7052184,0.92086285,0.7425293,2.6909914,-0.68158925,3.0,3.0,3.0,3.0,3.0,3.0,3.0,3.0,3.0,3.0,3.0,3.0,3.0,3.0,3.0,3.0,3.0,3.0,3.0,3.0,3.0,3.0,3.0,3.0,3.0,3.0,3.0,3.0,3.0,3.0,3.0,3.0,3.0,3.0,3.0,3.0,-0.15619564,-3.034408,0.91276515,30.704773
755,-0.372809086475953,1.0197552,1.9824098,0.050948028,0.96850276,0.05677919,0.23604807,-0.055315595,-2.1357388,0.6645645,1.0049491,0.9016778,2.2041147,-0.5968799,3.0,3.0,3.0,3.0,3.0,3.0,3.0,3.0,3.0,3.0,3.0,3.0,3.0,3.0,3.0,3.0,3.0,3.0,3.0,3.0,3.0,3.0,3.0,3.0,3.0,3.0,3.0,3.0,3.0,3.0,3.0,3.0,3.0,3.0,3.0,3.0,4.5280724,-0.7957454,0.69490314,-34.57303
760,-0.0663106638638275,1.0619161,1.9692724,0.028209833,0.9621461,0.06488336,0.25749728,-0.0613202,-1.9445385,0.60600674,1.1522857,0.68709826,2.0886137,-0.70031005,3.0,3.0,3.0,3.0,3.0,3.0,3.0,3.0,3.0,3.0,3.0,3.0,3.0,3.0,3.0,3.0,3.0,3.0,3.0,3.0,3.0,3.0,3.0,3.0,3.0,3.0,3.0,3.0,3.0,3.0,3.0,3.0,3.0,3.0,3.0,3.0,-0.8744159,-2.0048137,0.9333172,-3.511177
765,-0.09865467987154453,1.1000985,1.9573984,0.0028265773,0.95598364,0.07384367,0.27598277,-0.06690204,-1.7598807,0.5458678,1.2559074,0.7171678,1.8193793,-0.688529,3.0,3.0,3.0,3.0,3.0,3.0,3.0,3.0,3.0,3.0,3.0,3.0,3.0,3.0,3.0,3.0,3.0,3.0,3.0,3.0,3.0,3.0,3.0,3.0,3.0,3.0,3.0,3.0,3.0,3.0,3.0,3.0,3.0,3.0,3.0,3.0,4.362705,-1.4373407,0.93127704,-6.240963
770,-0.3612291073021085,1.1343468,1.9468552,-0.024549007,0.9493528,0.079888694,0.29482618,-0.07365143,-1.5821688,0.48454842,1.3248127,0.32603493,1.858969,-0.73752534,3.0,3.0,3.0,3.0,3.0,3.0,3.0,3.0,3.0,3.0,3.0,3.0,3.0,3.0,3.0,3.0,3.0,3.0,3.0,3.0,3.0,3.0,3.0,3.0,3.0,3.0,3.0,3.0,3.0,3.0,3.0,3.0,3.0,3.0,3.0,3.0,1.4290829,2.8701873,0.9135659,-33.79268
775,-0.45120496451681646,1.1648716,1.937625,-0.053086508,0.9434044,0.080369875,0.31061974,-0.08392985,-1.388883,0.41593534,1.3946378,-0.18614638,1.642846,-0.9076489,3.0,3.0,3.0,3.0,3.0,3.0,3.0,3.0,3.0,3.0,3.0,3.0,3.0,3.0,3.0,3.0,3.0,3.0,3.0,3.0,3.0,3.0,3.0,3.0,3.0,3.0,3.0,3.0,3.0,3.0,3.0,3.0,3.0,3.0,3.0,3.0,1.5896273,-0.2892456,0.14749539,-43.15722
780,-0.45925382201736853,1.1920121,1.9295967,-0.08196648,0.93780476,0.08075351,0.32411516,-0.09460709,-1.2518071,0.36726144,1.3708149,-0.24016093,1.4221714,-0.9450677,3.0,3.0,3.0,3.0,3.0,3.0,3.0,3.0,3.0,3.0,3.0,3.0,3.0,3.0,3.0,3.0,3.0,3.0,3.0,3.0,3.0,3.0,3.0,3.0,3.0,3.0,3.0,3.0,3.0,3.0,3.0,3.0,3.0,3.0,3.0,3.0,-2.340933,2.7286081,0.4361632,-44.112717
785,-0.44778581408004253,1.2168078,1.9224037,-0.10956387,0.9327189,0.07750089,0.33538532,-0.10745161,-1.15847,0.33395597,1.2812828,-0.7182274,1.2389538,-1.0479602,3.0,3.0,3.0,3.0,3.0,3.0,3.0,3.0,3.0,3.0,3.0,3.0,3.0,3.0,3.0,3.0,3.0,3.0,3.0,3.0,3.0,3.0,3.0,3.0,3.0,3.0,3.0,3.0,3.0,3.0,3.0,3.0,3.0,3.0,3.0,3.0,2.9180217,-2.822102,0.07155323,-42.888195
790,-0.2849795819224104,1.2386711,1.9162533,-0.13647895,0.92747563,0.07420529,0.34616575,-0.120215714,-1.0148091,0.28297576,1.2507656,-0.7145104,1.1930463,-1.0148321,3.0,3.0,3.0,3.0,3.0,3.0,3.0,3.0,3.0,3.0,3.0,3.0,3.0,3.0,3.0,3.0,3.0,3.0,3.0,3.0,3.0,3.0,3.0,3.0,3.0,3.0,3.0,3.0,3.0,3.0,3.0,3.0,3.0,3.0,3.0,3.0,3.5184565,-1.5955901,0.2769029,-26.913698
795,-0.4577891205016582,1.2579676,1.9110098,-0.16213699,0.9221592,0.06958405,0.35612655,-0.13399397,-0.8887308,0.23850296,1.192158,-0.9817051,1.1312443,-1.0966406,3.0,3.0,3.0,3.0,3.0,3.0,3.0,3.0,3.0,3.0,3.0,3.0,3.0,3.0,3.0,3.0,3.0,3.0,3.0,3.0,3.0,3.0,3.0,3.0,3.0,3.0,3.0,3.0,3.0,3.0,3.0,3.0,3.0,3.0,3.0,3.0,-0.68590593,1.9303198,0.1992079,-44.312283
800,-0.43691411750643655,1.2752013,1.9064873,-0.18583976,0.9170104,0.062606454,0.36466974,-0.14895749,-0.78531355,0.20255005,1.1022272,-1.0456132,1.0999082,-1.0980726,3.0,3.0,3.0,3.0,3.0,3.0,3.0,3.0,3.0,3.0,3.0,3.0,3.0,3.0,3.0,3.0,3.0,3.0,3.0,3.0,3.0,3.0,3.0,3.0,3.0,3.0,3.0,3.0,3.0,3.0,3.0,3.0,3.0,3.0,3.0,3.0,1.6482544,4.51418,-0.034134507,-42.33012
805,-0.46104183772131707,1.2905296,1.9026195,-0.20735125,0.91181386,0.0540333,0.3722401,-0.16466092,-0.6903591,0.17022938,0.99955434,-1.3515991,1.0170066,-1.1245391,3.0,3.0,3.0,3.0,3.0,3.0,3.0,3.0,3.0,3.0,3.0,3.0,3.0,3.0,3.0,3.0,3.0,3.0,3.0,3.0,3.0,3.0,3.0,3.0,3.0,3.0,3.0,3.0,3.0,3.0,3.0,3.0,3.0,3.0,3.0,3.0,4.0303707,3.992528,-0.80341536,-44.786415
810,-0.4334999850331993,1.3041778,1.8993168,-0.2263798,0.9064836,0.04389054,0.37889034,-0.18111648,-0.63152504,0.1507937,0.85587215,-1.3376371,1.0190983,-1.1301042,3.0,3.0,3.0,3.0,3.0,3.0,3.0,3.0,3.0,3.0,3.0,3.0,3.0,3.0,3.0,3.0,3.0,3.0,3.0,3.0,3.0,3.0,3.0,3.0,3.0,3.0,3.0,3.0,3.0,3.0,3.0,3.0,3.0,3.0,3.0,3.0,3.7787018,4.2045107,-0.2889365,-42.517204
815,-0.4547226042820512,1.3162026,1.8965394,-0.24282405,0.90118086,0.030370433,0.38384825,-0.19902553,-0.5523723,0.12549013,0.73275065,-1.751732,0.9303721,-1.1393703,3.0,3.0,3.0,3.0,3.0,3.0,3.0,3.0,3.0,3.0,3.0,3.0,3.0,3.0,3.0,3.0,3.0,3.0,3.0,3.0,3.0,3.0,3.0,3.0,3.0,3.0,3.0,3.0,3.0,3.0,3.0,3.0,3.0,3.0,3.0,3.0,-1.780968,3.9788008,-0.5940505,-44.82392
820,-0.4464315626438434,1.3269607,1.8941522,-0.25628784,0.89536995,0.016630238,0.38854834,-0.2169477,-0.4923149,0.10742968,0.588577,-1.7363918,0.9389319,-1.1433082,3.0,3.0,3.0,3.0,3.0,3.0,3.0,3.0,3.0,3.0,3.0,3.0,3.0,3.0,3.0,3.0,3.0,3.0,3.0,3.0,3.0,3.0,3.0,3.0,3.0,3.0,3.0,3.0,3.0,3.0,3.0,3.0,3.0,3.0,3.0,3.0,-3.4054513,4.215129,-0.6162753,-44.51125
825,-0.4380217864966602,1.3364599,1.8921309,-0.26674518,0.8890086,0.003024367,0.39313808,-0.23472755,-0.43163922,0.090193056,0.44416356,-1.7209032,0.946578,-1.1480311,3.0,3.0,3.0,3.0,3.0,3.0,3.0,3.0,3.0,3.0,3.0,3.0,3.0,3.0,3.0,3.0,3.0,3.0,3.0,3.0,3.0,3.0,3.0,3.0,3.0,3.0,3.0,3.0,3.0,3.0,3.0,3.0,3.0,3.0,3.0,3.0,-0.34747028,2.6235747,-0.057901144,-44.63836
830,-0.42536556954125854,1.3446869,1.8904591,-0.27418986,0.8821062,-0.010435359,0.39761057,-0.25236008,-0.37031466,0.07371057,0.2994158,-1.705324,0.9532727,-1.1534865,3.0,3.0,3.0,3.0,3.0,3.0,3.0,3.0,3.0,3.0,3.0,3.0,3.0,3.0,3.0,3.0,3.0,3.0,3.0,3.0,3.0,3.0,3.0,3.0,3.0,3.0,3.0,3.0,3.0,3.0,3.0,3.0,3.0,3.0,3.0,3.0,-1.712786,4.7211685,-0.7807704,-43.937275
835,-0.21807236954403517,1.351628,1.889122,-0.2786138,0.87467235,-0.023737632,0.40195894,-0.26984036,-0.30831394,0.05790969,0.1542431,-1.6897122,0.9589838,-1.1596183,3.0,3.0,3.0,3.0,3.0,3.0,3.0,3.0,3.0,3.0,3.0,3.0,3.0,3.0,3.0,3.0,3.0,3.0,3.0,3.0,3.0,3.0,3.0,3.0,3.0,3.0,3.0,3.0,3.0,3.0,3.0,3.0,3.0,3.0,3.0,3.0,-4.1475735,4.824375,-0.8169762,-23.470766
840,-0.36983168238135006,1.3572686,1.8881065,-0.2800071,0.8667171,-0.03687167,0.40617612,-0.28716356,-0.2456123,0.04271527,0.008560314,-1.6741245,0.96368486,-1.1663686,3.0,3.0,3.0,3.0,3.0,3.0,3.0,3.0,3.0,3.0,3.0,3.0,3.0,3.0,3.0,3.0,3.0,3.0,3.0,3.0,3.0,3.0,3.0,3.0,3.0,3.0,3.0,3.0,3.0,3.0,3.0,3.0,3.0,3.0,3.0,3.0,-3.3868914,4.8108664,-0.006263733,-39.94439
845,-0.38730235788530165,1.3615938,1.8874006,-0.27835813,0.85825074,-0.049827214,0.41025516,-0.3043249,-0.18218607,0.02804978,-0.13770568,-1.6586165,0.967355,-1.1736773,3.0,3.0,3.0,3.0,3.0,3.0,3.0,3.0,3.0,3.0,3.0,3.0,3.0,3.0,3.0,3.0,3.0,3.0,3.0,3.0,3.0,3.0,3.0,3.0,3.0,3.0,3.0,3.0,3.0,3.0,3.0,3.0,3.0,3.0,3.0,3.0,-4.6834335,2.487791,-0.5384762,-42.68215
850,-0.3126150520072937,1.3645885,1.8869947,-0.27365416,0.8492839,-0.06259454,0.41418898,-0.32131967,-0.11801743,0.013834907,-0.28459865,-1.6432428,0.9699793,-1.1814829,3.0,3.0,3.0,2.988959,3.0,3.0,3.0,3.0,3.0,3.0,3.0,3.0,3.0,3.0,3.0,3.0,3.0,3.0,3.0,3.0,3.0,3.0,3.0,3.0,3.0,3.0,3.0,3.0,3.0,3.0,3.0,3.0,3.0,3.0,3.0,3.0,-4.218975,4.04,0.627126,-35.96866
855,0.003900441808075826,1.366237,1.88688,-0.26588196,0.8398274,-0.075164445,0.41797054,-0.33814317,-0.05310856,-5.742197e-06,-0.43212852,-1.628056,0.97154814,-1.1897223,3.0,3.0,3.0,2.9487295,2.974746,3.0,3.0,3.0,3.0,3.0,3.0,3.0,3.0,3.0,3.0,3.0,3.0,3.0,3.0,3.0,3.0,3.0,3.0,3.0,3.0,3.0,3.0,3.0,3.0,3.0,3.0,3.0,3.0,3.0,3.0,3.0,-3.90722,4.0355253,0.18222654,-0.87828064
860,-0.012461942799862458,1.3665243,1.8870498,-0.2550283,0.82989264,-0.08752829,0.42159283,-0.3547908,0.012520351,-0.013547157,-0.58028984,-1.6131073,0.97205764,-1.1983317,3.0,3.0,3.0,2.9118435,2.9129453,3.0,3.0,3.0,3.0,3.0,3.0,3.0,3.0,3.0,3.0,3.0,3.0,3.0,3.0,3.0,3.0,3.0,3.0,3.0,3.0,3.0,3.0,3.0,3.0,3.0,3.0,3.0,3.0,3.0,3.0,3.0,-4.1231875,3.8548422,0.26103163,-5.9395676
865,-0.2307765871320492,1.3654356,1.8874989,-0.2410802,0.81949085,-0.09967794,0.42504886,-0.37125802,0.07884013,-0.026864268,-0.7290708,-1.5984455,0.9715092,-1.2072465,3.0,3.0,2.9924767,2.877956,2.8554404,2.921349,3.0,3.0,3.0,3.0,3.0,3.0,3.0,3.0,3.0,3.0,3.0,3.0,3.0,3.0,3.0,3.0,3.0,3.0,3.0,3.0,3.0,3.0,3.0,3.0,3.0,3.0,3.0,3.0,3.0,3.0,-2.9492717,3.3843079,0.5498469,-30.53304
870,0.028657259445635394,1.362957,1.8882233,-0.22402492,0.8086338,-0.11160583,0.42833173,-0.38754025,0.14581604,-0.04003212,-0.8784543,-1.5841174,0.96990967,-1.2164022,3.0,3.0,2.9854887,2.8467555,2.801691,2.8430705,2.977517,3.0,3.0,3.0,3.0,3.0,3.0,3.0,3.0,3.0,3.0,3.0,3.0,3.0,3.0,3.0,3.0,3.0,3.0,3.0,3.0,3.0,3.0,3.0,3.0,3.0,3.0,3.0,3.0,3.0,-4.153287,2.5904894,0.80041313,2.821926
875,-0.3256026066991303,1.3590752,1.8892211,-0.20385018,0.79733336,-0.1233049,0.43143463,-0.40363303,0.21340889,-0.05312561,-1.0284183,-1.5701672,0.9672708,-1.225734,3.0,3.0,2.9808445,2.8179598,2.7512174,2.7697742,2.87658,3.0,3.0,3.0,3.0,3.0,3.0,3.0,3.0,3.0,3.0,3.0,3.0,3.0,3.0,3.0,3.0,3.0,3.0,3.0,3.0,3.0,3.0,3.0,3.0,3.0,3.0,3.0,3.0,3.0,-4.5307646,3.7222033,0.9162551,41.4235
880,-0.30711371843263136,1.353778,1.8904915,-0.18054423,0.78560156,-0.13476865,0.43435073,-0.4195319,0.28157544,-0.0662191,-1.1789353,-1.5566367,0.9636094,-1.2351778,3.0,3.0,2.978449,2.7913089,2.7035859,2.7007697,2.7824135,2.9619503,3.0,3.0,3.0,3.0,3.0,3.0,3.0,3.0,3.0,3.0,3.0,3.0,3.0,3.0,3.0,3.0,3.0,3.0,3.0,3.0,3.0,3.0,3.0,3.0,3.0,3.0,3.0,3.0,-4.561253,2.248619,0.8968041,40.294952
885,-0.1597213054433514,1.3470541,1.8920354,-0.15409595,0.77345073,-0.14599109,0.4370735,-0.4352325,0.35026887,-0.07938604,-1.3299731,-1.5435648,0.95894706,-1.2446699,3.0,3.0,2.9782214,2.7665598,2.658402,2.6354465,2.6940405,2.8436673,3.0,3.0,3.0,3.0,3.0,3.0,3.0,3.0,3.0,3.0,3.0,3.0,3.0,3.0,3.0,3.0,3.0,3.0,3.0,3.0,3.0,3.0,3.0,3.0,3.0,3.0,3.0,3.0,-3.4840426,-0.5245156,0.84673834,26.18647
890,-0.030318600404832863,1.3388163,1.8938701,-0.12455065,0.7620623,-0.15611391,0.43847775,-0.45014083,0.42309058,-0.09339639,-1.4787883,-1.474272,0.7943696,-1.1803811,3.0,3.0,2.9826038,2.7470672,2.6197834,2.5786538,2.6170857,2.7412312,2.9725592,3.0,3.0,3.0,3.0,3.0,3.0,3.0,3.0,3.0,3.0,3.0,3.0,3.0,3.0,3.0,3.0,3.0,3.0,3.0,3.0,3.0,3.0,3.0,3.0,3.0,3.0,3.0,-4.75103,0.78780603,0.8330574,13.321953
895,0.04023763075349929,1.3288628,1.8960365,-0.09203677,0.7522408,-0.16471305,0.43793476,-0.46391436,0.5117664,-0.1105916,-1.6169895,-1.3389707,0.42734468,-1.0081611,3.0,3.0,2.9918332,2.7335773,2.5887723,2.5315883,2.5527642,2.655669,2.8576956,3.0,3.0,3.0,3.0,3.0,3.0,3.0,3.0,3.0,3.0,3.0,3.0,3.0,3.0,3.0,3.0,3.0,3.0,3.0,3.0,3.0,3.0,3.0,3.0,3.0,3.0,3.0,-4.641994,0.22987127,0.6665108,6.6909027
900,-0.24998306931289294,1.3170551,1.8985641,-0.056648917,0.7442745,-0.17177074,0.43533,-0.47648516,0.5978245,-0.12738724,-1.7568487,-1.2653677,0.2211245,-0.90264195,3.0,3.0,3.0,2.725106,2.564313,2.4929645,2.4993653,2.584531,2.7626069,3.0,3.0,3.0,3.0,3.0,3.0,3.0,3.0,3.0,3.0,3.0,3.0,3.0,3.0,3.0,3.0,3.0,3.0,3.0,3.0,3.0,3.0,3.0,3.0,3.0,3.0,3.0,-4.6001344,-3.1407523,0.9452634,37.32499
905,-0.05449229396848543,1.3035994,1.9014139,-0.018256992,0.73851377,-0.17731425,0.43000206,-0.488114,0.68294156,-0.14404964,-1.8964674,-1.1457618,-0.33853185,-0.633338,3.0,3.0,3.0,2.7238219,2.5479617,2.4637523,2.4572034,2.5272756,2.685453,2.9607186,3.0,3.0,3.0,3.0,3.0,3.0,3.0,3.0,3.0,3.0,3.0,3.0,3.0,3.0,3.0,3.0,3.0,3.0,3.0,3.0,3.0,3.0,3.0,3.0,3.0,3.0,-3.381804,-3.0580769,0.6753963,18.27774
910,-0.20274802220540927,1.2871839,1.904841,0.022185782,0.7397539,-0.17835541,0.4181062,-0.49612567,0.8641551,-0.17925157,-1.9659876,-0.802823,-1.427074,-0.0004325112,3.0,3.0,3.0,2.74002,2.5533767,2.4605336,2.4459157,2.5072005,2.6543596,2.9139295,3.0,3.0,3.0,3.0,3.0,3.0,3.0,3.0,3.0,3.0,3.0,3.0,3.0,3.0,3.0,3.0,3.0,3.0,3.0,3.0,3.0,3.0,3.0,3.0,3.0,3.0,-4.743688,-4.7184124,0.97676516,33.04177
915,0.031605562200683085,1.2672114,1.9089459,0.06413968,0.74868083,-0.17441729,0.39890465,-0.49993068,1.051747,-0.21423124,-2.0211842,-0.56223816,-2.2138379,0.47157767,3.0,3.0,3.0,2.7803714,2.587293,2.4900346,2.4722192,2.5310142,2.6759624,2.9330544,3.0,3.0,3.0,3.0,3.0,3.0,3.0,3.0,3.0,3.0,3.0,3.0,3.0,3.0,3.0,3.0,3.0,3.0,3.0,3.0,3.0,3.0,3.0,3.0,3.0,3.0,-4.3541565,-4.97714,0.99144936,6.982521
920,-0.20707482858958223,1.2418944,1.9140114,0.105931416,0.7642891,-0.16566746,0.37313497,-0.49918613,1.3248167,-0.2620282,-1.9923193,-0.15657029,-3.3075967,1.1992415,3.0,3.0,3.0,2.8542566,2.6585042,2.5606906,2.5443857,2.6069982,2.7587066,3.0,3.0,3.0,3.0,3.0,3.0,3.0,3.0,3.0,3.0,3.0,3.0,3.0,3.0,3.0,3.0,3.0,3.0,3.0,3.0,3.0,3.0,3.0,3.0,3.0,3.0,3.0,-2.122723,-4.822766,0.98219573,32.208237
925,-0.1880964485308783,1.2102195,1.9201252,0.14615288,0.7828998,-0.15380558,0.34338987,-0.49547464,1.6370158,-0.31151932,-1.8971969,-0.059065696,-3.5659204,1.3379875,3.0,3.0,3.0,2.96993,2.7724736,2.6758726,2.6639955,2.7349565,2.9003382,3.0,3.0,3.0,3.0,3.0,3.0,3.0,3.0,3.0,3.0,3.0,3.0,3.0,3.0,3.0,3.0,3.0,3.0,3.0,3.0,3.0,3.0,3.0,3.0,3.0,3.0,3.0,-3.0379457,-4.843671,0.984293,31.23629
930,-0.23612948595581618,1.1723372,1.9271525,0.18412969,0.8026398,-0.13963495,0.3111459,-0.48934615,1.9376587,-0.3535256,-1.7684206,0.05662758,-3.6814353,1.4160498,3.0,3.0,3.0,3.0,2.939464,2.8453083,2.8406296,2.9246855,3.0,3.0,3.0,3.0,3.0,3.0,3.0,3.0,3.0,3.0,3.0,3.0,3.0,3.0,3.0,3.0,3.0,3.0,3.0,3.0,3.0,3.0,3.0,3.0,3.0,3.0,3.0,3.0,-3.8424478,-4.472312,0.93440354,37.275528
935,-0.30390212966068664,1.1287986,1.9349111,0.21950069,0.82382387,-0.122509934,0.27595645,-0.47974327,2.1874664,-0.3839409,-1.6483228,0.31031385,-4.2238913,1.8173355,3.0,3.0,3.0,3.0,3.0,3.0,3.0,3.0,3.0,3.0,3.0,3.0,3.0,3.0,3.0,3.0,3.0,3.0,3.0,3.0,3.0,3.0,3.0,3.0,3.0,3.0,3.0,3.0,3.0,3.0,3.0,3.0,3.0,3.0,3.0,3.0,0.15402555,-4.296928,0.951025,43.951363
940,-0.29233755256404964,1.0800682,1.9432493,0.25163203,0.8443602,-0.103360064,0.23892058,-0.46828362,2.4356804,-0.4101496,-1.468709,0.38444543,-4.219436,1.75872,3.0,3.0,3.0,3.0,3.0,3.0,3.0,3.0,3.0,3.0,3.0,3.0,3.0,3.0,3.0,3.0,3.0,3.0,3.0,3.0,3.0,3.0,3.0,3.0,3.0,3.0,3.0,3.0,3.0,3.0,3.0,3.0,3.0,3.0,3.0,3.0,1.7552795,-3.093392,0.74115324,43.855545
945,-0.25962038981608887,1.0265965,1.9520552,0.27977043,0.86283743,-0.083168425,0.20185247,-0.45590582,2.648547,-0.4303304,-1.2707905,0.4956827,-4.212923,1.7711388,3.0,3.0,3.0,3.0,3.0,3.0,3.0,3.0,3.0,3.0,3.0,3.0,3.0,3.0,3.0,3.0,3.0,3.0,3.0,3.0,3.0,3.0,3.0,3.0,3.0,3.0,3.0,3.0,3.0,3.0,3.0,3.0,3.0,3.0,3.0,3.0,-1.5721102,-3.563891,0.9295052,41.10089
950,-0.267672364196304,0.9691335,1.9612329,0.30355665,0.8794371,-0.06187594,0.16492577,-0.44222304,2.8264492,-0.44701278,-1.0536277,0.5793411,-4.1979194,1.7259641,3.0,3.0,3.0,3.0,3.0,3.0,3.0,3.0,3.0,3.0,3.0,3.0,3.0,3.0,3.0,3.0,3.0,3.0,3.0,3.0,3.0,3.0,3.0,3.0,3.0,3.0,3.0,3.0,3.0,3.0,3.0,3.0,3.0,3.0,3.0,3.0,-3.8216457,-0.7797332,0.62400067,42.149704
955,-0.16198651584507717,0.9086327,1.970714,0.32318914,0.8953469,-0.040687997,0.12583895,-0.42527986,2.9549565,-0.4607027,-0.85480213,0.5399584,-4.392824,2.0224915,3.0,3.0,3.0,3.0,3.0,3.0,3.0,3.0,3.0,3.0,3.0,3.0,3.0,3.0,3.0,3.0,3.0,3.0,3.0,3.0,3.0,3.0,3.0,3.0,3.0,3.0,3.0,3.0,3.0,3.0,3.0,3.0,3.0,3.0,3.0,3.0,-1.6580987,-1.4983776,0.47029793,30.744339
960,-0.23517784896143162,0.845771,1.9804847,0.3380979,0.90946114,-0.01907929,0.08635557,-0.4062747,3.052542,-0.4744463,-0.6261049,0.4579102,-4.3595815,2.2418864,3.0,3.0,3.0,3.0,3.0,3.0,3.0,3.0,3.0,3.0,3.0,3.0,3.0,3.0,3.0,3.0,3.0,3.0,3.0,3.0,3.0,3.0,3.0,3.0,3.0,3.0,3.0,3.0,3.0,3.0,3.0,3.0,3.0,3.0,3.0,3.0,-3.1989908,-2.1957784,0.81502104,37.168953
965,-0.09444299760477365,0.7813554,1.9905531,0.34803176,0.9216907,0.0023158626,0.0468892,-0.38507438,3.1128235,-0.4893462,-0.3765843,0.57324415,-4.3327837,2.2147245,3.0,3.0,3.0,3.0,3.0,3.0,3.0,3.0,3.0,3.0,3.0,3.0,3.0,3.0,3.0,3.0,3.0,3.0,3.0,3.0,3.0,3.0,3.0,3.0,3.0,3.0,3.0,3.0,3.0,3.0,3.0,3.0,3.0,3.0,3.0,3.0,-4.279341,-0.6064882,0.7500988,21.938637
970,-0.25407758951838877,0.71619105,2.0009604,0.352748,0.93162984,0.023823464,0.0076825866,-0.36254552,3.1324582,-0.5067546,-0.12923832,0.36701393,-4.315857,2.3872964,3.0,3.0,3.0,3.0,3.0,3.0,3.0,3.0,3.0,3.0,3.0,3.0,3.0,3.0,3.0,3.0,3.0,3.0,3.0,3.0,3.0,3.0,3.0,3.0,3.0,3.0,3.0,3.0,3.0,3.0,3.0,3.0,3.0,3.0,3.0,3.0,-3.031158,0.61126995,0.13208842,36.652992
975,-0.26800830356311767,0.6511171,2.011731,0.3533177,0.9399079,0.042607255,-0.033820618,-0.3370666,3.1125212,-0.5250625,0.059042394,0.29664737,-4.495202,2.3854117,3.0,3.0,3.0,3.0,3.0,3.0,3.0,3.0,3.0,3.0,3.0,3.0,3.0,3.0,3.0,3.0,3.0,3.0,3.0,3.0,3.0,3.0,3.0,3.0,3.0,3.0,3.0,3.0,3.0,3.0,3.0,3.0,3.0,3.0,3.0,3.0,-3.5654168,-2.8193226,0.6227435,35.772644
980,-0.07116310657227418,0.586915,2.0229514,0.3494458,0.94488245,0.06397818,-0.074522294,-0.31233063,3.0557172,-0.5483993,0.26964638,0.6528553,-4.4164596,2.2453823,3.0,3.0,3.0,3.0,3.0,3.0,3.0,3.0,3.0,3.0,3.0,3.0,3.0,3.0,3.0,3.0,3.0,3.0,3.0,3.0,3.0,3.0,3.0,3.0,3.0,3.0,3.0,3.0,3.0,3.0,3.0,3.0,3.0,3.0,3.0,3.0,-3.223015,1.3526316,0.09834349,14.013985
985,-0.2268196724520874,0.52425075,2.0346997,0.34191328,0.9478668,0.08374199,-0.11545144,-0.28496802,2.9674792,-0.576848,0.44273844,0.20331636,-4.4763117,2.5597153,3.0,3.0,3.0,3.0,3.0,3.0,3.0,3.0,3.0,3.0,3.0,3.0,3.0,3.0,3.0,3.0,3.0,3.0,3.0,3.0,3.0,3.0,3.0,3.0,3.0,3.0,3.0,3.0,3.0,3.0,3.0,3.0,3.0,3.0,3.0,3.0,0.055369377,-2.9284751,0.46571755,27.104958
990,-0.028820073570396204,0.4638775,2.0471559,0.330568,0.9485424,0.10441224,-0.15336971,-0.2565991,2.848258,-0.6127457,0.6067384,0.6824698,-4.084261,2.5572927,3.0,3.0,3.0,3.0,3.0,3.0,3.0,3.0,3.0,3.0,3.0,3.0,3.0,3.0,3.0,3.0,3.0,3.0,3.0,3.0,3.0,3.0,3.0,3.0,3.0,3.0,3.0,3.0,3.0,3.0,3.0,3.0,3.0,3.0,3.0,3.0,-0.57880783,1.0136275,0.6566906,5.2264595
995,-0.03804819338633375,0.40649194,2.0605319,0.3156139,0.94776845,0.12366471,-0.18869856,-0.22546585,2.6884212,-0.6630173,0.7887541,0.6415831,-4.0166883,2.7188501,3.0,3.0,3.0,3.0,3.0,3.0,3.0,3.0,3.0,3.0,3.0,3.0,3.0,3.0,3.0,3.0,3.0,3.0,3.0,3.0,3.0,3.0,3.0,3.0,3.0,3.0,3.0,3.0,3.0,3.0,3.0,3.0,3.0,3.0,3.0,3.0,0.26931286,2.116139,0.67357993,2.5500183
1000,-0.15425306596526805,0.35207742,2.0748565,0.29854262,0.9460714,0.14230046,-0.21929403,-0.19133638,2.574574,-0.69932604,0.8063915,0.32776013,-3.4289746,3.2036705,3.0,3.0,3.0,3.0,3.0,3.0,3.0,3.0,3.0,3.0,3.0,3.0,3.0,3.0,3.0,3.0,3.0,3.0,3.0,3.0,3.0,3.0,3.0,3.0,3.0,3.0,3.0,3.0,3.0,3.0,3.0,3.0,3.0,3.0,3.0,3.0,0.07876587,-2.0990329,0.6224861,12.361706
1005,-0.4682824611182482,0.2996567,2.0898366,0.2822486,0.94306695,0.16182937,-0.2449482,-0.15632126,2.495906,-0.72527343,0.72936773,0.6131267,-3.1685114,3.216579,3.0,3.0,3.0,3.0,3.0,3.0,3.0,3.0,3.0,3.0,3.0,3.0,3.0,3.0,3.0,3.0,3.0,3.0,3.0,3.0,3.0,3.0,3.0,3.0,3.0,3.0,3.0,3.0,3.0,3.0,3.0,3.0,3.0,3.0,3.0,3.0,1.4811497,1.2495947,0.35301054,41.854523
1010,-0.42982791408111837,0.24889807,2.1054368,0.26780844,0.9392792,0.18019842,-0.26655293,-0.119300924,2.3822896,-0.77200574,0.68923306,0.4433293,-2.6232371,3.5571303,3.0,3.0,3.0,3.0,3.0,3.0,3.0,3.0,3.0,3.0,3.0,3.0,3.0,3.0,3.0,3.0,3.0,3.0,3.0,3.0,3.0,2.8992076,2.8437502,2.8761241,3.0,3.0,3.0,3.0,3.0,3.0,3.0,3.0,3.0,3.0,3.0,3.0,2.3903828,1.3449407,0.4901328,35.408592
1015,-0.4545027588323044,0.1999474,2.1217937,0.25516665,0.93473953,0.19769076,-0.2840446,-0.080616586,2.3276556,-0.7944234,0.5515404,0.4776342,-2.5235684,3.599873,3.0,3.0,3.0,3.0,3.0,3.0,3.0,3.0,3.0,3.0,3.0,3.0,3.0,3.0,3.0,3.0,3.0,3.0,3.0,3.0,2.8552046,2.7264855,2.6869926,2.7304049,2.8636835,3.0,3.0,3.0,3.0,3.0,3.0,3.0,3.0,3.0,3.0,3.0,2.0012097,-0.27410936,0.020800114,35.756813
1020,-0.4732560572707126,0.15263778,2.1389563,0.2447723,0.9293102,0.21304262,-0.29878023,-0.0415429,2.2220762,-0.8509231,0.4773663,0.2309135,-2.1121054,3.3962667,3.0,3.0,3.0,3.0,3.0,3.0,3.0,3.0,3.0,3.0,3.0,3.0,3.0,3.0,3.0,3.0,3.0,3.0,3.0,2.9131446,2.7040343,2.596545,2.5724487,2.6279092,2.771892,3.0,3.0,3.0,3.0,3.0,3.0,3.0,3.0,3.0,3.0,3.0,2.8421903,0.38357306,9.119511e-05,35.71956
1025,-0.46883443430280836,0.10704568,2.15706,0.23660292,0.92304724,0.22665463,-0.31078956,-0.0046134945,2.1659675,-0.88150793,0.33505264,0.23605874,-2.0272048,3.4281216,3.0,3.0,3.0,3.0,3.0,3.0,3.0,3.0,3.0,3.0,3.0,3.0,3.0,3.0,3.0,3.0,3.0,3.0,3.0,2.7720804,2.5883915,2.4987383,2.4881582,2.5549715,2.710089,2.9817123,3.0,3.0,3.0,3.0,3.0,3.0,3.0,3.0,3.0,3.0,1.7022324,-0.34483528,-0.0069336295,33.29738
1030,-0.5040689792601224,0.06266385,2.1758807,0.23137158,0.91545683,0.23981863,-0.32156107,0.032004148,2.099884,-0.9236858,0.20295513,0.23562036,-1.9810804,3.2300866,3.0,3.0,3.0,3.0,3.0,3.0,3.0,3.0,3.0,3.0,3.0,3.0,3.0,3.0,3.0,3.0,3.0,3.0,2.9277036,2.6492503,2.4882007,2.4147766,2.4168928,2.4948852,2.6616485,2.9483018,3.0,3.0,3.0,3.0,3.0,3.0,3.0,3.0,3.0,3.0,0.8976555,3.4610424,-0.20225114,34.889534
1035,-0.4858248499278707,0.020091759,2.195981,0.22839624,0.906797,0.25387114,-0.32995796,0.0663057,2.0156088,-0.98499566,0.09106152,0.43560007,-1.6750448,3.3023934,3.0,3.0,3.0,3.0,3.0,3.0,3.0,3.0,3.0,3.0,3.0,3.0,3.0,3.0,3.0,3.0,3.0,3.0,2.8028336,2.5497081,2.4055529,2.3442428,2.3557806,2.4419982,2.6173134,2.9151747,3.0,3.0,3.0,3.0,3.0,3.0,3.0,3.0,3.0,3.0,4.296089,0.08167744,-0.25039923,30.680779
1040,-0.4521226638819278,-0.021220105,2.217019,0.2283448,0.89710504,0.26794505,-0.3366327,0.10043133,1.9613878,-1.0268937,-0.056817338,0.41282228,-1.6014915,3.3254087,3.0,3.0,3.0,3.0,3.0,3.0,3.0,3.0,3.0,3.0,3.0,3.0,3.0,3.0,3.0,3.0,3.0,3.0,2.693263,2.4621503,2.3328478,2.282336,2.302441,2.3963628,2.5799987,2.8891866,3.0,3.0,3.0,3.0,3.0,3.0,3.0,3.0,3.0,3.0,4.7337866,1.5292711,0.49055946,25.18502
1045,-0.35668890658017294,-0.061350975,2.2390516,0.23131478,0.8865958,0.28134802,-0.34173965,0.13418348,1.8919194,-1.090394,-0.18713588,0.31612164,-1.3331395,3.2088923,3.0,3.0,3.0,3.0,3.0,3.0,3.0,3.0,3.0,3.0,3.0,3.0,3.0,3.0,3.0,3.0,3.0,2.9457638,2.5953803,2.384232,2.2685993,2.228236,2.2566526,2.3583872,2.5508947,2.8726656,3.0,3.0,3.0,3.0,3.0,3.0,3.0,3.0,3.0,3.0,4.9776325,0.9216347,0.3629458,13.375381
1050,-0.6009860681771048,-0.100128986,2.2623758,0.23709854,0.8760346,0.29353103,-0.34447712,0.16654843,1.8412521,-1.1394529,-0.33810234,0.28081986,-1.2736464,3.222333,3.0,3.0,3.0,3.0,3.0,3.0,3.0,3.0,3.0,3.0,3.0,3.0,3.0,3.0,3.0,3.0,3.0,2.8374968,2.5136833,2.3194633,2.2155945,2.18415,2.2200978,2.3292048,2.5304506,2.8650467,3.0,3.0,3.0,3.0,3.0,3.0,3.0,3.0,3.0,3.0,4.956418,0.45526028,0.23248863,36.471382
1055,-0.5948111185903885,-0.13788012,2.286762,0.2460416,0.86462843,0.30512157,-0.34613562,0.1987677,1.7929208,-1.1916748,-0.4901807,0.24036078,-1.2176695,3.2334447,3.0,3.0,3.0,3.0,3.0,3.0,3.0,3.0,3.0,3.0,3.0,3.0,3.0,3.0,3.0,3.0,3.0,2.7354763,2.4365473,2.258375,2.1658072,2.143082,2.1865766,2.3033078,2.5138967,2.8625998,3.0,3.0,3.0,3.0,3.0,3.0,3.0,3.0,3.0,3.0,4.9235096,0.8827915,-0.39822876,33.88186
1060,-0.6592378062895315,-0.17465678,2.3122735,0.2581652,0.85240906,0.31607103,-0.34674025,0.23080097,1.7472223,-1.2468348,-0.64321786,0.19522113,-1.1656054,3.2420676,3.0,3.0,3.0,3.0,3.0,3.0,3.0,3.0,3.0,3.0,3.0,3.0,3.0,3.0,3.0,3.0,3.0,2.6389232,2.3633223,2.200379,2.118678,2.1044815,2.1555326,2.2801251,2.5006466,2.8647542,3.0,3.0,3.0,3.0,3.0,3.0,3.0,3.0,3.0,3.0,4.3639507,-0.39447403,0.34346652,38.475113
1065,-0.689755141865648,-0.21049711,2.3390021,0.27346104,0.8394813,0.32657176,-0.3459666,0.2625436,1.6995916,-1.3128572,-0.79075575,0.19819492,-0.9236957,3.3074899,3.0,3.0,3.0,3.0,3.0,3.0,3.0,3.0,3.0,3.0,3.0,3.0,3.0,3.0,3.0,3.0,2.968736,2.5493467,2.2948809,2.1458883,2.0742452,2.0680375,2.12628,2.2585108,2.4889178,2.8687446,3.0,3.0,3.0,3.0,3.0,3.0,3.0,3.0,3.0,3.0,4.7580833,-1.3575041,0.57825196,38.982178
1070,-0.6973963723567621,-0.24485324,2.3681004,0.29111847,0.8293528,0.33515283,-0.33983302,0.29044798,1.6097256,-1.4663029,-0.8760515,-0.28320497,-0.19763814,2.7352417,3.0,3.0,3.0,3.0,3.0,3.0,3.0,3.0,3.0,3.0,3.0,3.0,3.0,3.0,3.0,3.0,2.8963208,2.4961915,2.2533557,2.1120627,2.0459402,2.0440545,2.1061063,2.2423077,2.4778368,2.8659534,3.0,3.0,3.0,3.0,3.0,3.0,3.0,3.0,3.0,3.0,3.3178806,-2.8917837,0.68222344,36.81755
1075,-0.7741049848771164,-0.27662036,2.4021204,0.3093442,0.8225027,0.34056982,-0.32968602,0.31433845,1.4736868,-1.7372854,-0.879153,-0.5456691,0.13462096,2.448023,3.0,3.0,3.0,3.0,3.0,3.0,3.0,3.0,3.0,3.0,3.0,3.0,3.0,3.0,3.0,3.0,2.8650298,2.4729538,2.2350056,2.096951,2.0331416,2.0330498,2.096661,2.2344675,2.4720602,2.8635511,3.0,3.0,3.0,3.0,3.0,3.0,3.0,3.0,3.0,3.0,2.5216045,-2.887947,0.6843145,39.370995
1080,-0.5235548743499654,-0.30568194,2.4419832,0.3274991,0.81738585,0.34397238,-0.31731638,0.33596683,1.3449336,-2.031389,-0.86556816,-0.665304,0.25376913,2.3303893,3.0,3.0,3.0,3.0,3.0,3.0,3.0,3.0,3.0,3.0,3.0,3.0,3.0,3.0,3.0,3.0,2.8577816,2.4673483,2.2303984,2.0929937,2.029627,2.0298479,2.0936916,2.2316926,2.4694986,2.861339,3.0,3.0,3.0,3.0,3.0,3.0,3.0,3.0,3.0,3.0,4.5794945,-1.7496529,0.8516586,-7.434147
1085,-0.6146927739724595,-0.3323625,2.4877317,0.34550253,0.815874,0.34368962,-0.30141413,0.35408562,1.2366194,-2.315109,-0.855357,-1.2322925,0.7212075,1.8411074,3.0,3.0,3.0,3.0,3.0,3.0,3.0,3.0,3.0,3.0,3.0,3.0,3.0,3.0,3.0,3.0,2.8920796,2.4927096,2.2503343,2.1093273,2.0433755,2.0415742,2.103638,2.2397816,2.4751778,2.8630736,3.0,3.0,3.0,3.0,3.0,3.0,3.0,3.0,3.0,3.0,4.0937653,-4.27422,0.4623872,-10.774105
1090,-0.6770288504123229,-0.35667667,2.540275,0.36251587,0.8161727,0.34074333,-0.2836209,0.37056074,1.1229391,-2.659854,-0.7890371,-1.3480766,0.7658287,1.7637074,3.0,3.0,3.0,3.0,3.0,3.0,3.0,3.0,3.0,3.0,3.0,3.0,3.0,3.0,3.0,3.0,2.9557152,2.5405278,2.2885888,2.1413026,2.070948,2.065842,2.1251745,2.2586744,2.4908261,2.8734782,3.0,3.0,3.0,3.0,3.0,3.0,3.0,3.0,3.0,3.0,2.7915916,-3.031691,0.9829495,-11.056824
1095,-0.7454335010747462,-0.37903512,2.5991971,0.37859812,0.81659675,0.33693817,-0.26530036,0.38633934,1.0443003,-2.9319258,-0.765439,-1.5544419,0.9218045,1.5607125,3.0,3.0,3.0,3.0,3.0,3.0,3.0,3.0,3.0,3.0,3.0,3.0,3.0,3.0,3.0,3.0,3.0,2.6020098,2.3375542,2.1820796,2.105996,2.0965967,2.15239,2.2824817,2.510498,2.8865688,3.0,3.0,3.0,3.0,3.0,3.0,3.0,3.0,3.0,3.0,3.793992,-3.009628,0.9875591,12.327595
1100,-0.8059832652731482,-0.39982918,2.6641848,0.39366916,0.8202409,0.32947227,-0.24400079,0.3988941,0.9709775,-3.2362206,-0.69956714,-1.9706247,1.1825382,1.208333,3.0,3.0,3.0,3.0,3.0,3.0,3.0,3.0,3.0,3.0,3.0,3.0,3.0,3.0,3.0,3.0,3.0,2.7088192,2.4223545,2.2525814,2.1665657,2.1497953,2.1996028,2.3240638,2.5454345,2.9111843,3.0,3.0,3.0,3.0,3.0,3.0,3.0,3.0,3.0,3.0,-0.34992313,-1.5216088,0.9067143,-13.024563
1105,-0.8575656368354861,-0.4192856,2.7353723,0.40720695,0.82640666,0.31874588,-0.22117618,0.408086,0.91559106,-3.5091965,-0.6397575,-2.2062314,1.2989799,0.64963406,3.0,3.0,3.0,3.0,3.0,3.0,3.0,3.0,3.0,3.0,3.0,3.0,3.0,3.0,3.0,3.0,3.0,2.864363,2.5455592,2.3550029,2.2547264,2.2275598,2.2691667,2.3862424,2.5993319,2.952725,3.0,3.0,3.0,3.0,3.0,3.0,3.0,3.0,3.0,3.0,-1.7857661,-1.9692464,0.96767545,-12.695042
1110,-0.8722682562853925,-0.4377235,2.8123388,0.41904396,0.83362365,0.3067104,-0.19839938,0.41429225,0.86638343,-3.8156865,-0.5183731,-2.1958933,1.2990502,0.652052,3.0,3.0,3.0,3.0,3.0,3.0,3.0,3.0,3.0,3.0,3.0,3.0,3.0,3.0,3.0,3.0,3.0,3.0,2.7028756,2.4846818,2.3655932,2.324805,2.3557653,2.4634213,2.6662812,3.0,3.0,3.0,3.0,3.0,3.0,3.0,3.0,3.0,3.0,3.0,-0.68707895,-0.3677826,0.89959395,-9.139175
1115,-0.9901462620239281,-0.45537,2.8948636,0.42882854,0.84295887,0.29254204,-0.17644966,0.41557795,0.8343418,-4.0653634,-0.4255831,-2.2948759,1.3278029,-0.26920328,3.0,3.0,3.0,3.0,3.0,3.0,3.0,3.0,3.0,3.0,3.0,3.0,3.0,3.0,3.0,3.0,3.0,3.0,2.9061987,2.6513584,2.507659,2.449331,2.4669068,2.5631802,2.7543619,3.0,3.0,3.0,3.0,3.0,3.0,3.0,3.0,3.0,3.0,3.0,0.318213,2.06707,0.91879964,16.551567
1120,-1.1546774704531146,-0.4725572,2.9812105,0.43793,0.8541262,0.27676806,-0.15523383,0.4120319,0.8165478,-4.2301836,-0.40188262,-2.3630729,1.3377335,-0.65652424,3.0,3.0,3.0,3.0,3.0,3.0,3.0,3.0,3.0,3.0,3.0,3.0,3.0,3.0,3.0,3.0,3.0,3.0,3.0,2.862795,2.6864717,2.6051724,2.6054904,2.687476,2.8646576,3.0,3.0,3.0,3.0,3.0,3.0,3.0,3.0,3.0,3.0,3.0,-1.1952829,-0.29463673,0.93229973,29.214195
1125,-0.9658770774038448,-0.48941365,3.0708454,0.44651794,0.8678352,0.25937375,-0.13876916,0.40041277,0.80581677,-4.32563,-0.45069692,-2.2363446,1.0929397,-1.5644102,3.0,3.0,3.0,3.0,3.0,3.0,3.0,3.0,3.0,3.0,3.0,3.0,3.0,3.0,3.0,3.0,3.0,3.0,3.0,3.0,2.8902905,2.7840064,2.7663343,2.8344657,2.9994767,3.0,3.0,3.0,3.0,3.0,3.0,3.0,3.0,3.0,3.0,3.0,-2.11935,1.8141532,0.9572022,7.8117714
1130,-1.1528877554219084,-0.5060894,3.161821,0.4567895,0.8837191,0.23953274,-0.12525752,0.38206697,0.796432,-4.3991065,-0.51180416,-2.3730936,0.9303094,-2.3935184,3.0,3.0,3.0,3.0,3.0,3.0,3.0,3.0,3.0,3.0,3.0,3.0,3.0,3.0,3.0,3.0,3.0,3.0,3.0,3.0,3.0,3.0,2.9653723,3.0,3.0,3.0,3.0,3.0,3.0,3.0,3.0,3.0,3.0,3.0,3.0,3.0,-1.9500816,0.120186806,0.97186923,23.819725
1135,-1.3466625439916187,-0.52252084,3.2547674,0.46742412,0.9013119,0.21709868,-0.115115084,0.3567262,0.7845848,-4.484057,-0.5380961,-2.462529,0.84094894,-3.0295022,3.0,3.0,3.0,3.0,3.0,3.0,3.0,3.0,3.0,3.0,3.0,3.0,3.0,3.0,3.0,3.0,3.0,3.0,3.0,3.0,3.0,3.0,3.0,3.0,3.0,3.0,3.0,3.0,3.0,3.0,3.0,3.0,3.0,3.0,3.0,3.0,-1.8558908,0.93728447,0.9486759,40.573456
1140,-1.3502558165124423,-0.53867114,3.3492708,0.47865874,0.9187931,0.19155227,-0.10842376,0.32767552,0.7703911,-4.5530477,-0.5702797,-2.508428,0.36274102,-3.2096186,3.0,3.0,3.0,3.0,3.0,3.0,3.0,3.0,3.0,3.0,3.0,3.0,3.0,3.0,3.0,3.0,3.0,3.0,3.0,3.0,3.0,3.0,3.0,3.0,3.0,3.0,3.0,3.0,3.0,3.0,3.0,3.0,3.0,3.0,3.0,3.0,1.4396243,3.787426,0.9660518,39.437675
1145,-1.365459654657413,-0.5544864,3.4449348,0.49074644,0.9347494,0.16164656,-0.102794014,0.29924455,0.753361,-4.6050262,-0.61170846,-2.9070644,0.21426985,-3.1743715,3.0,3.0,3.0,3.0,3.0,3.0,3.0,3.0,3.0,3.0,3.0,3.0,3.0,3.0,3.0,3.0,3.0,3.0,3.0,3.0,3.0,3.0,3.0,3.0,3.0,3.0,3.0,3.0,3.0,3.0,3.0,3.0,3.0,3.0,3.0,3.0,-2.8170543,2.3192573,0.59712696,39.381577
1150,-1.2936374310651504,-0.56975824,3.5419846,0.50240445,0.9492181,0.12662506,-0.09756253,0.27098453,0.7163122,-4.6983695,-0.5034858,-3.4409537,-0.017820781,-3.2157688,3.0,3.0,3.0,3.0,3.0,3.0,3.0,3.0,3.0,3.0,3.0,3.0,3.0,3.0,3.0,3.0,3.0,3.0,3.0,3.0,3.0,3.0,3.0,3.0,3.0,3.0,3.0,3.0,3.0,3.0,3.0,3.0,3.0,3.0,3.0,3.0,-2.2955174,2.267633,0.5945457,29.99096
1155,-1.2710350868010716,-0.5841809,3.6406856,0.5117593,0.9612443,0.0862371,-0.094615765,0.24417295,0.67154443,-4.767516,-0.38443545,-3.7287567,-0.30211204,-3.128753,3.0,3.0,3.0,3.0,3.0,3.0,3.0,3.0,3.0,3.0,3.0,3.0,3.0,3.0,3.0,3.0,3.0,3.0,3.0,3.0,3.0,3.0,3.0,3.0,3.0,3.0,3.0,3.0,3.0,3.0,3.0,3.0,3.0,3.0,3.0,3.0,-3.008959,-0.40197802,0.9096912,26.573044
1160,-1.3894723390338437,-0.59735155,3.7408695,0.5169302,0.9709198,0.044737402,-0.0907047,0.2169931,0.60889715,-4.8268447,-0.18274784,-3.8285806,-0.42558202,-2.9672296,3.0,3.0,3.0,3.0,3.0,3.0,3.0,3.0,3.0,3.0,3.0,3.0,3.0,3.0,3.0,3.0,3.0,3.0,3.0,3.0,3.0,3.0,3.0,3.0,3.0,3.0,3.0,3.0,3.0,3.0,3.0,3.0,3.0,3.0,3.0,3.0,-1.0776076,-1.2853765,0.7128,38.302574
1165,-1.4123158832457476,-0.60911804,3.84181,0.5177947,0.97747034,0.0011236715,-0.08876992,0.19149506,0.5364142,-4.8510613,0.041219924,-4.0256667,-0.74031216,-2.7338345,3.0,3.0,3.0,3.0,3.0,3.0,3.0,3.0,3.0,3.0,3.0,3.0,3.0,3.0,3.0,3.0,3.0,3.0,3.0,3.0,3.0,3.0,3.0,3.0,3.0,3.0,3.0,3.0,3.0,3.0,3.0,3.0,3.0,3.0,3.0,3.0,0.12497234,-0.5503087,-0.2995168,40.834785
1170,-1.3683552533955883,-0.6198692,3.9426422,0.5172762,0.98042107,-0.046588723,-0.0878329,0.16996895,0.50410813,-4.830865,0.0037021455,-4.4505258,-0.84825456,-2.3234165,3.0,3.0,3.0,3.0,3.0,3.0,3.0,3.0,3.0,3.0,3.0,3.0,3.0,3.0,3.0,3.0,3.0,3.0,3.0,3.0,3.0,3.0,3.0,3.0,3.0,3.0,3.0,3.0,3.0,3.0,3.0,3.0,3.0,3.0,3.0,3.0,-1.7709329,-1.4402771,0.66356003,36.726112
1175,-1.4072965402600897,-0.62956613,4.0427146,0.5157234,0.98015684,-0.09407477,-0.08747017,0.1509685,0.436234,-4.7786813,0.1356912,-4.3076067,-0.917753,-1.9932992,3.0,3.0,3.0,3.0,3.0,3.0,3.0,3.0,3.0,3.0,3.0,3.0,3.0,3.0,3.0,3.0,3.0,3.0,3.0,3.0,3.0,3.0,3.0,3.0,3.0,3.0,3.0,3.0,3.0,3.0,3.0,3.0,3.0,3.0,3.0,3.0,-3.2495027,-2.1811733,0.81322443,42.77318
1180,-1.3341692036032637,-0.6376351,4.1411786,0.51066434,0.97699475,-0.1398989,-0.08798035,0.13479246,0.35450605,-4.686248,0.31115392,-4.21251,-0.90593225,-1.7624758,3.0,3.0,3.0,3.0,3.0,3.0,3.0,3.0,3.0,3.0,3.0,3.0,3.0,3.0,3.0,3.0,3.0,3.0,3.0,3.0,3.0,3.0,3.0,3.0,3.0,3.0,3.0,3.0,3.0,3.0,3.0,3.0,3.0,3.0,3.0,3.0,-3.2077856,-2.478596,0.73742664,38.461388
1185,-1.294348843066206,-0.64392906,4.2372417,0.50193095,0.9715274,-0.18449177,-0.089457735,0.11872055,0.27321547,-4.5647106,0.46145025,-4.1188574,-1.098051,-1.6946704,3.0,3.0,3.0,3.0,3.0,3.0,3.0,3.0,3.0,3.0,3.0,3.0,3.0,3.0,3.0,3.0,3.0,3.0,3.0,3.0,3.0,3.0,3.0,3.0,3.0,3.0,3.0,3.0,3.0,3.0,3.0,3.0,3.0,3.0,3.0,3.0,-2.903121,-3.6354117,0.45415306,37.52626
1190,-1.2115049273549439,-0.6486394,4.330565,0.49084473,0.9653002,-0.22288506,-0.0943863,0.09802555,0.1973842,-4.424199,0.5652487,-3.0307522,-1.5698851,-2.3011906,3.0,3.0,3.0,3.0,3.0,3.0,3.0,3.0,3.0,3.0,3.0,3.0,3.0,3.0,3.0,3.0,3.0,3.0,3.0,3.0,3.0,3.0,3.0,3.0,3.0,3.0,3.0,3.0,3.0,3.0,3.0,3.0,3.0,3.0,3.0,3.0,0.204844,-1.2597518,0.6161189,33.90753
1195,-1.2269603558640931,-0.65168655,4.420556,0.4775322,0.95886576,-0.2549818,-0.09807605,0.07708315,0.121899836,-4.2659283,0.6486192,-2.6839824,-1.0703199,-2.03669,3.0,3.0,3.0,3.0,3.0,3.0,3.0,3.0,3.0,3.0,2.9150276,2.9022107,2.9796448,3.0,3.0,3.0,3.0,3.0,3.0,3.0,3.0,3.0,3.0,3.0,3.0,3.0,3.0,3.0,3.0,3.0,3.0,3.0,3.0,3.0,3.0,3.0,-4.2526803,-4.2187963,0.61712754,39.612076
1200,-0.8241645282711669,-0.6531873,4.5070295,0.46275845,0.9532118,-0.27869236,-0.10474681,0.05240176,0.035050366,-4.063468,0.76178604,-1.6120048,-1.7042437,-2.3951757,3.0,3.0,3.0,3.0,3.0,3.0,3.0,3.0,3.0,2.8347561,2.7273016,2.7069414,2.7704372,2.9280891,3.0,3.0,3.0,3.0,3.0,3.0,3.0,3.0,3.0,3.0,3.0,3.0,3.0,3.0,3.0,3.0,3.0,3.0,3.0,3.0,3.0,3.0,-2.2171304,-2.9970207,0.98686934,3.1520233
1205,-0.8804928608019552,-0.6529375,4.589243,0.44597122,0.94864076,-0.29376712,-0.11457596,0.02557247,-0.04222403,-3.869522,0.8294434,-0.8566431,-1.7952332,-2.3001208,3.0,3.0,3.0,3.0,3.0,3.0,3.0,3.0,2.9912596,2.7591915,2.6348338,2.596699,2.6386836,2.7675197,3.0,3.0,3.0,3.0,3.0,3.0,3.0,3.0,3.0,3.0,3.0,3.0,3.0,3.0,3.0,3.0,3.0,3.0,3.0,3.0,3.0,3.0,-2.63708,-4.1391473,0.9921472,-14.257008
1210,-0.8784750303510152,-0.65093994,4.667006,0.42744425,0.94496006,-0.29980257,-0.13095626,-0.0044026305,-0.13573168,-3.6316996,0.94090027,0.057195995,-2.7724743,-2.3122249,3.0,3.0,3.0,3.0,3.0,3.0,3.0,3.0,3.0,2.7810707,2.6196377,2.5491226,2.5579903,2.6476479,2.8330257,3.0,3.0,3.0,3.0,3.0,3.0,3.0,3.0,3.0,3.0,3.0,3.0,3.0,3.0,3.0,3.0,3.0,3.0,3.0,3.0,3.0,-4.434716,-3.578524,0.9774159,-18.294317
1215,-1.0645373110963718,-0.6468917,4.7396593,0.4065267,0.94095397,-0.29804644,-0.15582918,-0.038616013,-0.2326643,-3.3949761,1.0398916,0.77979237,-3.7315555,-2.3994162,3.0,3.0,3.0,3.0,3.0,3.0,3.0,3.0,3.0,2.9032366,2.6761134,2.5539174,2.5154874,2.5546687,2.677739,2.9060342,3.0,3.0,3.0,3.0,3.0,3.0,3.0,3.0,3.0,3.0,3.0,3.0,3.0,3.0,3.0,3.0,3.0,3.0,3.0,3.0,-4.858264,-3.3753204,0.986717,-40.719013
1220,-1.0279012944730783,-0.64089036,4.807781,0.3841546,0.93642473,-0.2873229,-0.18499774,-0.07956173,-0.32924667,-3.1814044,1.1031401,1.5954753,-3.8388247,-2.8442488,3.0,3.0,3.0,3.0,3.0,3.0,3.0,3.0,3.0,3.0,2.8395455,2.6396835,2.5381556,2.5178173,2.5754337,2.7203407,2.9784195,3.0,3.0,3.0,3.0,3.0,3.0,3.0,3.0,3.0,3.0,3.0,3.0,3.0,3.0,3.0,3.0,3.0,3.0,3.0,-4.9307,-4.4201903,0.992237,-40.09591
1225,-1.018862400083529,-0.6327909,4.871572,0.36059836,0.93170416,-0.26872882,-0.21002498,-0.12490667,-0.43713102,-2.969113,1.1679335,2.272823,-3.711138,-3.1071534,3.0,3.0,3.0,3.0,3.0,3.0,3.0,3.0,3.0,3.0,3.0,2.8360212,2.6550179,2.5691104,2.564054,2.6390457,2.8063965,3.0,3.0,3.0,3.0,3.0,3.0,3.0,3.0,3.0,3.0,3.0,3.0,3.0,3.0,3.0,3.0,3.0,3.0,3.0,-4.9616537,-3.071426,0.9877752,-43.58051
1230,-0.9567630511279664,-0.622001,4.9304285,0.33487335,0.92514217,-0.24731287,-0.23645262,-0.16443382,-0.5772474,-2.7238383,1.2883238,2.1577382,-3.7833488,-2.386659,3.0,3.0,3.0,3.0,3.0,3.0,3.0,3.0,3.0,3.0,3.0,3.0,2.8300776,2.6664426,2.5952413,2.6048312,2.6967354,2.886267,3.0,3.0,3.0,3.0,3.0,3.0,3.0,3.0,3.0,3.0,3.0,3.0,3.0,3.0,3.0,3.0,3.0,3.0,-4.7462797,-0.48603725,0.9462223,-43.75793
1235,-0.8982081772855132,-0.6080149,4.984097,0.30639303,0.91573787,-0.22646955,-0.26318854,-0.20215723,-0.7266746,-2.491815,1.40016,2.104435,-3.8469205,-2.4542856,3.0,3.0,3.0,3.0,3.0,3.0,3.0,3.0,3.0,3.0,3.0,3.0,3.0,2.7997444,2.6561978,2.6018534,2.6279356,2.7385995,2.9526525,3.0,3.0,3.0,3.0,3.0,3.0,3.0,3.0,3.0,3.0,3.0,3.0,3.0,3.0,3.0,3.0,3.0,-4.9106936,0.9424305,0.96557,-42.755962
1240,-0.8729360803784543,-0.5908199,5.033134,0.2757905,0.9033074,-0.20663728,-0.28995055,-0.23930207,-0.87453675,-2.2859855,1.4799248,1.7901907,-3.862923,-2.4192836,3.0,3.0,3.0,3.0,3.0,3.0,3.0,3.0,3.0,3.0,3.0,3.0,3.0,2.9730275,2.746444,2.6260939,2.5912778,2.6364315,2.7688074,3.0,3.0,3.0,3.0,3.0,3.0,3.0,3.0,3.0,3.0,3.0,3.0,3.0,3.0,3.0,3.0,3.0,-4.090363,-3.614447,0.94749975,-44.09544
1245,-0.7884711389205021,-0.57151777,5.079332,0.2456227,0.888916,-0.18628195,-0.31582364,-0.27455932,-0.9712261,-2.161587,1.4417062,1.9399883,-3.9040713,-2.1123118,3.0,3.0,3.0,3.0,3.0,3.0,3.0,3.0,3.0,3.0,3.0,3.0,3.0,3.0,2.8765898,2.6836817,2.588735,2.5758693,2.6430411,2.8012018,3.0,3.0,3.0,3.0,3.0,3.0,3.0,3.0,3.0,3.0,3.0,3.0,3.0,3.0,3.0,3.0,-3.9373622,1.2619166,0.8643708,-39.00671
1250,-0.5824702407928106,-0.5495505,5.122325,0.2153608,0.8722402,-0.16787043,-0.34287003,-0.30570698,-1.0797292,-2.0325913,1.4102002,1.3162642,-3.8298416,-2.0490558,3.0,3.0,3.0,3.0,3.0,3.0,3.0,3.0,3.0,3.0,3.0,3.0,3.0,3.0,3.0,2.751997,2.597854,2.5329423,2.5466893,2.6412778,2.8325496,3.0,3.0,3.0,3.0,3.0,3.0,3.0,3.0,3.0,3.0,3.0,3.0,3.0,3.0,3.0,-0.20796967,-2.5521219,0.9157928,-20.715805
1255,-0.7287771544299873,-0.5265571,5.1640472,0.18781838,0.8532457,-0.15145095,-0.36948222,-0.33543602,-1.1200473,-1.982723,1.2630274,1.2355219,-3.8049746,-2.099354,3.0,3.0,3.0,3.0,3.0,3.0,3.0,3.0,3.0,3.0,3.0,3.0,3.0,3.0,3.0,2.8345284,2.6203244,2.5070436,2.475244,2.5198462,2.6480203,2.8822002,3.0,3.0,3.0,3.0,3.0,3.0,3.0,3.0,3.0,3.0,3.0,3.0,3.0,3.0,0.46900082,-4.1135845,0.9614997,-36.01541
1260,-0.7259117485921335,-0.50265425,5.2046976,0.16332246,0.8325726,-0.13545653,-0.39493963,-0.3640015,-1.1658818,-1.930193,1.1173838,1.1829916,-3.7136507,-2.0486755,3.0,3.0,3.0,3.0,3.0,3.0,3.0,3.0,3.0,3.0,3.0,3.0,3.0,3.0,3.0,2.9436493,2.663994,2.5022995,2.4286819,2.4310267,2.5097055,2.6777306,2.9664707,3.0,3.0,3.0,3.0,3.0,3.0,3.0,3.0,3.0,3.0,3.0,3.0,3.0,1.6214914,-4.5738254,0.9629617,-36.68679
1265,-0.692335616883136,-0.47779864,5.2442822,0.14192957,0.81023395,-0.11996556,-0.4192669,-0.39159223,-1.2115076,-1.879895,0.9662176,1.1200849,-3.6773245,-2.106763,3.0,3.0,3.0,3.0,3.0,3.0,3.0,3.0,3.0,3.0,3.0,3.0,3.0,3.0,3.0,3.0,2.72882,2.5165098,2.402583,2.3673396,2.4051378,2.5220366,2.738333,3.0,3.0,3.0,3.0,3.0,3.0,3.0,3.0,3.0,3.0,3.0,3.0,3.0,2.1635962,-4.674229,0.93434346,-34.09661
1270,-0.676723122752694,-0.45196474,5.282811,0.123714246,0.78606695,-0.10513714,-0.44253832,-0.41857466,-1.2593036,-1.8289623,0.8127633,1.0665154,-3.6342049,-2.1681793,3.0,3.0,3.0,3.0,3.0,3.0,3.0,3.0,3.0,3.0,3.0,3.0,3.0,3.0,3.0,3.0,2.8159633,2.5485783,2.3940003,2.3236673,2.3260067,2.401389,2.5622823,2.838731,3.0,3.0,3.0,3.0,3.0,3.0,3.0,3.0,3.0,3.0,3.0,3.0,3.7631407,-4.738439,0.827315,-33.258152
1275,-0.6972641269021014,-0.42511207,5.320268,0.10872626,0.76016736,-0.09097571,-0.4646514,-0.44493607,-1.3088915,-1.777094,0.65686196,1.0228862,-3.584937,-2.2316082,3.0,3.0,3.0,3.0,3.0,3.0,3.0,3.0,3.0,3.0,3.0,3.0,3.0,3.0,3.0,3.0,2.9286437,2.5991957,2.401976,2.2974586,2.267687,2.3079047,2.4245741,2.6380923,2.9925566,3.0,3.0,3.0,3.0,3.0,3.0,3.0,3.0,3.0,3.0,3.0,4.2834272,-4.466974,0.6653955,-36.259842
1280,-0.6542738110720494,-0.39720827,5.3566294,0.09701797,0.7326346,-0.077478215,-0.48551023,-0.47066277,-1.359865,-1.7240134,0.49841017,0.9896102,-3.5302553,-2.2957394,3.0,3.0,3.0,3.0,3.0,3.0,3.0,3.0,3.0,3.0,3.0,3.0,3.0,3.0,3.0,3.0,3.0,2.6698327,2.426235,2.2870533,2.226968,2.2361643,2.3161023,2.4801183,2.7593663,3.0,3.0,3.0,3.0,3.0,3.0,3.0,3.0,3.0,3.0,3.0,3.7462807,-4.7612185,0.30238366,-32.8986
1285,-0.7304653423712737,-0.36822984,5.391867,0.08864321,0.7035716,-0.06463458,-0.50502574,-0.49574015,-1.4117965,-1.669473,0.33736065,0.9669121,-3.4709663,-2.3592923,3.0,3.0,3.0,3.0,3.0,3.0,3.0,3.0,3.0,3.0,3.0,3.0,3.0,3.0,3.0,3.0,3.0,2.7628696,2.4671342,2.2914815,2.2016275,2.182362,2.2306192,2.3542078,2.575128,2.9403992,3.0,3.0,3.0,3.0,3.0,3.0,3.0,3.0,3.0,3.0,4.5457478,-4.6332674,0.7663841,-41.560677
1290,-0.7325309943661684,-0.3381623,5.425948,0.083656065,0.6730839,-0.052428193,-0.52311647,-0.5201524,-1.4642447,-1.6132567,0.17372254,0.95483035,-3.4079332,-2.421035,3.0,3.0,3.0,3.0,3.0,3.0,3.0,3.0,3.0,3.0,3.0,3.0,3.0,3.0,3.0,3.0,3.0,2.8818374,2.5256798,2.3103495,2.1901705,2.1437938,2.1637204,2.2531235,2.4271595,2.7198925,3.0,3.0,3.0,3.0,3.0,3.0,3.0,3.0,3.0,3.0,4.6108665,-4.548528,0.95319974,-42.813328
1295,-0.6648467262780875,-0.3070005,5.458835,0.08210975,0.64127916,-0.0408365,-0.53970844,-0.5438825,-1.5167621,-1.5551836,0.0075602285,0.9532246,-3.3420577,-2.4798055,3.0,3.0,3.0,3.0,3.0,3.0,3.0,3.0,3.0,3.0,3.0,3.0,3.0,3.0,3.0,3.0,3.0,3.0,2.6036072,2.3437872,2.191668,2.118539,2.1122398,2.1717703,2.3068798,2.5422857,2.9303513,3.0,3.0,3.0,3.0,3.0,3.0,3.0,3.0,3.0,3.3793983,-4.0878096,0.8030999,-37.22061
1300,-0.609806002566625,-0.27474853,5.490487,0.08405546,0.60826683,-0.029831514,-0.554736,-0.5669123,-1.5689023,-1.4951105,-0.16100812,0.9617843,-3.2742639,-2.5345268,3.0,3.0,3.0,3.0,3.0,3.0,3.0,3.0,3.0,3.0,3.0,3.0,3.0,3.0,3.0,3.0,3.0,3.0,2.7035446,2.392447,2.2056592,2.1052604,2.0738738,2.1064732,2.2082832,2.3969634,2.7109654,3.0,3.0,3.0,3.0,3.0,3.0,3.0,3.0,3.0,3.8335476,-4.7026486,0.83334446,-32.61887
1305,-0.7114751111810855,-0.24141979,5.5208616,0.0895413,0.5741572,-0.019380441,-0.5681418,-0.5892222,-1.6202267,-1.432933,-0.33181334,0.9800408,-3.2054815,-2.584223,3.0,3.0,3.0,3.0,3.0,3.0,3.0,3.0,3.0,3.0,3.0,3.0,3.0,3.0,3.0,3.0,3.0,3.0,2.8292856,2.4575522,2.2321026,2.103073,2.046942,2.0545325,2.1270492,2.276576,2.531448,2.9515698,3.0,3.0,3.0,3.0,3.0,3.0,3.0,3.0,2.4663458,-4.2902775,0.9460926,-44.176716
1310,-0.7006361418480195,-0.20703657,5.549914,0.098611236,0.5390614,-0.009446253,-0.5798769,-0.6107916,-1.6703131,-1.3685874,-0.5046387,1.0073811,-3.1366315,-2.6280303,3.0,3.0,3.0,3.0,3.0,3.0,3.0,3.0,3.0,3.0,3.0,3.0,3.0,3.0,3.0,3.0,3.0,3.0,2.9862344,2.5410023,2.2713673,2.1114678,2.0302315,2.0139396,2.0600011,2.1758795,2.38227,2.7233362,3.0,3.0,3.0,3.0,3.0,3.0,3.0,3.0,2.6580753,-4.747194,0.88793874,-44.1575
1315,-0.6649158806303814,-0.17162974,5.577598,0.111304164,0.5030905,1.1705852e-05,-0.58990103,-0.6315986,-1.7187606,-1.3020512,-0.6792241,1.0430629,-3.0686097,-2.6652079,3.0,3.0,3.0,3.0,3.0,3.0,3.0,3.0,3.0,3.0,3.0,3.0,3.0,3.0,3.0,3.0,3.0,3.0,3.0,2.6455538,2.3242564,2.1302667,2.0228941,1.9831932,2.0047615,2.091038,2.2567275,2.5345733,2.9941924,3.0,3.0,3.0,3.0,3.0,3.0,3.0,1.4460635,-4.476236,0.9864385,-41.780838
1320,-0.6204126144914505,-0.13523813,5.603869,0.12765308,-0.46635514,-0.009037112,0.5981827,0.6516201,-1.7651974,-1.2333425,-0.8552712,1.0862328,-3.0022738,-2.6951451,3.0,3.0,3.0,3.0,3.0,3.0,3.0,3.0,3.0,3.0,3.0,3.0,3.0,3.0,3.0,3.0,3.0,3.0,3.0,2.775114,2.3920727,2.1596065,2.024383,1.9611737,1.9595286,2.0191867,2.1499689,2.3760607,2.748623,3.0,3.0,3.0,3.0,3.0,3.0,3.0,-1.9820473,-3.1068091,0.67013144,-38.552483
1325,-0.6495359091623906,-0.097733654,5.628438,0.14759798,-0.4300842,-0.01743433,0.60405487,0.67070216,-1.8318732,-1.1308856,-1.0212531,1.1589583,-2.6490638,-2.4933314,3.0,3.0,3.0,3.0,3.0,3.0,3.0,3.0,3.0,3.0,3.0,3.0,3.0,3.0,3.0,3.0,3.0,3.0,3.0,2.9311454,2.4746883,2.1990542,2.0342839,1.9475341,1.9239477,1.9597595,2.0607316,2.2445788,2.5494962,3.0,3.0,3.0,3.0,3.0,3.0,3.0,-3.9920735,-3.0133688,0.3838433,-44.038357
1330,-0.5364815739767679,-0.058857966,5.6508203,0.1710026,-0.3980227,-0.02584228,0.60803056,0.6864466,-1.8830781,-1.0442796,-1.1942703,1.0606827,-2.5134735,-2.2139359,3.0,3.0,3.0,3.0,3.0,3.0,3.0,3.0,3.0,3.0,3.0,3.0,3.0,3.0,3.0,3.0,3.0,3.0,3.0,3.0,2.5615065,2.2411041,2.0472329,1.9384427,1.8953136,1.9108588,1.9875511,2.1383464,2.392567,2.8123727,3.0,3.0,3.0,3.0,3.0,3.0,-2.0554185,-3.2398393,0.33614802,-34.565056
1335,-0.5170099457444519,-0.018957214,5.671373,0.19802104,-0.36821,-0.03424131,0.61045724,0.7004219,-1.9445662,-0.934393,-1.3611854,1.0451894,-2.1836085,-1.8172675,3.0,3.0,3.0,3.0,3.0,3.0,3.0,3.0,3.0,3.0,3.0,3.0,3.0,3.0,3.0,3.0,3.0,3.0,3.0,3.0,2.655936,2.286864,2.062883,1.9323381,1.8707924,1.868054,1.9236885,2.04684,2.26021,2.611837,3.0,3.0,3.0,3.0,3.0,3.0,-4.290871,-3.994482,0.13178432,-35.093723
1340,-0.432038617461463,0.022097357,5.6897707,0.2285653,-0.34105554,-0.04259278,0.611378,0.7128,-1.9999644,-0.827617,-1.5297384,1.0036682,-2.0473547,-1.6163979,3.0,3.0,3.0,3.0,3.0,3.0,3.0,3.0,3.0,3.0,3.0,3.0,3.0,3.0,3.0,3.0,3.0,3.0,3.0,3.0,2.7555773,2.3342502,2.079482,1.9276614,1.848855,1.8296486,1.8669811,1.9668761,2.1469886,2.4451983,2.9434733,3.0,3.0,3.0,3.0,3.0,-3.1358135,-4.318714,0.32518697,-28.686821
1345,-0.27725334696513104,0.06444273,5.7056427,0.26253185,-0.3173643,-0.05140206,0.6121192,0.72245955,-2.0583959,-0.7099314,-1.6951476,0.7885406,-1.9134,-1.230292,3.0,3.0,3.0,3.0,3.0,3.0,3.0,3.0,3.0,3.0,3.0,3.0,3.0,3.0,3.0,3.0,3.0,3.0,3.0,3.0,2.8531322,2.377814,2.092758,1.9208477,1.826316,1.7925638,1.8141586,1.8945467,2.0474858,2.3034198,2.727179,3.0,3.0,3.0,3.0,3.0,-2.7247448,-2.02922,-0.27761424,-15.895443
1350,-0.1186591405849661,0.10809517,5.7188277,0.2998787,-0.29663047,-0.060432687,0.6122889,0.7303839,-2.1390371,-0.54536253,-1.8473161,0.83180153,-1.6691769,-0.982066,3.0,3.0,3.0,3.0,3.0,3.0,3.0,3.0,3.0,3.0,3.0,3.0,3.0,3.0,3.0,3.0,3.0,3.0,3.0,3.0,2.9487562,2.4174786,2.1025474,1.9116011,1.8026624,1.7559476,1.7638323,1.8275683,1.9578,2.1793146,2.5445282,3.0,3.0,3.0,3.0,3.0,-3.6232302,-1.429563,0.15289342,1.5219345
1355,-0.20005564071868687,0.15403205,5.727385,0.34005362,-0.28011838,-0.06980851,0.61209804,0.7362041,-2.2515872,-0.31546468,-1.9808491,0.781039,-1.5245966,-0.715123,3.0,3.0,3.0,3.0,3.0,3.0,3.0,3.0,3.0,3.0,3.0,3.0,3.0,3.0,3.0,3.0,3.0,3.0,3.0,3.0,3.0,2.4477744,2.1054375,1.8976934,1.7763911,1.7187505,1.7152108,1.7652104,1.8769554,2.0709827,2.3907666,2.9327228,3.0,3.0,3.0,3.0,-2.5623503,0.051408768,-0.35703784,16.764698
1360,-0.08531341049351765,0.20235479,5.731022,0.38296804,-0.26874852,-0.0755229,0.6079586,0.7432744,-2.3737106,-0.06264456,-2.1071935,0.97296435,-0.6584327,-0.6735198,3.0,3.0,3.0,3.0,3.0,3.0,3.0,3.0,3.0,3.0,3.0,3.0,3.0,3.0,3.0,3.0,3.0,3.0,3.0,3.0,3.0,2.4576983,2.0963905,1.8774328,1.7479767,1.6830621,1.6717734,1.7123164,1.8112773,1.9864376,2.2756495,2.7616365,3.0,3.0,3.0,3.0,-1.2950828,3.4843588,-0.04893738,10.743347
1365,-0.06511299640794467,0.2536519,5.7284923,0.42821833,-0.25935572,-0.07786934,0.6029921,0.75038093,-2.503357,0.20975314,-2.2245512,0.79732984,-0.3715684,-0.5396335,3.0,3.0,3.0,3.0,3.0,3.0,3.0,3.0,3.0,3.0,3.0,3.0,3.0,3.0,3.0,3.0,3.0,3.0,3.0,3.0,3.0,2.446972,2.074323,1.8489288,1.7147104,1.6452669,1.628793,1.6626642,1.7523489,1.9137235,2.180819,2.6273441,3.0,3.0,3.0,3.0,-2.0314038,4.2401905,-0.7498201,13.741074
1370,-0.2246406260921886,0.30714068,5.7212167,0.47613415,-0.25290444,-0.07764234,0.5986356,0.756073,-2.5830061,0.3879631,-2.3662143,0.64343256,-0.13658568,-0.5679571,3.0,3.0,3.0,3.0,3.0,3.0,3.0,3.0,3.0,3.0,3.0,3.0,3.0,3.0,3.0,3.0,3.0,3.0,3.0,3.0,3.0,2.4081333,2.0341897,1.8083308,1.6733781,1.6024783,1.5835004,1.6134158,1.6970398,1.8490603,2.1011195,2.5214503,3.0,3.0,3.0,3.0,3.0054493,0.16817045,-0.42515248,-31.812193
1375,-0.26473510774431164,0.36162236,5.711514,0.5273505,-0.24850994,-0.07690837,0.59408396,0.76117814,-2.656883,0.5603564,-2.5058515,0.63549626,0.0058930307,-0.37316668,3.0,3.0,3.0,3.0,3.0,3.0,3.0,3.0,3.0,3.0,3.0,3.0,3.0,3.0,3.0,3.0,3.0,3.0,3.0,3.0,3.0,2.3538554,1.9835972,1.7602025,1.6264491,1.5555129,1.5352029,1.5622733,1.6410738,1.7853752,2.0249596,2.423874,3.0,3.0,3.0,3.0,2.7304406,1.0335608,0.20886767,38.343025
1380,-0.18457606965213622,0.41781828,5.697812,0.5813054,-0.24721766,-0.076405056,0.5897532,0.76500773,-2.751156,0.7793726,-2.626636,0.47543618,0.29333463,0.10309887,3.0,3.0,3.0,3.0,3.0,3.0,3.0,3.0,3.0,3.0,3.0,3.0,3.0,3.0,3.0,3.0,3.0,3.0,3.0,3.0,2.9209592,2.2832682,1.9220544,1.7042271,1.5736955,1.5041894,1.483739,1.5090747,1.584264,1.722418,1.9519436,2.3338625,3.0,3.0,3.0,3.0,2.6686234,2.3965173,-0.5188717,33.968636
1385,-0.27875460294672105,0.47569656,5.6801276,0.63793826,-0.2524828,-0.07652656,0.5863965,0.7658559,-2.789015,0.88000494,-2.7843764,0.2359145,0.383844,0.42913,3.0,3.0,3.0,3.0,3.0,3.0,3.0,3.0,3.0,3.0,3.0,3.0,3.0,3.0,3.0,3.0,3.0,3.0,3.0,3.0,2.7881343,2.1850915,1.8425527,1.6358218,1.5121107,1.4466612,1.4282383,1.4538991,1.5277687,1.6627733,1.8868384,2.2600615,2.9282532,3.0,3.0,3.0,2.7291727,-2.4944293,-0.01146245,43.44275
1390,-0.22120638556079414,0.5344984,5.660088,0.69773316,-0.2610586,-0.07671003,0.58268124,0.76579803,-2.8512692,1.0294017,-2.9223576,0.20303869,0.72873205,0.89689386,3.0,3.0,3.0,3.0,3.0,3.0,3.0,3.0,3.0,3.0,3.0,3.0,3.0,3.0,3.0,3.0,3.0,3.0,3.0,3.0,2.634005,2.0737965,1.7540376,1.5608017,1.4454788,1.3852183,1.3697342,1.396557,1.470009,1.6030275,1.8234303,2.1912968,2.8537292,3.0,3.0,3.0,2.0695448,-1.5537782,-0.75199515,37.970352
1395,-0.2773185551304864,0.5942733,5.6376343,0.7606167,-0.2728681,-0.07696052,0.57847404,0.764845,-2.892531,1.1322492,-3.0738547,0.056056395,0.7810875,1.111123,3.0,3.0,3.0,3.0,3.0,3.0,3.0,3.0,3.0,3.0,3.0,3.0,3.0,3.0,3.0,3.0,3.0,3.0,3.0,3.0,2.463771,1.9521266,1.6581631,1.480236,1.3745098,1.3203228,1.3084961,1.3371474,1.410911,1.5429054,1.7611815,2.126659,2.790535,3.0,3.0,3.0,-2.4293828,-0.8097534,-0.29912657,43.555435
1400,-0.28133096931790486,0.65517247,5.6125646,0.8264436,-0.287607,-0.077783704,0.5752979,0.76175076,-2.9527047,1.2676213,-3.2100954,-0.022116043,0.8204714,1.2297494,3.0,3.0,3.0,3.0,3.0,3.0,3.0,3.0,3.0,3.0,3.0,3.0,3.0,3.0,3.0,3.0,3.0,3.0,3.0,3.0,2.2801769,1.8207029,1.5546634,1.3933989,1.2981837,1.2507205,1.2430426,1.27393,1.3484061,1.4798884,1.6969135,2.0619488,2.732874,3.0,3.0,3.0,-1.1985898,-2.690442,-0.7503325,44.297348
1405,-0.2645620432491721,0.7173688,5.5846686,0.895066,-0.30342877,-0.078407615,0.5711495,0.75866425,-3.0388725,1.4432213,-3.3267577,0.10405783,1.066055,1.4340763,3.0,3.0,3.0,3.0,3.0,3.0,3.0,3.0,3.0,3.0,3.0,3.0,3.0,3.0,3.0,3.0,3.0,3.0,3.0,2.885489,2.0983043,1.68888,1.4500097,1.3050774,1.220191,1.1793175,1.1756574,1.20863,1.2836334,1.4143802,1.6299233,1.9944698,2.6737063,3.0,3.0,3.0,-2.6795893,3.3300686,-0.7329831,44.47995
1410,-0.25756356927611773,0.78199273,5.5520506,0.9656441,-0.3228479,-0.079224974,0.5662046,0.7542579,-3.1334429,1.6268475,-3.435852,-0.09690381,1.1931169,1.8455992,3.0,3.0,3.0,3.0,3.0,3.0,3.0,3.0,3.0,3.0,3.0,3.0,3.0,3.0,3.0,3.0,3.0,3.0,3.0,2.5888274,1.9123983,1.5536544,1.3425934,1.2145071,1.1403633,1.1064357,1.1071362,1.1425763,1.2186118,1.3494129,1.564937,1.932263,2.6293123,3.0,3.0,3.0,-4.698326,1.5714397,-0.96000975,44.16665
1415,-0.19512380761815484,0.84890103,5.515229,1.0382563,-0.34680688,-0.08094918,0.5620141,0.7465335,-3.230202,1.8044837,-3.5422168,-0.3063061,1.2817364,2.2091491,3.0,3.0,3.0,3.0,3.0,3.0,3.0,3.0,3.0,3.0,3.0,3.0,3.0,3.0,3.0,3.0,3.0,3.0,3.0,2.2880437,1.720659,1.4131637,1.2306322,1.119998,1.0570848,1.0305098,1.035943,1.0742472,1.1518345,1.2835373,1.5007328,1.8749804,2.6032758,3.0,3.0,3.0,-4.898147,-1.8418443,-0.7445123,37.051895
1420,-0.20915457532095702,0.91676134,5.476573,1.1138382,-0.37400314,-0.0833895,0.55831075,0.7358376,-3.2715206,1.882807,-3.6876836,-0.46587458,1.351478,2.5275395,3.0,3.0,3.0,3.0,3.0,3.0,3.0,3.0,3.0,3.0,3.0,3.0,3.0,3.0,3.0,3.0,3.0,3.0,3.0,1.9961864,1.5292665,1.2706598,1.1158663,1.0223827,0.9705624,0.9512507,0.9613322,1.0024137,1.0814908,1.2141638,1.4335898,1.8172157,2.588562,3.0,3.0,3.0,-4.9334507,-4.182668,-0.78514856,36.183594
1425,-0.3028031522881819,0.98530024,5.4366374,1.1925712,-0.4016403,-0.08563653,0.5539612,0.72420883,-3.3021967,1.9390587,-3.8400228,-0.44602102,1.4018751,2.5201287,3.0,3.0,3.0,3.0,3.0,3.0,3.0,3.0,3.0,3.0,3.0,3.0,3.0,3.0,3.0,3.0,3.0,3.0,2.5157561,1.7276832,1.3467325,1.1316,1.0019839,0.92420477,0.88251424,0.8697077,0.88373524,0.9268462,1.0065303,1.13907,1.3593765,1.751308,2.5705445,3.0,3.0,3.0,-4.8210287,-4.3099008,-0.7789397,43.77948
1430,-0.19877732053269104,1.0544934,5.3955765,1.2744579,-0.4289365,-0.08758571,0.54874283,0.71219623,-3.3342443,1.9917952,-3.9906256,-0.41275907,1.4310654,2.4995623,3.0,3.0,3.0,3.0,3.0,3.0,3.0,3.0,3.0,3.0,3.0,3.0,3.0,3.0,3.0,3.0,3.0,3.0,2.0969713,1.482168,1.1737138,0.99659365,0.8894018,0.8256809,0.79296315,0.7857027,0.8027436,0.84684145,0.9258319,1.0564771,1.2751615,1.6720767,2.539803,3.0,3.0,3.0,-4.92852,-2.8239298,-0.8953399,31.414284
1435,-0.35348161063052297,1.1248826,5.3528643,1.3591299,-0.45775265,-0.09023619,0.5432052,0.69803154,-3.4182625,2.0995922,-4.1068425,-0.52046627,1.4317565,2.8557532,3.0,3.0,3.0,3.0,3.0,3.0,3.0,3.0,3.0,3.0,3.0,3.0,3.0,3.0,3.0,3.0,3.0,2.9175649,1.7258688,1.25238,1.0067658,0.8636329,0.7767975,0.7258689,0.70120215,0.69868845,0.7179286,0.7620692,0.8391611,0.96626973,1.1810504,1.5803444,2.5023992,3.0,3.0,3.0,-4.923107,-4.2441645,-0.9236553,44.850464
1440,-0.22917035720217604,1.1970253,5.3080235,1.4462111,-0.48919576,-0.09421499,0.5374396,0.6804188,-3.5169685,2.2117474,-4.213189,-0.7810016,1.5117714,3.5237792,3.0,3.0,3.0,3.0,3.0,3.0,3.0,3.0,3.0,3.0,3.0,3.0,3.0,3.0,3.0,3.0,3.0,2.227927,1.3927766,1.0359292,0.8450849,0.73241043,0.66405,0.6247226,0.6072112,0.60864383,0.62924784,0.6724435,0.74635583,0.868159,1.0765616,1.4756225,2.4637465,3.0,3.0,3.0,-4.981498,-3.0850778,-0.9910631,29.820541
1445,-0.12593699992478638,1.2713388,5.2608356,1.5354259,0.5259151,0.10013941,-0.5314844,-0.65643716,-3.5851233,2.284388,-4.3378043,-0.8932059,1.6032025,3.9137397,3.0,3.0,3.0,3.0,3.0,3.0,3.0,3.0,3.0,3.0,3.0,3.0,3.0,3.0,3.0,3.0,3.0,1.6497184,1.0865682,0.8288233,0.68677974,0.6019128,0.55060333,0.52196836,0.51092124,0.51567584,0.53698915,0.57847464,0.6482528,0.7635565,0.9643945,1.3648654,2.4620595,3.0,3.0,3.0,-4.781228,-4.9795413,-0.9991316,15.035912
1450,-0.3658421798343905,1.3465247,5.2127666,1.6275672,0.5621169,0.105589114,-0.52372,-0.6313421,-3.6266198,2.3231883,-4.4781857,-0.87630635,1.7051563,3.9356039,3.0,3.0,3.0,3.0,3.0,3.0,3.0,3.0,3.0,3.0,3.0,3.0,3.0,3.0,3.0,3.0,2.3101635,1.1895275,0.8177105,0.6377448,0.5360549,0.47477657,0.43801442,0.41833353,0.41233504,0.41905907,0.439584,0.47747812,0.5404938,0.6452582,0.8317492,1.2220861,2.4426134,3.0,3.0,3.0,-4.3446183,-4.979141,-0.99564636,36.65364
1455,-0.20072626972003116,1.4227015,5.1638756,1.7225405,0.5986801,0.110688336,-0.51424336,-0.60405636,-3.6770713,2.3620286,-4.6117826,-0.87867266,1.783193,4.1123285,3.0,3.0,3.0,3.0,3.0,3.0,3.0,3.0,3.0,3.0,3.0,3.0,3.0,3.0,3.0,3.0,1.4219377,0.80705595,0.5756295,0.45816895,0.39037246,0.349299,0.32498023,0.31271037,0.31042218,0.31775182,0.3358886,0.3680821,0.4212576,0.51052296,0.6737679,1.0367968,2.4066145,3.0,3.0,3.0,-3.6510987,-4.93911,-0.9993555,15.770027
1460,-100.29896235868569,1.5004758,5.1139154,1.8199471,0.6344179,0.121052474,-0.5024995,-0.5747647,-3.7691836,2.4200318,-4.7185307,-0.3342351,1.397666,4.5183015,3.0,3.0,3.0,3.0,3.0,3.0,3.0,3.0,3.0,3.0,3.0,3.0,3.0,3.0,3.0,2.726365,0.82487124,0.49480537,0.36123565,0.29142264,0.2506048,0.2258353,0.21136633,0.20447864,0.20402937,0.20994721,0.22320312,0.2462316,0.2841868,0.34849402,0.4688278,0.7509428,2.041326,3.0,3.0,3.0,-2.160283,-4.9190664,-0.99805367,22.378166
