step,reward,rel_x,rel_y,rel_z,qw,qx,qy,qz,vx,vy,vz,wx,wy,wz,lidar_0,lidar_1,lidar_2,lidar_3,lidar_4,lidar_5,lidar_6,lidar_7,lidar_8,lidar_9,lidar_10,lidar_11,lidar_12,lidar_13,lidar_14,lidar_15,lidar_16,lidar_17,lidar_18,lidar_19,lidar_20,lidar_21,lidar_22,lidar_23,lidar_24,lidar_25,lidar_26,lidar_27,lidar_28,lidar_29,lidar_30,lidar_31,lidar_32,lidar_33,lidar_34,lidar_35,act_vx,act_vy,act_vz,act_yaw
5,-0.078762784777442,0.030920839,-0.0566993,0.8978864,1.0,0.0,0.0,0.0,0.0,0.0,0.2028851,0.0,0.0,0.0,3.0,3.0,3.0,3.0,3.0,3.0,3.0,3.0,3.0,3.0,3.0,3.0,3.0,3.0,3.0,3.0,3.0,3.0,3.0,3.0,3.0,3.0,3.0,3.0,3.0,3.0,3.0,3.0,3.0,3.0,3.0,3.0,3.0,3.0,3.0,3.0,-4.4096026,-2.8409786,0.9668113,-22.522581
10,0.12573183791122972,0.030920839,-0.0566993,0.89049566,1.0,9.063464e-05,-9.063464e-05,-5.2473242e-05,0.0,0.0,0.4554218,0.043504626,-0.043504626,-0.025187155,3.0,3.0,3.0,3.0,3.0,3.0,3.0,3.0,3.0,3.0,3.0,3.0,3.0,3.0,3.0,3.0,3.0,3.0,3.0,3.0,3.0,3.0,3.0,3.0,3.0,3.0,3.0,3.0,3.0,3.0,3.0,3.0,3.0,3.0,3.0,3.0,-4.5139904,0.63628435,0.95684445,-6.2157135
15,-0.08604273599314602,0.030924896,-0.05669853,0.8780115,0.99998784,0.0011764058,-0.0047629606,-0.0005230839,-0.00060296146,-0.00013212502,0.6925797,0.042805377,-0.7639456,0.05020947,3.0,3.0,3.0,3.0,3.0,3.0,3.0,3.0,3.0,3.0,3.0,3.0,3.0,3.0,3.0,3.0,3.0,3.0,3.0,3.0,3.0,3.0,3.0,3.0,3.0,3.0,3.0,3.0,3.0,3.0,3.0,3.0,3.0,3.0,3.0,3.0,-0.4185381,2.0638266,0.9922793,32.244354
20,0.05150050867986333,0.030987924,-0.05668674,0.8612686,0.99991196,-1.5024002e-05,-0.013092311,-0.0021454773,-0.005269643,-0.0006995102,0.8662198,-0.101201884,-0.8050076,-0.5556137,3.0,3.0,3.0,3.0,3.0,3.0,3.0,3.0,3.0,3.0,3.0,3.0,3.0,3.0,3.0,3.0,3.0,3.0,3.0,3.0,3.0,3.0,3.0,3.0,3.0,3.0,3.0,3.0,3.0,3.0,3.0,3.0,3.0,3.0,3.0,3.0,3.0574236,-1.0222774,0.9774753,21.115356
25,0.05794350777911861,0.031208472,-0.05667089,0.8416739,0.99977237,0.0012276014,-0.01991674,-0.007550358,-0.014649323,-0.0008534533,0.9854085,0.05894464,-0.65570474,-0.37312794,3.0,3.0,3.0,3.0,3.0,3.0,3.0,3.0,3.0,3.0,3.0,3.0,3.0,3.0,3.0,3.0,3.0,3.0,3.0,3.0,3.0,3.0,3.0,3.0,3.0,3.0,3.0,3.0,3.0,3.0,3.0,3.0,3.0,3.0,3.0,3.0,-0.3002019,-0.14320374,0.7815821,23.12783
30,0.14569319750465665,0.031643063,-0.056645516,0.82057613,0.99958736,0.000842469,-0.026412949,-0.0112613235,-0.025865287,-0.0015199431,1.0403271,-0.09832673,-0.5121297,-0.21571535,3.0,3.0,3.0,3.0,3.0,3.0,3.0,3.0,3.0,3.0,3.0,3.0,3.0,3.0,3.0,3.0,3.0,3.0,3.0,3.0,3.0,3.0,3.0,3.0,3.0,3.0,3.0,3.0,3.0,3.0,3.0,3.0,3.0,3.0,3.0,3.0,-1.2178664,2.4819589,0.98884845,15.975441
35,0.1416207951288973,0.032344833,-0.056612145,0.79844207,0.99941915,-0.00081256725,-0.03190139,-0.011956453,-0.039571565,-0.0015095706,1.0820619,0.007730414,-0.43084702,-0.07235786,3.0,3.0,3.0,3.0,3.0,3.0,3.0,3.0,3.0,3.0,3.0,3.0,3.0,3.0,3.0,3.0,3.0,3.0,3.0,3.0,3.0,3.0,3.0,3.0,3.0,3.0,3.0,3.0,3.0,3.0,3.0,3.0,3.0,3.0,3.0,3.0,0.74847937,0.6973891,0.99567974,17.557789
40,0.20461721167108982,0.03337432,-0.056588978,0.77525336,0.99931437,0.0002449985,-0.034327406,-0.013867987,-0.056183554,-0.00084361545,1.133859,0.1429085,-0.29333588,0.005411626,3.0,3.0,3.0,3.0,3.0,3.0,3.0,3.0,3.0,3.0,3.0,3.0,3.0,3.0,3.0,3.0,3.0,3.0,3.0,3.0,3.0,3.0,3.0,3.0,3.0,3.0,3.0,3.0,3.0,3.0,3.0,3.0,3.0,3.0,3.0,3.0,1.2506523,-0.5883837,0.92170167,-12.214077
45,0.1894234641566062,0.034722973,-0.056570794,0.7516085,0.9992479,0.0032077215,-0.03569693,-0.014801531,-0.070956856,-0.0010723418,1.1410666,0.30395156,0.06768711,-0.13058607,3.0,3.0,3.0,3.0,3.0,3.0,3.0,3.0,3.0,3.0,3.0,3.0,3.0,3.0,3.0,3.0,3.0,3.0,3.0,3.0,3.0,3.0,3.0,3.0,3.0,3.0,3.0,3.0,3.0,3.0,3.0,3.0,3.0,3.0,3.0,3.0,-3.940628,2.358479,0.95177484,13.473465
50,0.30354865027541617,0.03642084,-0.056532685,0.7273411,0.999209,0.004518901,-0.037231706,-0.013220358,-0.08767924,-0.0023491727,1.1682179,0.13296205,-0.119649865,0.032228865,3.0,3.0,3.0,3.0,3.0,3.0,3.0,3.0,3.0,3.0,3.0,3.0,3.0,3.0,3.0,3.0,3.0,3.0,3.0,3.0,3.0,3.0,3.0,3.0,3.0,3.0,3.0,3.0,3.0,3.0,3.0,3.0,3.0,3.0,3.0,3.0,0.80580664,-1.4703484,0.9962237,-2.9063988
55,0.08637019972570803,0.03844743,-0.056460723,0.7028679,0.9992242,0.0072707483,-0.036621507,-0.012533166,-0.10357305,-0.004305333,1.1778945,0.24783501,-0.00094964885,0.19654445,3.0,3.0,3.0,3.0,3.0,3.0,3.0,3.0,3.0,3.0,3.0,3.0,3.0,3.0,3.0,3.0,3.0,3.0,3.0,3.0,3.0,3.0,3.0,3.0,3.0,3.0,3.0,3.0,3.0,3.0,3.0,3.0,3.0,3.0,3.0,3.0,0.9208355,1.1361656,0.9891765,-24.99665
60,0.020795386443372255,0.040788487,-0.056336764,0.6783689,0.9992664,0.008210178,-0.03467398,-0.014034107,-0.11723468,-0.0069306204,1.1618173,0.11314052,0.17849176,-0.22535059,3.0,3.0,3.0,3.0,3.0,3.0,3.0,3.0,3.0,3.0,3.0,3.0,3.0,3.0,3.0,3.0,3.0,3.0,3.0,3.0,3.0,3.0,3.0,3.0,3.0,3.0,3.0,3.0,3.0,3.0,3.0,3.0,3.0,3.0,3.0,3.0,-0.6080904,2.225761,0.9818113,-31.241047
65,0.29667416211041553,0.04341929,-0.05615031,0.6539994,0.99935955,0.008930694,-0.032075875,-0.013111745,-0.13185379,-0.010261973,1.1698694,-0.027337393,0.30278102,0.19318075,3.0,3.0,3.0,3.0,3.0,3.0,3.0,3.0,3.0,3.0,3.0,3.0,3.0,3.0,3.0,3.0,3.0,3.0,3.0,3.0,3.0,3.0,3.0,3.0,3.0,3.0,3.0,3.0,3.0,3.0,3.0,3.0,3.0,3.0,3.0,3.0,0.104561806,-2.4260478,0.9401232,-2.6226845
70,0.000568889691722918,0.046317957,-0.05589474,0.6297784,0.99953943,0.008977512,-0.027512657,-0.009132445,-0.14406817,-0.013722014,1.1626017,-0.16558076,0.4321852,0.49125567,3.0,3.0,3.0,3.0,3.0,3.0,3.0,3.0,3.0,3.0,3.0,3.0,3.0,3.0,3.0,3.0,3.0,3.0,3.0,3.0,3.0,3.0,3.0,3.0,3.0,3.0,3.0,3.0,3.0,3.0,3.0,3.0,3.0,3.0,3.0,3.0,0.8545685,-1.2657824,0.9495218,-32.4162
75,0.21310202746344753,0.049453024,-0.055565037,0.6056095,0.99976695,0.006137417,-0.020273888,-0.0041730725,-0.15416887,-0.017079128,1.1534138,-0.51061535,0.7728292,0.37099794,3.0,3.0,3.0,3.0,3.0,3.0,3.0,3.0,3.0,3.0,3.0,3.0,3.0,3.0,3.0,3.0,3.0,3.0,2.6783524,3.0,3.0,3.0,3.0,3.0,3.0,3.0,3.0,3.0,3.0,3.0,3.0,3.0,3.0,3.0,3.0,3.0,2.2022028,0.33868837,0.95665693,10.011158
80,-0.1102639932882819,0.052772906,-0.055177663,0.5813281,0.99991727,0.0024265186,-0.012195603,-0.0032962891,-0.16222088,-0.019275723,1.1701641,-0.103181444,0.8636722,0.19902866,3.0,3.0,3.0,3.0,3.0,3.0,3.0,3.0,3.0,3.0,3.0,3.0,3.0,3.0,3.0,3.0,3.0,3.0,2.673591,3.0,3.0,3.0,3.0,3.0,3.0,3.0,3.0,3.0,3.0,3.0,3.0,3.0,3.0,3.0,3.0,3.0,-0.43975163,2.2013454,0.9698142,43.1341
85,-0.07475849620028668,0.056207992,-0.054766104,0.5570766,0.9999892,-0.0013810154,-0.004255918,0.0012305778,-0.16600463,-0.019893302,1.146421,-0.42356426,0.9160428,0.4179232,3.0,3.0,3.0,3.0,3.0,3.0,3.0,3.0,3.0,3.0,3.0,3.0,3.0,3.0,3.0,3.0,3.0,3.0,2.6694071,3.0,3.0,3.0,3.0,3.0,3.0,3.0,3.0,3.0,3.0,3.0,3.0,3.0,3.0,3.0,3.0,3.0,-2.484683,-1.2301385,0.99327683,38.681686
90,-0.023608363250216258,0.059684385,-0.054359954,0.5329038,0.9999595,-0.0033281127,0.0059948093,0.0058277403,-0.16685633,-0.019091062,1.1673152,-0.29612178,1.0359375,0.5616924,3.0,3.0,3.0,3.0,3.0,3.0,3.0,3.0,3.0,3.0,3.0,3.0,3.0,3.0,3.0,3.0,3.0,3.0,2.6661987,3.0,3.0,3.0,3.0,3.0,3.0,3.0,3.0,3.0,3.0,3.0,3.0,3.0,3.0,3.0,3.0,3.0,-1.0298209,-1.46491,0.96262836,33.60463
95,-0.028873186776723347,0.06312485,-0.053979084,0.5086651,0.99981165,-0.003526065,0.0154608395,0.011188945,-0.16359153,-0.017725626,1.1538435,0.079717055,0.91228706,0.6688764,3.0,3.0,3.0,3.0,3.0,3.0,3.0,3.0,3.0,3.0,3.0,3.0,3.0,3.0,3.0,3.0,3.0,3.0,3.0,3.0,3.0,3.0,3.0,3.0,3.0,3.0,3.0,3.0,3.0,3.0,3.0,3.0,3.0,3.0,3.0,3.0,0.57017326,-0.26134443,0.94196415,33.993324
100,-0.025003890575793747,2.0664427,-0.05362926,1.4845265,0.9994998,-0.0033198362,0.025977544,0.017727017,-0.15575169,-0.016214442,1.1621354,-0.020314835,1.075043,0.8034958,3.0,3.0,3.0,3.0,3.0,3.0,3.0,3.0,3.0,3.0,3.0,3.0,3.0,3.0,3.0,3.0,3.0,3.0,3.0,3.0,3.0,3.0,3.0,3.0,3.0,3.0,3.0,3.0,3.0,3.0,3.0,3.0,3.0,3.0,3.0,3.0,-4.6280346,0.975368,0.99301493,20.741875
105,-0.060892216458898474,2.0695791,-0.053307842,1.4609125,0.99900943,-0.0057535833,0.034356948,0.027688842,-0.14623484,-0.014756926,1.1208355,-0.25075862,0.581354,0.81373435,3.0,3.0,3.0,3.0,3.0,3.0,3.0,3.0,3.0,3.0,3.0,3.0,3.0,3.0,3.0,3.0,3.0,3.0,3.0,3.0,3.0,3.0,3.0,3.0,3.0,3.0,3.0,3.0,3.0,3.0,3.0,3.0,3.0,3.0,3.0,3.0,-1.518445,-0.26864433,0.9824631,25.030945
110,-0.15729078425210363,2.0724604,-0.053031962,1.4377795,0.9987223,-0.005971229,0.038499467,0.032184247,-0.13219213,-0.012033509,1.1113727,-0.04215646,0.3424248,0.16761257,3.0,3.0,3.0,3.0,3.0,3.0,3.0,3.0,3.0,3.0,3.0,3.0,3.0,3.0,3.0,3.0,3.0,3.0,3.0,3.0,3.0,3.0,3.0,3.0,3.0,3.0,3.0,3.0,3.0,3.0,3.0,3.0,3.0,3.0,3.0,3.0,0.4112196,-1.9642754,0.96572113,35.968742
115,-0.1565669653918304,2.0750077,-0.05281913,1.4145688,0.99849945,-0.0044897664,0.042186882,0.03462586,-0.11535586,-0.008994756,1.1168915,0.33827606,0.2963035,0.13407639,3.0,3.0,3.0,3.0,3.0,3.0,3.0,3.0,3.0,3.0,3.0,3.0,3.0,3.0,3.0,3.0,3.0,3.0,3.0,3.0,3.0,3.0,3.0,3.0,3.0,3.0,3.0,3.0,3.0,3.0,3.0,3.0,3.0,3.0,3.0,3.0,-1.7318702,-0.1727109,0.91606474,35.78827
120,-0.12501035452059125,2.0771825,-0.0526615,1.3911978,0.99845046,-0.0018598674,0.043485485,0.034673244,-0.09583211,-0.006686893,1.1385746,0.19282766,0.19042726,0.020011898,3.0,3.0,3.0,3.0,3.0,3.0,3.0,3.0,3.0,3.0,3.0,3.0,3.0,3.0,3.0,3.0,3.0,3.0,3.0,3.0,3.0,3.0,3.0,3.0,3.0,3.0,3.0,3.0,3.0,3.0,3.0,3.0,3.0,3.0,3.0,3.0,-1.5774715,-2.6205769,0.9596045,33.37787
125,-0.2039212084851846,2.078966,-0.05253733,1.3676268,0.9985068,0.00023931048,0.043727156,0.03274335,-0.07931911,-0.0056124907,1.1201353,0.16324331,-0.031923726,-0.27538347,3.0,3.0,3.0,3.0,3.0,3.0,3.0,3.0,3.0,3.0,3.0,3.0,3.0,3.0,3.0,3.0,3.0,3.0,3.0,3.0,3.0,3.0,3.0,3.0,3.0,3.0,3.0,3.0,3.0,3.0,3.0,3.0,3.0,3.0,3.0,3.0,0.1698122,0.819026,0.97193766,41.323128
130,-0.1818842556526117,2.0804055,-0.052426387,1.3444626,0.99865377,0.0012806976,0.043569162,0.02811942,-0.061671928,-0.0052125873,1.1133128,0.16284098,0.011441183,-0.25096336,3.0,3.0,3.0,3.0,3.0,3.0,3.0,3.0,3.0,3.0,3.0,3.0,3.0,3.0,3.0,3.0,3.0,3.0,3.0,3.0,3.0,3.0,3.0,3.0,3.0,3.0,3.0,3.0,3.0,3.0,3.0,3.0,3.0,3.0,3.0,3.0,-3.973329,-1.7443905,0.9504725,38.80343
135,-0.21909353120513025,2.0815082,-0.052316803,1.321764,0.9988649,0.002431923,0.040570937,0.02484005,-0.047076043,-0.0053896233,1.0748441,-0.05055154,-0.45799443,-0.33790058,3.0,3.0,3.0,3.0,3.0,3.0,3.0,3.0,3.0,3.0,3.0,3.0,3.0,3.0,3.0,3.0,3.0,3.0,3.0,3.0,3.0,3.0,3.0,3.0,3.0,3.0,3.0,3.0,3.0,3.0,3.0,3.0,3.0,3.0,3.0,3.0,-2.705896,-1.2746549,0.91901755,41.842636
140,-0.21049780673670307,2.0822566,-0.05219601,1.2990605,0.9991488,0.0020067412,0.03521983,0.021383645,-0.028256828,-0.0060808193,1.1077101,0.06891521,-0.28803658,-0.12521161,3.0,3.0,3.0,3.0,3.0,3.0,3.0,3.0,3.0,3.0,3.0,3.0,3.0,3.0,3.0,3.0,3.0,3.0,3.0,3.0,3.0,3.0,3.0,3.0,3.0,3.0,3.0,3.0,3.0,3.0,3.0,3.0,3.0,3.0,3.0,3.0,2.6057177,-2.6399074,0.9684441,42.16899
145,-0.20115941053891936,2.0826397,-0.05206084,1.2756565,0.9991471,0.003536397,0.033513643,0.02386141,-0.011680645,-0.006889861,1.1376297,-0.0016618742,-0.1037738,0.23466699,3.0,3.0,3.0,3.0,3.0,3.0,3.0,3.0,3.0,3.0,3.0,3.0,3.0,3.0,3.0,3.0,3.0,3.0,3.0,3.0,3.0,3.0,3.0,3.0,3.0,3.0,3.0,3.0,3.0,3.0,3.0,3.0,3.0,3.0,3.0,3.0,0.4765582,-1.5778315,0.9414611,41.81994
150,-0.002346144970779701,2.082712,-0.051902436,1.251996,0.9991458,0.00618871,0.032419644,0.024866212,0.001304746,-0.008098617,1.1244166,0.32892376,-0.17603737,-0.19592565,3.0,3.0,3.0,3.0,3.0,3.0,3.0,3.0,3.0,3.0,3.0,3.0,3.0,3.0,3.0,3.0,3.0,3.0,3.0,3.0,3.0,3.0,3.0,3.0,3.0,3.0,3.0,3.0,3.0,3.0,3.0,3.0,3.0,3.0,3.0,3.0,0.4543681,-0.7438202,0.9268645,21.528122
155,-0.11217739914215258,2.0825143,-0.051703524,1.228533,0.99916416,0.010552367,0.031064259,0.024384797,0.015364207,-0.010879307,1.1356395,0.4622938,0.0039972886,-0.065547116,3.0,3.0,3.0,3.0,3.0,3.0,3.0,3.0,3.0,3.0,3.0,3.0,3.0,3.0,3.0,3.0,3.0,3.0,3.0,3.0,3.0,3.0,3.0,3.0,3.0,3.0,3.0,3.0,3.0,3.0,3.0,3.0,3.0,3.0,3.0,3.0,0.5418258,1.8057251,0.94787145,32.588524
160,-0.10595901420904211,2.0820181,-0.05142154,1.2046554,0.999072,0.013706476,0.032435186,0.024804262,0.028979642,-0.015354224,1.144271,0.11663564,0.12396265,0.09708637,3.0,3.0,3.0,3.0,3.0,3.0,3.0,3.0,3.0,3.0,3.0,3.0,3.0,3.0,3.0,3.0,3.0,3.0,3.0,3.0,3.0,3.0,3.0,3.0,3.0,3.0,3.0,3.0,3.0,3.0,3.0,3.0,3.0,3.0,3.0,3.0,-4.005756,-3.275442,0.95703983,32.24447
165,-0.22056373041570698,2.0812547,-0.051037244,1.180944,0.9991222,0.016627396,0.03199997,0.021315515,0.041247793,-0.020399317,1.126376,0.3108004,-0.075527675,-0.58698136,3.0,3.0,3.0,3.0,3.0,3.0,3.0,3.0,3.0,3.0,3.0,3.0,3.0,3.0,3.0,3.0,3.0,3.0,3.0,3.0,3.0,3.0,3.0,3.0,3.0,3.0,3.0,3.0,3.0,3.0,3.0,3.0,3.0,3.0,3.0,3.0,3.0869293,-2.223295,0.94253016,43.067802
170,-0.12635972563405784,2.080218,-0.050523344,1.1573111,0.9991434,0.021920765,0.032144547,0.01409516,0.05435816,-0.0272147,1.1231118,0.43164712,0.07802277,-0.98047084,3.0,3.0,3.0,3.0,3.0,3.0,3.0,3.0,3.0,3.0,3.0,3.0,3.0,3.0,3.0,3.0,3.0,3.0,3.0,3.0,3.0,3.0,3.0,3.0,3.0,3.0,3.0,3.0,3.0,3.0,3.0,3.0,3.0,3.0,3.0,3.0,-3.0390244,-0.1684742,0.024552822,32.482254
175,-0.20851266706692279,2.0789587,-0.049869694,1.1345196,0.9991102,0.02600763,0.032657664,0.005991637,0.06571445,-0.035190724,1.0931674,0.23818567,0.049327906,-0.63754,3.0,3.0,3.0,3.0,3.0,3.0,3.0,3.0,3.0,3.0,3.0,3.0,3.0,3.0,3.0,3.0,3.0,3.0,3.0,3.0,3.0,3.0,3.0,3.0,3.0,3.0,3.0,3.0,3.0,3.0,3.0,3.0,3.0,3.0,3.0,3.0,-0.45547342,-0.58160686,0.7622473,41.50965
180,-0.1928131929809523,2.0774589,-0.04903109,1.1122984,0.9991127,0.02817238,0.031299848,-0.00064760726,0.07696116,-0.044459056,1.0619006,0.17221172,-0.09766938,-0.45097652,3.0,3.0,3.0,3.0,3.0,3.0,3.0,3.0,3.0,3.0,3.0,3.0,3.0,3.0,3.0,3.0,3.0,3.0,3.0,3.0,3.0,3.0,3.0,3.0,3.0,3.0,3.0,3.0,3.0,3.0,3.0,3.0,3.0,3.0,3.0,3.0,4.535572,-1.5513425,0.39419317,39.64924
185,-0.17129147984631837,2.0757103,-0.04797236,1.0904044,0.99906045,0.028952893,0.031954516,-0.004347755,0.08960563,-0.056070495,1.0600382,-0.09079119,0.19156773,-0.28160605,3.0,3.0,3.0,3.0,3.0,3.0,3.0,3.0,3.0,3.0,3.0,3.0,3.0,3.0,3.0,3.0,3.0,3.0,3.0,3.0,3.0,3.0,3.0,3.0,3.0,3.0,3.0,3.0,3.0,3.0,3.0,3.0,3.0,3.0,3.0,3.0,1.9365635,-1.6691895,0.7717066,38.31579
190,-0.17486378267409539,2.0736918,-0.046665825,1.0685158,0.998907,0.030059543,0.035073917,-0.0071435496,0.10290777,-0.06810342,1.0601779,0.19522443,0.4385201,-0.28244373,3.0,3.0,3.0,3.0,3.0,3.0,3.0,3.0,3.0,3.0,3.0,3.0,3.0,3.0,3.0,3.0,3.0,3.0,3.0,3.0,3.0,3.0,3.0,3.0,3.0,3.0,3.0,3.0,3.0,3.0,3.0,3.0,3.0,3.0,3.0,3.0,2.2053947,1.3484106,0.8364332,38.375763
195,-0.1777736964226689,2.0713809,-0.04510297,1.0466099,0.9986443,0.031331126,0.040371224,-0.0099065695,0.11615248,-0.07935071,1.0399095,0.07639311,0.32769322,-0.15037924,3.0,3.0,3.0,3.0,3.0,3.0,3.0,3.0,3.0,3.0,3.0,3.0,3.0,3.0,3.0,3.0,3.0,3.0,3.0,3.0,3.0,3.0,3.0,3.0,3.0,3.0,3.0,3.0,3.0,3.0,3.0,3.0,3.0,3.0,3.0,3.0,-0.7346096,0.7625675,0.7558645,38.898285
200,-0.17847114707924125,2.0687559,-0.043287423,1.0249423,0.99852914,0.032827765,0.04200364,-0.0098776035,0.13186073,-0.0917676,1.0304874,0.13601518,0.06448682,0.1939612,3.0,3.0,3.0,3.0,3.0,3.0,3.0,3.0,3.0,3.0,3.0,3.0,3.0,3.0,3.0,3.0,3.0,3.0,3.0,3.0,3.0,3.0,3.0,3.0,3.0,3.0,3.0,3.0,3.0,3.0,3.0,3.0,3.0,3.0,3.0,3.0,-3.103906,0.5909581,0.85457015,39.202522
205,0.05443899800235963,2.0658033,-0.04121164,1.0035499,0.99863005,0.03210281,0.040761515,-0.00677858,0.14998567,-0.106201,1.0449015,0.061499152,-0.29601693,0.24681044,3.0,3.0,3.0,3.0,3.0,3.0,3.0,3.0,3.0,3.0,3.0,3.0,3.0,3.0,3.0,3.0,3.0,3.0,3.0,3.0,3.0,3.0,3.0,3.0,3.0,3.0,3.0,3.0,3.0,3.0,3.0,3.0,3.0,3.0,3.0,3.0,-0.4975276,2.0359745,0.9549569,16.068024
210,-0.18974238786543066,2.0624576,-0.03882221,0.9815787,0.9988256,0.030405864,0.03730944,-0.005560849,0.16784254,-0.12059731,1.0661527,-0.15117735,-0.34888336,-0.20867825,3.0,3.0,3.0,3.0,3.0,3.0,3.0,3.0,3.0,3.0,3.0,3.0,3.0,3.0,3.0,3.0,3.0,3.0,3.0,3.0,3.0,3.0,3.0,3.0,3.0,3.0,3.0,3.0,3.0,3.0,3.0,3.0,3.0,3.0,3.0,3.0,-1.4115758,-0.5109496,0.8682735,40.83818
215,0.10925955512802346,2.0587544,-0.036137648,0.9590977,0.99895084,0.029875573,0.033612225,-0.008654619,0.18388948,-0.134107,1.0842907,-0.07915703,-0.45297283,-0.0665024,3.0,3.0,3.0,3.0,3.0,3.0,3.0,3.0,3.0,3.0,3.0,3.0,3.0,3.0,3.0,3.0,3.0,3.0,3.0,3.0,3.0,3.0,3.0,3.0,3.0,3.0,3.0,3.0,3.0,3.0,3.0,3.0,3.0,3.0,3.0,3.0,3.3496218,1.1633081,0.8600166,10.674965
220,-0.13867265824340536,2.0547674,-0.033202596,0.9366829,0.99906296,0.028981248,0.030135175,-0.011186144,0.19586952,-0.1450401,1.065568,-0.016912356,-0.24330203,-0.29266712,3.0,3.0,3.0,3.0,3.0,3.0,3.0,3.0,3.0,3.0,3.0,3.0,3.0,3.0,3.0,3.0,3.0,3.0,3.0,3.0,3.0,3.0,3.0,3.0,3.0,3.0,3.0,3.0,3.0,3.0,3.0,3.0,3.0,3.0,3.0,3.0,0.36822796,-0.94141054,0.948869,36.18827
225,-0.08603135192649344,2.050555,-0.030050643,0.9147951,0.99905795,0.028866312,0.029619414,-0.013138397,0.20521116,-0.15435147,1.021394,-0.18073843,-0.007657042,-0.21456668,3.0,3.0,3.0,3.0,3.0,3.0,3.0,3.0,3.0,3.0,3.0,3.0,3.0,3.0,3.0,3.0,3.0,3.0,3.0,3.0,3.0,3.0,3.0,3.0,3.0,3.0,3.0,3.0,3.0,3.0,3.0,3.0,3.0,3.0,3.0,3.0,1.2770834,-1.5824878,0.89796054,30.737587
230,-0.03867959447615202,2.0461373,-0.026691461,0.8935915,0.99909145,0.027167046,0.030183418,-0.012932404,0.21612747,-0.16526175,1.0070121,-0.32080603,0.1690965,-0.10522868,3.0,3.0,3.0,3.0,3.0,3.0,3.0,3.0,3.0,3.0,3.0,3.0,3.0,3.0,3.0,3.0,3.0,3.0,3.0,3.0,3.0,3.0,3.0,3.0,3.0,3.0,3.0,3.0,3.0,3.0,3.0,3.0,3.0,3.0,3.0,3.0,-0.49416733,-2.0766754,0.5977917,25.449226
235,-0.023094231007376592,2.0415478,-0.02316752,0.87365687,0.9990645,0.025649887,0.03183499,-0.014096768,0.2226138,-0.17122175,0.91505647,-0.13623595,0.16425397,-0.022549324,3.0,3.0,3.0,3.0,3.0,3.0,3.0,3.0,3.0,3.0,3.0,3.0,3.0,3.0,3.0,3.0,3.0,3.0,3.0,3.0,3.0,3.0,3.0,3.0,3.0,3.0,3.0,3.0,3.0,3.0,3.0,3.0,3.0,3.0,3.0,3.0,-1.9842811,-1.3738153,-0.03400868,-23.369848
240,0.042693113873921995,2.0368094,-0.019517476,0.8554989,0.9991119,0.023703638,0.03197658,-0.013824746,0.2307061,-0.17779544,0.84263265,-0.14338905,-0.08089611,-0.034807045,3.0,3.0,3.0,3.0,3.0,3.0,3.0,3.0,3.0,3.0,3.0,3.0,3.0,3.0,3.0,3.0,3.0,3.0,3.0,3.0,3.0,3.0,3.0,3.0,3.0,3.0,3.0,3.0,3.0,3.0,3.0,3.0,3.0,3.0,3.0,3.0,0.49253178,0.6094408,0.84761333,16.806839
245,0.035095805074087216,2.031823,-0.015679033,0.8376222,0.9991367,0.021329382,0.032653164,-0.014307885,0.24616873,-0.18912049,0.8842285,-0.13664997,-0.08630125,-0.025056114,3.0,3.0,3.0,3.0,3.0,3.0,3.0,3.0,3.0,3.0,3.0,3.0,3.0,3.0,3.0,3.0,3.0,3.0,3.0,3.0,3.0,3.0,3.0,3.0,3.0,3.0,3.0,3.0,3.0,3.0,3.0,3.0,3.0,3.0,3.0,3.0,1.8335695,1.3730187,0.4777913,17.659729
250,-0.01716834279456711,2.026547,-0.011641452,0.8194087,0.99927783,0.017401613,0.031069402,-0.013255389,0.2592485,-0.19767186,0.8890644,-0.3895481,-0.044827435,0.27262408,3.0,3.0,3.0,3.0,3.0,3.0,3.0,3.0,3.0,3.0,3.0,3.0,3.0,3.0,3.0,3.0,3.0,3.0,3.0,3.0,3.0,3.0,3.0,3.0,3.0,3.0,3.0,3.0,3.0,3.0,3.0,3.0,3.0,3.0,3.0,3.0,-0.47625494,-1.6280112,0.8240646,22.796333
255,-0.16006302290257166,2.0209982,-0.0074384203,0.80096,0.99934095,0.013495543,0.030789202,-0.013693173,0.27078584,-0.20415041,0.87957627,-0.41530585,0.20093912,-0.07167159,3.0,3.0,3.0,3.0,3.0,3.0,3.0,3.0,3.0,3.0,3.0,3.0,3.0,3.0,3.0,3.0,3.0,3.0,3.0,3.0,3.0,3.0,3.0,3.0,3.0,3.0,3.0,3.0,3.0,3.0,3.0,3.0,3.0,3.0,3.0,3.0,0.88751507,2.2567005,0.79305506,37.101593
260,-0.1494756542588918,2.0151734,-0.003106224,0.7821475,0.99926054,0.008309285,0.0334449,-0.017052399,0.28443292,-0.20974454,0.900166,-0.5029786,0.17767683,-0.29555023,3.0,3.0,3.0,3.0,3.0,3.0,3.0,3.0,3.0,3.0,3.0,3.0,3.0,3.0,3.0,3.0,3.0,3.0,3.0,3.0,3.0,3.0,3.0,3.0,3.0,3.0,3.0,3.0,3.0,3.0,3.0,3.0,3.0,3.0,3.0,3.0,-0.7982111,-2.1227622,0.92528987,36.16606
265,-0.14458443447683458,2.00908,0.0013063574,0.7633535,0.9991841,0.0060718535,0.03381614,-0.021231905,0.29692686,-0.21273102,0.8885815,-0.19828738,-0.094573274,-0.3456489,3.0,3.0,3.0,3.0,3.0,3.0,3.0,3.0,3.0,3.0,3.0,3.0,3.0,3.0,3.0,3.0,3.0,3.0,3.0,3.0,3.0,3.0,3.0,3.0,3.0,3.0,3.0,3.0,3.0,3.0,3.0,3.0,3.0,3.0,3.0,3.0,2.336608,1.0778356,0.6901243,35.963074
270,-0.19870569102258903,2.0027175,0.005768814,0.74472046,0.99902004,0.0026935167,0.0342072,-0.027957585,0.31056976,-0.21489029,0.8906704,-0.18779781,-0.13011594,-0.71752435,3.0,3.0,3.0,3.0,3.0,3.0,3.0,3.0,3.0,3.0,3.0,3.0,3.0,3.0,3.0,3.0,3.0,3.0,3.0,3.0,3.0,3.0,3.0,3.0,3.0,3.0,3.0,3.0,3.0,3.0,3.0,3.0,3.0,3.0,3.0,3.0,2.12085,0.8614292,0.8009523,40.968773
275,-0.09090813032278591,1.9960486,0.010262432,0.72575015,0.9987207,0.002021794,0.035533708,-0.035918828,0.3248814,-0.2159833,0.9004584,0.048737984,0.121212974,-0.84298104,3.0,3.0,3.0,3.0,3.0,3.0,3.0,3.0,3.0,3.0,3.0,3.0,3.0,3.0,3.0,3.0,3.0,3.0,3.0,3.0,3.0,3.0,3.0,3.0,3.0,3.0,3.0,3.0,3.0,3.0,3.0,3.0,3.0,3.0,3.0,3.0,4.116892,-0.042344093,0.55312634,29.841553
280,-0.05297709928655081,1.9890689,0.014777664,0.7065117,0.99838203,0.0016279863,0.03917648,-0.04118086,0.3403145,-0.21711057,0.9167168,-0.13600704,0.41088608,-0.47750977,3.0,3.0,3.0,3.0,3.0,3.0,3.0,3.0,3.0,3.0,3.0,3.0,3.0,3.0,3.0,3.0,3.0,3.0,3.0,3.0,3.0,3.0,3.0,3.0,3.0,3.0,3.0,3.0,3.0,3.0,3.0,3.0,3.0,3.0,3.0,3.0,0.03950548,-1.9718652,0.81090033,27.077293
285,-0.08535758275557653,1.9818217,0.019310296,0.6878764,0.9981603,0.0006127183,0.041312136,-0.04437238,0.3541005,-0.21792252,0.89267176,-0.25470895,0.3371669,-0.43695742,3.0,3.0,3.0,3.0,3.0,3.0,3.0,3.0,3.0,3.0,3.0,3.0,3.0,3.0,3.0,3.0,3.0,3.0,3.0,3.0,3.0,3.0,3.0,3.0,3.0,3.0,3.0,3.0,3.0,3.0,3.0,3.0,3.0,3.0,3.0,3.0,-2.037272,-0.09164286,0.8836653,30.395493
290,-0.12617689144045646,1.9742286,0.023859885,0.66914254,0.9980009,-0.00024730165,0.04387189,-0.045490716,0.3688749,-0.21849789,0.8722721,-0.14684969,0.29560372,-0.077605456,3.0,3.0,3.0,3.0,3.0,3.0,3.0,3.0,3.0,3.0,3.0,3.0,3.0,3.0,3.0,3.0,3.0,3.0,3.0,3.0,3.0,3.0,3.0,3.0,3.0,3.0,3.0,3.0,3.0,3.0,3.0,3.0,3.0,3.0,3.0,3.0,2.4055967,0.4903102,0.7984803,35.099655
295,0.1742400132174771,1.9663116,0.028416783,0.6508213,0.9977192,-0.0018875765,0.04924817,-0.0461236,0.38561666,-0.21871334,0.8603685,-0.0031661324,0.4147672,0.13306019,3.0,3.0,3.0,3.0,3.0,3.0,3.0,3.0,3.0,3.0,3.0,3.0,3.0,3.0,3.0,3.0,3.0,3.0,3.0,3.0,3.0,3.0,3.0,3.0,3.0,3.0,3.0,3.0,3.0,3.0,3.0,3.0,3.0,3.0,3.0,3.0,3.2385397,0.008285522,0.91160023,4.012375
300,-0.0036923394132501175,1.9579314,0.03297054,0.6318998,0.9975986,-0.0032928037,0.05382978,-0.043457545,0.41069305,-0.21841308,0.910793,-0.10616216,0.37105855,0.49684465,3.0,3.0,3.0,3.0,3.0,3.0,3.0,3.0,3.0,3.0,3.0,3.0,3.0,3.0,3.0,3.0,3.0,3.0,3.0,3.0,3.0,3.0,3.0,3.0,3.0,3.0,3.0,3.0,3.0,3.0,3.0,3.0,3.0,3.0,3.0,3.0,-1.0705705,0.112690926,0.8741629,-23.10912
305,-0.026364321766258664,1.9490654,0.03750854,0.61255354,0.9978866,-0.0068650628,0.054972995,-0.033957805,0.43555793,-0.21719317,0.93980044,-0.23899078,-0.05312383,0.9641604,3.0,3.0,3.0,3.0,3.0,3.0,3.0,3.0,3.0,3.0,3.0,3.0,3.0,3.0,3.0,3.0,3.0,3.0,3.0,3.0,3.0,3.0,3.0,3.0,3.0,3.0,3.0,3.0,3.0,3.0,3.0,3.0,3.0,3.0,3.0,3.0,0.5985737,1.7824693,0.8760618,-25.193012
310,0.12970202780403695,1.9396411,0.04199372,0.59229493,0.9980972,-0.011369814,0.054447796,-0.02661234,0.4618007,-0.21385166,0.97861385,-0.18576121,0.040521815,0.778537,3.0,3.0,3.0,3.0,3.0,3.0,3.0,3.0,3.0,3.0,3.0,3.0,3.0,3.0,3.0,3.0,3.0,3.0,3.0,3.0,3.0,3.0,3.0,3.0,3.0,3.0,3.0,3.0,3.0,3.0,3.0,3.0,3.0,3.0,3.0,3.0,-0.925334,1.2023525,0.49609196,-10.238766
315,0.07088942001425336,1.9298246,0.046405263,0.5726092,0.99822396,-0.014370093,0.054529853,-0.019207064,0.47940084,-0.20988195,0.9401552,-0.30307263,0.12185155,0.6686618,3.0,3.0,3.0,3.0,3.0,3.0,3.0,3.0,3.0,3.0,3.0,3.0,3.0,3.0,3.0,3.0,3.0,3.0,3.0,3.0,3.0,3.0,3.0,3.0,3.0,3.0,3.0,3.0,3.0,3.0,3.0,3.0,3.0,3.0,3.0,3.0,2.352044,-0.2682233,0.7712493,-16.429035
320,-0.08022719072826875,1.9195893,0.050711177,0.5532563,0.9982145,-0.015922695,0.055976808,-0.013449711,0.49908316,-0.204488,0.91944444,-0.23905602,0.08192028,0.5177562,3.0,3.0,3.0,3.0,3.0,3.0,3.0,3.0,3.0,3.0,3.0,3.0,3.0,3.0,3.0,3.0,3.0,3.0,3.0,3.0,3.0,3.0,3.0,3.0,3.0,3.0,3.0,3.0,3.0,3.0,3.0,3.0,3.0,3.0,3.0,3.0,2.0522556,-0.07494545,0.8775599,-32.217026
325,0.050371191217373296,1.9088069,0.054859933,0.5331815,0.99810773,-0.017022856,0.058075987,-0.01087824,0.5297391,-0.1954763,0.9911521,0.040773,0.3814617,0.3031567,3.0,3.0,3.0,3.0,3.0,3.0,3.0,3.0,3.0,3.0,3.0,3.0,3.0,3.0,3.0,3.0,3.0,3.0,3.0,3.0,3.0,3.0,3.0,3.0,3.0,3.0,3.0,3.0,3.0,3.0,3.0,3.0,3.0,3.0,3.0,3.0,-0.40615225,-0.26690435,0.5640675,-19.93032
330,0.13255001419038706,1.8975936,0.05887502,0.5135052,0.99796754,-0.017948339,0.06083765,-0.0061141388,0.5459905,-0.19032256,0.92986447,-0.051599536,0.26670286,0.6411678,3.0,3.0,3.0,3.0,3.0,3.0,3.0,3.0,3.0,3.0,3.0,3.0,3.0,3.0,3.0,3.0,3.0,3.0,3.0,3.0,3.0,3.0,3.0,3.0,3.0,3.0,3.0,3.0,3.0,3.0,3.0,3.0,3.0,3.0,3.0,3.0,0.64919233,-1.5798883,0.7825589,-11.216507
335,0.17349194926851735,1.885866,0.06273098,0.49372813,0.99789685,-0.01770695,0.0623559,0.00022836223,0.5747808,-0.18141851,0.9664766,0.08971311,0.17646727,0.3375757,3.0,3.0,3.0,3.0,3.0,3.0,3.0,3.0,3.0,3.0,3.0,3.0,3.0,3.0,3.0,3.0,3.0,3.0,3.0,3.0,3.0,3.0,3.0,3.0,3.0,3.0,3.0,3.0,3.0,3.0,3.0,3.0,3.0,3.0,3.0,3.0,1.458509,2.3695288,0.22031891,7.8389816
340,0.2137528657625623,1.8736789,0.066443294,0.47437504,0.99781424,-0.016748117,0.06383758,0.0033175584,0.5935761,-0.17558466,0.91792417,0.018096643,0.22107454,0.18278642,3.0,3.0,3.0,3.0,3.0,3.0,3.0,3.0,3.0,3.0,3.0,3.0,3.0,3.0,3.0,3.0,3.0,3.0,3.0,3.0,3.0,3.0,3.0,3.0,3.0,3.0,3.0,3.0,3.0,3.0,3.0,3.0,3.0,3.0,3.0,3.0,2.5234342,-2.5725026,0.7429328,2.9909096
345,0.2083901517697348,1.8609076,0.06998743,0.45458004,0.99744815,-0.015025023,0.069545254,0.005907837,0.62401235,-0.16711116,0.9542318,0.307164,0.5345178,0.109434895,3.0,3.0,3.0,3.0,3.0,3.0,3.0,3.0,3.0,3.0,3.0,3.0,3.0,3.0,3.0,3.0,3.0,3.0,3.0,3.0,3.0,3.0,3.0,3.0,3.0,3.0,3.0,3.0,3.0,3.0,3.0,3.0,3.0,3.0,3.0,3.0,0.6025958,-1.1057665,0.8086667,5.022297
350,0.0889201083602873,1.847565,0.07338738,0.43473342,0.9970918,-0.011240112,0.074943684,0.008060052,0.6514355,-0.16085567,0.949761,0.29840353,0.5106647,0.12371973,3.0,3.0,3.0,3.0,3.0,3.0,3.0,3.0,3.0,3.0,3.0,3.0,3.0,3.0,3.0,3.0,3.0,3.0,3.0,3.0,3.0,3.0,3.0,3.0,3.0,3.0,3.0,3.0,3.0,3.0,3.0,3.0,3.0,3.0,3.0,3.0,3.6378136,-1.5504766,0.7816355,-17.278126
355,0.08619306815404815,1.8335856,0.07667038,0.41473773,0.99660516,-0.0061912923,0.0814059,0.01062478,0.68202007,-0.15594675,0.95119643,0.45557928,0.64942425,0.10275949,3.0,3.0,3.0,3.0,3.0,3.0,3.0,3.0,3.0,3.0,3.0,3.0,3.0,3.0,3.0,3.0,3.0,3.0,3.0,3.0,3.0,3.0,3.0,3.0,3.0,3.0,3.0,3.0,3.0,3.0,3.0,3.0,3.0,3.0,3.0,3.0,2.1489573,-0.6198349,0.9183059,-18.0035
360,-0.14773409997829418,1.8189471,0.079879634,0.3948019,0.9959272,-0.0011833892,0.088869214,0.0151613895,0.7188166,-0.15308654,0.9714135,0.25600165,0.72839576,0.42761487,3.0,3.0,3.0,3.0,3.0,3.0,3.0,3.0,3.0,3.0,3.0,3.0,3.0,3.0,3.0,3.0,3.0,3.0,3.0,3.0,3.0,3.0,3.0,3.0,3.0,3.0,3.0,3.0,3.0,3.0,3.0,3.0,3.0,3.0,3.0,3.0,1.9518018,0.5501456,0.697703,-41.86127
365,-0.1294866016763176,1.8035083,0.083051644,0.3744816,0.9950684,0.0014804968,0.09739298,0.018745258,0.7528762,-0.15186104,0.95958394,0.30769056,0.77960896,0.49825066,3.0,3.0,3.0,3.0,3.0,3.0,3.0,3.0,3.0,3.0,3.0,3.0,3.0,3.0,3.0,3.0,3.0,3.0,3.0,3.0,3.0,3.0,3.0,3.0,3.0,3.0,3.0,3.0,3.0,3.0,3.0,3.0,3.0,3.0,3.0,3.0,-2.6263287,1.0267181,0.92169213,-40.214684
370,-0.12473092643240347,1.7874364,0.086210184,0.35502926,0.9942896,0.0026819052,0.10367219,0.025162349,0.78752923,-0.15146418,0.9332674,0.121255025,0.5695274,0.58010733,3.0,3.0,3.0,3.0,3.0,3.0,3.0,3.0,3.0,3.0,3.0,3.0,3.0,3.0,3.0,3.0,3.0,3.0,3.0,3.0,3.0,3.0,3.0,3.0,3.0,3.0,3.0,3.0,3.0,3.0,3.0,3.0,3.0,3.0,3.0,3.0,2.008884,-0.52942324,0.6920705,-40.668213
375,-0.08351212944556508,1.7704545,0.08936308,0.33536097,0.9935866,0.004052799,0.10803925,0.033117913,0.83495647,-0.15127346,0.9562613,0.208036,0.14019023,0.9238225,3.0,3.0,3.0,3.0,3.0,3.0,3.0,3.0,3.0,3.0,3.0,3.0,3.0,3.0,3.0,3.0,3.0,3.0,3.0,3.0,3.0,3.0,3.0,3.0,3.0,3.0,3.0,3.0,3.0,3.0,3.0,3.0,3.0,3.0,3.0,3.0,1.6529136,0.8668494,0.98028374,-37.37442
380,0.0671942036627049,1.7523134,0.09251332,0.31454337,0.9930233,0.004587334,0.11145606,0.03822665,0.8953992,-0.15113688,1.0299592,0.18220636,0.36132863,0.41619498,3.0,3.0,3.0,3.0,3.0,3.0,3.0,3.0,3.0,3.0,3.0,3.0,3.0,3.0,3.0,3.0,3.0,3.0,3.0,3.0,3.0,3.0,3.0,3.0,3.0,3.0,3.0,3.0,3.0,3.0,3.0,3.0,3.0,3.0,3.0,3.0,2.291895,0.029954433,0.78032064,-24.180761
385,-0.0611421130017713,1.7330918,0.09565933,0.2930791,0.9923371,0.0046819774,0.11607058,0.04210426,0.9407367,-0.15092738,1.0288692,0.0121852765,0.24159662,0.2243178,3.0,3.0,3.0,3.0,3.0,3.0,3.0,3.0,3.0,3.0,3.0,3.0,3.0,3.0,3.0,3.0,3.0,3.0,3.0,3.0,3.0,3.0,3.0,3.0,3.0,3.0,3.0,3.0,3.0,3.0,3.0,3.0,3.0,3.0,3.0,3.0,2.2216768,-1.1244872,0.9272611,-38.39496
390,-0.023179801066853356,1.7127262,0.09879894,0.270901,0.9916349,0.0053786337,0.12138414,0.04355595,1.0031546,-0.15057066,1.0914499,0.075551555,0.6780165,0.060949992,3.0,3.0,3.0,3.0,3.0,3.0,3.0,3.0,3.0,3.0,3.0,3.0,3.0,3.0,3.0,3.0,3.0,3.0,3.0,3.0,3.0,3.0,3.0,3.0,3.0,3.0,3.0,3.0,3.0,3.0,3.0,3.0,3.0,3.0,3.0,3.0,-1.6155756,-0.06652641,0.87361705,-34.872902
395,-0.0634115631596191,1.6912276,0.10193207,0.24824333,0.9908883,0.00603318,0.1277518,0.0422312,1.0588969,-0.150278,1.1147778,0.22251122,0.6414198,-0.03149582,3.0,3.0,3.0,3.0,3.0,3.0,3.0,3.0,3.0,3.0,3.0,3.0,3.0,3.0,3.0,3.0,3.0,3.0,3.0,3.0,3.0,3.0,3.0,3.0,3.0,3.0,3.0,3.0,3.0,3.0,3.0,3.0,3.0,3.0,3.0,3.0,-0.7215209,2.5284667,0.89877105,-39.90815
400,0.1931648270057662,1.668476,0.10506206,0.22486882,0.9901452,0.0049678385,0.13384572,0.040903684,1.1157795,-0.15023175,1.1315678,-0.20864826,0.5220637,-0.16386954,3.0,3.0,3.0,3.0,3.0,3.0,3.0,3.0,3.0,3.0,3.0,3.0,3.0,3.0,3.0,3.0,3.0,3.0,3.0,3.0,3.0,3.0,3.0,3.0,3.0,3.0,3.0,3.0,3.0,3.0,3.0,3.0,3.0,3.0,3.0,3.0,1.6817908,-1.7448931,0.9565332,-15.511736
405,0.06940971285250547,1.6443927,0.10818428,0.20072626,0.98958445,0.003913314,0.13839723,0.039414465,1.1864797,-0.14951126,1.1893138,0.011964084,0.69050527,-0.0016478756,3.0,3.0,3.0,3.0,3.0,3.0,3.0,3.0,3.0,3.0,3.0,3.0,3.0,3.0,3.0,3.0,3.0,3.0,3.0,3.0,3.0,3.0,3.0,3.0,3.0,3.0,3.0,3.0,3.0,3.0,3.0,3.0,3.0,3.0,3.0,3.0,0.66515017,2.0360498,0.71853447,-28.872446
410,-0.05876346370412683,1.6192151,0.11128874,0.17681672,0.9887829,0.0028934786,0.14390874,0.03987893,1.2265326,-0.1486143,1.1308005,-0.08711659,0.5191326,0.17959744,3.0,3.0,3.0,3.0,3.0,3.0,3.0,3.0,3.0,3.0,3.0,3.0,3.0,3.0,3.0,3.0,3.0,3.0,3.0,3.0,3.0,3.0,3.0,3.0,3.0,3.0,3.0,3.0,3.0,3.0,3.0,3.0,3.0,3.0,3.0,3.0,-0.3605547,1.215508,0.98816574,-42.556248
415,-0.02895527556340366,1.5930758,0.11436624,0.1537561,0.9882461,-6.9454836e-05,0.14692123,0.042234838,1.2783628,-0.14686684,1.1068628,-0.28734612,0.21324547,0.21085681,3.0,3.0,3.0,3.0,3.0,3.0,3.0,3.0,3.0,3.0,3.0,3.0,3.0,3.0,3.0,3.0,3.0,3.0,3.0,3.0,3.0,3.0,3.0,3.0,3.0,3.0,3.0,3.0,3.0,3.0,3.0,3.0,3.0,3.0,3.0,3.0,1.0376954,-0.5533223,0.6773282,-40.520798
420,0.08705092876281251,1.5657272,0.11738838,0.13080499,0.98787713,-0.0010460143,0.14950809,0.041773178,1.3373632,-0.14371137,1.1035887,-0.088739336,0.23947823,-0.21925284,3.0,3.0,3.0,3.0,3.0,3.0,3.0,3.0,3.0,3.0,3.0,3.0,3.0,3.0,3.0,3.0,3.0,3.0,3.0,3.0,3.0,3.0,3.0,3.0,3.0,3.0,3.0,3.0,3.0,3.0,3.0,3.0,3.0,3.0,3.0,3.0,1.1020432,1.3210764,0.5221658,-29.965012
425,0.23212351457539415,1.5372572,0.12034588,0.108309336,0.9876258,-0.0030898612,0.15205212,0.038287558,1.3930831,-0.14037256,1.0864003,-0.17237547,0.36144987,-0.251961,3.0,3.0,3.0,3.0,3.0,3.0,3.0,3.0,3.0,3.0,3.0,3.0,3.0,3.0,3.0,3.0,3.0,3.0,3.0,3.0,3.0,3.0,3.0,3.0,3.0,3.0,3.0,3.0,3.0,3.0,3.0,3.0,3.0,3.0,3.0,3.0,1.853538,-1.7583728,0.6469209,-15.945696
430,0.265149400118826,1.507751,0.12323541,0.08659402,0.9874793,-0.0044062007,0.15274961,0.039149825,1.4337381,-0.13744736,1.0189476,-0.23192438,-0.15048265,0.35216627,3.0,3.0,3.0,3.0,3.0,3.0,3.0,3.0,3.0,3.0,3.0,3.0,3.0,3.0,3.0,3.0,3.0,3.0,3.0,3.0,3.0,3.0,3.0,3.0,3.0,3.0,3.0,3.0,3.0,3.0,3.0,3.0,3.0,3.0,3.0,3.0,0.21699429,-0.20399189,0.9101391,-13.450384
435,0.2561860883613508,1.4772669,0.12604935,0.06586555,0.9879229,-0.0071010254,0.14949818,0.040102523,1.4830706,-0.1333541,0.9800001,-0.34241748,-0.29265606,0.011560257,3.0,3.0,3.0,3.0,3.0,3.0,3.0,3.0,3.0,3.0,3.0,3.0,3.0,3.0,3.0,3.0,3.0,3.0,3.0,3.0,3.0,3.0,3.0,3.0,3.0,3.0,3.0,3.0,3.0,3.0,3.0,3.0,3.0,3.0,3.0,3.0,-0.19187975,-2.4782605,0.92203045,-14.840878
440,-0.008200309578386411,1.445604,0.1287514,0.04539984,0.988627,-0.010339821,0.14461023,0.039969195,1.5407876,-0.12744746,0.9731113,-0.31366682,-0.5955929,0.30154535,3.0,3.0,3.0,3.0,3.0,3.0,3.0,3.0,3.0,3.0,3.0,3.0,3.0,3.0,3.0,3.0,3.0,3.0,3.0,3.0,3.0,3.0,3.0,3.0,3.0,3.0,3.0,3.0,3.0,3.0,3.0,3.0,3.0,3.0,3.0,3.0,-2.8967733,0.66217136,0.6916423,-41.636417
445,0.13251847290087299,1.4131974,0.13136192,0.026516458,0.98938316,-0.01469961,0.13803072,0.04303978,1.5697573,-0.12318321,0.87775946,-0.41919687,-0.7893272,0.54589176,3.0,3.0,3.0,3.0,3.0,3.0,3.0,3.0,3.0,3.0,3.0,3.0,3.0,3.0,3.0,3.0,3.0,3.0,3.0,3.0,3.0,3.0,3.0,3.0,3.0,3.0,3.0,3.0,3.0,3.0,3.0,3.0,3.0,3.0,3.0,3.0,-1.2720835,1.3831491,0.69643974,-27.300226
450,0.12383852645003823,1.3799069,0.13382453,0.008547621,0.99023414,-0.022086352,0.12973197,0.04602416,1.621308,-0.11371557,0.8704962,-0.58635277,-0.69882756,0.3589454,3.0,3.0,3.0,3.0,3.0,3.0,3.0,3.0,3.0,3.0,3.0,3.0,3.0,3.0,3.0,3.0,3.0,3.0,3.0,3.0,3.0,3.0,3.0,3.0,3.0,3.0,3.0,3.0,3.0,3.0,3.0,3.0,3.0,3.0,3.0,3.0,-1.7249,-2.6578445,0.9277364,-29.08088
455,0.27608212776869884,1.345569,0.1360531,-0.009340093,0.9915291,-0.026875472,0.119037926,0.0444712,1.6709204,-0.10102907,0.8709052,-0.34552336,-1.3429438,-0.2622952,3.0,3.0,3.0,3.0,3.0,3.0,3.0,3.0,3.0,3.0,3.0,3.0,3.0,3.0,3.0,3.0,3.0,3.0,3.0,3.0,3.0,3.0,3.0,3.0,3.0,3.0,3.0,3.0,3.0,3.0,3.0,3.0,3.0,3.0,3.0,3.0,0.92286205,0.9301672,0.7974237,-13.984474
460,0.2541995479342375,1.3099444,0.13791215,-0.028535772,0.99310505,-0.033002023,0.10590404,0.037914917,1.7373663,-0.080247864,0.96596855,-0.69714975,-1.1660391,-0.74382293,3.0,3.0,3.0,3.0,3.0,3.0,3.0,3.0,3.0,3.0,3.0,3.0,3.0,3.0,3.0,3.0,3.0,3.0,3.0,3.0,3.0,3.0,3.0,3.0,3.0,3.0,3.0,3.0,3.0,3.0,3.0,3.0,3.0,3.0,3.0,3.0,2.9065886,-2.2780304,0.8522569,16.618725
465,0.056364585521254396,1.2732772,0.13939428,-0.048557404,0.99432075,-0.03797095,0.09436408,0.031302318,1.7726873,-0.065555006,0.9487712,-0.5452136,-1.3558083,-0.35457265,3.0,3.0,3.0,3.0,3.0,3.0,3.0,3.0,3.0,3.0,3.0,3.0,3.0,3.0,3.0,3.0,3.0,3.0,3.0,3.0,3.0,3.0,3.0,3.0,3.0,3.0,3.0,3.0,3.0,3.0,3.0,3.0,3.0,3.0,3.0,3.0,2.1855159,1.2548141,0.9764929,-37.2584
470,0.3973827434649739,1.2357795,0.14048247,-0.069036,0.9952726,-0.044732295,0.08203707,0.026484529,1.8146739,-0.043991666,0.9930127,-0.66460115,-1.4173769,-0.20482242,3.0,3.0,3.0,3.0,3.0,3.0,3.0,3.0,3.0,3.0,3.0,3.0,3.0,3.0,3.0,3.0,3.0,3.0,3.0,3.0,3.0,3.0,3.0,3.0,3.0,3.0,3.0,3.0,3.0,3.0,3.0,3.0,3.0,3.0,3.0,3.0,2.0741339,2.3465872,0.9046539,-1.2842712
475,0.29745039938136564,1.1976318,0.14116457,-0.0895814,0.9960247,-0.053220898,0.068543695,0.020099785,1.8385966,-0.026467228,0.96494216,-0.7454541,-1.4229041,-0.5165797,3.0,3.0,3.0,3.0,3.0,3.0,3.0,3.0,3.0,3.0,3.0,3.0,3.0,3.0,3.0,3.0,3.0,3.0,3.0,3.0,3.0,3.0,3.0,3.0,3.0,3.0,3.0,3.0,3.0,3.0,3.0,3.0,3.0,3.0,3.0,3.0,1.3179007,0.9793768,0.8402108,13.215801
480,0.37842764444506816,1.1589482,0.14134689,-0.110393435,0.99663496,-0.061139476,0.052546572,0.014818802,1.8697327,0.005343934,1.0371321,-0.89100146,-1.492048,-0.3804526,3.0,3.0,3.0,3.0,3.0,3.0,3.0,3.0,3.0,3.0,3.0,3.0,3.0,3.0,3.0,3.0,3.0,3.0,3.0,3.0,3.0,3.0,3.0,3.0,3.0,3.0,3.0,3.0,3.0,3.0,3.0,3.0,3.0,3.0,3.0,3.0,3.2244396,-3.8678205,0.77213347,0.063056946
485,0.2600075232439693,1.119845,0.14097042,-0.13151033,0.9968692,-0.06880308,0.037319854,0.011185897,1.8829552,0.029558476,1.018277,-0.59784615,-1.3839647,-0.00816336,3.0,3.0,3.0,3.0,3.0,3.0,3.0,3.0,3.0,3.0,3.0,3.0,3.0,3.0,3.0,3.0,3.0,3.0,3.0,3.0,3.0,3.0,3.0,3.0,3.0,3.0,3.0,3.0,3.0,3.0,3.0,3.0,3.0,3.0,3.0,3.0,1.334858,0.47265768,0.70866036,17.198902
490,0.10928496626693057,1.0804802,0.13995843,-0.15295136,0.99678445,-0.0754444,0.024346212,0.011670744,1.8937413,0.06294662,1.0457846,-0.47775206,-1.1742638,0.13704161,3.0,3.0,3.0,3.0,3.0,3.0,3.0,3.0,3.0,3.0,3.0,3.0,3.0,3.0,3.0,3.0,3.0,3.0,3.0,3.0,3.0,3.0,3.0,3.0,3.0,3.0,3.0,3.0,3.0,3.0,3.0,3.0,3.0,3.0,3.0,3.0,2.3653917,0.87563324,0.98555255,-32.233925
495,0.3308602724123174,1.0409464,0.13818328,-0.17519172,0.996647,-0.079760194,0.015076913,0.010281083,1.8983718,0.09584024,1.053115,-0.24715993,-0.7457375,0.044169694,3.0,3.0,3.0,3.0,3.0,3.0,3.0,3.0,3.0,3.0,3.0,3.0,3.0,3.0,3.0,3.0,3.0,3.0,3.0,3.0,3.0,3.0,3.0,3.0,3.0,3.0,3.0,3.0,3.0,3.0,3.0,3.0,3.0,3.0,3.0,3.0,-0.16991186,2.2247992,0.84568655,-10.309654
500,0.1765319391674,1.0013762,0.13570024,-0.19756703,0.9963245,-0.08450352,0.0059583355,0.012697212,1.8990877,0.13234697,1.0718275,-0.4134599,-0.8626871,0.18572856,3.0,3.0,3.0,3.0,3.0,3.0,3.0,3.0,3.0,3.0,3.0,3.0,3.0,3.0,3.0,3.0,3.0,3.0,3.0,3.0,3.0,3.0,3.0,3.0,3.0,3.0,3.0,3.0,3.0,3.0,3.0,3.0,3.0,3.0,3.0,3.0,1.6874886,-0.11074829,0.961879,-24.774899
505,0.2909245249175911,0.9618489,0.1324636,-0.22014175,0.99625725,-0.08588098,-0.002894419,0.009361288,1.8955634,0.16929139,1.0825248,-0.04494958,-0.79607505,-0.34637934,3.0,3.0,3.0,3.0,3.0,3.0,3.0,3.0,3.0,3.0,3.0,3.0,3.0,3.0,3.0,3.0,3.0,3.0,3.0,3.0,3.0,3.0,3.0,3.0,3.0,3.0,3.0,3.0,3.0,3.0,3.0,3.0,3.0,3.0,3.0,3.0,2.1697707,-1.8559508,0.6328156,-12.471359
510,0.36385246037962704,0.92244583,0.12850118,-0.24264789,0.9961156,-0.0874659,-0.008111194,0.0061347485,1.887839,0.21006794,1.1129714,-0.40267137,-0.2814994,-0.4597494,3.0,3.0,3.0,3.0,3.0,3.0,3.0,3.0,3.0,3.0,3.0,3.0,3.0,3.0,3.0,3.0,3.0,3.0,3.0,3.0,3.0,3.0,3.0,3.0,3.0,3.0,3.0,3.0,3.0,3.0,3.0,3.0,3.0,3.0,3.0,3.0,2.3524957,-2.4917042,0.90939367,3.0298386
515,0.2693134376634696,0.88320863,0.123826504,-0.26496735,0.9959798,-0.089118294,-0.008202612,0.0038682928,1.8800675,0.23725986,1.0615791,0.059592295,0.0029564104,-0.18100862,3.0,3.0,3.0,3.0,3.0,3.0,3.0,3.0,3.0,3.0,3.0,3.0,3.0,3.0,3.0,3.0,3.0,3.0,3.0,3.0,3.0,3.0,3.0,3.0,3.0,3.0,3.0,3.0,3.0,3.0,3.0,3.0,3.0,3.0,3.0,3.0,0.43318796,2.256547,0.99196887,-13.716623
520,0.32576326350760526,0.8441627,0.11827278,-0.28791928,0.9957956,-0.09112388,-0.0085536605,0.003795785,1.87054,0.28364503,1.1142799,-0.16285601,-0.15732707,0.013017623,3.0,3.0,3.0,3.0,3.0,3.0,3.0,3.0,3.0,3.0,3.0,3.0,3.0,3.0,3.0,3.0,3.0,3.0,3.0,3.0,3.0,3.0,3.0,3.0,3.0,3.0,3.0,3.0,3.0,3.0,3.0,3.0,3.0,3.0,3.0,3.0,2.0106354,-2.1340132,0.92495203,-6.0920105
525,0.18059461510390473,0.80530566,0.111860596,-0.31131867,0.9954971,-0.09419572,-0.009203512,0.005288516,1.8613404,0.32527748,1.1361184,-0.3470306,0.067370616,-0.013047989,3.0,3.0,3.0,3.0,3.0,3.0,3.0,3.0,3.0,3.0,3.0,3.0,3.0,3.0,3.0,3.0,3.0,3.0,3.0,3.0,3.0,3.0,3.0,3.0,3.0,3.0,3.0,3.0,3.0,3.0,3.0,3.0,3.0,3.0,3.0,3.0,1.1002417,0.33838987,0.9091735,-19.28717
530,0.2523866313603625,0.76664305,0.10457932,-0.33509645,0.99512434,-0.098334804,-0.0074040964,0.0017307806,1.8521925,0.36555493,1.1432271,-0.53860503,0.39031962,-0.4111795,3.0,3.0,3.0,3.0,3.0,3.0,3.0,3.0,3.0,3.0,3.0,3.0,3.0,3.0,3.0,3.0,3.0,3.0,3.0,3.0,3.0,3.0,3.0,3.0,3.0,3.0,3.0,3.0,3.0,3.0,3.0,3.0,3.0,3.0,3.0,3.0,1.1290226,1.0770264,0.7680199,9.495331
535,-0.0005789196648973149,0.7281432,0.09662631,-0.35806474,0.99459606,-0.103763156,-0.0034448518,-9.749926e-05,1.8452185,0.3955846,1.0888567,-0.31416568,0.45866784,-0.13500756,3.0,3.0,3.0,3.0,3.0,3.0,3.0,3.0,3.0,3.0,3.0,3.0,3.0,3.0,3.0,3.0,3.0,3.0,3.0,3.0,3.0,3.0,3.0,3.0,3.0,3.0,3.0,3.0,3.0,3.0,3.0,3.0,3.0,3.0,3.0,3.0,-2.2636733,0.5661683,0.90606666,33.888283
540,0.11836640299043588,0.68978006,0.08786127,-0.38071033,0.99460024,-0.10375853,-0.0016195043,-0.0013834941,1.8390453,0.43987787,1.096776,0.0032493176,0.07079907,0.039561696,3.0,3.0,3.0,3.0,3.0,3.0,3.0,3.0,3.0,3.0,3.0,3.0,3.0,3.0,3.0,3.0,3.0,3.0,3.0,3.0,3.0,3.0,3.0,3.0,3.0,3.0,3.0,3.0,3.0,3.0,3.0,3.0,3.0,3.0,3.0,3.0,1.4364142,2.7872734,0.826893,-20.814377
545,0.29513260422192467,0.65153724,0.07808189,-0.40395293,0.99434716,-0.10613768,-0.0025536679,-0.0014363793,1.8334684,0.48391598,1.1034338,-0.24535228,-0.14477937,0.011509225,3.0,3.0,3.0,3.0,3.0,3.0,3.0,3.0,3.0,3.0,3.0,3.0,3.0,3.0,3.0,3.0,3.0,3.0,3.0,3.0,3.0,3.0,3.0,3.0,3.0,3.0,3.0,3.0,3.0,3.0,3.0,3.0,3.0,3.0,3.0,3.0,0.019608498,0.2072854,0.6891922,0.93296814
550,0.23946081053628143,0.6134132,0.06749545,-0.42676228,0.9939429,-0.10970171,-0.0034455876,-0.0055769584,1.827644,0.52169424,1.0766555,-0.31493083,-0.19794865,-0.5842135,3.0,3.0,3.0,3.0,3.0,3.0,3.0,3.0,3.0,3.0,3.0,3.0,3.0,3.0,3.0,3.0,3.0,3.0,3.0,3.0,3.0,3.0,3.0,3.0,3.0,3.0,3.0,3.0,3.0,3.0,3.0,3.0,3.0,3.0,3.0,3.0,-1.2204771,0.75811386,0.8339776,3.4106865
555,-0.10065270581283858,0.57541215,0.056131616,-0.44889852,0.9937608,-0.11073605,-0.00805949,-0.010584257,1.8216507,0.55803573,1.0381123,0.07931265,-0.6535356,-0.49084488,3.0,3.0,3.0,3.0,3.0,3.0,3.0,3.0,3.0,3.0,3.0,3.0,3.0,3.0,3.0,3.0,3.0,3.0,3.0,3.0,3.0,3.0,3.0,3.0,3.0,3.0,3.0,3.0,3.0,3.0,3.0,3.0,3.0,3.0,3.0,3.0,1.6125035,-1.402395,0.97079873,-35.601696
560,-0.22104568373477348,0.53755724,0.043967757,-0.47041234,0.99399924,-0.10702816,-0.0154895885,-0.016449548,1.8136781,0.6006643,1.0278988,0.4688992,-1.0305375,-0.51991457,3.0,3.0,3.0,3.0,3.0,3.0,3.0,3.0,3.0,3.0,3.0,3.0,3.0,3.0,3.0,3.0,3.0,3.0,3.0,3.0,3.0,3.0,3.0,3.0,3.0,3.0,3.0,3.0,3.0,3.0,3.0,3.0,3.0,3.0,3.0,3.0,-1.3739517,1.8648396,0.9269291,-44.03666
565,-0.2520462954514157,0.49992046,0.030796245,-0.49234226,0.9940582,-0.10306373,-0.027430678,-0.021765606,1.8023524,0.6455578,1.0346112,0.45378146,-1.1943371,-0.452003,3.0,3.0,3.0,3.0,3.0,3.0,3.0,3.0,3.0,3.0,3.0,3.0,3.0,3.0,3.0,3.0,3.0,3.0,3.0,3.0,3.0,3.0,3.0,3.0,3.0,3.0,3.0,3.0,3.0,3.0,3.0,3.0,3.0,3.0,3.0,3.0,-1.3377655,-2.1777165,0.78225553,-44.616417
570,-0.28738341692509084,0.46253917,0.01694047,-0.5133501,0.9941242,-0.09573927,-0.04059264,-0.030055707,1.7884789,0.6776002,0.9897421,0.9020686,-1.2497171,-0.75501996,3.0,3.0,3.0,3.0,3.0,3.0,3.0,3.0,3.0,3.0,3.0,3.0,3.0,3.0,3.0,3.0,3.0,3.0,3.0,3.0,3.0,3.0,3.0,3.0,3.0,3.0,3.0,3.0,3.0,3.0,3.0,3.0,3.0,3.0,3.0,3.0,-0.2984233,2.0943823,0.8826883,-44.50532
575,-0.3100998243435691,0.42557147,0.0022487745,-0.5344174,0.99416965,-0.087458216,-0.05206159,-0.035600524,1.7663864,0.718246,1.0006614,0.78107995,-1.1099488,-0.3488789,3.0,3.0,3.0,3.0,3.0,3.0,3.0,3.0,3.0,3.0,3.0,3.0,3.0,3.0,3.0,3.0,3.0,3.0,3.0,3.0,3.0,3.0,3.0,3.0,3.0,3.0,3.0,3.0,3.0,3.0,3.0,3.0,3.0,3.0,3.0,3.0,-1.0411038,-0.32742214,0.8969073,-44.307278
580,-0.342712646174958,0.38913327,-0.0132366745,-0.55570334,0.99414814,-0.07743885,-0.062803194,-0.041575465,1.7381074,0.75722426,1.0230998,1.1417375,-1.0300627,-0.39295483,3.0,3.0,3.0,3.0,3.0,3.0,3.0,3.0,3.0,3.0,3.0,3.0,3.0,3.0,3.0,3.0,3.0,3.0,3.0,3.0,3.0,3.0,3.0,3.0,3.0,3.0,3.0,3.0,3.0,3.0,3.0,3.0,3.0,3.0,3.0,3.0,-2.187889,-3.833852,0.9567597,-43.466873
585,-0.3713222433945231,0.35330132,-0.029403346,-0.57704294,0.9941954,-0.06332274,-0.07333749,-0.046768613,1.7040021,0.791401,1.0495654,1.1787453,-1.1222005,-0.18226579,3.0,3.0,3.0,3.0,3.0,3.0,3.0,3.0,3.0,3.0,3.0,3.0,3.0,3.0,3.0,3.0,3.0,3.0,3.0,3.0,3.0,3.0,3.0,3.0,3.0,3.0,3.0,3.0,3.0,3.0,3.0,3.0,3.0,3.0,3.0,3.0,1.584043,-1.162005,0.90660155,-42.685345
590,-0.34971385182378456,0.31822416,-0.046207357,-0.598883,0.9939776,-0.05096791,-0.08323181,-0.04983263,1.6721628,0.8140951,1.0312071,1.1412235,-1.1258782,-0.191456,3.0,3.0,3.0,3.0,3.0,3.0,3.0,3.0,3.0,3.0,3.0,3.0,3.0,3.0,3.0,3.0,3.0,3.0,3.0,3.0,3.0,3.0,3.0,3.0,3.0,3.0,3.0,3.0,3.0,3.0,3.0,3.0,3.0,3.0,3.0,3.0,3.7495651,-2.953816,0.9875493,-37.573177
595,-0.4383699800736477,0.28371838,-0.06332545,-0.6194609,0.9937159,-0.03852723,-0.09192169,-0.050939314,1.6452912,0.8263419,0.9591351,1.1602223,-0.74462426,0.18996795,3.0,3.0,3.0,3.0,3.0,3.0,3.0,3.0,3.0,3.0,3.0,3.0,3.0,3.0,3.0,3.0,3.0,3.0,3.0,3.0,3.0,3.0,3.0,3.0,3.0,3.0,3.0,3.0,3.0,3.0,3.0,3.0,3.0,3.0,3.0,3.0,1.0401363,2.7444267,0.86619616,-44.786503
600,-0.45612776179306674,0.25005984,-0.08078853,-0.6399683,0.99353474,-0.02958211,-0.0990847,-0.046859723,1.6012888,0.84279877,0.96917766,0.7744042,-0.8942652,0.49730608,3.0,3.0,3.0,3.0,3.0,3.0,3.0,3.0,3.0,3.0,3.0,3.0,3.0,3.0,3.0,3.0,3.0,3.0,3.0,3.0,3.0,3.0,3.0,3.0,3.0,3.0,3.0,3.0,3.0,3.0,3.0,3.0,3.0,3.0,3.0,3.0,1.2539778,-0.7409086,0.66106236,-44.32828
605,-0.44600287358551977,0.217186,-0.09846854,-0.65976214,0.9931637,-0.02153906,-0.106820926,-0.041847307,1.5644716,0.85150105,0.925843,0.5704272,-0.7884294,0.66203344,3.0,3.0,3.0,3.0,3.0,3.0,3.0,3.0,3.0,3.0,3.0,3.0,3.0,3.0,3.0,3.0,3.0,3.0,3.0,3.0,3.0,3.0,3.0,3.0,3.0,3.0,3.0,3.0,3.0,3.0,3.0,3.0,3.0,3.0,3.0,3.0,0.33088255,-0.06782627,0.8487886,-41.087727
610,-0.4905200278876565,0.18515427,-0.11630676,-0.67884636,0.99262905,-0.014405005,-0.11488747,-0.03579032,1.5199984,0.85862106,0.90470564,0.40602157,-0.60391164,0.83408755,3.0,3.0,3.0,3.0,3.0,3.0,3.0,3.0,3.0,3.0,3.0,3.0,3.0,3.0,3.0,3.0,3.0,3.0,3.0,3.0,3.0,3.0,3.0,3.0,3.0,3.0,3.0,3.0,3.0,3.0,3.0,3.0,3.0,3.0,3.0,3.0,3.291337,3.1174278,0.595422,-44.20624
615,-0.5064651058254726,0.15411443,-0.1342597,-0.6975919,0.9919932,-0.006123871,-0.12241676,-0.03043276,1.4729694,0.8630386,0.8821516,0.9328248,-0.69970655,0.45353454,3.0,3.0,3.0,3.0,3.0,3.0,3.0,3.0,3.0,3.0,3.0,3.0,3.0,3.0,3.0,3.0,3.0,3.0,3.0,3.0,3.0,3.0,3.0,3.0,3.0,3.0,3.0,3.0,3.0,3.0,3.0,3.0,3.0,3.0,3.0,3.0,1.8765883,1.6258135,0.5061517,-43.869453
620,-0.48697368665906143,0.12396983,-0.1522453,-0.7153608,0.99121004,0.004216401,-0.12902157,-0.028954215,1.4213185,0.8635576,0.86498344,0.91700995,-0.61342484,0.1837772,3.0,3.0,3.0,3.0,3.0,3.0,3.0,3.0,3.0,3.0,3.0,3.0,3.0,3.0,3.0,3.0,3.0,3.0,3.0,3.0,3.0,3.0,3.0,3.0,3.0,3.0,3.0,3.0,3.0,3.0,3.0,3.0,3.0,3.0,3.0,3.0,0.40386295,4.810299,0.79260683,-39.533466
625,-0.5153702937354792,0.09520022,-0.17020886,-0.7338231,0.9905391,0.010898708,-0.13442563,-0.02536263,1.3600649,0.86094004,0.87620276,0.69205946,-0.45628726,0.35368305,3.0,3.0,3.0,3.0,3.0,3.0,3.0,3.0,3.0,3.0,3.0,3.0,3.0,3.0,3.0,3.0,3.0,3.0,3.0,3.0,3.0,3.0,3.0,3.0,3.0,3.0,3.0,3.0,3.0,3.0,3.0,3.0,3.0,3.0,3.0,3.0,-0.21745491,1.0584469,0.7656027,-41.09225
630,-0.18617611702092268,0.067429535,-0.18809292,-0.75139564,0.98972833,0.016821286,-0.14040773,-0.02098867,1.322308,0.85694593,0.7944834,0.49360555,-0.59697783,0.48410287,3.0,3.0,3.0,3.0,3.0,3.0,3.0,3.0,3.0,3.0,3.0,3.0,3.0,3.0,3.0,3.0,3.0,3.0,3.0,3.0,3.0,3.0,3.0,3.0,3.0,3.0,3.0,3.0,3.0,3.0,3.0,3.0,3.0,3.0,3.0,3.0,3.2701483,-1.7853518,-0.26712686,-8.431152
635,-0.4491530796276003,0.040248558,-0.20588815,-0.7665059,0.9889157,0.023211127,-0.14580709,-0.015725639,1.2933527,0.8522251,0.6773708,0.53507555,-0.531394,0.5988671,3.0,3.0,3.0,3.0,3.0,3.0,3.0,3.0,3.0,3.0,3.0,3.0,3.0,3.0,3.0,3.0,3.0,3.0,3.0,3.0,3.0,3.0,3.0,3.0,3.0,3.0,3.0,3.0,3.0,3.0,3.0,3.0,3.0,3.0,3.0,3.0,2.5565243,-1.9288099,-0.49630463,-36.371567
640,-0.4091931133760337,0.013654328,-0.22357322,-0.77908665,0.9880314,0.02972746,-0.15101437,-0.010242664,1.2652057,0.84649915,0.5548741,0.536606,-0.52706605,0.598797,3.0,3.0,3.0,3.0,3.0,3.0,3.0,3.0,3.0,3.0,3.0,3.0,3.0,3.0,3.0,3.0,3.0,3.0,3.0,3.0,3.0,3.0,3.0,3.0,3.0,3.0,3.0,3.0,3.0,3.0,3.0,3.0,3.0,3.0,3.0,3.0,4.4587784,-4.432903,0.0780344,-33.2638
645,-0.39548602963669643,-0.012311704,-0.24111758,-0.78921777,0.9871107,0.03682447,-0.1556596,-0.005156434,1.2324079,0.8387909,0.44468096,0.68770194,-0.39948073,0.5306385,3.0,3.0,3.0,3.0,3.0,3.0,3.0,3.0,3.0,3.0,3.0,3.0,3.0,3.0,3.0,3.0,3.0,3.0,3.0,3.0,3.0,3.0,3.0,3.0,3.0,3.0,3.0,3.0,3.0,3.0,3.0,3.0,3.0,3.0,3.0,3.0,3.4377632,-1.2775154,0.059447527,-33.486816
650,-0.4275007442462564,-0.03740695,-0.2584403,-0.797602,0.9862627,0.045524877,-0.15878537,-0.0008007467,1.1852559,0.82624847,0.3764201,0.7698645,-0.3129751,0.5557988,3.0,3.0,3.0,3.0,3.0,3.0,3.0,3.0,3.0,3.0,3.0,3.0,3.0,3.0,3.0,3.0,3.0,3.0,3.0,3.0,3.0,3.0,3.0,3.0,3.0,3.0,3.0,3.0,3.0,3.0,3.0,3.0,3.0,3.0,3.0,3.0,3.5242186,0.35991,0.30080605,-37.137875
655,-0.4234473487892268,-0.061197534,-0.27537468,-0.80550754,0.985697,0.05487211,-0.15933955,0.0011806366,1.0976801,0.79879546,0.42756972,0.85498583,-0.030979214,0.27742925,3.0,3.0,3.0,3.0,3.0,3.0,3.0,3.0,3.0,3.0,3.0,3.0,3.0,3.0,3.0,3.0,3.0,3.0,3.0,3.0,3.0,3.0,3.0,3.0,3.0,3.0,3.0,3.0,3.0,3.0,3.0,3.0,3.0,3.0,3.0,3.0,-1.4255431,3.0304098,0.6941992,-34.18781
660,-0.3035375226482694,-0.08286995,-0.29159212,-0.8153606,0.9850009,0.06377116,-0.16031934,0.0020282983,1.0024073,0.76413494,0.5017407,0.82589555,-0.0051314346,0.13780053,3.0,3.0,3.0,3.0,3.0,3.0,3.0,3.0,3.0,3.0,3.0,3.0,3.0,3.0,3.0,3.0,3.0,3.0,3.0,3.0,3.0,3.0,3.0,3.0,3.0,3.0,3.0,3.0,3.0,3.0,3.0,3.0,3.0,3.0,3.0,3.0,0.116374016,1.9625654,0.8638873,-20.810009
665,-0.40851485897416795,-0.10225685,-0.30690196,-0.82764333,0.98495924,0.06860686,-0.15848425,0.0055829985,0.89050543,0.7178966,0.6252427,0.39351758,0.21918485,0.4288043,3.0,3.0,3.0,3.0,3.0,3.0,3.0,3.0,3.0,3.0,3.0,3.0,3.0,3.0,3.0,3.0,3.0,3.0,3.0,3.0,3.0,3.0,3.0,3.0,3.0,3.0,3.0,3.0,3.0,3.0,3.0,3.0,3.0,3.0,3.0,3.0,2.6106696,2.3572254,0.39564884,-30.44229
670,-0.293720585658805,-0.12014908,-0.3215579,-0.8400342,0.9847859,0.07422414,-0.15694867,0.0073923287,0.8359613,0.69277734,0.58009064,0.39099297,0.015497521,0.2695539,3.0,3.0,3.0,3.0,3.0,3.0,3.0,3.0,3.0,3.0,3.0,3.0,3.0,3.0,3.0,3.0,3.0,3.0,3.0,3.0,3.0,3.0,3.0,3.0,3.0,3.0,3.0,3.0,3.0,3.0,3.0,3.0,3.0,3.0,3.0,3.0,2.1316004,4.406143,0.6748972,-19.609089
675,-0.28467124370366925,-0.13681926,-0.33562362,-0.8517717,0.9845951,0.0770528,-0.15665692,0.009690634,0.7734335,0.66181254,0.56115425,0.36247116,0.14429188,0.20461866,3.0,3.0,3.0,3.0,3.0,3.0,3.0,3.0,3.0,3.0,3.0,3.0,3.0,3.0,3.0,3.0,3.0,3.0,3.0,3.0,3.0,3.0,3.0,3.0,3.0,3.0,3.0,3.0,3.0,3.0,3.0,3.0,3.0,3.0,3.0,3.0,1.5551281,2.9120827,0.44785285,19.645882
680,-0.14455062064093468,-0.15257934,-0.3492266,-0.8619272,0.98451036,0.0811366,-0.15503708,0.010943144,0.7453264,0.64698505,0.4380978,0.36607924,0.14638124,0.19177766,3.0,3.0,3.0,3.0,3.0,3.0,3.0,3.0,3.0,3.0,3.0,3.0,3.0,3.0,3.0,3.0,3.0,3.0,3.0,3.0,3.0,3.0,3.0,3.0,3.0,3.0,3.0,3.0,3.0,3.0,3.0,3.0,3.0,3.0,3.0,3.0,1.7512903,0.44119787,-0.15784806,8.00425
685,-0.20654081867337096,-0.16758129,-0.36241588,-0.87007344,0.9848343,0.083795294,-0.1515793,0.010169793,0.6996462,0.62165815,0.37125298,0.116798595,0.55557686,-0.18903656,3.0,3.0,3.0,3.0,3.0,3.0,3.0,3.0,3.0,3.0,3.0,3.0,3.0,3.0,3.0,3.0,3.0,3.0,3.0,3.0,3.0,3.0,3.0,3.0,3.0,3.0,3.0,3.0,3.0,3.0,3.0,3.0,3.0,3.0,3.0,3.0,-0.16374636,4.344123,0.30528736,14.719517
690,-0.3407935219865732,-0.18111908,-0.37477356,-0.8785056,0.98562694,0.08043469,-0.14813945,0.011160066,0.61367077,0.57246834,0.4373118,-0.5850828,0.19931303,0.21211204,3.0,3.0,3.0,3.0,3.0,3.0,3.0,3.0,3.0,3.0,3.0,3.0,3.0,3.0,3.0,3.0,3.0,3.0,3.0,3.0,3.0,3.0,3.0,3.0,3.0,3.0,3.0,3.0,3.0,3.0,3.0,3.0,3.0,3.0,3.0,3.0,3.9769754,1.2679906,0.62819004,27.64177
695,-0.21113379477186953,-0.19310631,-0.3862518,-0.88761187,0.9863233,0.07690931,-0.14518024,0.013189577,0.55555815,0.53988737,0.4187729,-0.25849998,0.33591694,0.3156144,3.0,3.0,3.0,3.0,3.0,3.0,3.0,3.0,3.0,3.0,3.0,3.0,3.0,3.0,3.0,3.0,3.0,3.0,3.0,3.0,3.0,3.0,3.0,3.0,3.0,3.0,3.0,3.0,3.0,3.0,3.0,3.0,3.0,3.0,3.0,3.0,1.8310809,-1.1769285,-0.43499994,15.882374
700,-0.33279317225582433,-0.20436141,-0.3973203,-0.8948048,0.9869798,0.07476859,-0.1414449,0.016549727,0.5301344,0.52560127,0.29631126,-0.25951236,0.33491626,0.31472093,3.0,3.0,3.0,3.0,3.0,3.0,3.0,3.0,3.0,3.0,3.0,3.0,3.0,3.0,3.0,3.0,3.0,3.0,3.0,3.0,3.0,3.0,3.0,3.0,3.0,3.0,3.0,3.0,3.0,3.0,3.0,3.0,3.0,3.0,3.0,3.0,2.6046028,-1.4386296,0.39226544,30.051933
705,-0.37858475536733716,-0.21495177,-0.40801558,-0.8999449,0.9876561,0.073644996,-0.13652486,0.021743936,0.49856022,0.5077882,0.19794524,-0.19061989,0.43595505,0.51053554,3.0,3.0,3.0,3.0,3.0,3.0,3.0,3.0,3.0,3.0,3.0,3.0,3.0,3.0,3.0,3.0,3.0,3.0,3.0,3.0,3.0,3.0,3.0,3.0,3.0,3.0,3.0,3.0,3.0,3.0,3.0,3.0,3.0,3.0,3.0,3.0,3.9364567,-0.16685963,0.3040347,36.519638
710,-0.3479325006701394,-0.22497773,-0.4183843,-0.9027767,0.9883861,0.07406799,-0.13000481,0.026564097,0.46917573,0.4905667,0.09717951,-0.0019679782,0.6515398,0.6026106,3.0,3.0,3.0,3.0,3.0,3.0,3.0,3.0,3.0,3.0,3.0,3.0,3.0,3.0,3.0,3.0,3.0,3.0,3.0,3.0,3.0,3.0,3.0,3.0,3.0,3.0,3.0,3.0,3.0,3.0,3.0,3.0,3.0,3.0,3.0,3.0,4.718232,0.185565,-0.9250575,35.02899
715,-0.27752755925309686,-0.23440586,-0.42838886,-0.9035356,0.9891789,0.07439713,-0.12225908,0.032293167,0.43906882,0.47167698,0.005959051,-0.15982461,0.78450125,0.5995398,3.0,3.0,3.0,3.0,3.0,3.0,3.0,3.0,3.0,3.0,3.0,3.0,3.0,3.0,3.0,3.0,3.0,3.0,3.0,3.0,3.0,3.0,3.0,3.0,3.0,3.0,3.0,3.0,3.0,3.0,3.0,3.0,3.0,3.0,3.0,3.0,1.9138002,3.2251596,-0.35019672,29.692917
720,-0.31522558323216077,-0.24300498,-0.43785298,-0.90330225,0.9903135,0.07246686,-0.11236184,0.03745072,0.40107986,0.4463954,-0.0453594,-0.31669843,0.93957925,0.5259405,3.0,3.0,3.0,3.0,3.0,3.0,3.0,3.0,3.0,3.0,3.0,3.0,3.0,3.0,3.0,3.0,3.0,3.0,3.0,3.0,3.0,3.0,3.0,3.0,3.0,3.0,3.0,3.0,3.0,3.0,3.0,3.0,3.0,3.0,3.0,3.0,-2.1170516,4.2943325,-0.9367126,34.320267
725,-0.15347130487103905,-0.2511198,-0.44698074,-0.90085447,0.99138016,0.07014819,-0.10215757,0.04252577,0.38204092,0.43267217,-0.1655013,-0.32102457,0.9369379,0.52380234,3.0,3.0,3.0,3.0,3.0,3.0,3.0,3.0,3.0,3.0,3.0,3.0,3.0,3.0,3.0,3.0,3.0,3.0,3.0,3.0,3.0,3.0,3.0,3.0,3.0,3.0,3.0,3.0,3.0,3.0,3.0,3.0,3.0,3.0,3.0,3.0,-3.94114,2.357769,-0.8906949,20.21479
730,0.009523583298046853,-0.258846,-0.455816,-0.89598686,0.99226594,0.068016894,-0.092424,0.047327228,0.36253268,0.417556,-0.2731933,-0.2946469,0.7870808,0.49707726,3.0,3.0,3.0,3.0,3.0,3.0,3.0,3.0,3.0,3.0,3.0,3.0,3.0,3.0,3.0,3.0,3.0,3.0,3.0,3.0,3.0,3.0,3.0,3.0,3.0,3.0,3.0,3.0,3.0,3.0,3.0,3.0,3.0,3.0,3.0,3.0,-2.8951886,4.0025797,-0.5925319,4.572891
735,-0.3088953050065165,-0.26588684,-0.46409565,-0.8905508,0.9927605,0.06567564,-0.08642319,0.051423937,0.32474676,0.38647082,-0.26880777,-0.14116013,0.39363855,0.2553304,3.0,3.0,3.0,3.0,3.0,3.0,3.0,3.0,3.0,3.0,3.0,3.0,3.0,3.0,3.0,3.0,3.0,3.0,3.0,3.0,3.0,3.0,3.0,3.0,3.0,3.0,3.0,3.0,3.0,3.0,3.0,3.0,3.0,3.0,3.0,3.0,0.43378735,-2.0361276,-0.32947224,39.411263
740,-0.23161990530168686,-0.27215454,-0.47172293,-0.8853284,0.99300224,0.068527855,-0.080875784,0.05205358,0.29095182,0.3574882,-0.2733845,0.31910706,0.5661705,0.16108753,3.0,3.0,3.0,3.0,3.0,3.0,3.0,3.0,3.0,3.0,3.0,3.0,3.0,3.0,3.0,3.0,3.0,3.0,3.0,3.0,3.0,3.0,3.0,3.0,3.0,3.0,3.0,3.0,3.0,3.0,3.0,3.0,3.0,3.0,3.0,3.0,2.3035383,1.6314554,-0.6811932,32.02456
745,-0.32300523441979967,-0.2779061,-0.47887105,-0.8790586,0.9932581,0.07167129,-0.07447621,0.05248621,0.26284242,0.33001143,-0.29643062,0.24800126,0.7796497,0.0013021256,3.0,3.0,3.0,3.0,3.0,3.0,3.0,3.0,3.0,3.0,3.0,3.0,3.0,3.0,3.0,3.0,3.0,3.0,3.0,3.0,3.0,3.0,3.0,3.0,3.0,3.0,3.0,3.0,3.0,3.0,3.0,3.0,3.0,3.0,3.0,3.0,0.54557085,1.8863482,-0.6639667,41.65149
750,-0.280022595044102,-0.28322643,-0.48557752,-0.8713995,0.9936399,0.07466722,-0.06655181,0.051724344,0.25058246,0.31645223,-0.41506937,0.24894135,0.7780498,0.0014150364,3.0,3.0,3.0,3.0,3.0,3.0,3.0,3.0,3.0,3.0,3.0,3.0,3.0,3.0,3.0,3.0,3.0,3.0,3.0,3.0,3.0,3.0,3.0,3.0,3.0,3.0,3.0,3.0,3.0,3.0,3.0,3.0,3.0,3.0,3.0,3.0,0.88782835,1.6798077,-0.7858901,39.50949
755,0.01504212093238158,-0.28830862,-0.49199602,-0.8612724,0.99394786,0.07766666,-0.05863958,0.050960343,0.23970422,0.30245087,-0.5334159,0.24987729,0.7764517,0.001503544,3.0,3.0,3.0,3.0,3.0,3.0,3.0,3.0,3.0,3.0,3.0,3.0,3.0,3.0,3.0,3.0,3.0,3.0,3.0,3.0,3.0,3.0,3.0,3.0,3.0,3.0,3.0,3.0,3.0,3.0,3.0,3.0,3.0,3.0,3.0,3.0,-0.47678423,3.7904177,-0.8675574,11.521591
760,-0.2817633634082858,-0.2931814,-0.49811724,-0.84868336,0.9941823,0.08066936,-0.050740078,0.05019415,0.23020324,0.288004,-0.6514753,0.2508087,0.7748555,0.0015678402,3.0,3.0,3.0,3.0,3.0,3.0,3.0,3.0,3.0,3.0,3.0,3.0,3.0,3.0,3.0,3.0,3.0,3.0,3.0,3.0,3.0,3.0,3.0,3.0,3.0,3.0,3.0,3.0,3.0,3.0,3.0,3.0,3.0,3.0,3.0,3.0,2.8049564,4.6454153,-0.85773224,43.56671
765,-0.13000725657852283,-0.29786548,-0.5039158,-0.83373195,0.9943543,0.08341962,-0.04313633,0.049395673,0.2201691,0.2692511,-0.74676836,0.1367546,0.63380945,-0.029694684,3.0,3.0,3.0,3.0,3.0,3.0,3.0,3.0,3.0,3.0,3.0,3.0,3.0,3.0,3.0,3.0,3.0,3.0,3.0,3.0,3.0,3.0,3.0,3.0,3.0,3.0,3.0,3.0,3.0,3.0,3.0,3.0,3.0,3.0,3.0,3.0,-2.571752,1.1940317,-0.78839797,30.487938
770,0.04971261271374275,-0.30232576,-0.5092475,-0.8172112,0.99448955,0.08336077,-0.03872036,0.050420854,0.20915157,0.24452196,-0.8094273,-0.19409283,0.20007814,0.28952014,3.0,3.0,3.0,3.0,3.0,3.0,3.0,3.0,3.0,3.0,3.0,3.0,3.0,3.0,3.0,3.0,3.0,3.0,3.0,3.0,3.0,3.0,3.0,3.0,3.0,3.0,3.0,3.0,3.0,3.0,3.0,3.0,3.0,3.0,3.0,3.0,-4.430524,2.4455366,-0.71621174,13.250793
775,-0.11932364568983261,-0.30641016,-0.5136755,-0.8016702,0.9946403,0.07747804,-0.039036497,0.056249827,0.1848762,0.18542352,-0.66762376,-0.7676555,-0.21211457,0.62106663,3.0,3.0,3.0,3.0,3.0,3.0,3.0,3.0,3.0,3.0,3.0,3.0,3.0,3.0,3.0,3.0,3.0,3.0,3.0,3.0,3.0,3.0,3.0,3.0,3.0,3.0,3.0,3.0,3.0,3.0,3.0,3.0,3.0,3.0,3.0,3.0,-0.01876545,-0.8330145,0.52284765,27.23745
780,-0.2681298056339909,-0.30990642,-0.5167284,-0.79024804,0.994753,0.06965989,-0.040315863,0.06315506,0.15804198,0.12530968,-0.4929805,-0.7654396,-0.21745294,0.61921227,3.0,3.0,3.0,3.0,3.0,3.0,3.0,3.0,3.0,3.0,3.0,3.0,3.0,3.0,3.0,3.0,3.0,3.0,3.0,3.0,3.0,3.0,3.0,3.0,3.0,3.0,3.0,3.0,3.0,3.0,3.0,3.0,3.0,3.0,3.0,3.0,4.4896297,-1.5351386,0.6714976,39.64927
785,-0.24565743105548557,-0.31279975,-0.5185451,-0.7829067,0.9946808,0.06245235,-0.04098106,0.070924886,0.12646468,0.06368971,-0.26558056,-0.63871,-0.06828803,0.8467147,3.0,3.0,3.0,3.0,3.0,3.0,3.0,3.0,3.0,3.0,3.0,3.0,3.0,3.0,3.0,3.0,3.0,3.0,3.0,3.0,3.0,3.0,3.0,3.0,3.0,3.0,3.0,3.0,3.0,3.0,3.0,3.0,3.0,3.0,3.0,3.0,4.7638054,-2.27741,-0.7782062,35.30683
790,-0.2761331009695477,-0.31527168,-0.51958346,-0.77702266,0.9944957,0.0567786,-0.03843781,0.079227716,0.114829384,0.043147106,-0.31197128,-0.6091285,0.2354837,0.73828506,3.0,3.0,3.0,3.0,3.0,3.0,3.0,3.0,3.0,3.0,3.0,3.0,3.0,3.0,3.0,3.0,3.0,3.0,3.0,3.0,3.0,3.0,3.0,3.0,3.0,3.0,3.0,3.0,3.0,3.0,3.0,3.0,3.0,3.0,3.0,3.0,2.1219254,1.167697,-0.10418171,39.458527
795,-0.29323733815766645,-0.31752956,-0.5202475,-0.7699407,0.99450654,0.049224682,-0.034147907,0.085834585,0.104029305,0.024295384,-0.35445738,-0.7084431,0.4150431,0.56260276,3.0,3.0,3.0,3.0,3.0,3.0,3.0,3.0,3.0,3.0,3.0,3.0,3.0,3.0,3.0,3.0,3.0,3.0,3.0,3.0,3.0,3.0,3.0,3.0,3.0,3.0,3.0,3.0,3.0,3.0,3.0,3.0,3.0,3.0,3.0,3.0,0.96505547,-2.0547266,0.606845,41.411797
800,-0.2767926975826875,-0.3194715,-0.52036244,-0.7637372,0.99442965,0.044194475,-0.026855448,0.09184374,0.08959259,-0.0008683248,-0.31588238,-0.49062198,0.72715056,0.55691946,3.0,3.0,3.0,3.0,3.0,3.0,3.0,3.0,3.0,3.0,3.0,3.0,3.0,3.0,3.0,3.0,3.0,3.0,3.0,3.0,3.0,3.0,3.0,3.0,3.0,3.0,3.0,3.0,3.0,3.0,3.0,3.0,3.0,3.0,3.0,3.0,1.4489164,-2.1978652,-0.7472835,40.451813
805,-0.11985002830143887,-0.3212811,-0.5202268,-0.7558856,0.9942989,0.04051224,-0.019051764,0.096775666,0.08491841,-0.010861412,-0.40967432,-0.34372124,0.63961256,0.40397662,3.0,3.0,3.0,3.0,3.0,3.0,3.0,3.0,3.0,3.0,3.0,3.0,3.0,3.0,3.0,3.0,3.0,3.0,3.0,3.0,3.0,3.0,3.0,3.0,3.0,3.0,3.0,3.0,3.0,3.0,3.0,3.0,3.0,3.0,3.0,3.0,0.5624218,-1.1202359,-0.7184676,26.852272
810,-0.25092396642233855,-0.32300225,-0.51985985,-0.7464962,0.9942958,0.036922242,-0.012095782,0.09932966,0.08068027,-0.023924425,-0.45480543,-0.47109443,0.5623439,0.0678365,3.0,3.0,3.0,3.0,3.0,3.0,3.0,3.0,3.0,3.0,3.0,3.0,3.0,3.0,3.0,3.0,3.0,3.0,3.0,3.0,3.0,3.0,3.0,3.0,3.0,3.0,3.0,3.0,3.0,3.0,3.0,3.0,3.0,3.0,3.0,3.0,2.157908,0.2170682,-0.3416674,40.61154
815,-0.2824069176447065,-0.3246301,-0.5191197,-0.7376874,0.99459314,0.030654715,-0.0052722045,0.099080645,0.07715326,-0.04105018,-0.42721084,-0.7376725,0.4753899,0.094049394,3.0,3.0,3.0,3.0,3.0,3.0,3.0,3.0,3.0,3.0,3.0,3.0,3.0,3.0,3.0,3.0,3.0,3.0,3.0,3.0,3.0,3.0,3.0,3.0,3.0,3.0,3.0,3.0,3.0,3.0,3.0,3.0,3.0,3.0,3.0,3.0,3.0999508,-3.2317994,0.028435588,42.37191
820,-0.15222101404691446,-0.32622212,-0.5180747,-0.7292532,0.9945921,0.026947856,0.002459153,0.10027137,0.07639585,-0.052804425,-0.44073996,-0.3615039,0.7450396,0.045573134,3.0,3.0,3.0,3.0,3.0,3.0,3.0,3.0,3.0,3.0,3.0,3.0,3.0,3.0,3.0,3.0,3.0,3.0,3.0,3.0,3.0,3.0,3.0,3.0,3.0,3.0,3.0,3.0,3.0,3.0,3.0,3.0,3.0,3.0,3.0,3.0,-2.7627273,-3.4706235,-0.8177932,30.697784
825,-0.2561860603995527,-0.32783857,-0.51685345,-0.7198363,0.99481386,0.026373213,0.008683236,0.09784895,0.07837721,-0.06157104,-0.47585145,-0.014759665,0.53244966,-0.32648525,3.0,3.0,3.0,3.0,3.0,3.0,3.0,3.0,3.0,3.0,3.0,3.0,3.0,3.0,3.0,3.0,3.0,3.0,3.0,3.0,3.0,3.0,3.0,3.0,3.0,3.0,3.0,3.0,3.0,3.0,3.0,3.0,3.0,3.0,3.0,3.0,-2.4279103,-3.387001,-0.7284039,42.218483
830,-0.22280472509935248,-0.32955906,-0.5153821,-0.7110863,0.9952505,0.02907811,0.012288786,0.092085935,0.08675487,-0.07892029,-0.34060577,0.3645028,0.28803417,-0.65904146,3.0,3.0,3.0,3.0,3.0,3.0,3.0,3.0,3.0,3.0,3.0,3.0,3.0,3.0,3.0,3.0,3.0,3.0,3.0,3.0,3.0,3.0,3.0,3.0,3.0,3.0,3.0,3.0,3.0,3.0,3.0,3.0,3.0,3.0,3.0,3.0,-3.925668,-2.7218099,0.5781363,35.22377
835,-0.34321974438586556,-0.33150846,-0.51347446,-0.706171,0.99592686,0.03253685,0.01532214,0.0826818,0.098696984,-0.100780874,-0.15932533,0.30698207,0.33697456,-0.99951535,3.0,3.0,3.0,3.0,3.0,3.0,3.0,3.0,3.0,3.0,3.0,3.0,3.0,3.0,3.0,3.0,3.0,3.0,3.0,3.0,3.0,3.0,3.0,3.0,3.0,3.0,3.0,3.0,3.0,3.0,3.0,3.0,3.0,3.0,3.0,3.0,-0.89913607,-2.759918,0.20693243,44.39869
840,-0.35436359508653453,-0.33372498,-0.51109093,-0.7048187,0.99653935,0.038727187,0.015378523,0.07192369,0.11123224,-0.123274945,-0.012962227,0.837872,-0.043569043,-1.1914415,3.0,3.0,3.0,3.0,3.0,3.0,3.0,3.0,3.0,3.0,3.0,3.0,3.0,3.0,3.0,3.0,3.0,3.0,3.0,3.0,3.0,3.0,3.0,3.0,3.0,3.0,3.0,3.0,3.0,3.0,3.0,3.0,3.0,3.0,3.0,3.0,3.7277946,-3.5078347,-0.008814275,42.78576
845,-0.32037260848596955,-0.33616656,-0.508261,-0.7054155,0.99675953,0.047920473,0.016473059,0.062471997,0.120760486,-0.14382108,0.04434555,0.6716511,0.10840162,-0.77849287,3.0,3.0,3.0,3.0,3.0,3.0,3.0,3.0,3.0,3.0,3.0,3.0,3.0,3.0,3.0,3.0,3.0,3.0,3.0,3.0,3.0,3.0,3.0,3.0,3.0,3.0,3.0,3.0,3.0,3.0,3.0,3.0,3.0,3.0,3.0,3.0,4.202443,0.31257153,-0.18026936,40.03501
850,-0.3411627332313281,-0.3387515,-0.50509757,-0.70558554,0.997073,0.052789602,0.01885026,0.05199408,0.12568508,-0.1558018,-0.032357648,0.40268984,0.32923868,-1.030206,3.0,3.0,3.0,3.0,3.0,3.0,3.0,3.0,3.0,3.0,3.0,3.0,3.0,3.0,3.0,3.0,3.0,3.0,3.0,3.0,3.0,3.0,3.0,3.0,3.0,3.0,3.0,3.0,3.0,3.0,3.0,3.0,3.0,3.0,3.0,3.0,-3.28274,0.12875986,-0.27666682,43.385536
855,-0.34454320087812285,-0.3414515,-0.50165397,-0.70426464,0.9973103,0.056997642,0.019689262,0.041663248,0.13248548,-0.17229311,-0.078967944,0.4500611,0.04957151,-1.0859697,3.0,3.0,3.0,3.0,3.0,3.0,3.0,3.0,3.0,3.0,3.0,3.0,3.0,3.0,3.0,3.0,3.0,3.0,3.0,3.0,3.0,3.0,3.0,3.0,3.0,3.0,3.0,3.0,3.0,3.0,3.0,3.0,3.0,3.0,3.0,3.0,-2.215886,-0.58038425,-0.69457996,44.5916
860,-0.3128140021739545,-0.34427384,-0.49790183,-0.70151705,0.99746555,0.06112377,0.018414961,0.031420186,0.13743599,-0.1854182,-0.1671625,0.33224738,-0.11521199,-0.9364979,3.0,3.0,3.0,3.0,3.0,3.0,3.0,3.0,3.0,3.0,3.0,3.0,3.0,3.0,3.0,3.0,3.0,3.0,3.0,3.0,3.0,3.0,3.0,3.0,3.0,3.0,3.0,3.0,3.0,3.0,3.0,3.0,3.0,3.0,3.0,3.0,2.1830935,-1.7709904,-0.94326407,43.214043
865,-0.30080430947489684,-0.34720227,-0.49383497,-0.69716114,0.99749273,0.06508356,0.016880024,0.022079064,0.14352754,-0.20480858,-0.21309376,0.42150545,-0.026801752,-0.87207407,3.0,3.0,3.0,3.0,3.0,3.0,3.0,3.0,3.0,3.0,3.0,3.0,3.0,3.0,3.0,3.0,3.0,3.0,3.0,3.0,3.0,3.0,3.0,3.0,3.0,3.0,3.0,3.0,3.0,3.0,3.0,3.0,3.0,3.0,3.0,3.0,0.2547331,0.48798847,-0.889784,43.03232
870,-0.267495829946538,-0.3502465,-0.4893706,-0.6917064,0.9974159,0.06874586,0.014919699,0.014591071,0.14764737,-0.22022606,-0.29812184,0.38160765,-0.09949087,-0.60720754,3.0,3.0,3.0,3.0,3.0,3.0,3.0,3.0,3.0,3.0,3.0,3.0,3.0,3.0,3.0,3.0,3.0,3.0,3.0,3.0,3.0,3.0,3.0,3.0,3.0,3.0,3.0,3.0,3.0,3.0,3.0,3.0,3.0,3.0,3.0,3.0,0.44043827,-0.98490095,-0.82599807,41.626427
875,-0.27521729107448806,-0.3533624,-0.4845997,-0.6842848,0.9972744,0.07196037,0.014204892,0.007978392,0.15152177,-0.23839694,-0.37079555,0.11508091,0.16171776,-0.6696822,3.0,3.0,3.0,3.0,3.0,3.0,3.0,3.0,3.0,3.0,3.0,3.0,3.0,3.0,3.0,3.0,3.0,3.0,3.0,3.0,3.0,3.0,3.0,3.0,3.0,3.0,3.0,3.0,3.0,3.0,3.0,3.0,3.0,3.0,3.0,3.0,-0.564209,0.8149533,-0.6346158,43.72455
880,-0.2582227739786691,-0.3565584,-0.47943506,-0.6754032,0.9971533,0.07394686,0.0146485455,0.0016070755,0.15506068,-0.25610462,-0.45074072,0.281453,-0.02234209,-0.5200377,3.0,3.0,3.0,3.0,3.0,3.0,3.0,3.0,3.0,3.0,3.0,3.0,3.0,3.0,3.0,3.0,3.0,3.0,3.0,3.0,3.0,3.0,3.0,3.0,3.0,3.0,3.0,3.0,3.0,3.0,3.0,3.0,3.0,3.0,3.0,3.0,4.75,2.8532796,-0.31920874,43.029366
885,-0.26261585444851615,-0.35987565,-0.47365707,-0.66646546,0.99719745,0.07317528,0.014796663,-0.004862051,0.16175514,-0.2905322,-0.42128542,-0.29086718,0.21485263,-0.7562484,3.0,3.0,3.0,3.0,3.0,3.0,3.0,3.0,3.0,3.0,3.0,3.0,3.0,3.0,3.0,3.0,3.0,3.0,3.0,3.0,3.0,3.0,3.0,3.0,3.0,3.0,3.0,3.0,3.0,3.0,3.0,3.0,3.0,3.0,3.0,3.0,-3.1169498,3.472169,-0.85414696,43.10753
890,-0.21002432030619575,-0.3632803,-0.46742108,-0.65642124,0.99737924,0.06957957,0.015702723,-0.0121147605,0.16455443,-0.3051168,-0.5226486,-0.39883795,0.089224055,-0.63354754,3.0,3.0,3.0,3.0,3.0,3.0,3.0,3.0,3.0,3.0,3.0,3.0,3.0,3.0,3.0,3.0,3.0,3.0,3.0,3.0,3.0,3.0,3.0,3.0,3.0,3.0,3.0,3.0,3.0,3.0,3.0,3.0,3.0,3.0,3.0,3.0,-0.26751232,2.408349,-0.47343814,39.76027
895,-0.10004255798725242,-0.3667478,-0.4608723,-0.64440787,0.99767226,0.06431936,0.0148108695,-0.017137522,0.16851911,-0.32423815,-0.58388186,-0.6763042,-0.22850105,-0.2899157,3.0,3.0,3.0,3.0,3.0,3.0,3.0,3.0,3.0,3.0,3.0,3.0,3.0,3.0,3.0,3.0,3.0,3.0,3.0,3.0,3.0,3.0,3.0,3.0,3.0,3.0,3.0,3.0,3.0,3.0,3.0,3.0,3.0,3.0,3.0,3.0,3.362296,2.52811,-0.37127197,29.27433
900,-0.172200145256932,-0.37035292,-0.45367146,-0.63323504,0.998138,0.05474613,0.01452426,-0.02263779,0.1760032,-0.3594538,-0.50483245,-0.9910229,0.021594541,-0.52464443,3.0,3.0,3.0,3.0,3.0,3.0,3.0,3.0,3.0,3.0,3.0,3.0,3.0,3.0,3.0,3.0,3.0,3.0,3.0,3.0,3.0,3.0,3.0,3.0,3.0,3.0,3.0,3.0,3.0,3.0,3.0,3.0,3.0,3.0,3.0,3.0,-1.7281604,1.29812,-0.7215017,35.35515
905,-0.17762988544707123,-0.37409136,-0.44589207,-0.62298435,0.9986035,0.042847898,0.013816082,-0.027644267,0.18358193,-0.3893527,-0.4134296,-1.2324109,-0.07498472,-0.34052846,3.0,3.0,3.0,3.0,3.0,3.0,3.0,3.0,3.0,3.0,3.0,3.0,3.0,3.0,3.0,3.0,3.0,3.0,3.0,3.0,3.0,3.0,3.0,3.0,3.0,3.0,3.0,3.0,3.0,3.0,3.0,3.0,3.0,3.0,3.0,3.0,-2.778896,1.3955808,0.46667433,33.2033
910,-0.2498376069367267,-0.37805173,-0.4373171,-0.6173442,0.99891967,0.031134518,0.011507176,-0.03252334,0.19425961,-0.42488882,-0.1758874,-1.0733485,-0.23612414,-0.52835613,3.0,3.0,3.0,3.0,3.0,3.0,3.0,3.0,3.0,3.0,3.0,3.0,3.0,3.0,3.0,3.0,3.0,3.0,3.0,3.0,3.0,3.0,3.0,3.0,3.0,3.0,3.0,3.0,3.0,3.0,3.0,3.0,3.0,3.0,3.0,3.0,-0.5196104,-4.334662,0.6407012,36.99402
915,-0.322794553806305,-0.38220355,-0.4281493,-0.6163001,0.9990178,0.020676482,0.007952297,-0.038375665,0.20183875,-0.4474831,0.008907813,-0.9057103,-0.42187753,-0.5524156,3.0,3.0,3.0,3.0,3.0,3.0,3.0,3.0,3.0,3.0,3.0,3.0,3.0,3.0,3.0,3.0,3.0,3.0,3.0,3.0,3.0,3.0,3.0,3.0,3.0,3.0,3.0,3.0,3.0,3.0,3.0,3.0,3.0,3.0,3.0,3.0,4.102807,-2.7215762,0.011729121,42.299026
920,-0.07873191971874918,-0.3864343,-0.41875038,-0.615882,0.99903655,0.0138524985,0.0052212495,-0.041313518,0.20343232,-0.45229423,-0.06430803,-0.6436376,-0.21168675,-0.25553572,3.0,3.0,3.0,3.0,3.0,3.0,3.0,3.0,3.0,3.0,3.0,3.0,3.0,3.0,3.0,3.0,3.0,3.0,3.0,3.0,3.0,3.0,3.0,3.0,3.0,3.0,3.0,3.0,3.0,3.0,3.0,3.0,3.0,3.0,3.0,3.0,2.6829123,-3.44784,-0.529131,20.031944
925,-0.2642841453278494,-0.3906865,-0.4092828,-0.61386263,0.9990558,0.008628924,0.003936442,-0.042398132,0.20437393,-0.45529804,-0.13436714,-0.47226655,-0.07322872,-0.06501739,3.0,3.0,3.0,3.0,3.0,3.0,3.0,3.0,3.0,3.0,3.0,3.0,3.0,3.0,3.0,3.0,3.0,3.0,3.0,3.0,3.0,3.0,3.0,3.0,3.0,3.0,3.0,3.0,3.0,3.0,3.0,3.0,3.0,3.0,3.0,3.0,3.5690708,-0.6141882,-0.64634013,40.361572
930,0.1214363361945131,-0.39495412,-0.3997731,-0.61033887,0.9991148,0.0050858487,0.004163257,-0.041550457,0.20505375,-0.4568911,-0.207093,-0.30516884,0.062612794,0.11993453,3.0,3.0,3.0,3.0,3.0,3.0,3.0,3.0,3.0,3.0,3.0,3.0,3.0,3.0,3.0,3.0,3.0,3.0,3.0,3.0,3.0,3.0,3.0,3.0,3.0,3.0,3.0,3.0,3.0,3.0,3.0,3.0,3.0,3.0,3.0,3.0,2.7305279,-0.8386836,-0.97137034,1.2423401
935,-0.17131389495885696,-0.39923143,-0.39025098,-0.60456264,0.99917406,0.001879209,0.0046862112,-0.04031938,0.20549586,-0.4570986,-0.32401666,-0.3049146,0.062133797,0.11979875,3.0,3.0,3.0,3.0,3.0,3.0,3.0,3.0,3.0,3.0,3.0,3.0,3.0,3.0,3.0,3.0,3.0,3.0,3.0,3.0,3.0,3.0,3.0,3.0,3.0,3.0,3.0,3.0,3.0,3.0,3.0,3.0,3.0,3.0,3.0,3.0,3.7791338,2.088994,-0.7561673,33.92475
940,-0.06897082870191704,-0.40351924,-0.38073173,-0.5963526,0.9992213,-0.0013245915,0.005204235,-0.039089188,0.20604081,-0.4567286,-0.4407667,-0.30465898,0.06165593,0.11966586,3.0,3.0,3.0,3.0,3.0,3.0,3.0,3.0,3.0,3.0,3.0,3.0,3.0,3.0,3.0,3.0,3.0,3.0,3.0,3.0,3.0,3.0,3.0,3.0,3.0,3.0,3.0,3.0,3.0,3.0,3.0,3.0,3.0,3.0,3.0,3.0,-0.21375418,3.9747133,-0.9366535,25.28595
945,-0.12868370812155633,-0.40782407,-0.37122968,-0.5861086,0.99924535,-0.0053535216,0.0058788317,-0.03801941,0.20753604,-0.45534107,-0.48130018,-0.59113204,0.030428236,0.18488362,3.0,3.0,3.0,3.0,3.0,3.0,3.0,3.0,3.0,3.0,3.0,3.0,3.0,3.0,3.0,3.0,3.0,3.0,3.0,3.0,3.0,3.0,3.0,3.0,3.0,3.0,3.0,3.0,3.0,3.0,3.0,3.0,3.0,3.0,3.0,3.0,3.6133509,4.682578,-0.42834568,30.512695
950,-0.20798661610558167,-0.41218585,-0.36178833,-0.5769072,0.99919766,-0.013931616,0.006715103,-0.03694451,0.21036954,-0.45159602,-0.437657,-0.9749619,0.16902399,0.050641865,3.0,3.0,3.0,3.0,3.0,3.0,3.0,3.0,3.0,3.0,3.0,3.0,3.0,3.0,3.0,3.0,3.0,3.0,3.0,3.0,3.0,3.0,3.0,3.0,3.0,3.0,3.0,3.0,3.0,3.0,3.0,3.0,3.0,3.0,3.0,3.0,-0.5919795,2.8460717,0.100990295,36.580673
955,0.026842396316412498,-0.4166338,-0.35252345,-0.5700972,0.9990321,-0.026175851,0.0063071433,-0.034785148,0.21492217,-0.44070393,-0.3020995,-1.2499945,0.09855783,0.2887006,3.0,3.0,3.0,3.0,3.0,3.0,3.0,3.0,3.0,3.0,3.0,3.0,3.0,3.0,3.0,3.0,3.0,3.0,3.0,3.0,3.0,3.0,3.0,3.0,3.0,3.0,3.0,3.0,3.0,3.0,3.0,3.0,3.0,3.0,3.0,3.0,-1.661231,-2.6020665,-0.8162258,10.895615
960,-0.0559861596493951,-0.42112496,-0.3434128,-0.56243205,0.9987418,-0.0386151,0.0073542264,-0.031138083,0.21603075,-0.43475252,-0.41181007,-1.1469923,0.18688568,0.39655206,3.0,3.0,3.0,3.0,3.0,3.0,3.0,3.0,3.0,3.0,3.0,3.0,3.0,3.0,3.0,3.0,3.0,3.0,3.0,3.0,3.0,3.0,3.0,3.0,3.0,3.0,3.0,3.0,3.0,3.0,3.0,3.0,3.0,3.0,3.0,3.0,1.2725973,-1.8324847,0.38551188,19.888458
965,0.08384679883601653,-0.4256721,-0.33458748,-0.55424666,0.99831736,-0.05038893,0.008464815,-0.027418178,0.21988654,-0.41509828,-0.38183832,-1.0358449,0.04788402,0.29615197,3.0,3.0,3.0,3.0,3.0,3.0,3.0,3.0,3.0,3.0,3.0,3.0,3.0,3.0,3.0,3.0,3.0,3.0,3.0,3.0,3.0,3.0,3.0,3.0,3.0,3.0,3.0,3.0,3.0,3.0,3.0,3.0,3.0,3.0,3.0,3.0,-0.4103713,-3.4716773,0.31044483,-4.3384132
970,2.5796169541625336e-05,-0.43031555,-0.32629085,-0.5471846,0.9980103,-0.057207868,0.006559698,-0.02568535,0.22415814,-0.3897434,-0.3429931,-0.49628636,-0.044081632,0.29995883,3.0,3.0,3.0,3.0,3.0,3.0,3.0,3.0,3.0,3.0,3.0,3.0,3.0,3.0,3.0,3.0,3.0,3.0,3.0,3.0,3.0,3.0,3.0,3.0,3.0,3.0,3.0,3.0,3.0,3.0,3.0,3.0,3.0,3.0,3.0,3.0,0.11164951,-4.823291,-0.775736,14.251377
975,-0.1144211604297437,-0.4350225,-0.31846818,-0.54001373,0.9978785,-0.060673628,0.0059948144,-0.022831416,0.22717366,-0.365293,-0.34110248,-0.13958739,-0.19513334,0.15189229,3.0,3.0,3.0,3.0,3.0,3.0,3.0,3.0,3.0,3.0,3.0,3.0,3.0,3.0,3.0,3.0,3.0,3.0,3.0,3.0,3.0,3.0,3.0,3.0,3.0,3.0,3.0,3.0,3.0,3.0,3.0,3.0,3.0,3.0,3.0,3.0,-0.40032625,-3.0328827,0.2161665,25.581352
980,0.09405324068548124,-0.43979907,-0.31125644,-0.53360224,0.99805766,-0.058303375,0.0032080992,-0.02171011,0.2303521,-0.33398885,-0.2895523,0.42606366,-0.36875197,0.10749914,3.0,3.0,3.0,3.0,3.0,3.0,3.0,3.0,3.0,3.0,3.0,3.0,3.0,3.0,3.0,3.0,3.0,3.0,3.0,3.0,3.0,3.0,3.0,3.0,3.0,3.0,3.0,3.0,3.0,3.0,3.0,3.0,3.0,3.0,3.0,3.0,-1.4355726,-3.6877513,-0.896778,0.40206146
985,-0.034642430567930246,-0.4446228,-0.3047075,-0.52850485,0.998469,-0.05200201,0.0012485235,-0.018813586,0.23212016,-0.30252042,-0.22407456,0.7741407,-0.00583877,0.46426275,3.0,3.0,3.0,3.0,3.0,3.0,3.0,3.0,3.0,3.0,3.0,3.0,3.0,3.0,3.0,3.0,3.0,3.0,3.0,3.0,3.0,3.0,3.0,3.0,3.0,3.0,3.0,3.0,3.0,3.0,3.0,3.0,3.0,3.0,3.0,3.0,-1.6160374,1.8573022,-0.7701154,14.714169
990,0.043577449779036756,-0.44946253,-0.2985848,-0.52300435,0.99889547,-0.045367125,-0.00016319478,-0.01223269,0.23244132,-0.28757226,-0.2830274,0.50368625,-0.22273009,0.80577916,3.0,3.0,3.0,3.0,3.0,3.0,3.0,3.0,3.0,3.0,3.0,3.0,3.0,3.0,3.0,3.0,3.0,3.0,3.0,3.0,3.0,3.0,3.0,3.0,3.0,3.0,3.0,3.0,3.0,3.0,3.0,3.0,3.0,3.0,3.0,3.0,3.6633883,3.524681,-0.10311997,4.5883102
995,-0.14534533167209968,-0.4543046,-0.2928378,-0.5171848,0.99908394,-0.042102616,-0.00055926683,-0.0076379813,0.2323041,-0.2707261,-0.30446044,0.32707697,-0.0001044175,0.29394707,3.0,3.0,3.0,3.0,3.0,3.0,3.0,3.0,3.0,3.0,3.0,3.0,3.0,3.0,3.0,3.0,3.0,3.0,3.0,3.0,3.0,3.0,3.0,3.0,3.0,3.0,3.0,3.0,3.0,3.0,3.0,3.0,3.0,3.0,3.0,3.0,-1.4980884,-1.0887966,-0.26465988,27.263329
1000,-0.1868264167820279,-0.45913908,-0.2873956,-0.5106031,0.9992136,-0.039165713,-0.0011973229,-0.006068451,0.23186252,-0.25602612,-0.33539045,0.1780557,0.045149617,0.14751092,3.0,3.0,3.0,3.0,3.0,3.0,3.0,3.0,3.0,3.0,3.0,3.0,3.0,3.0,3.0,3.0,3.0,3.0,3.0,3.0,3.0,3.0,3.0,3.0,3.0,3.0,3.0,3.0,3.0,3.0,3.0,3.0,3.0,3.0,3.0,3.0,-0.62130404,-2.3259032,-0.32735878,-32.117172
1005,-0.18010626871517468,-0.46396166,-0.28222647,-0.5031417,0.9993141,-0.03671056,-0.0011623622,-0.00471729,0.23122124,-0.24240704,-0.36607906,0.11569971,-0.02738602,0.23046531,3.0,3.0,3.0,3.0,3.0,3.0,3.0,3.0,3.0,3.0,3.0,3.0,3.0,3.0,3.0,3.0,3.0,3.0,3.0,3.0,3.0,3.0,3.0,3.0,3.0,3.0,3.0,3.0,3.0,3.0,3.0,3.0,3.0,3.0,3.0,3.0,2.2756243,-3.887974,-0.7664957,-31.561575
1010,-0.2107867764797855,-0.4687716,-0.27730623,-0.49468887,0.9993269,-0.036455244,-0.00062840595,-0.004052557,0.23064335,-0.23204629,-0.4322708,-0.03715811,0.108555846,-0.048419792,3.0,3.0,3.0,3.0,3.0,3.0,3.0,3.0,3.0,3.0,3.0,3.0,3.0,3.0,3.0,3.0,3.0,3.0,3.0,3.0,3.0,3.0,3.0,3.0,3.0,3.0,3.0,3.0,3.0,3.0,3.0,3.0,3.0,3.0,3.0,3.0,-0.6579423,-3.3866186,-0.1494962,-35.27723
1015,0.0471733585316817,-0.47356704,-0.27282664,-0.48797345,0.9993593,-0.03522099,-0.0019333322,-0.0060546626,0.22980328,-0.20221822,-0.22731666,-0.014962768,-0.276408,-0.012604206,3.0,3.0,3.0,3.0,3.0,3.0,3.0,3.0,3.0,3.0,3.0,3.0,3.0,3.0,3.0,3.0,3.0,3.0,3.0,3.0,3.0,3.0,3.0,3.0,3.0,3.0,3.0,3.0,3.0,3.0,3.0,3.0,3.0,3.0,3.0,3.0,-0.01703453,-4.4124513,0.5807291,3.4011765
1020,-0.06653679322662352,-0.47833815,-0.26891083,-0.48486155,0.999436,-0.033175882,-0.0025780825,-0.004508092,0.2286403,-0.18357685,-0.16964467,0.28114852,0.034034654,0.25680628,3.0,3.0,3.0,3.0,3.0,3.0,3.0,3.0,3.0,3.0,3.0,3.0,3.0,3.0,3.0,3.0,3.0,3.0,3.0,3.0,3.0,3.0,3.0,3.0,3.0,3.0,3.0,3.0,3.0,3.0,3.0,3.0,3.0,3.0,3.0,3.0,-0.79623747,-1.057893,0.04526055,-16.212559
1025,-0.10794846631580199,-0.48308155,-0.26529524,-0.48192957,0.9995563,-0.029401617,-0.0030246263,-0.0036885166,0.2270171,-0.1672276,-0.12379794,0.3483921,-0.00204637,0.066835016,3.0,3.0,3.0,3.0,3.0,3.0,3.0,3.0,3.0,3.0,3.0,3.0,3.0,3.0,3.0,3.0,3.0,3.0,3.0,3.0,3.0,3.0,3.0,3.0,3.0,3.0,3.0,3.0,3.0,3.0,3.0,3.0,3.0,3.0,3.0,3.0,0.49706888,-2.1267724,-0.3854066,-20.112473
1030,0.00344933401719609,-0.4877892,-0.2620012,-0.48001733,0.99968046,-0.025038548,-0.0023058471,-0.0025984508,0.22541839,-0.15358609,-0.095141664,0.46589616,0.11893404,0.12873521,3.0,3.0,3.0,3.0,3.0,3.0,3.0,3.0,3.0,3.0,3.0,3.0,3.0,3.0,3.0,3.0,3.0,3.0,3.0,3.0,3.0,3.0,3.0,3.0,3.0,3.0,3.0,3.0,3.0,3.0,3.0,3.0,3.0,3.0,3.0,3.0,-2.4012005,4.2833176,0.45453215,-5.3406143
1035,-0.07640595736805085,-0.49246204,-0.25901768,-0.47979385,0.9997945,-0.019717406,-0.0040961877,-0.0023429224,0.2235327,-0.1370303,0.04137672,0.3872687,-0.21464993,-0.10776166,3.0,3.0,3.0,3.0,3.0,3.0,3.0,3.0,3.0,3.0,3.0,3.0,3.0,3.0,3.0,3.0,3.0,3.0,3.0,3.0,3.0,3.0,3.0,3.0,3.0,3.0,3.0,3.0,3.0,3.0,3.0,3.0,3.0,3.0,3.0,3.0,-2.3815174,-4.0323157,0.5705321,-12.552799
1040,-0.005930743547834551,-0.49707276,-0.25636056,-0.48313987,0.9998795,-0.013293033,-0.0064691263,-0.004737357,0.22008048,-0.123593226,0.18753326,0.59774554,-0.070405565,-0.30394194,3.0,3.0,3.0,3.0,3.0,3.0,3.0,3.0,3.0,3.0,3.0,3.0,3.0,3.0,3.0,3.0,3.0,3.0,3.0,3.0,3.0,3.0,3.0,3.0,3.0,3.0,3.0,3.0,3.0,3.0,3.0,3.0,3.0,3.0,3.0,3.0,-2.0495481,-1.2889786,-0.025173783,-4.0461807
1045,-0.052800635741263514,-0.50162214,-0.25385034,-0.48697776,0.99991393,-0.006676351,-0.006662434,-0.009122291,0.21736316,-0.11889451,0.17035384,0.6425533,0.025662823,-0.40592414,3.0,3.0,3.0,3.0,3.0,3.0,3.0,3.0,3.0,3.0,3.0,3.0,3.0,3.0,3.0,3.0,3.0,3.0,3.0,3.0,3.0,3.0,3.0,3.0,3.0,3.0,3.0,3.0,3.0,3.0,3.0,3.0,3.0,3.0,3.0,3.0,0.78857136,-0.7668786,0.5065706,8.654175
1050,-0.13351199204198622,-0.50610995,-0.251413,-0.49094737,0.9999482,0.002784832,-0.0034945474,-0.009144389,0.21431638,-0.11650766,0.2044382,0.8583637,0.24912366,0.2741969,3.0,3.0,3.0,3.0,3.0,3.0,3.0,3.0,3.0,3.0,3.0,3.0,3.0,3.0,3.0,3.0,3.0,3.0,3.0,3.0,3.0,3.0,3.0,3.0,3.0,3.0,3.0,3.0,3.0,3.0,3.0,3.0,3.0,3.0,3.0,3.0,-3.4857285,0.9078164,-0.14841044,16.414726
1055,-0.15565735834663078,-0.5105618,-0.24897258,-0.4943276,0.999922,0.010908974,-0.0015731788,-0.005882953,0.21321549,-0.118066445,0.15770061,0.665315,0.06544297,0.3789775,3.0,3.0,3.0,3.0,3.0,3.0,3.0,3.0,3.0,3.0,3.0,3.0,3.0,3.0,3.0,3.0,3.0,3.0,3.0,3.0,3.0,3.0,3.0,3.0,3.0,3.0,3.0,3.0,3.0,3.0,3.0,3.0,3.0,3.0,3.0,3.0,0.5357876,3.882762,0.07283831,-19.386602
1060,-0.2182576510332011,-0.51499665,-0.24648258,-0.49651933,0.9998592,0.016487809,0.0001633007,-0.0031025298,0.21271384,-0.12060354,0.065736435,0.4567691,0.080765195,0.36294037,3.0,3.0,3.0,3.0,3.0,3.0,3.0,3.0,3.0,3.0,3.0,3.0,3.0,3.0,3.0,3.0,3.0,3.0,3.0,3.0,3.0,3.0,3.0,3.0,3.0,3.0,3.0,3.0,3.0,3.0,3.0,3.0,3.0,3.0,3.0,3.0,-3.0308747,2.6988626,-0.11890757,27.508064
1065,-0.07636144527746247,-0.5194256,-0.243932,-0.49652714,0.9997857,0.020633236,0.00048175402,0.001598424,0.2125208,-0.1236393,-0.046546474,0.39789775,0.02270255,0.45143953,3.0,3.0,3.0,3.0,3.0,3.0,3.0,3.0,3.0,3.0,3.0,3.0,3.0,3.0,3.0,3.0,3.0,3.0,3.0,3.0,3.0,3.0,3.0,3.0,3.0,3.0,3.0,3.0,3.0,3.0,3.0,3.0,3.0,3.0,3.0,3.0,-2.578835,0.18228579,-0.84488523,-14.93911
1070,-0.2524483063235028,-0.523852,-0.2412984,-0.49439397,0.99967796,0.02458797,0.0010035508,0.006192862,0.21251576,-0.13059098,-0.09127914,0.30916664,0.11294303,0.4047945,3.0,3.0,3.0,3.0,3.0,3.0,3.0,3.0,3.0,3.0,3.0,3.0,3.0,3.0,3.0,3.0,3.0,3.0,3.0,3.0,3.0,3.0,3.0,3.0,3.0,3.0,3.0,3.0,3.0,3.0,3.0,3.0,3.0,3.0,3.0,3.0,-1.6813517,3.7206554,-0.646701,33.313797
1075,-0.28790781298384516,-0.52827924,-0.23852566,-0.49102703,0.99955696,0.027803887,0.0022712373,0.010379351,0.21253717,-0.13483216,-0.20848945,0.30816114,0.11420353,0.40435633,3.0,3.0,3.0,3.0,3.0,3.0,3.0,3.0,3.0,3.0,3.0,3.0,3.0,3.0,3.0,3.0,3.0,3.0,3.0,3.0,3.0,3.0,3.0,3.0,3.0,3.0,3.0,3.0,3.0,3.0,3.0,3.0,3.0,3.0,3.0,3.0,-2.2392771,4.0720263,-0.43989134,38.390686
1080,-0.12235913811334098,-0.53271276,-0.23562533,-0.48580566,0.9994244,0.029855262,0.002330259,0.015942164,0.21294251,-0.14154206,-0.29043514,0.17106022,-0.037379365,0.5657102,3.0,3.0,3.0,3.0,3.0,3.0,3.0,3.0,3.0,3.0,3.0,3.0,3.0,3.0,3.0,3.0,3.0,3.0,3.0,3.0,3.0,3.0,3.0,3.0,3.0,3.0,3.0,3.0,3.0,3.0,3.0,3.0,3.0,3.0,3.0,3.0,1.809597,3.6728134,0.09274876,-22.040087
1085,-0.26533405126408455,-0.537161,-0.23253115,-0.4796926,0.99938995,0.02891305,0.0042707664,0.01911858,0.21394122,-0.15289362,-0.3005462,-0.285638,0.16415143,0.3033004,3.0,3.0,3.0,3.0,3.0,3.0,3.0,3.0,3.0,3.0,3.0,3.0,3.0,3.0,3.0,3.0,3.0,3.0,3.0,3.0,3.0,3.0,3.0,3.0,3.0,3.0,3.0,3.0,3.0,3.0,3.0,3.0,3.0,3.0,3.0,3.0,-1.054318,1.69836,-0.23140621,-37.402206
1090,0.01654380829779846,-0.5416446,-0.2291727,-0.47394454,0.9994126,0.025027184,0.0057042004,0.022706417,0.21600132,-0.16574496,-0.27366287,-0.5057428,0.20619355,0.25141847,3.0,3.0,3.0,3.0,3.0,3.0,3.0,3.0,3.0,3.0,3.0,3.0,3.0,3.0,3.0,3.0,3.0,3.0,3.0,3.0,3.0,3.0,3.0,3.0,3.0,3.0,3.0,3.0,3.0,3.0,3.0,3.0,3.0,3.0,3.0,3.0,-2.0031219,0.12827349,0.6764035,7.5965576
1095,-0.29204180379545036,-0.54621047,-0.22545438,-0.4711097,0.99945545,0.019825429,0.007999228,0.025134195,0.2208138,-0.18423624,-0.092368476,-0.49154183,0.1933207,0.20114216,3.0,3.0,3.0,3.0,3.0,3.0,3.0,3.0,3.0,3.0,3.0,3.0,3.0,3.0,3.0,3.0,3.0,3.0,3.0,3.0,3.0,3.0,3.0,3.0,3.0,3.0,3.0,3.0,3.0,3.0,3.0,3.0,3.0,3.0,3.0,3.0,-2.737869,-0.76139545,0.71121335,36.314674
1100,-0.2918905388127031,-0.55086726,-0.2214805,-0.4701444,0.99951017,0.016310731,0.008711077,0.025247606,0.22469845,-0.19316268,-0.05849471,-0.19737673,-0.06486894,-0.15832196,3.0,3.0,3.0,3.0,3.0,3.0,3.0,3.0,3.0,3.0,3.0,3.0,3.0,3.0,3.0,3.0,3.0,3.0,3.0,3.0,3.0,3.0,3.0,3.0,3.0,3.0,3.0,3.0,3.0,3.0,3.0,3.0,3.0,3.0,3.0,3.0,-2.3779268,-3.2809176,0.13558638,-36.696995
1105,-0.10228581271762263,-0.555625,-0.21731496,-0.47082382,0.999599,0.017405776,0.006686388,0.021312328,0.2300253,-0.20315722,0.05381446,0.29815158,-0.2582373,-0.4923497,3.0,3.0,3.0,3.0,3.0,3.0,3.0,3.0,3.0,3.0,3.0,3.0,3.0,3.0,3.0,3.0,3.0,3.0,3.0,3.0,3.0,3.0,3.0,3.0,3.0,3.0,3.0,3.0,3.0,3.0,3.0,3.0,3.0,3.0,3.0,3.0,0.82977295,0.9293175,-0.11238927,16.12048
1110,-0.09744088232354224,-0.5604376,-0.21302629,-0.4710749,0.9996329,0.020622043,0.0060131787,0.016512122,0.23201382,-0.20898777,0.016703164,0.46299988,0.106782906,-0.26798582,3.0,3.0,3.0,3.0,3.0,3.0,3.0,3.0,3.0,3.0,3.0,3.0,3.0,3.0,3.0,3.0,3.0,3.0,3.0,3.0,3.0,3.0,3.0,3.0,3.0,3.0,3.0,3.0,3.0,3.0,3.0,3.0,3.0,3.0,3.0,3.0,-0.6397476,3.4448032,-0.7966151,-16.001585
1115,-0.22507393942545934,-0.565282,-0.20862997,-0.46995646,0.9995568,0.025475893,0.0069781216,0.013729385,0.23289716,-0.21249208,-0.100599535,0.46269047,0.10522539,-0.26770863,3.0,3.0,3.0,3.0,3.0,3.0,3.0,3.0,3.0,3.0,3.0,3.0,3.0,3.0,3.0,3.0,3.0,3.0,3.0,3.0,3.0,3.0,3.0,3.0,3.0,3.0,3.0,3.0,3.0,3.0,3.0,3.0,3.0,3.0,3.0,3.0,0.8649702,0.42591858,-0.9208712,30.592545
1120,-0.24024126638742327,-0.57016635,-0.20408095,-0.46774366,0.99948114,0.029383447,0.0069495966,0.011215675,0.23534945,-0.22192268,-0.11906908,0.4213156,0.051832136,-0.14973663,3.0,3.0,3.0,3.0,3.0,3.0,3.0,3.0,3.0,3.0,3.0,3.0,3.0,3.0,3.0,3.0,3.0,3.0,3.0,3.0,3.0,3.0,3.0,3.0,3.0,3.0,3.0,3.0,3.0,3.0,3.0,3.0,3.0,3.0,3.0,3.0,-3.61244,0.6832218,-0.87237227,32.29329
1125,-0.14630034479351806,-0.57509136,-0.19935836,-0.4644276,0.9993918,0.03272995,0.008364862,0.008646537,0.23714785,-0.23006903,-0.18405084,0.23763585,0.19448423,-0.26507786,3.0,3.0,3.0,3.0,3.0,3.0,3.0,3.0,3.0,3.0,3.0,3.0,3.0,3.0,3.0,3.0,3.0,3.0,3.0,3.0,3.0,3.0,3.0,3.0,3.0,3.0,3.0,3.0,3.0,3.0,3.0,3.0,3.0,3.0,3.0,3.0,-3.9112754,3.0724936,-0.5791414,23.442581
1130,0.04149896929631974,-0.58006626,-0.19442566,-0.46020228,0.9992967,0.03619531,0.008625266,0.004641444,0.24041931,-0.24326795,-0.18831804,0.2227163,-0.14398108,-0.26454073,3.0,3.0,3.0,3.0,3.0,3.0,3.0,3.0,3.0,3.0,3.0,3.0,3.0,3.0,3.0,3.0,3.0,3.0,3.0,3.0,3.0,3.0,3.0,3.0,3.0,3.0,3.0,3.0,3.0,3.0,3.0,3.0,3.0,3.0,3.0,3.0,-1.6939378,3.49537,-0.74095523,3.4351578
1135,-0.18022532994278095,-0.58510065,-0.18923746,-0.45542523,0.99927276,0.03752559,0.006142472,0.0028403013,0.2424243,-0.25292203,-0.25661537,0.06353136,-0.28933585,-0.12807174,3.0,3.0,3.0,3.0,3.0,3.0,3.0,3.0,3.0,3.0,3.0,3.0,3.0,3.0,3.0,3.0,3.0,3.0,3.0,3.0,3.0,3.0,3.0,3.0,3.0,3.0,3.0,3.0,3.0,3.0,3.0,3.0,3.0,3.0,3.0,3.0,-1.9724951,1.9575572,-0.08285445,-27.790882
1140,0.046527380934818036,-0.59017503,-0.18379685,-0.44987902,0.9993704,0.03530615,0.0027519367,0.0021825565,0.24435954,-0.2687888,-0.24239169,-0.3111813,-0.25008702,-0.13921891,3.0,3.0,3.0,3.0,3.0,3.0,3.0,3.0,3.0,3.0,3.0,3.0,3.0,3.0,3.0,3.0,3.0,3.0,3.0,3.0,3.0,3.0,3.0,3.0,3.0,3.0,3.0,3.0,3.0,3.0,3.0,3.0,3.0,3.0,3.0,3.0,0.09867287,2.3903203,-0.6210131,-4.541359
1145,-0.048702172866475685,-0.5952738,-0.17802505,-0.44481823,0.9994915,0.031826463,-0.00017344771,0.0019356232,0.24506138,-0.28574646,-0.1945347,-0.28453985,-0.24942662,0.2320031,3.0,3.0,3.0,3.0,3.0,3.0,3.0,3.0,3.0,3.0,3.0,3.0,3.0,3.0,3.0,3.0,3.0,3.0,3.0,3.0,3.0,3.0,3.0,3.0,3.0,3.0,3.0,3.0,3.0,3.0,3.0,3.0,3.0,3.0,3.0,3.0,3.9401321,3.378665,0.48945594,12.114464
1150,-0.06409709371484026,-0.600376,-0.17185418,-0.44171187,0.9996189,0.027345436,-0.0011506022,0.0036060056,0.244741,-0.29998475,-0.16638213,-0.4299183,-0.09996614,0.15709697,3.0,3.0,3.0,3.0,3.0,3.0,3.0,3.0,3.0,3.0,3.0,3.0,3.0,3.0,3.0,3.0,3.0,3.0,3.0,3.0,3.0,3.0,3.0,3.0,3.0,3.0,3.0,3.0,3.0,3.0,3.0,3.0,3.0,3.0,3.0,3.0,1.5385332,-1.0992992,-0.24462157,-14.853859
1155,0.06918329055168752,-0.60546803,-0.16551939,-0.43733993,0.9996732,0.024533082,-0.0005115191,0.0071665663,0.24419734,-0.30661693,-0.23972058,-0.19405316,0.12489431,0.4286956,3.0,3.0,3.0,3.0,3.0,3.0,3.0,3.0,3.0,3.0,3.0,3.0,3.0,3.0,3.0,3.0,3.0,3.0,3.0,3.0,3.0,3.0,3.0,3.0,3.0,3.0,3.0,3.0,3.0,3.0,3.0,3.0,3.0,3.0,3.0,3.0,0.5728202,1.8161054,-0.64022636,1.6341934
1160,-0.23131366438770462,-0.6105518,-0.15904018,-0.431787,0.9997284,0.02062122,0.0023519606,0.010601863,0.24403028,-0.3149737,-0.25931004,-0.40579078,0.36003292,0.49030286,3.0,3.0,3.0,3.0,3.0,3.0,3.0,3.0,3.0,3.0,3.0,3.0,3.0,3.0,3.0,3.0,3.0,3.0,3.0,3.0,3.0,3.0,3.0,3.0,3.0,3.0,3.0,3.0,3.0,3.0,3.0,3.0,3.0,3.0,3.0,3.0,3.4971867,2.7311945,-0.4530177,31.980133
1165,-0.2340405459343228,-0.6156404,-0.15242916,-0.4251875,0.999715,0.016173013,0.0059661907,0.016515436,0.24469513,-0.3195799,-0.33371133,-0.40422845,0.3472002,0.7786554,3.0,3.0,3.0,3.0,3.0,3.0,3.0,3.0,3.0,3.0,3.0,3.0,3.0,3.0,3.0,3.0,3.0,3.0,3.0,3.0,3.0,3.0,3.0,3.0,3.0,3.0,3.0,3.0,3.0,3.0,3.0,3.0,3.0,3.0,3.0,3.0,-0.7140751,1.1222277,-0.8674351,32.82376
1170,-0.2503941515953699,-0.6207675,-0.14570673,-0.41800448,0.99960965,0.011729718,0.01144088,0.022628462,0.24826376,-0.3264173,-0.28588566,-0.3958334,0.67944723,0.41184708,3.0,3.0,3.0,3.0,3.0,3.0,3.0,3.0,3.0,3.0,3.0,3.0,3.0,3.0,3.0,3.0,3.0,3.0,3.0,3.0,3.0,3.0,3.0,3.0,3.0,3.0,3.0,3.0,3.0,3.0,3.0,3.0,3.0,3.0,3.0,3.0,-1.2990875,-1.6100821,0.12603271,33.12175
1175,0.06313003167093637,-0.6259985,-0.13884774,-0.4122275,0.99950534,0.008862915,0.016246723,0.025427444,0.2527798,-0.33044162,-0.29352224,-0.3713677,0.34750995,0.3941501,3.0,3.0,3.0,3.0,3.0,3.0,3.0,3.0,3.0,3.0,3.0,3.0,3.0,3.0,3.0,3.0,3.0,3.0,3.0,3.0,3.0,3.0,3.0,3.0,3.0,3.0,3.0,3.0,3.0,3.0,3.0,3.0,3.0,3.0,3.0,3.0,-0.43108273,-1.3656533,-0.67506486,2.4019127
1180,0.0030246501225713457,-0.6313392,-0.13192941,-0.40592888,0.9994103,0.0066452385,0.018438924,0.028195202,0.25814116,-0.3327421,-0.32857957,-0.12394276,0.12031207,0.17667332,3.0,3.0,3.0,3.0,3.0,3.0,3.0,3.0,3.0,3.0,3.0,3.0,3.0,3.0,3.0,3.0,3.0,3.0,3.0,3.0,3.0,3.0,3.0,3.0,3.0,3.0,3.0,3.0,3.0,3.0,3.0,3.0,3.0,3.0,3.0,3.0,0.36532164,-3.3712075,-0.027103245,8.61755
1185,-0.249683379626905,-0.63683903,-0.12495968,-0.39994523,0.999404,0.006245498,0.017678982,0.028983792,0.26742807,-0.33558726,-0.27238116,-0.2001785,-0.096672215,0.09473751,3.0,3.0,3.0,3.0,3.0,3.0,3.0,3.0,3.0,3.0,3.0,3.0,3.0,3.0,3.0,3.0,3.0,3.0,3.0,3.0,3.0,3.0,3.0,3.0,3.0,3.0,3.0,3.0,3.0,3.0,3.0,3.0,3.0,3.0,3.0,3.0,-1.2130406,-1.221313,-0.19743454,-33.855064
1190,-0.29197139445874454,-0.642548,-0.11792776,-0.3957673,0.99949473,0.0036942284,0.01364843,0.028467653,0.27810365,-0.3386734,-0.15700056,-0.41864496,-0.60121053,-0.018057283,3.0,3.0,3.0,3.0,3.0,3.0,3.0,3.0,3.0,3.0,3.0,3.0,3.0,3.0,3.0,3.0,3.0,3.0,3.0,3.0,3.0,3.0,3.0,3.0,3.0,3.0,3.0,3.0,3.0,3.0,3.0,3.0,3.0,3.0,3.0,3.0,1.4387612,0.30868006,0.86246896,-34.996994
1195,-0.14190839326225904,-0.64847857,-0.11084507,-0.3951889,0.99954164,-0.0006933795,0.009989246,0.028569378,0.28864473,-0.3404028,0.06629317,-0.4579131,-0.26078495,-0.028334651,3.0,3.0,3.0,3.0,3.0,3.0,3.0,3.0,3.0,3.0,3.0,3.0,3.0,3.0,3.0,3.0,3.0,3.0,3.0,3.0,3.0,3.0,3.0,3.0,3.0,3.0,3.0,3.0,3.0,3.0,3.0,3.0,3.0,3.0,3.0,3.0,0.09235382,-2.7764904,-0.09836674,-18.289257
1200,-0.18637003003880942,-0.6545171,-0.10376222,-0.395555,0.9996232,-0.003943387,0.0058958363,0.02651729,0.2906019,-0.33955622,-0.011680649,-0.22136414,-0.47609577,-0.27534404,3.0,3.0,3.0,3.0,3.0,3.0,3.0,3.0,3.0,3.0,3.0,3.0,3.0,3.0,3.0,3.0,3.0,3.0,3.0,3.0,3.0,3.0,3.0,3.0,3.0,3.0,3.0,3.0,3.0,3.0,3.0,3.0,3.0,3.0,3.0,3.0,1.7328348,0.867476,0.88996005,-22.719824
1205,-0.34452036933302677,-0.6606187,-0.096731,-0.3972952,0.99969137,-0.007813041,0.0006451421,0.023573613,0.2935033,-0.33634168,0.09939508,-0.42008385,-0.49358347,-0.26913878,3.0,3.0,3.0,3.0,3.0,3.0,3.0,3.0,3.0,3.0,3.0,3.0,3.0,3.0,3.0,3.0,3.0,3.0,3.0,3.0,3.0,3.0,3.0,3.0,3.0,3.0,3.0,3.0,3.0,3.0,3.0,3.0,3.0,3.0,3.0,3.0,3.0462809,0.2781,0.3750384,-37.20434
1210,-0.18254622699376555,-0.66673225,-0.08980508,-0.40141848,0.99965763,-0.014872326,-0.003524399,0.021238016,0.29313168,-0.3301831,0.22226767,-0.61232626,-0.35234463,-0.06574635,3.0,3.0,3.0,3.0,3.0,3.0,3.0,3.0,3.0,3.0,3.0,3.0,3.0,3.0,3.0,3.0,3.0,3.0,3.0,3.0,3.0,3.0,3.0,3.0,3.0,3.0,3.0,3.0,3.0,3.0,3.0,3.0,3.0,3.0,3.0,3.0,-2.5552452,0.46724272,0.12607956,-19.906996
1215,-0.2692571554350104,-0.67281854,-0.082992904,-0.40557277,0.99947137,-0.021411395,-0.007106331,0.023409672,0.29156494,-0.325408,0.15905228,-0.5945348,-0.32459104,0.24412194,3.0,3.0,3.0,3.0,3.0,3.0,3.0,3.0,3.0,3.0,3.0,3.0,3.0,3.0,3.0,3.0,3.0,3.0,3.0,3.0,3.0,3.0,3.0,3.0,3.0,3.0,3.0,3.0,3.0,3.0,3.0,3.0,3.0,3.0,3.0,3.0,2.6726198,0.029395103,0.012010336,-29.319847
1220,-0.37549129159357436,-0.6788333,-0.076373614,-0.40984237,0.999375,-0.026522955,-0.009485875,0.02135748,0.2862724,-0.31115362,0.25727737,-0.20804736,-0.33374935,-0.5227293,3.0,3.0,3.0,3.0,3.0,3.0,3.0,3.0,3.0,3.0,3.0,3.0,3.0,3.0,3.0,3.0,3.0,3.0,3.0,3.0,3.0,3.0,3.0,3.0,3.0,3.0,3.0,3.0,3.0,3.0,3.0,3.0,3.0,3.0,3.0,3.0,-1.0139945,-1.8061991,0.89469314,-38.43215
1225,-0.41474567362510545,-0.68470573,-0.070121124,-0.41692945,0.9994475,-0.02642374,-0.0151233645,0.013332514,0.2796132,-0.2950408,0.35040426,0.15043397,-0.6803816,-0.85828567,3.0,3.0,3.0,3.0,3.0,3.0,3.0,3.0,3.0,3.0,3.0,3.0,3.0,3.0,3.0,3.0,3.0,3.0,3.0,3.0,3.0,3.0,3.0,3.0,3.0,3.0,3.0,3.0,3.0,3.0,3.0,3.0,3.0,3.0,3.0,3.0,3.2059917,-0.081697464,0.7846762,-40.483425
1230,-0.13268648129218236,-0.69043016,-0.06414284,-0.42478287,0.99946564,-0.024742654,-0.020031305,0.0074180965,0.2712765,-0.2820162,0.3875947,0.3267602,-0.2523492,-0.29354838,3.0,3.0,3.0,3.0,3.0,3.0,3.0,3.0,3.0,3.0,3.0,3.0,3.0,3.0,3.0,3.0,3.0,3.0,3.0,3.0,3.0,3.0,3.0,3.0,3.0,3.0,3.0,3.0,3.0,3.0,3.0,3.0,3.0,3.0,3.0,3.0,-0.79128265,-0.7871537,0.057974577,-13.899487
1235,-0.2799644075311114,-0.69597346,-0.05839714,-0.4328523,0.9994964,-0.022366814,-0.02231281,0.0029674864,0.2635995,-0.2729825,0.3614314,0.1876154,-0.19391854,-0.47056276,3.0,3.0,3.0,3.0,3.0,3.0,3.0,3.0,3.0,3.0,3.0,3.0,3.0,3.0,3.0,3.0,3.0,3.0,3.0,3.0,3.0,3.0,3.0,3.0,3.0,3.0,3.0,3.0,3.0,3.0,3.0,3.0,3.0,3.0,3.0,3.0,0.27704954,3.0882978,-0.38022846,-28.794882
1240,-0.22826045577443532,-0.70136267,-0.052810457,-0.43999475,0.9994585,-0.021624163,-0.024780704,-0.0010361702,0.25548258,-0.26510403,0.32754523,0.042916615,-0.24759498,-0.34499443,3.0,3.0,3.0,3.0,3.0,3.0,3.0,3.0,3.0,3.0,3.0,3.0,3.0,3.0,3.0,3.0,3.0,3.0,3.0,3.0,3.0,3.0,3.0,3.0,3.0,3.0,3.0,3.0,3.0,3.0,3.0,3.0,3.0,3.0,3.0,3.0,1.2408028,3.912568,-0.14263791,-24.12849
1245,-0.0709681830618313,-0.7065379,-0.04741461,-0.4471114,0.9993615,-0.020319883,-0.02822979,-0.008172852,0.2436543,-0.25501135,0.34979746,0.20553027,-0.41056815,-0.8922049,3.0,3.0,3.0,3.0,3.0,3.0,3.0,3.0,3.0,3.0,3.0,3.0,3.0,3.0,3.0,3.0,3.0,3.0,3.0,3.0,3.0,3.0,3.0,3.0,3.0,3.0,3.0,3.0,3.0,3.0,3.0,3.0,3.0,3.0,3.0,3.0,1.1568127,-1.7924123,0.6218885,-6.5884476
1250,-0.04265938874678465,-0.7113916,-0.042265978,-0.45574537,0.9992878,-0.017365517,-0.031027628,-0.012633294,0.2289719,-0.24433072,0.3999323,0.31334007,-0.249145,-0.29647595,3.0,3.0,3.0,3.0,3.0,3.0,3.0,3.0,3.0,3.0,3.0,3.0,3.0,3.0,3.0,3.0,3.0,3.0,3.0,3.0,3.0,3.0,3.0,3.0,3.0,3.0,3.0,3.0,3.0,3.0,3.0,3.0,3.0,3.0,3.0,3.0,2.4164896,2.0374727,-0.3370893,-4.242813
1255,-0.2276251873778138,-0.716073,-0.037228085,-0.46289384,0.9991843,-0.015515429,-0.033927236,-0.0154558085,0.22206256,-0.24035643,0.30092135,0.13332602,-0.2767931,-0.2783997,3.0,3.0,3.0,3.0,3.0,3.0,3.0,3.0,3.0,3.0,3.0,3.0,3.0,3.0,3.0,3.0,3.0,3.0,3.0,3.0,3.0,3.0,3.0,3.0,3.0,3.0,3.0,3.0,3.0,3.0,3.0,3.0,3.0,3.0,3.0,3.0,0.12598467,1.229856,-0.0859409,25.121765
1260,-0.16893645793262474,-0.72062236,-0.032258913,-0.4676916,0.9990549,-0.014220526,-0.03670851,-0.01842597,0.21585338,-0.23732659,0.18318439,0.12914754,-0.27357087,-0.27662665,3.0,3.0,3.0,3.0,3.0,3.0,3.0,3.0,3.0,3.0,3.0,3.0,3.0,3.0,3.0,3.0,3.0,3.0,3.0,3.0,3.0,3.0,3.0,3.0,3.0,3.0,3.0,3.0,3.0,3.0,3.0,3.0,3.0,3.0,3.0,3.0,1.0622168,1.0168834,-0.35501206,-20.644255
1265,-0.17699538071276466,-0.72496676,-0.027378036,-0.47097608,0.9989045,-0.014268434,-0.039471053,-0.020693041,0.20099401,-0.23125215,0.1745538,0.029955586,-0.17989841,0.0010036655,3.0,3.0,3.0,3.0,3.0,3.0,3.0,3.0,3.0,3.0,3.0,3.0,3.0,3.0,3.0,3.0,3.0,3.0,3.0,3.0,3.0,3.0,3.0,3.0,3.0,3.0,3.0,3.0,3.0,3.0,3.0,3.0,3.0,3.0,3.0,3.0,0.2772193,3.3722057,-0.29997587,-22.025284
1270,-0.3380375680954505,-0.7290485,-0.022602754,-0.47336006,0.99880683,-0.013169502,-0.041797843,-0.021550398,0.19120072,-0.22738001,0.09051467,0.27903613,-0.29089308,-0.25145027,3.0,3.0,3.0,3.0,3.0,3.0,3.0,3.0,3.0,3.0,3.0,3.0,3.0,3.0,3.0,3.0,3.0,3.0,3.0,3.0,3.0,3.0,3.0,3.0,3.0,3.0,3.0,3.0,3.0,3.0,3.0,3.0,3.0,3.0,3.0,3.0,-0.8272414,-3.2125022,-0.8675318,-38.748356
1275,-0.16503659118473313,-0.7329237,-0.017903714,-0.47395402,0.9987082,-0.009678875,-0.04406966,-0.023369968,0.18245727,-0.22439653,-0.012491415,0.3750921,-0.18565625,-0.08498381,3.0,3.0,3.0,3.0,3.0,3.0,3.0,3.0,3.0,3.0,3.0,3.0,3.0,3.0,3.0,3.0,3.0,3.0,3.0,3.0,3.0,3.0,3.0,3.0,3.0,3.0,3.0,3.0,3.0,3.0,3.0,3.0,3.0,3.0,3.0,3.0,-1.5715194,2.8458576,-0.73358124,-22.742027
1280,-0.23905937579433842,-0.7366211,-0.0132558085,-0.4722915,0.998665,-0.00539312,-0.045507636,-0.02383753,0.17411357,-0.22232619,-0.124658786,0.4326025,-0.123177975,0.014348335,3.0,3.0,3.0,3.0,3.0,3.0,3.0,3.0,3.0,3.0,3.0,3.0,3.0,3.0,3.0,3.0,3.0,3.0,3.0,3.0,3.0,3.0,3.0,3.0,3.0,3.0,3.0,3.0,3.0,3.0,3.0,3.0,3.0,3.0,3.0,3.0,-2.4341714,2.7579236,-0.89159966,-31.485065
1285,-0.3352988125618812,-0.7401474,-0.008640478,-0.46822643,0.9986235,-0.0008589321,-0.046681885,-0.023899954,0.16600174,-0.221112,-0.24208358,0.4320428,-0.12316031,0.014328808,3.0,3.0,3.0,3.0,3.0,3.0,3.0,3.0,3.0,3.0,3.0,3.0,3.0,3.0,3.0,3.0,3.0,3.0,3.0,3.0,3.0,3.0,3.0,3.0,3.0,3.0,3.0,3.0,3.0,3.0,3.0,3.0,3.0,3.0,3.0,3.0,-3.3051717,3.551834,-0.88799846,-42.447544
1290,-0.2812694254788856,-0.7434124,-0.004042558,-0.4626664,0.9985431,0.002205232,-0.048648793,-0.023241406,0.14875963,-0.22053212,-0.26533848,0.11850037,-0.15371116,-0.010411529,3.0,3.0,3.0,3.0,3.0,3.0,3.0,3.0,3.0,3.0,3.0,3.0,3.0,3.0,3.0,3.0,3.0,3.0,3.0,3.0,3.0,3.0,3.0,3.0,3.0,3.0,3.0,3.0,3.0,3.0,3.0,3.0,3.0,3.0,3.0,3.0,-1.6782451,0.7178116,-0.5254116,-38.266396
1295,-0.33712619287804857,-0.7463568,0.0005523308,-0.45614696,0.99845153,0.0024681566,-0.051103123,-0.02183927,0.13645397,-0.22058731,-0.34585258,-0.051701203,-0.29023555,0.19629645,3.0,3.0,3.0,3.0,3.0,3.0,3.0,3.0,3.0,3.0,3.0,3.0,3.0,3.0,3.0,3.0,3.0,3.0,3.0,3.0,3.0,3.0,3.0,3.0,3.0,3.0,3.0,3.0,3.0,3.0,3.0,3.0,3.0,3.0,3.0,3.0,4.518774,-2.10849,-0.48031783,-44.32779
1300,-0.2896846359110397,-0.7488895,0.005152458,-0.44937366,0.9983843,0.0025301871,-0.053661074,-0.018516643,0.10981366,-0.22097644,-0.29526386,-0.03812923,-0.24316104,0.571642,3.0,3.0,3.0,3.0,3.0,3.0,3.0,3.0,3.0,3.0,3.0,3.0,3.0,3.0,3.0,3.0,3.0,3.0,3.0,3.0,3.0,3.0,3.0,3.0,3.0,3.0,3.0,3.0,3.0,3.0,3.0,3.0,3.0,3.0,3.0,3.0,4.208481,-1.2110043,0.31206906,-38.400227
1305,-0.019857526677304574,-0.75092334,0.009760678,-0.4430281,0.9984523,0.00424121,-0.05441432,-0.0106787095,0.09379774,-0.22125846,-0.35125923,0.1234093,-0.07601631,0.7505414,3.0,3.0,3.0,3.0,3.0,3.0,3.0,3.0,3.0,3.0,3.0,3.0,3.0,3.0,3.0,3.0,3.0,3.0,3.0,3.0,3.0,3.0,3.0,3.0,3.0,3.0,3.0,3.0,3.0,3.0,3.0,3.0,3.0,3.0,3.0,3.0,3.9928408,2.0152416,-0.6836535,11.881714
1310,-0.00632274645816569,-0.75266683,0.01438212,-0.43507326,0.99854016,0.0045445845,-0.053603224,-0.004859028,0.07588631,-0.22233818,-0.39262074,-0.12137548,0.22039172,0.37589082,3.0,3.0,3.0,3.0,3.0,3.0,3.0,3.0,3.0,3.0,3.0,3.0,3.0,3.0,3.0,3.0,3.0,3.0,3.0,3.0,3.0,3.0,3.0,3.0,3.0,3.0,3.0,3.0,3.0,3.0,3.0,3.0,3.0,3.0,3.0,3.0,3.7913504,2.5441923,-0.77468675,-11.764961
1315,-0.17199504310479452,-0.7540612,0.019025339,-0.42608508,0.9987223,0.0041382937,-0.050364856,-9.014564e-05,0.056140166,-0.22359806,-0.4104594,-0.053386077,0.40825438,0.43260354,3.0,3.0,3.0,3.0,3.0,3.0,3.0,3.0,3.0,3.0,3.0,3.0,3.0,3.0,3.0,3.0,3.0,3.0,3.0,3.0,3.0,3.0,3.0,3.0,3.0,3.0,3.0,3.0,3.0,3.0,3.0,3.0,3.0,3.0,3.0,3.0,0.9483099,2.264494,0.16776133,28.68737
1320,-0.2962015957407574,-0.7548657,0.0237085,-0.41860756,0.99896765,0.0014934882,-0.045380212,0.0014331184,0.03060534,-0.22523363,-0.3582661,-0.3031059,0.49126264,0.0009526751,3.0,3.0,3.0,3.0,3.0,3.0,3.0,3.0,3.0,3.0,3.0,3.0,3.0,3.0,3.0,3.0,3.0,3.0,3.0,3.0,3.0,3.0,3.0,3.0,3.0,3.0,3.0,3.0,3.0,3.0,3.0,3.0,3.0,3.0,3.0,3.0,-2.356988,-3.3181107,-0.0065742135,40.959038
1325,0.08467543891963777,-0.7552185,0.028408857,-0.41169858,0.99903435,0.00057491125,-0.043928694,-0.00060796743,0.012352668,-0.22564302,-0.36203483,-0.11245676,0.059944436,-0.12364448,3.0,3.0,3.0,3.0,3.0,3.0,3.0,3.0,3.0,3.0,3.0,3.0,3.0,3.0,3.0,3.0,3.0,3.0,3.0,3.0,3.0,3.0,3.0,3.0,3.0,3.0,3.0,3.0,3.0,3.0,3.0,3.0,3.0,3.0,3.0,3.0,-2.1263356,-0.9273758,0.3057636,-3.2992897
1330,0.05993550335252934,-0.75520056,0.03311028,-0.40472624,0.99901515,-0.0014222732,-0.044345062,-0.00041410155,-0.0051101465,-0.22554462,-0.3680831,-0.15047584,0.013433726,0.14265665,3.0,3.0,3.0,3.0,3.0,3.0,3.0,3.0,3.0,3.0,3.0,3.0,3.0,3.0,3.0,3.0,3.0,3.0,3.0,3.0,3.0,3.0,3.0,3.0,3.0,3.0,3.0,3.0,3.0,3.0,3.0,3.0,3.0,3.0,3.0,3.0,3.7271729,-3.29926,0.03832245,4.9492645
1335,0.04974894414309647,-0.75489885,0.03780021,-0.39671493,0.9991127,-0.00076314725,-0.041919783,0.0039956477,-0.018124089,-0.2248991,-0.4243405,0.084144495,0.27928934,0.4838434,3.0,3.0,3.0,3.0,3.0,3.0,3.0,3.0,3.0,3.0,3.0,3.0,3.0,3.0,3.0,3.0,3.0,3.0,3.0,3.0,3.0,3.0,3.0,3.0,3.0,3.0,3.0,3.0,3.0,3.0,3.0,3.0,3.0,3.0,3.0,3.0,2.0193582,-0.087919235,-0.54365015,-8.103489
1340,0.08370199928520916,-0.7543506,0.04248001,-0.3873939,0.99930555,-0.0020719154,-0.03672325,0.0059644175,-0.034685012,-0.22442338,-0.42484704,-0.3988327,0.6979687,-0.06448241,3.0,3.0,3.0,3.0,3.0,3.0,3.0,3.0,3.0,3.0,3.0,3.0,3.0,3.0,3.0,3.0,3.0,3.0,3.0,3.0,3.0,3.0,3.0,3.0,3.0,3.0,3.0,3.0,3.0,3.0,3.0,3.0,3.0,3.0,3.0,3.0,-0.482162,-3.4992104,0.44680107,-2.041401
1345,-0.2194740470086522,-0.7533439,0.047137808,-0.37986952,0.99947846,-0.0042137043,-0.03181925,0.0035437502,-0.055331394,-0.2228081,-0.339812,-0.14523597,0.22616981,-0.24322921,3.0,3.0,3.0,3.0,3.0,3.0,3.0,3.0,3.0,3.0,3.0,3.0,3.0,3.0,3.0,3.0,3.0,3.0,3.0,3.0,3.0,3.0,3.0,3.0,3.0,3.0,3.0,3.0,3.0,3.0,3.0,3.0,3.0,3.0,3.0,3.0,-0.24066782,-0.33968306,-0.49843264,-35.370735
1350,-0.11620543977752879,-0.75203043,0.051754925,-0.3728011,0.9995329,-0.003800807,-0.030299393,0.0012108363,-0.06847007,-0.22076695,-0.33304703,0.10591888,0.07718606,-0.08920916,3.0,3.0,3.0,3.0,3.0,3.0,3.0,3.0,3.0,3.0,3.0,3.0,3.0,3.0,3.0,3.0,3.0,3.0,3.0,3.0,3.0,3.0,3.0,3.0,3.0,3.0,3.0,3.0,3.0,3.0,3.0,3.0,3.0,3.0,3.0,3.0,3.1530704,-0.86274815,0.32168174,-24.819166
1355,-0.15298164576454096,-0.75043947,0.05633104,-0.3660548,0.99961996,-0.00075128226,-0.027430832,0.0026222232,-0.07975667,-0.21928811,-0.3460406,0.18325083,0.17956254,0.2824388,3.0,3.0,3.0,3.0,3.0,3.0,3.0,3.0,3.0,3.0,3.0,3.0,3.0,3.0,3.0,3.0,3.0,3.0,3.0,3.0,3.0,3.0,3.0,3.0,3.0,3.0,3.0,3.0,3.0,3.0,3.0,3.0,3.0,3.0,3.0,3.0,0.8520527,-0.7659378,-0.3670444,-28.960562
1360,0.008768430772699537,-0.74867606,0.060894705,-0.3581945,0.9997059,0.001383778,-0.023523318,0.005730136,-0.08732794,-0.21898076,-0.40715522,0.13826023,0.4355615,0.22819804,3.0,3.0,3.0,3.0,3.0,3.0,3.0,3.0,3.0,3.0,3.0,3.0,3.0,3.0,3.0,3.0,3.0,3.0,3.0,3.0,3.0,3.0,3.0,3.0,3.0,3.0,3.0,3.0,3.0,3.0,3.0,3.0,3.0,3.0,3.0,3.0,-2.4805088,0.08514929,-0.676909,-13.019583
1365,-0.008421555577598189,-0.74675614,0.06546143,-0.34936777,0.99974823,0.0043218397,-0.021054238,0.006441017,-0.09628033,-0.21960664,-0.4100145,0.2338236,0.013276666,0.1248479,3.0,3.0,3.0,3.0,3.0,3.0,3.0,3.0,3.0,3.0,3.0,3.0,3.0,3.0,3.0,3.0,3.0,3.0,3.0,3.0,3.0,3.0,3.0,3.0,3.0,3.0,3.0,3.0,3.0,3.0,3.0,3.0,3.0,3.0,3.0,3.0,2.9318886,-0.62836695,-0.7048844,15.270504
1370,-0.09283699290585903,-0.7447011,0.07004446,-0.33948746,0.9997462,0.0063674245,-0.020493684,0.00685254,-0.10036841,-0.22033444,-0.51336753,0.13568354,0.11697992,-0.04109018,3.0,3.0,3.0,3.0,3.0,3.0,3.0,3.0,3.0,3.0,3.0,3.0,3.0,3.0,3.0,3.0,3.0,3.0,3.0,3.0,3.0,3.0,3.0,3.0,3.0,3.0,3.0,3.0,3.0,3.0,3.0,3.0,3.0,3.0,3.0,3.0,1.0743942,-0.018332005,0.8305042,-24.424013
1375,-0.18662393134096295,-0.74247277,0.0746759,-0.32965294,0.9997688,0.008850948,-0.018188197,0.007292175,-0.11077193,-0.22371545,-0.45389095,0.25829163,0.24635099,0.072224036,3.0,3.0,3.0,3.0,3.0,3.0,3.0,3.0,3.0,3.0,3.0,3.0,3.0,3.0,3.0,3.0,3.0,3.0,3.0,3.0,3.0,3.0,3.0,3.0,3.0,3.0,3.0,3.0,3.0,3.0,3.0,3.0,3.0,3.0,3.0,3.0,-0.6908231,-0.8677397,-0.77692723,33.597977
1380,0.10775795991619594,-0.7400529,0.07939275,-0.32084912,0.9997859,0.00940309,-0.016379483,0.008452795,-0.12039078,-0.22867912,-0.38120943,-0.17756611,0.14697964,6.173122e-05,3.0,3.0,3.0,3.0,3.0,3.0,3.0,3.0,3.0,3.0,3.0,3.0,3.0,3.0,3.0,3.0,3.0,3.0,3.0,3.0,3.0,3.0,3.0,3.0,3.0,3.0,3.0,3.0,3.0,3.0,3.0,3.0,3.0,3.0,3.0,3.0,3.0138407,-0.26798058,0.4246583,-1.3947563
1385,-0.11149209246253011,-0.7374109,0.08423251,-0.31453666,0.99984246,0.007038342,-0.014295587,0.0078170635,-0.13015352,-0.23411931,-0.2768166,-0.30437753,0.2756284,-0.116804376,3.0,3.0,3.0,3.0,3.0,3.0,3.0,3.0,3.0,3.0,3.0,3.0,3.0,3.0,3.0,3.0,3.0,3.0,3.0,3.0,3.0,3.0,3.0,3.0,3.0,3.0,3.0,3.0,3.0,3.0,3.0,3.0,3.0,3.0,3.0,3.0,-3.2780375,-0.6753845,0.64939,23.905281
1390,-0.11174696106465615,-0.7345874,0.0891634,-0.3102651,0.9998982,0.004888859,-0.011517773,0.006859392,-0.1388446,-0.23812243,-0.15563637,-0.21221367,0.09681607,0.002848778,3.0,3.0,3.0,3.0,3.0,3.0,3.0,3.0,3.0,3.0,3.0,3.0,3.0,3.0,3.0,3.0,3.0,3.0,3.0,3.0,3.0,3.0,3.0,3.0,3.0,3.0,3.0,3.0,3.0,3.0,3.0,3.0,3.0,3.0,3.0,3.0,2.682623,-0.629714,-0.28123188,24.038116
1395,-0.14723970429856817,-0.73162687,0.09415139,-0.30765027,0.9999232,0.003735959,-0.009087118,0.007546995,-0.145175,-0.24068236,-0.054842394,-0.031640105,0.04798293,0.0038621041,3.0,3.0,3.0,3.0,3.0,3.0,3.0,3.0,3.0,3.0,3.0,3.0,3.0,3.0,3.0,3.0,3.0,3.0,3.0,3.0,3.0,3.0,3.0,3.0,3.0,3.0,3.0,3.0,3.0,3.0,3.0,3.0,3.0,3.0,3.0,3.0,1.6441541,-3.8245769,-0.390666,-27.095373
1400,-0.10363863917678694,-0.72855896,0.099181555,-0.30645975,0.9999161,0.0056064874,-0.010715184,0.0046487777,-0.14848451,-0.24190506,-0.06886665,0.23189172,-0.19651486,-0.46954837,3.0,3.0,3.0,3.0,3.0,3.0,3.0,3.0,3.0,3.0,3.0,3.0,3.0,3.0,3.0,3.0,3.0,3.0,3.0,3.0,3.0,3.0,3.0,3.0,3.0,3.0,3.0,3.0,3.0,3.0,3.0,3.0,3.0,3.0,3.0,3.0,3.667983,0.050318718,-0.4010116,-21.87984
1405,0.10385093382259267,-0.7254421,0.104231685,-0.30364856,0.9998888,0.008517983,-0.012233672,0.0004685723,-0.15040334,-0.24279717,-0.17897092,0.31971735,-0.10638679,-0.35197175,3.0,3.0,3.0,3.0,3.0,3.0,3.0,3.0,3.0,3.0,3.0,3.0,3.0,3.0,3.0,3.0,3.0,3.0,3.0,3.0,3.0,3.0,3.0,3.0,3.0,3.0,3.0,3.0,3.0,3.0,3.0,3.0,3.0,3.0,3.0,3.0,-1.141365,2.035798,-0.29488713,-0.4123001
1410,-0.23871021326915687,-0.72224444,0.10933253,-0.30006233,0.99987644,0.008707573,-0.012281349,-0.004521989,-0.15522355,-0.24600807,-0.18227303,-0.09497209,0.12633695,-0.62781525,3.0,3.0,3.0,3.0,3.0,3.0,3.0,3.0,3.0,3.0,3.0,3.0,3.0,3.0,3.0,3.0,3.0,3.0,3.0,3.0,3.0,3.0,3.0,3.0,3.0,3.0,3.0,3.0,3.0,3.0,3.0,3.0,3.0,3.0,3.0,3.0,0.23085833,2.3218145,0.46372962,-35.8238
1415,0.06908827583678104,-0.7189446,0.114502236,-0.29646572,0.99985653,0.0073364847,-0.010994367,-0.01059195,-0.15971184,-0.24899518,-0.19495833,-0.23994963,0.14107089,-0.45387673,3.0,3.0,3.0,3.0,3.0,3.0,3.0,3.0,3.0,3.0,3.0,3.0,3.0,3.0,3.0,3.0,3.0,3.0,3.0,3.0,3.0,3.0,3.0,3.0,3.0,3.0,3.0,3.0,3.0,3.0,3.0,3.0,3.0,3.0,3.0,3.0,2.805231,-1.0486162,0.39427066,4.598423
1420,0.014800471042851676,-0.7155303,0.119747095,-0.2940141,0.9998522,0.006109324,-0.009004835,-0.013311817,-0.16658871,-0.25358465,-0.057295714,-0.070128284,-0.0440408,-0.31243166,3.0,3.0,3.0,3.0,3.0,3.0,3.0,3.0,3.0,3.0,3.0,3.0,3.0,3.0,3.0,3.0,3.0,3.0,3.0,3.0,3.0,3.0,3.0,3.0,3.0,3.0,3.0,3.0,3.0,3.0,3.0,3.0,3.0,3.0,3.0,3.0,0.73761225,-1.2118192,-0.8264726,10.745197
1425,-0.3031249668195675,-0.7120281,0.125048,-0.29211006,0.9998041,0.0042804675,-0.009155296,-0.017021168,-0.17033531,-0.25571513,-0.04950811,-0.42240512,-0.04835703,-0.34594956,3.0,3.0,3.0,3.0,3.0,3.0,3.0,3.0,3.0,3.0,3.0,3.0,3.0,3.0,3.0,3.0,3.0,3.0,3.0,3.0,3.0,3.0,3.0,3.0,3.0,3.0,3.0,3.0,3.0,3.0,3.0,3.0,3.0,3.0,3.0,3.0,-1.1649585,-4.2964973,0.041633487,-41.680614
1430,-0.061525553729210286,-0.70841706,0.1303997,-0.29196554,0.999737,0.002748177,-0.009790159,-0.020555729,-0.17550886,-0.2575068,0.026972488,0.018532779,0.09635626,-0.1435609,3.0,3.0,3.0,3.0,3.0,3.0,3.0,3.0,3.0,3.0,3.0,3.0,3.0,3.0,3.0,3.0,3.0,3.0,3.0,3.0,3.0,3.0,3.0,3.0,3.0,3.0,3.0,3.0,3.0,3.0,3.0,3.0,3.0,3.0,3.0,3.0,-0.82381916,2.855626,-0.3242556,-17.963907
1435,-0.06406217842207487,-0.7047418,0.13576646,-0.2910617,0.9997139,0.0029067972,-0.008787569,-0.022054486,-0.17699261,-0.25767303,-0.09027083,0.018672599,0.0962358,-0.14341769,3.0,3.0,3.0,3.0,3.0,3.0,3.0,3.0,3.0,3.0,3.0,3.0,3.0,3.0,3.0,3.0,3.0,3.0,3.0,3.0,3.0,3.0,3.0,3.0,3.0,3.0,3.0,3.0,3.0,3.0,3.0,3.0,3.0,3.0,3.0,3.0,-1.2672803,-0.7784991,-0.6251801,-19.296284
1440,-0.2609502671440014,-0.7010332,0.1411384,-0.28798333,0.9997044,0.0022961115,-0.008517399,-0.022654897,-0.17867513,-0.25797072,-0.18607633,-0.1083475,-0.018429328,-0.0011793624,3.0,3.0,3.0,3.0,3.0,3.0,3.0,3.0,3.0,3.0,3.0,3.0,3.0,3.0,3.0,3.0,3.0,3.0,3.0,3.0,3.0,3.0,3.0,3.0,3.0,3.0,3.0,3.0,3.0,3.0,3.0,3.0,3.0,3.0,3.0,3.0,0.49167156,-3.996469,0.521904,-39.142418
1445,-0.191294237467561,-0.6972458,0.14652556,-0.28549868,0.9997273,0.0018844176,-0.008049741,-0.021839974,-0.18330234,-0.25878984,-0.108712696,0.056205146,0.13417843,0.19191355,3.0,3.0,3.0,3.0,3.0,3.0,3.0,3.0,3.0,3.0,3.0,3.0,3.0,3.0,3.0,3.0,3.0,3.0,3.0,3.0,3.0,3.0,3.0,3.0,3.0,3.0,3.0,3.0,3.0,3.0,3.0,3.0,3.0,3.0,3.0,3.0,-0.28110504,0.14934635,-0.95395744,-32.095436
1450,-0.2562807491205489,-0.693407,0.15191855,-0.28211424,0.9997568,0.0030667454,-0.007267743,-0.020592941,-0.18507451,-0.25897828,-0.18449794,0.20127764,-0.020096604,0.014073423,3.0,3.0,3.0,3.0,3.0,3.0,3.0,3.0,3.0,3.0,3.0,3.0,3.0,3.0,3.0,3.0,3.0,3.0,3.0,3.0,3.0,3.0,3.0,3.0,3.0,3.0,3.0,3.0,3.0,3.0,3.0,3.0,3.0,3.0,3.0,3.0,1.4535103,1.3731165,-0.79268074,-39.188095
1455,-0.01748459417677886,-0.68953365,0.15731895,-0.2771158,0.99973446,0.0042769453,-0.0064931004,-0.021692775,-0.18693689,-0.259673,-0.24486412,-0.015885537,0.22244394,-0.279789,3.0,3.0,3.0,3.0,3.0,3.0,3.0,3.0,3.0,3.0,3.0,3.0,3.0,3.0,3.0,3.0,3.0,3.0,3.0,3.0,3.0,3.0,3.0,3.0,3.0,3.0,3.0,3.0,3.0,3.0,3.0,3.0,3.0,3.0,3.0,3.0,-0.43394327,1.3716846,0.061665773,-15.056129
1460,-0.03108246836287301,-0.68559176,0.16275541,-0.27321395,0.9997522,0.0036547307,-0.0037845466,-0.021630226,-0.18994428,-0.2613342,-0.20282327,-0.032157417,0.3905049,0.0139479935,3.0,3.0,3.0,3.0,3.0,3.0,3.0,3.0,3.0,3.0,3.0,3.0,3.0,3.0,3.0,3.0,3.0,3.0,3.0,3.0,3.0,3.0,3.0,3.0,3.0,3.0,3.0,3.0,3.0,3.0,3.0,3.0,3.0,3.0,3.0,3.0,-2.1802294,2.8021455,0.11347258,-15.670017
1465,-0.23503602752233804,-0.68160915,0.16822034,-0.26992083,0.99983406,0.0036421346,-0.0021657846,-0.017715998,-0.19161342,-0.26270333,-0.15957925,0.13899343,0.21524413,0.5222407,3.0,3.0,3.0,3.0,3.0,3.0,3.0,3.0,3.0,3.0,3.0,3.0,3.0,3.0,3.0,3.0,3.0,3.0,3.0,3.0,3.0,3.0,3.0,3.0,3.0,3.0,3.0,3.0,3.0,3.0,3.0,3.0,3.0,3.0,3.0,3.0,4.3060284,2.5383053,-0.59279346,35.743614
1470,0.07037425785709775,-0.67761546,0.17369759,-0.26513335,0.99991167,0.0050523505,0.0001247381,-0.012292188,-0.19170007,-0.26307675,-0.27659148,0.13750179,0.2157926,0.5215564,3.0,3.0,3.0,3.0,3.0,3.0,3.0,3.0,3.0,3.0,3.0,3.0,3.0,3.0,3.0,3.0,3.0,3.0,3.0,3.0,3.0,3.0,3.0,3.0,3.0,3.0,3.0,3.0,3.0,3.0,3.0,3.0,3.0,3.0,3.0,3.0,2.872346,1.89815,-0.786595,-5.278412
1475,-0.011281123972796903,-0.67362726,0.17919803,-0.2590577,0.9999551,0.004935246,0.0029817584,-0.0075166677,-0.19100437,-0.26530024,-0.24562566,-0.1444288,0.27009344,0.46604094,3.0,3.0,3.0,3.0,3.0,3.0,3.0,3.0,3.0,3.0,3.0,3.0,3.0,3.0,3.0,3.0,3.0,3.0,3.0,3.0,3.0,3.0,3.0,3.0,3.0,3.0,3.0,3.0,3.0,3.0,3.0,3.0,3.0,3.0,3.0,3.0,1.5930276,0.55931807,0.27186906,13.615543
1480,0.0165566966800086,-0.6696808,0.18476447,-0.25601485,0.99996203,-7.355092e-05,0.0075036595,-0.004425968,-0.1879495,-0.26802713,-0.085376166,-0.70947057,0.39769194,0.2933762,3.0,3.0,3.0,3.0,3.0,3.0,3.0,3.0,3.0,3.0,3.0,3.0,3.0,3.0,3.0,3.0,3.0,3.0,3.0,3.0,3.0,3.0,3.0,3.0,3.0,3.0,3.0,3.0,3.0,3.0,3.0,3.0,3.0,3.0,3.0,3.0,-3.1870384,-3.7588882,0.6281357,-7.483406
1485,-0.12750905294757284,-0.66584015,0.19034284,-0.2564776,0.9999236,-0.0061367485,0.010216042,-0.003284024,-0.18188106,-0.26691005,0.07612652,-0.54803467,0.22888231,0.046665218,3.0,3.0,3.0,3.0,3.0,3.0,3.0,3.0,3.0,3.0,3.0,3.0,3.0,3.0,3.0,3.0,3.0,3.0,3.0,3.0,3.0,3.0,3.0,3.0,3.0,3.0,3.0,3.0,3.0,3.0,3.0,3.0,3.0,3.0,3.0,3.0,-2.9656696,-0.0009021759,-0.49775732,-22.953682
1490,-0.1041016756700225,-0.6621201,0.1958557,-0.25869936,0.9998558,-0.012640933,0.011302963,-0.0008638393,-0.17584135,-0.26236373,0.14777957,-0.49802417,0.19895522,0.42864147,3.0,3.0,3.0,3.0,3.0,3.0,3.0,3.0,3.0,3.0,3.0,3.0,3.0,3.0,3.0,3.0,3.0,3.0,3.0,3.0,3.0,3.0,3.0,3.0,3.0,3.0,3.0,3.0,3.0,3.0,3.0,3.0,3.0,3.0,3.0,3.0,-1.0499434,-2.0796034,-0.6956346,-19.805742
1495,-0.031683094947889054,-0.6584895,0.20128293,-0.2605317,0.99973756,-0.017750802,0.013998137,0.0037176672,-0.17255174,-0.25836068,0.073208675,-0.53784305,0.43040857,0.37886536,3.0,3.0,3.0,3.0,3.0,3.0,3.0,3.0,3.0,3.0,3.0,3.0,3.0,3.0,3.0,3.0,3.0,3.0,3.0,3.0,3.0,3.0,3.0,3.0,3.0,3.0,3.0,3.0,3.0,3.0,3.0,3.0,3.0,3.0,3.0,3.0,-2.0941617,0.41894913,0.07228637,12.594936
1500,0.00907060541442302,-0.6549661,0.20657197,-0.26193324,0.9994996,-0.023810657,0.017997317,0.010469411,-0.16555063,-0.24905726,0.097407006,-0.5177753,0.45147133,0.72529364,3.0,3.0,3.0,3.0,3.0,3.0,3.0,3.0,3.0,3.0,3.0,3.0,3.0,3.0,3.0,3.0,3.0,3.0,3.0,3.0,3.0,3.0,3.0,3.0,3.0,3.0,3.0,3.0,3.0,3.0,3.0,3.0,3.0,3.0,3.0,3.0,-0.03703928,-3.6177106,-0.59165514,-7.2782173
1505,-0.1773089550271344,-0.65159225,0.21165882,-0.26338896,0.9992196,-0.027740369,0.02206512,0.017430441,-0.15909433,-0.24030674,0.060661573,-0.227293,0.41840792,0.67360765,3.0,3.0,3.0,3.0,3.0,3.0,3.0,3.0,3.0,3.0,3.0,3.0,3.0,3.0,3.0,3.0,3.0,3.0,3.0,3.0,3.0,3.0,3.0,3.0,3.0,3.0,3.0,3.0,3.0,3.0,3.0,3.0,3.0,3.0,3.0,3.0,-2.5051858,-0.14479828,-0.73715055,-27.163696
1510,-0.29078554874778495,-0.6483389,0.2165861,-0.2634262,0.9989075,-0.030588267,0.025841925,0.024090929,-0.15225028,-0.23160657,0.0013050758,-0.41621888,0.20989935,0.48523182,3.0,3.0,3.0,3.0,3.0,3.0,3.0,3.0,3.0,3.0,3.0,3.0,3.0,3.0,3.0,3.0,3.0,3.0,3.0,3.0,3.0,3.0,3.0,3.0,3.0,3.0,3.0,3.0,3.0,3.0,3.0,3.0,3.0,3.0,3.0,3.0,2.6814914,-1.5609624,-0.4572059,-39.14044
1515,0.035432326211867024,-0.64524806,0.22130999,-0.26246315,0.99853975,-0.03390501,0.029115371,0.030349197,-0.14619331,-0.22401528,-0.0874863,-0.28554592,0.3539761,0.62785083,3.0,3.0,3.0,3.0,3.0,3.0,3.0,3.0,3.0,3.0,3.0,3.0,3.0,3.0,3.0,3.0,3.0,3.0,3.0,3.0,3.0,3.0,3.0,3.0,3.0,3.0,3.0,3.0,3.0,3.0,3.0,3.0,3.0,3.0,3.0,3.0,0.35849333,1.097311,-0.23590434,-6.795742
1520,-0.09299223349967953,-0.64236295,0.22577809,-0.26084343,0.9981659,-0.038049992,0.033451512,0.03313705,-0.13149081,-0.20585318,-0.042734265,-0.35594964,0.3439436,0.05100672,3.0,3.0,3.0,3.0,3.0,3.0,3.0,3.0,3.0,3.0,3.0,3.0,3.0,3.0,3.0,3.0,3.0,3.0,3.0,3.0,3.0,3.0,3.0,3.0,3.0,3.0,3.0,3.0,3.0,3.0,3.0,3.0,3.0,3.0,3.0,3.0,-4.4947004,1.6984725,0.39823854,-18.769733
1525,-0.3280064854197624,-0.6398925,0.22973683,-0.2615611,0.9979135,-0.041501943,0.034988325,0.03495812,-0.113791615,-0.1840723,0.025022019,-0.20551287,0.04780468,0.040343802,3.0,3.0,3.0,3.0,3.0,3.0,3.0,3.0,3.0,3.0,3.0,3.0,3.0,3.0,3.0,3.0,3.0,3.0,3.0,3.0,3.0,3.0,3.0,3.0,3.0,3.0,3.0,3.0,3.0,3.0,3.0,3.0,3.0,3.0,3.0,3.0,-2.8399656,-2.4828086,-0.1739161,-43.053356
1530,-0.03392971310497772,-0.6376602,0.23339374,-0.26156145,0.997914,-0.042269178,0.034898486,0.03410323,-0.099533275,-0.16563624,0.030819088,0.123568416,0.07433076,-0.12407297,3.0,3.0,3.0,3.0,3.0,3.0,3.0,3.0,3.0,3.0,3.0,3.0,3.0,3.0,3.0,3.0,3.0,3.0,3.0,3.0,3.0,3.0,3.0,3.0,3.0,3.0,3.0,3.0,3.0,3.0,3.0,3.0,3.0,3.0,3.0,3.0,-1.1337769,3.0239325,-0.11435026,-13.115026
1535,-0.2589301719539089,-0.6357565,0.23662305,-0.26216477,0.99785733,-0.04086812,0.03575129,0.036501765,-0.08793895,-0.15058768,-0.002367078,0.13400978,0.09127175,0.32777965,3.0,3.0,3.0,3.0,3.0,3.0,3.0,3.0,3.0,3.0,3.0,3.0,3.0,3.0,3.0,3.0,3.0,3.0,3.0,3.0,3.0,3.0,3.0,3.0,3.0,3.0,3.0,3.0,3.0,3.0,3.0,3.0,3.0,3.0,3.0,3.0,-0.14424133,2.389182,-0.48660004,-35.840538
1540,-0.23206328921615893,-0.6340338,0.23962629,-0.26113325,0.9977613,-0.039903164,0.036144096,0.039669976,-0.07627298,-0.13641457,-0.039196488,0.12964885,0.08673852,0.33585277,3.0,3.0,3.0,3.0,3.0,3.0,3.0,3.0,3.0,3.0,3.0,3.0,3.0,3.0,3.0,3.0,3.0,3.0,3.0,3.0,3.0,3.0,3.0,3.0,3.0,3.0,3.0,3.0,3.0,3.0,3.0,3.0,3.0,3.0,3.0,3.0,2.0949306,-1.1662328,-0.42966336,-33.282616
1545,-0.0796270710276484,-0.6326041,0.24227801,-0.26004004,0.9977329,-0.038665377,0.03719505,0.04062759,-0.0626578,-0.12025306,-0.049738806,0.2977827,0.13888003,0.015828941,3.0,3.0,3.0,3.0,3.0,3.0,3.0,3.0,3.0,3.0,3.0,3.0,3.0,3.0,3.0,3.0,3.0,3.0,3.0,3.0,3.0,3.0,3.0,3.0,3.0,3.0,3.0,3.0,3.0,3.0,3.0,3.0,3.0,3.0,3.0,3.0,-2.012968,1.9277105,-0.1574257,-17.811043
1550,-0.1715596288196713,-0.63143414,0.24462985,-0.25833732,0.9976709,-0.035401613,0.03864017,0.043663368,-0.05319181,-0.10962977,-0.12254148,0.34403422,0.1946173,0.3022506,3.0,3.0,3.0,3.0,3.0,3.0,3.0,3.0,3.0,3.0,3.0,3.0,3.0,3.0,3.0,3.0,3.0,3.0,3.0,3.0,3.0,3.0,3.0,3.0,3.0,3.0,3.0,3.0,3.0,3.0,3.0,3.0,3.0,3.0,3.0,3.0,2.3196292,1.5321026,-0.6721355,-27.274578
1555,-0.28192116092844255,-0.6305599,0.24668421,-0.2563342,0.9975522,-0.033637766,0.040461864,0.046053097,-0.030163398,-0.08738408,-0.023758972,0.23999107,0.029673547,0.1392042,3.0,3.0,3.0,3.0,3.0,3.0,3.0,3.0,3.0,3.0,3.0,3.0,3.0,3.0,3.0,3.0,3.0,3.0,3.0,3.0,3.0,3.0,3.0,3.0,3.0,3.0,3.0,3.0,3.0,3.0,3.0,3.0,3.0,3.0,3.0,3.0,2.152669,3.724702,0.2975886,-37.076603
1560,-0.305980006843543,-0.6301527,0.24830174,-0.25610214,0.99749404,-0.033240642,0.04235267,0.04590187,-0.012055821,-0.070985585,0.00063732103,0.037234094,0.17490965,-0.026675252,3.0,3.0,3.0,3.0,3.0,3.0,3.0,3.0,3.0,3.0,3.0,3.0,3.0,3.0,3.0,3.0,3.0,3.0,3.0,3.0,3.0,3.0,3.0,3.0,3.0,3.0,3.0,3.0,3.0,3.0,3.0,3.0,3.0,3.0,3.0,3.0,-2.822445,0.59038925,0.4207753,-39.516205
1565,-0.3333336148459887,-0.6302285,0.24949583,-0.25756952,0.99740076,-0.033769872,0.043037523,0.046894327,0.010658461,-0.051165003,0.07454463,0.0535983,0.1884226,0.20351514,3.0,3.0,3.0,3.0,3.0,3.0,3.0,3.0,3.0,3.0,3.0,3.0,3.0,3.0,3.0,3.0,3.0,3.0,3.0,3.0,3.0,3.0,3.0,3.0,3.0,3.0,3.0,3.0,3.0,3.0,3.0,3.0,3.0,3.0,3.0,3.0,-2.8461037,4.3138523,-0.12036812,-41.412834
1570,-0.2232204412731476,-0.630567,0.25046015,-0.25797254,0.9972198,-0.033863433,0.043596804,0.05005199,0.021098161,-0.042078674,-0.00440346,0.104987495,-0.039989483,0.1660788,3.0,3.0,3.0,3.0,3.0,3.0,3.0,3.0,3.0,3.0,3.0,3.0,3.0,3.0,3.0,3.0,3.0,3.0,3.0,3.0,3.0,3.0,3.0,3.0,3.0,3.0,3.0,3.0,3.0,3.0,3.0,3.0,3.0,3.0,3.0,3.0,2.870717,-0.5305381,-0.59769106,-31.284782
1575,-0.2354926439875326,-0.6312337,0.25114194,-0.25803435,0.9972601,-0.031834178,0.042673655,0.05135956,0.04254686,-0.023754481,0.047018506,0.38453236,-0.088604145,0.0754943,3.0,3.0,3.0,3.0,3.0,3.0,3.0,3.0,3.0,3.0,3.0,3.0,3.0,3.0,3.0,3.0,3.0,3.0,3.0,3.0,3.0,3.0,3.0,3.0,3.0,3.0,3.0,3.0,3.0,3.0,3.0,3.0,3.0,3.0,3.0,3.0,-0.8457861,2.3574157,-0.39374995,-31.5124
1580,-0.34998776051722014,-0.6322165,0.25155678,-0.2576436,0.99738914,-0.028589018,0.04130201,0.05188176,0.051260244,-0.01662384,-0.04983776,0.20079045,-0.04895669,-0.05941413,3.0,3.0,3.0,3.0,3.0,3.0,3.0,3.0,3.0,3.0,3.0,3.0,3.0,3.0,3.0,3.0,3.0,3.0,3.0,3.0,3.0,3.0,3.0,3.0,3.0,3.0,3.0,3.0,3.0,3.0,3.0,3.0,3.0,3.0,3.0,3.0,-2.3481476,0.55160236,-0.21622133,-43.956112
1585,-0.3583905904232301,-0.63358235,0.25167367,-0.25780427,0.997509,-0.026778629,0.039879136,0.051655672,0.07584471,0.0022576267,0.056240935,0.31167528,-0.17486992,-0.05636137,3.0,3.0,3.0,3.0,3.0,3.0,3.0,3.0,3.0,3.0,3.0,3.0,3.0,3.0,3.0,3.0,3.0,3.0,3.0,3.0,3.0,3.0,3.0,3.0,3.0,3.0,3.0,3.0,3.0,3.0,3.0,3.0,3.0,3.0,3.0,3.0,-1.7749548,1.5862379,-0.46530163,-43.432663
1590,-0.3708674895308216,-0.6353005,0.25152442,-0.25824,0.99769783,-0.023661947,0.03852493,0.05054715,0.09103551,0.01334261,0.05282988,0.33333892,-0.16054969,-0.382329,3.0,3.0,3.0,3.0,3.0,3.0,3.0,3.0,3.0,3.0,3.0,3.0,3.0,3.0,3.0,3.0,3.0,3.0,3.0,3.0,3.0,3.0,3.0,3.0,3.0,3.0,3.0,3.0,3.0,3.0,3.0,3.0,3.0,3.0,3.0,3.0,-2.7704835,1.3625293,-0.008016348,-44.011303
1595,-0.37558641821840094,-0.6373847,0.2511172,-0.259338,0.9979985,-0.020714127,0.036112953,0.047600284,0.10622145,0.023751639,0.056258265,0.31088522,-0.19049945,-0.31091106,3.0,3.0,3.0,3.0,3.0,3.0,3.0,3.0,3.0,3.0,3.0,3.0,3.0,3.0,3.0,3.0,3.0,3.0,3.0,3.0,3.0,3.0,3.0,3.0,3.0,3.0,3.0,3.0,3.0,3.0,3.0,3.0,3.0,3.0,3.0,3.0,-2.127791,2.1827335,0.010410905,-44.326622
1600,-0.3051541036001213,-0.6398158,0.2504822,-0.26109135,0.99817604,-0.018045327,0.033918884,0.046566885,0.12214815,0.03393267,0.08293758,0.19356808,-0.056471076,-0.16757089,3.0,3.0,3.0,3.0,3.0,3.0,3.0,3.0,3.0,3.0,3.0,3.0,3.0,3.0,3.0,3.0,3.0,3.0,3.0,3.0,3.0,3.0,3.0,3.0,3.0,3.0,3.0,3.0,3.0,3.0,3.0,3.0,3.0,3.0,3.0,3.0,-1.8001695,0.44731092,-0.11475468,-37.484898
1605,-0.3642219239731715,-0.6424535,0.24971998,-0.26169804,0.99833953,-0.015738951,0.032358136,0.04498171,0.13011841,0.03862775,0.0017326729,0.30575988,-0.22077103,-0.25941324,3.0,3.0,3.0,3.0,3.0,3.0,3.0,3.0,3.0,3.0,3.0,3.0,3.0,3.0,3.0,3.0,3.0,3.0,3.0,3.0,3.0,3.0,3.0,3.0,3.0,3.0,3.0,3.0,3.0,3.0,3.0,3.0,3.0,3.0,3.0,3.0,-2.3560238,-0.94289684,0.8474046,-42.86406
1610,-0.2561329425850494,-0.6455009,0.24873294,-0.26453596,0.9986628,-0.01161438,0.029016413,0.041178297,0.1554548,0.05213245,0.20439468,0.62416685,-0.522967,-0.65109676,3.0,3.0,3.0,3.0,3.0,3.0,3.0,3.0,3.0,3.0,3.0,3.0,3.0,3.0,3.0,3.0,3.0,3.0,3.0,3.0,3.0,3.0,3.0,3.0,3.0,3.0,3.0,3.0,3.0,3.0,3.0,3.0,3.0,3.0,3.0,3.0,-1.1146288,0.31333828,0.9569633,-29.05222
1615,-0.332045661978843,-0.64898133,0.2475373,-0.27050593,0.99908406,-0.0063377423,0.022082256,0.036099996,0.17091474,0.058983915,0.2776726,0.49202397,-0.68306196,-0.45674437,3.0,3.0,3.0,3.0,3.0,3.0,3.0,3.0,3.0,3.0,3.0,3.0,3.0,3.0,3.0,3.0,3.0,3.0,3.0,3.0,3.0,3.0,3.0,3.0,3.0,3.0,3.0,3.0,3.0,3.0,3.0,3.0,3.0,3.0,3.0,3.0,-0.58653545,-2.4354224,0.8505113,-35.96133
1620,-0.40084728793661134,-0.65274966,0.24624123,-0.27855933,0.99941677,-0.0014059213,0.015305687,0.030494664,0.18465984,0.06322269,0.40448558,0.50236636,-0.4574946,-0.46620196,3.0,3.0,3.0,3.0,3.0,3.0,3.0,3.0,3.0,3.0,3.0,3.0,3.0,3.0,3.0,3.0,3.0,3.0,3.0,3.0,3.0,3.0,3.0,3.0,3.0,3.0,3.0,3.0,3.0,3.0,3.0,3.0,3.0,3.0,3.0,3.0,-1.5678678,3.122654,0.60787654,-42.002346
1625,-0.3513855975364583,-0.65668595,0.24491307,-0.28749347,0.9995426,0.0028701825,0.009418482,0.028593669,0.19055326,0.06380374,0.4109922,0.46632764,-0.50633943,-0.15315452,3.0,3.0,3.0,3.0,3.0,3.0,3.0,3.0,3.0,3.0,3.0,3.0,3.0,3.0,3.0,3.0,3.0,3.0,3.0,3.0,3.0,3.0,3.0,3.0,3.0,3.0,3.0,3.0,3.0,3.0,3.0,3.0,3.0,3.0,3.0,3.0,-1.2583408,1.1530046,0.10470307,-37.58041
1630,-0.1933697827687496,-0.66068417,0.24359581,-0.29526323,0.9996053,0.006812551,0.0031900452,0.027068231,0.19270289,0.06271628,0.3493987,0.3871997,-0.593362,-0.15235734,3.0,3.0,3.0,3.0,3.0,3.0,3.0,3.0,3.0,3.0,3.0,3.0,3.0,3.0,3.0,3.0,3.0,3.0,3.0,3.0,3.0,3.0,3.0,3.0,3.0,3.0,3.0,3.0,3.0,3.0,3.0,3.0,3.0,3.0,3.0,3.0,4.392289,1.3572211,-0.28589147,-21.714611
1635,-0.3596167928870482,-0.6647025,0.24230531,-0.30107206,0.9996121,0.010672338,-0.0031067247,0.025537321,0.1928543,0.06133657,0.23179486,0.3856772,-0.5931374,-0.15214728,3.0,3.0,3.0,3.0,3.0,3.0,3.0,3.0,3.0,3.0,3.0,3.0,3.0,3.0,3.0,3.0,3.0,3.0,3.0,3.0,3.0,3.0,3.0,3.0,3.0,3.0,3.0,3.0,3.0,3.0,3.0,3.0,3.0,3.0,3.0,3.0,2.571096,-1.1080999,-0.05781257,-39.623554
1640,-0.3967955617759913,-0.66870064,0.24107847,-0.30553195,0.9996221,0.0129311895,-0.007623029,0.023029413,0.19090682,0.056622133,0.22400782,0.05203879,-0.26056725,-0.38919613,3.0,3.0,3.0,3.0,3.0,3.0,3.0,3.0,3.0,3.0,3.0,3.0,3.0,3.0,3.0,3.0,3.0,3.0,3.0,3.0,3.0,3.0,3.0,3.0,3.0,3.0,3.0,3.0,3.0,3.0,3.0,3.0,3.0,3.0,3.0,3.0,-0.5767317,-1.6780181,0.661235,-43.406246
1645,-0.35787718072211155,-0.6726061,0.24002197,-0.31224033,0.9996505,0.01622281,-0.012238989,0.016910642,0.18579751,0.048197266,0.3288897,0.33472255,-0.35893333,-0.49276724,3.0,3.0,3.0,3.0,3.0,3.0,3.0,3.0,3.0,3.0,3.0,3.0,3.0,3.0,3.0,3.0,3.0,3.0,3.0,3.0,3.0,3.0,3.0,3.0,3.0,3.0,3.0,3.0,3.0,3.0,3.0,3.0,3.0,3.0,3.0,3.0,-1.9138575,-2.3261025,-0.5283889,-38.69752
1650,-0.40873969465680865,-0.67642075,0.23909043,-0.31864488,0.99962807,0.01955582,-0.015527433,0.0109625105,0.1802215,0.041020997,0.3292998,0.4712494,-0.22224428,-0.51206386,3.0,3.0,3.0,3.0,3.0,3.0,3.0,3.0,3.0,3.0,3.0,3.0,3.0,3.0,3.0,3.0,3.0,3.0,3.0,3.0,3.0,3.0,3.0,3.0,3.0,3.0,3.0,3.0,3.0,3.0,3.0,3.0,3.0,3.0,3.0,3.0,-0.04220724,3.954422,0.5811075,-43.268547
1655,-0.06882210118447046,-0.6801093,0.23831785,-0.32505724,0.9995861,0.022480011,-0.01624303,0.0076448997,0.17588726,0.03561576,0.26070645,0.28615186,-0.059806805,-0.31518462,3.0,3.0,3.0,3.0,3.0,3.0,3.0,3.0,3.0,3.0,3.0,3.0,3.0,3.0,3.0,3.0,3.0,3.0,3.0,3.0,3.0,3.0,3.0,3.0,3.0,3.0,3.0,3.0,3.0,3.0,3.0,3.0,3.0,3.0,3.0,3.0,-0.73077154,4.3005295,-0.62186503,-10.151119
1660,0.006662419189192262,-0.6837177,0.23765229,-0.3295894,0.9995684,0.024443893,-0.015981417,0.0031754957,0.17140616,0.029442668,0.18877396,0.13511798,0.10058522,-0.49840936,3.0,3.0,3.0,3.0,3.0,3.0,3.0,3.0,3.0,3.0,3.0,3.0,3.0,3.0,3.0,3.0,3.0,3.0,3.0,3.0,3.0,3.0,3.0,3.0,3.0,3.0,3.0,3.0,3.0,3.0,3.0,3.0,3.0,3.0,3.0,3.0,2.2718334,3.2355719,-0.2435646,0.3078003
1665,-0.21541343747864722,-0.6872271,0.23713076,-0.3328311,0.9995789,0.024269752,-0.015865508,-0.0011641696,0.16554464,0.02064182,0.16257223,-0.17044045,0.1381787,-0.5476247,3.0,3.0,3.0,3.0,3.0,3.0,3.0,3.0,3.0,3.0,3.0,3.0,3.0,3.0,3.0,3.0,3.0,3.0,3.0,3.0,3.0,3.0,3.0,3.0,3.0,3.0,3.0,3.0,3.0,3.0,3.0,3.0,3.0,3.0,3.0,3.0,-1.6017687,3.2497902,0.47372305,-25.616121
1670,-0.3521029574279859,-0.69058686,0.23683159,-0.33636624,0.99964136,0.021568352,-0.015427384,-0.0037381854,0.15957311,0.011997971,0.13889733,-0.1979671,0.10411387,-0.17427182,3.0,3.0,3.0,3.0,3.0,3.0,3.0,3.0,3.0,3.0,3.0,3.0,3.0,3.0,3.0,3.0,3.0,3.0,3.0,3.0,3.0,3.0,3.0,3.0,3.0,3.0,3.0,3.0,3.0,3.0,3.0,3.0,3.0,3.0,3.0,3.0,-1.5322924,-2.0080411,0.47085786,-40.24061
1675,-0.3026349458334661,-0.69382316,0.2367008,-0.33944136,0.99961644,0.02110288,-0.015923217,-0.008253362,0.15231422,0.0023059822,0.15867366,-0.1380595,0.07109722,-0.51657814,3.0,3.0,3.0,3.0,3.0,3.0,3.0,3.0,3.0,3.0,3.0,3.0,3.0,3.0,3.0,3.0,3.0,3.0,3.0,3.0,3.0,3.0,3.0,3.0,3.0,3.0,3.0,3.0,3.0,3.0,3.0,3.0,3.0,3.0,3.0,3.0,0.99961567,-2.6841996,-0.34844148,-35.177883
1680,-0.37823035032816316,-0.6969411,0.23672199,-0.34185714,0.99958205,0.019715903,-0.015413459,-0.014471609,0.14795218,-0.0031368008,0.08621248,-0.08161974,0.02430658,-0.66302097,3.0,3.0,3.0,3.0,3.0,3.0,3.0,3.0,3.0,3.0,3.0,3.0,3.0,3.0,3.0,3.0,3.0,3.0,3.0,3.0,3.0,3.0,3.0,3.0,3.0,3.0,3.0,3.0,3.0,3.0,3.0,3.0,3.0,3.0,3.0,3.0,-1.2722034,-2.9778614,0.81965244,-42.51806
1685,-0.10311738763032344,-0.69991565,0.23691882,-0.34448004,0.99950147,0.018716503,-0.014798358,-0.02067731,0.13922785,-0.013676873,0.15657216,0.03900744,0.12097569,-0.47386956,3.0,3.0,3.0,3.0,3.0,3.0,3.0,3.0,3.0,3.0,3.0,3.0,3.0,3.0,3.0,3.0,3.0,3.0,3.0,3.0,3.0,3.0,3.0,3.0,3.0,3.0,3.0,3.0,3.0,3.0,3.0,3.0,3.0,3.0,3.0,3.0,-1.1191204,1.7996922,-0.874493,-15.422659
1690,-0.3646630378069551,-0.70276976,0.23725818,-0.3466696,0.9994269,0.01814501,-0.014469821,-0.024642883,0.13553189,-0.018030165,0.07079528,-0.10698605,-0.014113464,-0.31887537,3.0,3.0,3.0,3.0,3.0,3.0,3.0,3.0,3.0,3.0,3.0,3.0,3.0,3.0,3.0,3.0,3.0,3.0,3.0,3.0,3.0,3.0,3.0,3.0,3.0,3.0,3.0,3.0,3.0,3.0,3.0,3.0,3.0,3.0,3.0,3.0,2.5021796,-1.4907253,0.38493967,-42.279575
1695,-0.13142803600801986,-0.7055257,0.23771386,-0.34782183,0.9994061,0.018731881,-0.013054758,-0.025810366,0.13123704,-0.023117242,0.008348461,0.06135886,0.13629998,-0.10873955,3.0,3.0,3.0,3.0,3.0,3.0,3.0,3.0,3.0,3.0,3.0,3.0,3.0,3.0,3.0,3.0,3.0,3.0,3.0,3.0,3.0,3.0,3.0,3.0,3.0,3.0,3.0,3.0,3.0,3.0,3.0,3.0,3.0,3.0,3.0,3.0,-0.73886347,0.1499772,-0.85500664,-20.392818
1700,-0.32739336025943794,-0.7082259,0.23823994,-0.34665504,0.99938834,0.019600548,-0.011378072,-0.026632536,0.12804121,-0.027443828,-0.07877422,0.19743395,0.25586456,0.06053938,3.0,3.0,3.0,3.0,3.0,3.0,3.0,3.0,3.0,3.0,3.0,3.0,3.0,3.0,3.0,3.0,3.0,3.0,3.0,3.0,3.0,3.0,3.0,3.0,3.0,3.0,3.0,3.0,3.0,3.0,3.0,3.0,3.0,3.0,3.0,3.0,0.10269928,2.8506308,0.07636726,-40.13606
1705,-0.2526555399144322,-0.71084875,0.23887937,-0.34424347,0.9994498,0.020092765,-0.010077344,-0.024390617,0.12505737,-0.03203691,-0.16264483,0.04784075,0.11938518,0.21814303,3.0,3.0,3.0,3.0,3.0,3.0,3.0,3.0,3.0,3.0,3.0,3.0,3.0,3.0,3.0,3.0,3.0,3.0,3.0,3.0,3.0,3.0,3.0,3.0,3.0,3.0,3.0,3.0,3.0,3.0,3.0,3.0,3.0,3.0,3.0,3.0,1.3224354,-1.2839711,-0.2488302,-33.772896
1710,-0.12316491353308842,-0.71342397,0.23960102,-0.3396722,0.999519,0.021691011,-0.007727641,-0.020772904,0.12289067,-0.03605066,-0.2662638,0.15478247,0.21494342,0.3531861,3.0,3.0,3.0,3.0,3.0,3.0,3.0,3.0,3.0,3.0,3.0,3.0,3.0,3.0,3.0,3.0,3.0,3.0,3.0,3.0,3.0,3.0,3.0,3.0,3.0,3.0,3.0,3.0,3.0,3.0,3.0,3.0,3.0,3.0,3.0,3.0,3.175006,-2.7227807,-0.8245159,-21.055079
1715,-0.29077129841032645,-0.71595997,0.24041286,-0.3329901,0.9995971,0.022459608,-0.0061747804,-0.016219929,0.121004984,-0.040945213,-0.35704374,0.01939861,0.08642608,0.49926487,3.0,3.0,3.0,3.0,3.0,3.0,3.0,3.0,3.0,3.0,3.0,3.0,3.0,3.0,3.0,3.0,3.0,3.0,3.0,3.0,3.0,3.0,3.0,3.0,3.0,3.0,3.0,3.0,3.0,3.0,3.0,3.0,3.0,3.0,3.0,3.0,3.1782227,-1.1582308,-0.7741654,-38.661575
1720,-0.1075525542697544,-0.71845627,0.24134552,-0.32479694,0.9996819,0.02164681,-0.004061706,-0.012287943,0.11906603,-0.047312398,-0.4174187,-0.14210859,0.26791888,0.30315432,3.0,3.0,3.0,3.0,3.0,3.0,3.0,3.0,3.0,3.0,3.0,3.0,3.0,3.0,3.0,3.0,3.0,3.0,3.0,3.0,3.0,3.0,3.0,3.0,3.0,3.0,3.0,3.0,3.0,3.0,3.0,3.0,3.0,3.0,3.0,3.0,-0.5450964,1.4699221,0.02562952,-20.527466
1725,-0.18299968278891815,-0.7208962,0.24251899,-0.3179455,0.9997891,0.019708978,-0.001708306,-0.00550902,0.11639153,-0.059904087,-0.32363147,-0.029806895,0.35930678,0.84874225,3.0,3.0,3.0,3.0,3.0,3.0,3.0,3.0,3.0,3.0,3.0,3.0,3.0,3.0,3.0,3.0,3.0,3.0,3.0,3.0,3.0,3.0,3.0,3.0,3.0,3.0,3.0,3.0,3.0,3.0,3.0,3.0,3.0,3.0,3.0,3.0,3.5415716,0.7007642,-0.7168045,-26.492731
1730,-0.07329919551536963,-0.7233158,0.24382,-0.31002977,0.9998119,0.018868297,0.0036315625,0.0026378331,0.1160985,-0.06449108,-0.40791127,-0.11322003,0.6613585,0.7581667,3.0,3.0,3.0,3.0,3.0,3.0,3.0,3.0,3.0,3.0,3.0,3.0,3.0,3.0,3.0,3.0,3.0,3.0,3.0,3.0,3.0,3.0,3.0,3.0,3.0,3.0,3.0,3.0,3.0,3.0,3.0,3.0,3.0,3.0,3.0,3.0,0.32967043,2.956419,-0.44096482,-15.793545
1735,0.03691530430660253,-0.72576004,0.24528496,-0.30227065,0.99979126,0.016585952,0.00943865,0.0072980095,0.11829379,-0.07364607,-0.3613536,-0.27129185,0.60173196,0.28035212,3.0,3.0,3.0,3.0,3.0,3.0,3.0,3.0,3.0,3.0,3.0,3.0,3.0,3.0,3.0,3.0,3.0,3.0,3.0,3.0,3.0,3.0,3.0,3.0,3.0,3.0,3.0,3.0,3.0,3.0,3.0,3.0,3.0,3.0,3.0,3.0,-2.6756601,0.9560833,0.3000251,-3.5921059
1740,-0.18719674910689033,-0.7282781,0.24691601,-0.29517522,0.9997755,0.0130857,0.013385554,0.0099257715,0.12237878,-0.080245316,-0.354313,-0.17077596,0.21326266,0.04937807,3.0,3.0,3.0,3.0,3.0,3.0,3.0,3.0,3.0,3.0,3.0,3.0,3.0,3.0,3.0,3.0,3.0,3.0,3.0,3.0,3.0,3.0,3.0,3.0,3.0,3.0,3.0,3.0,3.0,3.0,3.0,3.0,3.0,3.0,3.0,3.0,-1.365325,0.3426466,0.28379333,-27.59311
1745,-0.23568295733904784,-0.7309505,0.24870577,-0.28989092,0.9998112,0.01120542,0.013015715,0.009093671,0.13106902,-0.0883464,-0.23155615,-0.12568797,-0.09046909,-0.36609134,3.0,3.0,3.0,3.0,3.0,3.0,3.0,3.0,3.0,3.0,3.0,3.0,3.0,3.0,3.0,3.0,3.0,3.0,3.0,3.0,3.0,3.0,3.0,3.0,3.0,3.0,3.0,3.0,3.0,3.0,3.0,3.0,3.0,3.0,3.0,3.0,0.2850728,-0.62038374,-0.08563161,-31.370468
1750,-0.32405686360289904,-0.7337857,0.250635,-0.2865385,0.9998105,0.011150168,0.013185327,0.00898354,0.1386333,-0.09475207,-0.14413072,0.0353636,0.049182244,0.17987739,3.0,3.0,3.0,3.0,3.0,3.0,3.0,3.0,3.0,3.0,3.0,3.0,3.0,3.0,3.0,3.0,3.0,3.0,3.0,3.0,3.0,3.0,3.0,3.0,3.0,3.0,3.0,3.0,3.0,3.0,3.0,3.0,3.0,3.0,3.0,3.0,2.1790323,0.31538105,-0.48495984,-39.997654
1755,0.016335743359631727,-0.73670965,0.25263894,-0.28240365,0.9997779,0.010996993,0.013171339,0.012236097,0.14209503,-0.09762891,-0.21202877,0.08845306,0.09056111,0.4767246,3.0,3.0,3.0,3.0,3.0,3.0,3.0,3.0,3.0,3.0,3.0,3.0,3.0,3.0,3.0,3.0,3.0,3.0,3.0,3.0,3.0,3.0,3.0,3.0,3.0,3.0,3.0,3.0,3.0,3.0,3.0,3.0,3.0,3.0,3.0,3.0,-0.38606262,-0.1458993,-0.14639103,-5.568672
1760,-0.18542464254351138,-0.7397114,0.25470728,-0.27708367,0.9997274,0.011954527,0.012901116,0.015351383,0.14503555,-0.10010539,-0.29840007,0.052829202,0.012815828,0.22830991,3.0,3.0,3.0,3.0,3.0,3.0,3.0,3.0,3.0,3.0,3.0,3.0,3.0,3.0,3.0,3.0,3.0,3.0,3.0,3.0,3.0,3.0,3.0,3.0,3.0,3.0,3.0,3.0,3.0,3.0,3.0,3.0,3.0,3.0,3.0,3.0,1.9566207,-1.6146371,-0.21428925,-26.616198
1765,-0.3017234922664884,-0.7427839,0.25683895,-0.2703133,0.9996411,0.013614338,0.0142007945,0.018181846,0.14908977,-0.10378522,-0.34599522,0.11112753,-0.004682097,0.25238672,3.0,3.0,3.0,3.0,3.0,3.0,3.0,3.0,3.0,3.0,3.0,3.0,3.0,3.0,3.0,3.0,3.0,3.0,3.0,3.0,3.0,3.0,3.0,3.0,3.0,3.0,3.0,3.0,3.0,3.0,3.0,3.0,3.0,3.0,3.0,3.0,3.02987,2.1124563,0.20554364,-37.96365
1770,-0.3414565468893973,-0.7460131,0.2591126,-0.26484424,0.99961275,0.011854315,0.016108386,0.019346835,0.158627,-0.11221288,-0.22259215,-0.2679621,0.21616013,0.07746927,3.0,3.0,3.0,3.0,3.0,3.0,3.0,3.0,3.0,3.0,3.0,3.0,3.0,3.0,3.0,3.0,3.0,3.0,3.0,3.0,3.0,3.0,3.0,3.0,3.0,3.0,3.0,3.0,3.0,3.0,3.0,3.0,3.0,3.0,3.0,3.0,-3.4657607,0.96119595,-0.04063213,-40.97235
1775,-0.3530140525904807,-0.74944735,0.26153955,-0.2617059,0.9996324,0.009982443,0.01553768,0.019849222,0.1693729,-0.11934416,-0.09102455,0.069302544,-0.0034627581,0.05686638,3.0,3.0,3.0,3.0,3.0,3.0,3.0,3.0,3.0,3.0,3.0,3.0,3.0,3.0,3.0,3.0,3.0,3.0,3.0,3.0,3.0,3.0,3.0,3.0,3.0,3.0,3.0,3.0,3.0,3.0,3.0,3.0,3.0,3.0,3.0,3.0,-3.22108,1.1902499,-0.8688297,-41.76342
1780,-0.046477436882361514,-0.75300986,0.26404667,-0.2584062,0.999618,0.010460072,0.015716586,0.020183979,0.17239225,-0.12122213,-0.19345462,-0.047095668,0.102668755,-0.06924918,3.0,3.0,3.0,3.0,3.0,3.0,3.0,3.0,3.0,3.0,3.0,3.0,3.0,3.0,3.0,3.0,3.0,3.0,3.0,3.0,3.0,3.0,3.0,3.0,3.0,3.0,3.0,3.0,3.0,3.0,3.0,3.0,3.0,3.0,3.0,3.0,-4.117978,3.202921,0.18943262,-10.118477
1785,-0.22108255667203203,-0.75671005,0.26664066,-0.25532264,0.9995849,0.008695711,0.01610761,0.02224643,0.18134718,-0.12674221,-0.111211464,-0.37950867,0.1082808,0.026956353,3.0,3.0,3.0,3.0,3.0,3.0,3.0,3.0,3.0,3.0,3.0,3.0,3.0,3.0,3.0,3.0,3.0,3.0,3.0,3.0,3.0,3.0,3.0,3.0,3.0,3.0,3.0,3.0,3.0,3.0,3.0,3.0,3.0,3.0,3.0,3.0,-1.2818587,0.4947276,-0.61790216,-27.881596
1790,-0.325716729834091,-0.760576,0.26932332,-0.25320736,0.99962723,0.005313452,0.016791511,0.020861387,0.18888415,-0.13009009,-0.081571676,-0.36825275,0.09154487,-0.39977038,3.0,3.0,3.0,3.0,3.0,3.0,3.0,3.0,3.0,3.0,3.0,3.0,3.0,3.0,3.0,3.0,3.0,3.0,3.0,3.0,3.0,3.0,3.0,3.0,3.0,3.0,3.0,3.0,3.0,3.0,3.0,3.0,3.0,3.0,3.0,3.0,-2.6766336,1.8678551,0.66471016,-37.046074
1795,-0.3947296938562014,-0.76462275,0.27206525,-0.25233465,0.99968046,0.0008917158,0.017056117,0.018635347,0.19719025,-0.13212839,-0.035277426,-0.51909167,-0.09209434,0.08330615,3.0,3.0,3.0,3.0,3.0,3.0,3.0,3.0,3.0,3.0,3.0,3.0,3.0,3.0,3.0,3.0,3.0,3.0,3.0,3.0,3.0,3.0,3.0,3.0,3.0,3.0,3.0,3.0,3.0,3.0,3.0,3.0,3.0,3.0,3.0,3.0,-0.26418066,-2.1362078,0.5030596,-43.639626
1800,-0.35822286444240453,-0.76885045,0.27482337,-0.252625,0.999653,-0.00063935574,0.016356906,0.02063882,0.20447868,-0.1323211,-0.018550986,-0.07043996,0.0045836223,0.2795597,3.0,3.0,3.0,3.0,3.0,3.0,3.0,3.0,3.0,3.0,3.0,3.0,3.0,3.0,3.0,3.0,3.0,3.0,3.0,3.0,3.0,3.0,3.0,3.0,3.0,3.0,3.0,3.0,3.0,3.0,3.0,3.0,3.0,3.0,3.0,3.0,0.24728489,1.7171836,-0.92883205,-40.727936
1805,-0.20268499108849194,-0.77318007,0.27757397,-0.25189543,0.99960643,-0.0009437502,0.016932823,0.022347504,0.2093276,-0.13186565,-0.06826901,-0.016857654,0.067416586,0.14143267,3.0,3.0,3.0,3.0,3.0,3.0,3.0,3.0,3.0,3.0,3.0,3.0,3.0,3.0,3.0,3.0,3.0,3.0,3.0,3.0,3.0,3.0,3.0,3.0,3.0,3.0,3.0,3.0,3.0,3.0,3.0,3.0,3.0,3.0,3.0,3.0,-1.4119792,0.8939953,0.34117842,-25.228458
1810,-0.32917109189485527,-0.7776422,0.28031045,-0.25101367,0.9995594,-0.0034332408,0.016894806,0.024160858,0.21669205,-0.13096213,-0.046653245,-0.41964057,0.071416885,-0.0053527597,3.0,3.0,3.0,3.0,3.0,3.0,3.0,3.0,3.0,3.0,3.0,3.0,3.0,3.0,3.0,3.0,3.0,3.0,3.0,3.0,3.0,3.0,3.0,3.0,3.0,3.0,3.0,3.0,3.0,3.0,3.0,3.0,3.0,3.0,3.0,3.0,0.11430025,-0.033156395,-0.20190775,-37.475845
1815,-0.22784038024567874,-0.78226715,0.28300723,-0.25087872,0.99953467,-0.00784297,0.016735675,0.024266303,0.22633407,-0.127837,0.044904374,-0.3465643,0.030331297,0.20220709,3.0,3.0,3.0,3.0,3.0,3.0,3.0,3.0,3.0,3.0,3.0,3.0,3.0,3.0,3.0,3.0,3.0,3.0,3.0,3.0,3.0,3.0,3.0,3.0,3.0,3.0,3.0,3.0,3.0,3.0,3.0,3.0,3.0,3.0,3.0,3.0,-1.5625854,0.5692792,0.7767242,-26.181173
1820,-0.36153989145905996,-0.7871025,0.28560728,-0.25299957,0.9994098,-0.012400871,0.016126998,0.027681256,0.23497099,-0.12283843,0.11204459,-0.32466096,0.051708516,0.2620865,3.0,3.0,3.0,3.0,3.0,3.0,3.0,3.0,3.0,3.0,3.0,3.0,3.0,3.0,3.0,3.0,3.0,3.0,3.0,3.0,3.0,3.0,3.0,3.0,3.0,3.0,3.0,3.0,3.0,3.0,3.0,3.0,3.0,3.0,3.0,3.0,-1.0154798,1.3062196,0.12615359,-39.319958
1825,-0.03696689561015114,-0.79211825,0.28806004,-0.25673768,0.99916464,-0.016472463,0.015992044,0.0338081,0.24399953,-0.11449132,0.20697527,-0.18113248,0.20935826,0.80430865,3.0,3.0,3.0,3.0,3.0,3.0,3.0,3.0,3.0,3.0,3.0,3.0,3.0,3.0,3.0,3.0,3.0,3.0,3.0,3.0,3.0,3.0,3.0,3.0,3.0,3.0,3.0,3.0,3.0,3.0,3.0,3.0,3.0,3.0,3.0,3.0,-1.5668731,-0.9708028,-0.6634507,-5.1679993
1830,-0.3699483248331303,-0.79724246,0.29039484,-0.2599256,0.99886835,-0.017761499,0.016771823,0.040807407,0.2471165,-0.11063174,0.1109108,-0.13745654,0.005601699,0.61931205,3.0,3.0,3.0,3.0,3.0,3.0,3.0,3.0,3.0,3.0,3.0,3.0,3.0,3.0,3.0,3.0,3.0,3.0,3.0,3.0,3.0,3.0,3.0,3.0,3.0,3.0,3.0,3.0,3.0,3.0,3.0,3.0,3.0,3.0,3.0,3.0,0.38407803,0.9834633,-0.596768,-39.789658
1835,-0.347000888409343,-0.80243456,0.2926426,-0.26116186,0.99851954,-0.019748585,0.01626946,0.04800007,0.25210255,-0.104143456,0.07267043,-0.18727663,-0.055779766,0.7138624,3.0,3.0,3.0,3.0,3.0,3.0,3.0,3.0,3.0,3.0,3.0,3.0,3.0,3.0,3.0,3.0,3.0,3.0,3.0,3.0,3.0,3.0,3.0,3.0,3.0,3.0,3.0,3.0,3.0,3.0,3.0,3.0,3.0,3.0,3.0,3.0,3.4484968,-0.58157206,0.29552126,-37.00269
1840,-0.40523153856694305,-0.8077597,0.29471087,-0.26257837,0.9981357,-0.020293644,0.017553192,0.054820124,0.2585386,-0.09523906,0.08216296,-0.0626198,0.14210004,0.6083044,3.0,3.0,3.0,3.0,3.0,3.0,3.0,3.0,3.0,3.0,3.0,3.0,3.0,3.0,3.0,3.0,3.0,3.0,3.0,3.0,3.0,3.0,3.0,3.0,3.0,3.0,3.0,3.0,3.0,3.0,3.0,3.0,3.0,3.0,3.0,3.0,-0.5076318,0.21183491,-0.49822307,-43.410065
1845,-0.18042471494088944,-0.8131811,0.29664394,-0.26290563,0.99774224,-0.021424228,0.01931023,0.060651213,0.2614943,-0.09098829,-0.025245333,-0.17744438,0.22278117,0.48626524,3.0,3.0,3.0,3.0,3.0,3.0,3.0,3.0,3.0,3.0,3.0,3.0,3.0,3.0,3.0,3.0,3.0,3.0,3.0,3.0,3.0,3.0,3.0,3.0,3.0,3.0,3.0,3.0,3.0,3.0,3.0,3.0,3.0,3.0,3.0,3.0,-4.21314,-2.9507005,0.37685728,-20.723978
1850,-0.3062560254657446,-0.81878054,0.29834372,-0.26415905,0.99750775,-0.023088934,0.020668572,0.06338767,0.2716503,-0.077824965,0.06061992,-0.29478833,0.12847406,0.28647518,3.0,3.0,3.0,3.0,3.0,3.0,3.0,3.0,3.0,3.0,3.0,3.0,3.0,3.0,3.0,3.0,3.0,3.0,3.0,3.0,3.0,3.0,3.0,3.0,3.0,3.0,3.0,3.0,3.0,3.0,3.0,3.0,3.0,3.0,3.0,3.0,0.26340008,-2.6194906,-0.64119285,-33.805927
1855,-0.3955298024194019,-0.8245325,0.29984024,-0.26534662,0.997246,-0.026239801,0.02199711,0.065787345,0.28000724,-0.06657145,0.07796727,-0.36494723,0.036263376,0.24641268,3.0,3.0,3.0,3.0,3.0,3.0,3.0,3.0,3.0,3.0,3.0,3.0,3.0,3.0,3.0,3.0,3.0,3.0,3.0,3.0,3.0,3.0,3.0,3.0,3.0,3.0,3.0,3.0,3.0,3.0,3.0,3.0,3.0,3.0,3.0,3.0,2.3685312,-3.6129904,0.003330946,-42.3224
1860,-0.16165599185403895,-0.8304417,0.301118,-0.26636338,0.99702615,-0.02896462,0.022250092,0.067859225,0.2863543,-0.05737966,0.035683043,-0.33765015,-0.132691,0.07240027,3.0,3.0,3.0,3.0,3.0,3.0,3.0,3.0,3.0,3.0,3.0,3.0,3.0,3.0,3.0,3.0,3.0,3.0,3.0,3.0,3.0,3.0,3.0,3.0,3.0,3.0,3.0,3.0,3.0,3.0,3.0,3.0,3.0,3.0,3.0,3.0,3.5255194,-1.8327355,-0.20292258,-19.155382
1865,-0.30751226627456135,-0.8364978,0.30216795,-0.26689312,0.9968684,-0.030690532,0.023252841,0.0690709,0.29392245,-0.045086008,0.027715527,-0.037234757,0.26245165,0.035808958,3.0,3.0,3.0,3.0,3.0,3.0,3.0,3.0,3.0,3.0,3.0,3.0,3.0,3.0,3.0,3.0,3.0,3.0,3.0,3.0,3.0,3.0,3.0,3.0,3.0,3.0,3.0,3.0,3.0,3.0,3.0,3.0,3.0,3.0,3.0,3.0,-2.5723515,1.4511085,0.618659,-33.772232
1870,-0.3515172006306187,-0.84278506,0.30284706,-0.2689143,0.99674433,-0.03333959,0.024438355,0.06922416,0.30672497,-0.02479091,0.13258152,-0.4015893,0.1279043,-0.2756352,3.0,3.0,3.0,3.0,3.0,3.0,3.0,3.0,3.0,3.0,3.0,3.0,3.0,3.0,3.0,3.0,3.0,3.0,3.0,3.0,3.0,3.0,3.0,3.0,3.0,3.0,3.0,3.0,3.0,3.0,3.0,3.0,3.0,3.0,3.0,3.0,1.3979859,0.8819432,-0.65639496,-37.517
1875,-0.17322661848166018,-0.8493135,0.3031364,-0.27233133,0.99690354,-0.03599015,0.02438123,0.065525964,0.3168686,-0.008030842,0.16381806,-0.25487942,-0.112317264,-0.31237218,3.0,3.0,3.0,3.0,3.0,3.0,3.0,3.0,3.0,3.0,3.0,3.0,3.0,3.0,3.0,3.0,3.0,3.0,3.0,3.0,3.0,3.0,3.0,3.0,3.0,3.0,3.0,3.0,3.0,3.0,3.0,3.0,3.0,3.0,3.0,3.0,-4.0593286,-1.1990252,-0.24481702,-19.166813
1880,-0.29494718457429153,-0.8560531,0.30305594,-0.27643898,0.99723774,-0.038599834,0.023303019,0.059024803,0.32893062,0.013740222,0.24283913,-0.106032364,-0.28704104,-0.85147446,3.0,3.0,3.0,3.0,3.0,3.0,3.0,3.0,3.0,3.0,3.0,3.0,3.0,3.0,3.0,3.0,3.0,3.0,3.0,3.0,3.0,3.0,3.0,3.0,3.0,3.0,3.0,3.0,3.0,3.0,3.0,3.0,3.0,3.0,3.0,3.0,-2.0575104,-1.4061651,0.6687021,-29.758663
1885,-0.2860299217984069,-0.8630501,0.30248728,-0.2824892,0.9980032,-0.035684977,0.019491158,0.048335485,0.33799684,0.031802736,0.26596707,0.3653545,-0.40919438,-1.051331,3.0,3.0,3.0,3.0,3.0,3.0,3.0,3.0,3.0,3.0,3.0,3.0,3.0,3.0,3.0,3.0,3.0,3.0,3.0,3.0,3.0,3.0,3.0,3.0,3.0,3.0,3.0,3.0,3.0,3.0,3.0,3.0,3.0,3.0,3.0,3.0,-2.1774879,-3.675938,-0.22688377,-28.27536
1890,-0.4382124636988461,-0.87017965,0.30162925,-0.28822568,0.99890226,-0.029275125,0.012809265,0.034251157,0.34688044,0.05163783,0.34596115,0.81277585,-0.85282826,-1.5612755,3.0,3.0,3.0,3.0,3.0,3.0,3.0,3.0,3.0,3.0,3.0,3.0,3.0,3.0,3.0,3.0,3.0,3.0,3.0,3.0,3.0,3.0,3.0,3.0,3.0,3.0,3.0,3.0,3.0,3.0,3.0,3.0,3.0,3.0,3.0,3.0,3.225071,-1.6519098,0.25517678,-41.429302
1895,-0.26045836822141133,-0.8774417,0.30045125,-0.29465127,0.99959046,-0.020254321,0.0055601415,0.019435007,0.3496849,0.06030092,0.30297488,0.727208,-0.5995218,-1.558477,3.0,3.0,3.0,3.0,3.0,3.0,3.0,3.0,3.0,3.0,3.0,3.0,3.0,3.0,3.0,3.0,3.0,3.0,3.0,3.0,3.0,3.0,3.0,3.0,3.0,3.0,3.0,3.0,3.0,3.0,3.0,3.0,3.0,3.0,3.0,3.0,-3.941507,-3.891972,0.7482705,-23.3913
1900,-0.29040569220073387,-0.8847643,0.29902077,-0.30281883,0.9999526,-0.00934597,-0.0005502346,0.0026654298,0.35196522,0.072571315,0.43062243,1.2443315,-0.49608156,-1.3862972,3.0,3.0,3.0,3.0,3.0,3.0,3.0,3.0,3.0,3.0,3.0,3.0,3.0,3.0,3.0,3.0,3.0,3.0,3.0,3.0,3.0,3.0,3.0,3.0,3.0,3.0,3.0,3.0,3.0,3.0,3.0,3.0,3.0,3.0,3.0,3.0,-0.27358103,1.7213573,0.07560933,-26.355585
1905,-0.3976140391906019,-0.8920864,0.29747763,-0.31127843,0.99990124,0.0031700227,-0.0074314796,-0.011501375,0.35093608,0.07467995,0.39043817,1.0767665,-0.6836658,-1.3951342,3.0,3.0,3.0,3.0,3.0,3.0,3.0,3.0,3.0,3.0,3.0,3.0,3.0,3.0,3.0,3.0,3.0,3.0,3.0,3.0,3.0,3.0,3.0,3.0,3.0,3.0,3.0,3.0,3.0,3.0,3.0,3.0,3.0,3.0,3.0,3.0,2.6893873,0.82590675,0.8111243,-36.915375
1910,-0.41895414050642926,-0.8993516,0.29593682,-0.31971198,0.9995204,0.012488299,-0.013780901,-0.02476009,0.34767494,0.07333944,0.36731392,0.834321,-0.5824856,-1.3071756,3.0,3.0,3.0,3.0,3.0,3.0,3.0,3.0,3.0,3.0,3.0,3.0,3.0,3.0,3.0,3.0,3.0,3.0,3.0,3.0,3.0,3.0,3.0,3.0,3.0,3.0,3.0,3.0,3.0,3.0,3.0,3.0,3.0,3.0,3.0,3.0,1.1808009,0.7711458,0.13072789,-40.160774
1915,-0.41080362567566675,-0.9065545,0.29444033,-0.32603464,0.99883443,0.020188361,-0.018917304,-0.039552204,0.3444381,0.07074782,0.25640607,0.7428481,-0.49844855,-1.4160666,3.0,3.0,3.0,3.0,3.0,3.0,3.0,3.0,3.0,3.0,3.0,3.0,3.0,3.0,3.0,3.0,3.0,3.0,3.0,3.0,3.0,3.0,3.0,3.0,3.0,3.0,3.0,3.0,3.0,3.0,3.0,3.0,3.0,3.0,3.0,3.0,-0.08320999,1.5313168,-0.09821981,-40.11192
1920,-0.30475542153571467,-0.9136503,0.29304168,-0.3306827,0.9978851,0.025927981,-0.02380995,-0.054645058,0.33825648,0.06492625,0.19215693,0.4764555,-0.485724,-1.4220176,3.0,3.0,3.0,3.0,3.0,3.0,3.0,3.0,3.0,3.0,3.0,3.0,3.0,3.0,3.0,3.0,3.0,3.0,3.0,3.0,3.0,3.0,3.0,3.0,3.0,3.0,3.0,3.0,3.0,3.0,3.0,3.0,3.0,3.0,3.0,3.0,0.38453054,1.541049,-0.5209935,-30.189072
1925,-0.2118964449907203,-0.92056936,0.29180965,-0.33454406,0.9968305,0.029835694,-0.029486801,-0.06759641,0.3290548,0.05632979,0.1576835,0.31776282,-0.5716676,-1.1791427,3.0,3.0,3.0,3.0,3.0,3.0,3.0,3.0,3.0,3.0,3.0,3.0,3.0,3.0,3.0,3.0,3.0,3.0,3.0,3.0,3.0,3.0,3.0,3.0,3.0,3.0,3.0,3.0,3.0,3.0,3.0,3.0,3.0,3.0,3.0,3.0,0.46149254,2.9349284,-0.6326755,-21.539513
1930,-0.3478938152951868,-0.9272466,0.29078594,-0.33793178,0.99582785,0.031329352,-0.03653105,-0.07752935,0.3123749,0.04256022,0.19617042,-0.031444512,-0.55539954,-0.75165635,3.0,3.0,3.0,3.0,3.0,3.0,3.0,3.0,3.0,3.0,3.0,3.0,3.0,3.0,3.0,3.0,3.0,3.0,3.0,3.0,3.0,3.0,3.0,3.0,3.0,3.0,3.0,3.0,3.0,3.0,3.0,3.0,3.0,3.0,3.0,3.0,3.5760565,1.7211609,0.23592007,-35.817738
1935,-0.35808527049354827,-0.93363655,0.28998277,-0.34092426,0.99493766,0.03009006,-0.041226607,-0.08656766,0.30375046,0.036616888,0.09650741,-0.1207737,-0.41458,-0.88869256,3.0,3.0,3.0,3.0,3.0,3.0,3.0,3.0,3.0,3.0,3.0,3.0,3.0,3.0,3.0,3.0,3.0,3.0,3.0,3.0,3.0,3.0,3.0,3.0,3.0,3.0,3.0,3.0,3.0,3.0,3.0,3.0,3.0,3.0,3.0,3.0,1.9939637,3.2525816,0.01612556,-37.637463
1940,-0.2833828987741209,-0.9397304,0.28935462,-0.34297177,0.9943272,0.02643317,-0.043216918,-0.09352581,0.28150782,0.024066526,0.13689193,-0.40774858,-0.094466485,-0.37681407,3.0,3.0,3.0,3.0,3.0,3.0,3.0,3.0,3.0,3.0,3.0,3.0,3.0,3.0,3.0,3.0,3.0,3.0,3.0,3.0,3.0,3.0,3.0,3.0,3.0,3.0,3.0,3.0,3.0,3.0,3.0,3.0,3.0,3.0,3.0,3.0,2.326922,1.5416622,-0.045987308,-31.17612
1945,-0.39582831547593467,-0.94542724,0.28893185,-0.34506056,0.9939785,0.021376418,-0.045990374,-0.09713197,0.2682389,0.01798945,0.07367809,-0.5646674,-0.27393678,-0.32405907,3.0,3.0,3.0,3.0,3.0,3.0,3.0,3.0,3.0,3.0,3.0,3.0,3.0,3.0,3.0,3.0,3.0,3.0,3.0,3.0,3.0,3.0,3.0,3.0,3.0,3.0,3.0,3.0,3.0,3.0,3.0,3.0,3.0,3.0,3.0,3.0,1.5343342,-0.67373705,-0.8092025,-42.871216
1950,-0.391302391725873,-0.95085216,0.28860924,-0.3456893,0.99356174,0.016331783,-0.050270185,-0.10020598,0.25292408,0.013330118,0.02326598,-0.41729236,-0.48091078,-0.35225075,3.0,3.0,3.0,3.0,3.0,3.0,3.0,3.0,3.0,3.0,3.0,3.0,3.0,3.0,3.0,3.0,3.0,3.0,3.0,3.0,3.0,3.0,3.0,3.0,3.0,3.0,3.0,3.0,3.0,3.0,3.0,3.0,3.0,3.0,3.0,3.0,0.72322464,-2.1359177,0.1766901,-42.767498
1955,-0.37721112790728195,-0.9559243,0.28837538,-0.34550303,0.99323493,0.013896981,-0.054416515,-0.101637,0.23966472,0.0105239535,-0.056040745,-0.26478165,-0.37105805,-0.15783061,3.0,3.0,3.0,3.0,3.0,3.0,3.0,3.0,3.0,3.0,3.0,3.0,3.0,3.0,3.0,3.0,3.0,3.0,3.0,3.0,3.0,3.0,3.0,3.0,3.0,3.0,3.0,3.0,3.0,3.0,3.0,3.0,3.0,3.0,3.0,3.0,2.5711536,-1.0560827,-0.5727891,-42.780754
1960,-0.3774978187306984,-0.9607634,0.288178,-0.3431245,0.99282527,0.012512547,-0.05929558,-0.10307982,0.22607256,0.008705593,-0.1430439,-0.057296358,-0.40532148,-0.034829006,3.0,3.0,3.0,3.0,3.0,3.0,3.0,3.0,3.0,3.0,3.0,3.0,3.0,3.0,3.0,3.0,3.0,3.0,3.0,3.0,3.0,3.0,3.0,3.0,3.0,3.0,3.0,3.0,3.0,3.0,3.0,3.0,3.0,3.0,3.0,3.0,3.985423,0.32842827,-0.94282407,-43.675724
1965,-0.371749191772094,-0.96531475,0.28801265,-0.33886454,0.9925927,0.012664698,-0.06326664,-0.102940425,0.20942426,0.0070726825,-0.2147972,0.10204125,-0.28707016,0.17514057,3.0,3.0,3.0,3.0,3.0,3.0,3.0,3.0,3.0,3.0,3.0,3.0,3.0,3.0,3.0,3.0,3.0,3.0,3.0,3.0,3.0,3.0,3.0,3.0,3.0,3.0,3.0,3.0,3.0,3.0,3.0,3.0,3.0,3.0,3.0,3.0,2.909728,1.0827665,-0.86928207,-44.052567
1970,-0.36374426071166915,-0.9694998,0.28788224,-0.33318973,0.9927015,0.014911051,-0.065438956,-0.10019555,0.19512647,0.0056803436,-0.31078315,0.22467513,-0.19493045,0.33944628,3.0,3.0,3.0,3.0,3.0,3.0,3.0,3.0,3.0,3.0,3.0,3.0,3.0,3.0,3.0,3.0,3.0,3.0,3.0,3.0,3.0,3.0,3.0,3.0,3.0,3.0,3.0,3.0,3.0,3.0,3.0,3.0,3.0,3.0,3.0,3.0,-1.1036305,0.48789024,-0.72744703,-43.996353
1975,-0.3725560295418085,-0.9733076,0.28779772,-0.32605377,0.99290234,0.017749226,-0.06703076,-0.09662713,0.16737686,0.0018900109,-0.3114012,0.13842249,-0.23234175,0.51638895,3.0,3.0,3.0,3.0,3.0,3.0,3.0,3.0,3.0,3.0,3.0,3.0,3.0,3.0,3.0,3.0,3.0,3.0,3.0,3.0,3.0,3.0,3.0,3.0,3.0,3.0,3.0,3.0,3.0,3.0,3.0,3.0,3.0,3.0,3.0,3.0,4.0635567,-1.6957493,-0.61231923,-44.869164
1980,-0.34953860828521366,-0.9766358,0.28778425,-0.3181506,0.993206,0.019486587,-0.068788424,-0.09181592,0.15431055,-0.00028619546,-0.42241743,0.086155444,-0.1271219,0.3996869,3.0,3.0,3.0,3.0,3.0,3.0,3.0,3.0,3.0,3.0,3.0,3.0,3.0,3.0,3.0,3.0,3.0,3.0,3.0,3.0,3.0,3.0,3.0,3.0,3.0,3.0,3.0,3.0,3.0,3.0,3.0,3.0,3.0,3.0,3.0,3.0,1.8015485,-0.9548912,-0.53141934,-43.908474
1985,0.06714305042135299,-0.9796335,0.28783113,-0.30831832,0.9936556,0.020548556,-0.06852459,-0.08677937,0.1311495,-0.004766535,-0.46452227,-0.07352405,0.2635343,0.41482446,3.0,3.0,3.0,3.0,3.0,3.0,3.0,3.0,3.0,3.0,3.0,3.0,3.0,3.0,3.0,3.0,3.0,3.0,3.0,3.0,3.0,3.0,3.0,3.0,3.0,3.0,3.0,3.0,3.0,3.0,3.0,3.0,3.0,3.0,3.0,3.0,2.1698895,-1.3019154,-0.55565226,0.85726166
1990,0.05565794354355094,-0.9820091,0.28800398,-0.29861498,0.9943553,0.020125026,-0.06495212,-0.0814477,0.104855955,-0.010210139,-0.4817069,-0.005271077,0.36162946,0.5551052,3.0,3.0,3.0,3.0,3.0,3.0,3.0,3.0,3.0,3.0,3.0,3.0,3.0,3.0,3.0,3.0,3.0,3.0,3.0,3.0,3.0,3.0,3.0,3.0,3.0,3.0,3.0,3.0,3.0,3.0,3.0,3.0,3.0,3.0,3.0,3.0,-0.9974966,0.6841774,-0.4252544,-3.7242966
1995,-0.1801607479122333,-0.98374254,0.28831607,-0.28940243,0.99536335,0.019819554,-0.060895283,-0.07176905,0.07352607,-0.017143851,-0.4505318,-0.043943916,0.4145646,1.0314479,3.0,3.0,3.0,3.0,3.0,3.0,3.0,3.0,3.0,3.0,3.0,3.0,3.0,3.0,3.0,3.0,3.0,3.0,3.0,3.0,3.0,3.0,3.0,3.0,3.0,3.0,3.0,3.0,3.0,3.0,3.0,3.0,3.0,3.0,3.0,3.0,0.6606722,1.0965471,-0.6367942,-26.955133
2000,-50.184559414134924,-0.98507446,0.28872326,-0.27908087,0.9962714,0.019492667,-0.05630322,-0.062396422,0.05490496,-0.02189152,-0.50270796,-0.18276891,0.5157352,0.8394942,3.0,3.0,3.0,3.0,3.0,3.0,3.0,3.0,3.0,3.0,3.0,3.0,3.0,3.0,3.0,3.0,3.0,3.0,3.0,3.0,3.0,3.0,3.0,3.0,3.0,3.0,3.0,3.0,3.0,3.0,3.0,3.0,3.0,3.0,3.0,3.0,0.29617786,-1.4627643,-0.91235274,-28.115393
