step,reward,rel_x,rel_y,rel_z,qw,qx,qy,qz,vx,vy,vz,wx,wy,wz,lidar_0,lidar_1,lidar_2,lidar_3,lidar_4,lidar_5,lidar_6,lidar_7,lidar_8,lidar_9,lidar_10,lidar_11,lidar_12,lidar_13,lidar_14,lidar_15,lidar_16,lidar_17,lidar_18,lidar_19,lidar_20,lidar_21,lidar_22,lidar_23,lidar_24,lidar_25,lidar_26,lidar_27,lidar_28,lidar_29,lidar_30,lidar_31,lidar_32,lidar_33,lidar_34,lidar_35,act_vx,act_vy,act_vz,act_yaw
5,-0.17240109872035178,-0.18584546,0.13450606,0.8978864,1.0,0.0,0.0,0.0,0.0,0.0,0.2028851,0.0,0.0,0.0,3.0,3.0,3.0,3.0,3.0,3.0,3.0,3.0,3.0,3.0,3.0,3.0,3.0,3.0,3.0,3.0,3.0,3.0,3.0,3.0,3.0,3.0,3.0,3.0,3.0,3.0,3.0,3.0,3.0,3.0,3.0,3.0,3.0,3.0,3.0,3.0,4.747343,-1.1311746,0.9952879,-31.97279
10,-0.14888941997287375,-0.18584546,0.13450606,0.89050835,0.9999999,0.00020786622,0.00043327914,0.00012036086,8.131517e-21,2.7105055e-21,0.45287687,0.12684023,0.18091959,0.07341912,3.0,3.0,3.0,3.0,3.0,3.0,3.0,3.0,3.0,3.0,3.0,3.0,3.0,3.0,3.0,3.0,3.0,3.0,3.0,3.0,3.0,3.0,3.0,3.0,3.0,3.0,3.0,3.0,3.0,3.0,3.0,3.0,3.0,3.0,3.0,3.0,4.744853,2.1646528,0.9943558,-34.14817
15,0.19091006781223127,-0.18585368,0.13450731,0.87808037,0.9999869,-0.00013273126,0.0051009064,0.0003946273,0.0010476112,-8.8957044e-05,0.6889389,-0.0962948,0.46520182,0.23954177,3.0,3.0,3.0,3.0,3.0,3.0,3.0,3.0,3.0,3.0,3.0,3.0,3.0,3.0,3.0,3.0,3.0,3.0,3.0,3.0,3.0,3.0,3.0,3.0,3.0,3.0,3.0,3.0,3.0,3.0,3.0,3.0,3.0,3.0,3.0,3.0,2.0875406,2.648075,0.8466039,-2.5556793
20,0.07398652613501389,-0.18592134,0.13450623,0.8623605,0.9999039,-0.001054881,0.013450932,0.0031781474,0.005446425,0.00027346506,0.8063965,0.044004165,0.9287882,0.6135713,3.0,3.0,3.0,3.0,3.0,3.0,3.0,3.0,3.0,3.0,3.0,3.0,3.0,3.0,3.0,3.0,3.0,3.0,3.0,3.0,3.0,3.0,3.0,3.0,3.0,3.0,3.0,3.0,3.0,3.0,3.0,3.0,3.0,3.0,3.0,3.0,-0.85461426,2.385621,0.9246199,16.892193
25,-0.03251521740359342,-0.18615243,0.134489,0.8438906,0.9996472,-0.0024324197,0.024211043,0.010646352,0.015407007,0.0013120772,0.9310575,-0.11950032,1.1090928,0.78291357,3.0,3.0,3.0,3.0,3.0,3.0,3.0,3.0,3.0,3.0,3.0,3.0,3.0,3.0,3.0,3.0,3.0,3.0,3.0,3.0,3.0,3.0,3.0,3.0,3.0,3.0,3.0,3.0,3.0,3.0,3.0,3.0,3.0,3.0,3.0,3.0,0.010917664,-2.6491556,0.6190002,28.785667
30,0.1633104067890916,-0.18661459,0.1344468,0.8242542,0.9992872,-0.0028159018,0.034122232,0.015901105,0.027511165,0.002545873,0.9558834,-0.04478191,1.0008407,0.61230934,2.5736964,2.5831,2.6741223,2.8619285,3.0,3.0,3.0,3.0,3.0,3.0,3.0,3.0,3.0,3.0,3.0,3.0,3.0,3.0,3.0,3.0,3.0,3.0,3.0,3.0,3.0,3.0,3.0,3.0,3.0,3.0,3.0,3.0,3.0,3.0,2.8068318,2.6444187,-0.59283066,3.2516108,0.8088213,-9.865765
35,0.006429095861292644,-0.18735963,0.13437581,0.80438805,0.99883384,-0.00620026,0.04418063,0.018455345,0.040542226,0.003998602,0.9345006,-0.43367705,1.0375253,0.04946613,2.2106276,2.1976304,2.2528365,2.385229,2.6186893,3.0,3.0,3.0,3.0,3.0,3.0,3.0,3.0,3.0,3.0,3.0,3.0,3.0,3.0,3.0,3.0,3.0,3.0,3.0,3.0,3.0,3.0,3.0,3.0,3.0,3.0,3.0,3.0,2.7452617,2.4613912,2.2938926,-0.39769936,-4.004397,0.7096869,25.151596
40,0.07986529784338936,-0.18837519,0.134265,0.78555465,0.9983721,-0.010656391,0.053165462,0.017692182,0.054086056,0.006300272,0.87771046,-0.42132014,0.77140224,-0.1856669,2.0129118,1.980386,2.0089655,2.1032228,2.2794292,2.5731947,3.0,3.0,3.0,3.0,3.0,3.0,3.0,3.0,3.0,3.0,3.0,3.0,3.0,3.0,3.0,3.0,3.0,3.0,3.0,3.0,3.0,3.0,3.0,3.0,3.0,3.0,3.0,2.5973384,2.2941234,2.1117601,2.214285,-2.2115672,0.8383713,17.576694
45,0.09081159240574815,-0.18979056,0.13407154,0.76711357,0.9979074,-0.012813456,0.061015896,0.017137792,0.073545165,0.010526661,0.8533247,-0.22273473,0.6585506,-0.0002718874,1.9055376,1.8715287,1.8952903,1.9806168,2.1421447,2.4121592,2.8594759,3.0,3.0,3.0,3.0,3.0,3.0,3.0,3.0,3.0,3.0,3.0,3.0,3.0,3.0,3.0,3.0,3.0,3.0,3.0,3.0,3.0,3.0,3.0,3.0,3.0,2.9656222,2.47486,2.1803026,2.0027852,-2.0510883,0.8688574,0.9170244,16.269936
50,0.193522225113944,-0.19161923,0.13378415,0.74946,0.9974429,-0.014809097,0.06709148,0.019675411,0.09382192,0.0152338715,0.8133478,-0.10306406,0.5491901,0.19261499,1.8638238,1.828066,1.848771,1.929241,2.0832126,2.3411984,2.76811,3.0,3.0,3.0,3.0,3.0,3.0,3.0,3.0,3.0,3.0,3.0,3.0,3.0,3.0,3.0,2.4451025,3.0,3.0,3.0,3.0,3.0,3.0,3.0,3.0,3.0,2.924096,2.4333203,2.139269,1.9618059,0.07792568,-0.8741636,0.62785995,-4.998764
55,0.038083339398892274,-0.19397599,0.13337032,0.73210615,0.9971169,-0.015424157,0.07204845,0.0181358,0.1299648,0.0238623,0.8728506,-0.086221024,0.43159702,-0.45379052,1.8572664,1.8231872,1.8453972,1.9274416,2.083368,2.3442414,2.7762265,3.0,3.0,3.0,3.0,3.0,3.0,3.0,3.0,3.0,3.0,3.0,3.0,3.0,3.0,3.0,2.4551013,2.177444,3.0,3.0,3.0,3.0,3.0,3.0,3.0,3.0,2.8991892,2.4168704,2.1275663,1.9531189,-1.65446,-3.5124087,0.52146673,-20.783842
60,-0.004905515589405274,-0.19698912,0.13280174,0.7143714,0.9969087,-0.016364789,0.07518515,0.01588495,0.15500662,0.029722463,0.8399782,-0.113973096,0.2755954,-0.14918782,1.8988061,1.8620931,1.8828987,1.9645404,2.1209478,2.3830867,2.8168197,3.0,3.0,3.0,3.0,3.0,3.0,3.0,3.0,3.0,3.0,3.0,3.0,3.0,3.0,3.0,2.4691324,2.172503,3.0,3.0,3.0,3.0,3.0,3.0,3.0,3.0,2.9816725,2.480442,2.180188,1.9989547,-0.9032669,-0.16699696,0.81541836,-25.756443
65,-0.12719161190248074,-0.20071135,0.13206716,0.6961618,0.99672097,-0.017817529,0.077916056,0.0126054855,0.1919778,0.038366664,0.8794277,-0.30323496,0.15556042,-0.05908805,1.9505522,1.9081669,1.9248254,2.0031788,2.1564865,2.4146528,2.8411047,3.0,3.0,3.0,3.0,3.0,3.0,3.0,3.0,3.0,3.0,3.0,3.0,3.0,3.0,3.0,3.0,2.1631532,3.0,3.0,3.0,3.0,3.0,3.0,3.0,3.0,3.0,2.5721939,2.2523193,2.0588415,0.68262196,0.101866245,0.4093343,-37.908264
70,0.1301947133997664,-0.20503701,0.13118698,0.6783137,0.996412,-0.020548215,0.08123761,0.01188941,0.22052917,0.0455184,0.85685575,-0.3118228,0.47067514,-0.1018176,1.9810607,1.9298571,1.9386545,2.00885,2.152169,2.3959,2.7977505,3.0,3.0,3.0,3.0,3.0,3.0,3.0,3.0,3.0,3.0,3.0,3.0,3.0,3.0,3.0,3.0,2.1701643,3.0,3.0,3.0,3.0,3.0,3.0,3.0,3.0,3.0,2.6559894,2.3102446,2.1006215,-2.9106183,2.169797,0.47166896,-10.377834
75,-0.12841943661102048,-0.20989136,0.1301687,0.6614262,0.99608886,-0.02383583,0.084364645,0.011017407,0.24378198,0.051841788,0.79370147,-0.42390844,0.13227728,0.12210952,2.0082128,1.9463167,1.9454666,2.0055275,2.1363964,2.3623257,2.7346067,3.0,3.0,3.0,3.0,3.0,3.0,3.0,3.0,3.0,3.0,3.0,3.0,3.0,3.0,3.0,3.0,2.177463,3.0,3.0,3.0,3.0,3.0,3.0,3.0,3.0,3.0,2.7482963,2.3706,2.1413767,0.91402054,0.7706981,0.7696284,-36.34346
80,-0.10641415081093417,-0.21539548,0.12896076,0.6449396,0.99577904,-0.028496966,0.086567536,0.010867189,0.2822764,0.06386564,0.8147024,-0.1538332,0.25245807,0.18739639,2.052092,1.9733975,1.9578056,2.0028362,2.1157877,2.3168442,2.649067,3.0,3.0,3.0,3.0,3.0,3.0,3.0,3.0,3.0,3.0,3.0,3.0,3.0,3.0,3.0,3.0,2.1898026,3.0,3.0,3.0,3.0,3.0,3.0,3.0,3.0,3.0,2.9006562,2.4687533,2.2071726,3.1339035,1.0364981,0.5459254,-34.12797
85,-0.09895887995086708,-0.22175941,0.12746397,0.6277467,0.9953738,-0.029969139,0.09034389,0.013071424,0.3211233,0.077287294,0.8321787,-0.15558968,0.28707302,0.25337544,2.0607998,1.9817469,1.9660659,2.0112627,2.124662,2.326527,2.6600885,3.0,3.0,3.0,3.0,3.0,3.0,3.0,3.0,3.0,3.0,3.0,3.0,3.0,3.0,3.0,3.0,3.0,3.0,3.0,3.0,3.0,3.0,3.0,3.0,3.0,3.0,2.9131165,2.4793043,2.2165692,-1.0478597,1.4205308,0.53192043,-32.78175
90,-0.2371301324347804,-0.22871141,0.12576175,0.61150914,0.9949441,-0.031126896,0.09378877,0.017915891,0.3425609,0.08486563,0.74649876,0.05225393,0.4651574,0.5675262,2.069253,1.9916044,1.9774843,2.0246477,2.140751,2.3466182,2.6866095,3.0,3.0,3.0,3.0,3.0,3.0,3.0,3.0,3.0,3.0,3.0,3.0,3.0,3.0,3.0,3.0,3.0,3.0,3.0,3.0,3.0,3.0,3.0,3.0,3.0,3.0,2.91436,2.4841616,2.2235029,-2.6543713,0.83318186,0.70852673,-44.102123
95,-0.19519523379152343,-0.23627655,0.12384189,0.59622747,0.9947251,-0.030423786,0.095373884,0.022364445,0.38023755,0.09818681,0.74200237,0.06350356,0.12930591,0.10372633,2.1128592,2.0395775,2.0308466,2.0852802,2.2117662,2.4332964,2.7986436,3.0,3.0,3.0,3.0,3.0,3.0,3.0,3.0,3.0,3.0,3.0,3.0,3.0,3.0,3.0,3.0,3.0,3.0,3.0,3.0,3.0,3.0,3.0,3.0,3.0,3.0,2.9393227,2.5183012,2.2629235,-0.06097269,1.2945404,0.5968547,-40.683002
100,-0.018367727418010654,-0.24471138,0.121618405,0.5806201,0.99478674,-0.030941457,0.095044956,0.020210546,0.4248474,0.113660105,0.77272433,-0.054529548,0.15178633,-0.24228999,2.2032087,2.1236525,2.1115644,2.1650238,2.2927337,2.5177505,2.889078,3.0,3.0,3.0,3.0,3.0,3.0,3.0,3.0,3.0,3.0,3.0,3.0,3.0,3.0,3.0,3.0,3.0,3.0,3.0,3.0,3.0,3.0,3.0,3.0,3.0,3.0,3.0,2.6354673,2.3635685,1.1694474,4.054965,0.77730656,-22.908024
105,0.02597513985495914,-0.25412053,0.11905466,0.56412995,0.99449587,-0.034696296,0.0978244,0.014302106,0.45979983,0.12597698,0.7530622,-0.4574486,0.27232724,-0.57087237,2.2287803,2.1356654,2.1116056,2.152764,2.2657719,2.470526,2.8098195,3.0,3.0,3.0,3.0,3.0,3.0,3.0,3.0,3.0,3.0,3.0,3.0,3.0,3.0,3.0,3.0,3.0,3.0,3.0,3.0,3.0,3.0,3.0,3.0,3.0,3.0,3.0,2.7051768,2.4068499,-0.91297865,-4.750398,0.89190173,-15.736708
110,-0.22014652689874875,-0.26429957,0.1162072,0.5479288,0.9942506,-0.036572937,0.09991089,0.012082108,0.5029563,0.14205831,0.76901317,-0.2853338,0.08356309,-0.02168117,2.2653775,2.165773,2.1367478,2.173663,2.282446,2.482081,2.8136716,3.0,3.0,3.0,3.0,3.0,3.0,3.0,3.0,3.0,3.0,3.0,3.0,3.0,3.0,3.0,3.0,3.0,3.0,3.0,3.0,3.0,3.0,3.0,3.0,3.0,3.0,3.0,2.7653987,2.452702,-0.0362401,-2.216791,0.15881956,-41.104824
115,-0.25749961540217514,-0.275129,0.113112085,0.5326919,0.9939885,-0.038889058,0.101506114,0.013078321,0.532536,0.15353191,0.71347857,-0.22995327,0.1933941,0.20494778,2.304178,2.197115,2.1623437,2.19429,2.2980666,2.4916115,2.8141246,3.0,3.0,3.0,3.0,3.0,3.0,3.0,3.0,3.0,3.0,3.0,3.0,3.0,3.0,3.0,3.0,3.0,3.0,3.0,3.0,3.0,3.0,3.0,3.0,3.0,3.0,3.0,2.8314073,2.50213,-0.6355567,-2.8937964,0.893996,-43.5586
120,-0.18432608922530602,-0.28694043,0.10962694,0.5168498,0.9939173,-0.03939259,0.10190952,0.013822771,0.5916062,0.17721689,0.8000743,-0.1458774,0.080267236,-0.0059855673,2.3722405,2.2610648,2.224405,2.25638,2.362106,2.5598297,2.8894951,3.0,3.0,3.0,3.0,3.0,3.0,3.0,3.0,3.0,3.0,3.0,3.0,3.0,3.0,3.0,3.0,3.0,3.0,3.0,3.0,3.0,3.0,3.0,3.0,3.0,3.0,3.0,2.9181557,2.577273,-1.0831075,-1.8057728,0.7904693,-36.93841
125,-0.07910936599543184,-0.2997506,0.105738476,0.50033855,0.993792,-0.04138472,0.10277019,0.010153936,0.6239641,0.1903691,0.75623995,-0.27093372,0.09186113,-0.39149314,2.4361274,2.3142123,2.269592,2.2950754,2.3947263,2.58555,2.9053392,3.0,3.0,3.0,3.0,3.0,3.0,3.0,3.0,3.0,3.0,3.0,3.0,3.0,3.0,3.0,3.0,3.0,3.0,3.0,3.0,3.0,3.0,3.0,3.0,3.0,3.0,3.0,3.0,2.6568172,1.6085477,-0.6960182,0.72690177,-24.392244
130,-0.2057721889554919,-0.313514,0.10145484,0.48343185,0.9934611,-0.043600086,0.105209254,0.008074384,0.68254834,0.21478543,0.83557737,-0.15916656,0.29790497,-0.18864155,2.4628193,2.3341568,2.284229,2.3049612,2.399653,2.5843465,2.895144,3.0,3.0,3.0,3.0,3.0,3.0,3.0,3.0,3.0,3.0,3.0,3.0,3.0,3.0,3.0,3.0,3.0,3.0,3.0,3.0,3.0,3.0,3.0,3.0,3.0,3.0,3.0,3.0,2.6930954,-2.4433594,-1.8428116,0.78550065,-36.749676
135,-0.285491796536929,-0.32813954,0.096807,0.46663427,0.9931301,-0.04410999,0.10814702,0.0071553355,0.7196538,0.23055354,0.80771244,-0.1057998,0.19518933,0.21290682,2.4757118,2.3484743,2.3001487,2.3229296,2.4204462,2.6092641,2.926477,3.0,3.0,3.0,3.0,3.0,3.0,3.0,3.0,3.0,3.0,3.0,3.0,3.0,3.0,3.0,3.0,3.0,3.0,3.0,3.0,3.0,3.0,3.0,3.0,3.0,3.0,3.0,3.0,2.704405,-0.92931175,-1.4610286,0.8233179,-43.54387
140,-0.29991805885599676,-0.34373537,0.09175187,0.44956592,0.9930002,-0.044747118,0.109111175,0.0065598623,0.7684892,0.25094232,0.82950026,-0.20522936,0.09679218,-0.26420435,2.5332716,2.4019213,2.3514464,2.3736882,2.472188,2.6636543,2.9855995,3.0,3.0,3.0,3.0,3.0,3.0,3.0,3.0,3.0,3.0,3.0,3.0,3.0,3.0,3.0,3.0,3.0,3.0,3.0,3.0,3.0,3.0,3.0,3.0,3.0,3.0,3.0,3.0,2.768814,-0.1862545,-3.8446999,0.7642914,-43.539627
145,-0.3223807605671887,-0.3602442,0.08631435,0.43252948,0.99328566,-0.043395825,0.10709658,0.0055434997,0.81326026,0.2697254,0.83217293,0.30900538,-0.20746562,0.1254001,2.6612306,2.5247793,2.473118,2.497904,2.603086,2.8065395,3.0,3.0,3.0,3.0,3.0,3.0,3.0,3.0,3.0,3.0,3.0,3.0,3.0,3.0,3.0,3.0,3.0,3.0,3.0,3.0,3.0,3.0,3.0,3.0,3.0,3.0,3.0,3.0,3.0,2.9066355,-0.91873884,2.160493,0.9557164,-44.712044
150,-0.3391694878937391,-0.3778656,0.080413446,0.41454887,0.9939862,-0.040846463,0.10137169,0.006840654,0.87178874,0.29394382,0.9053556,0.33778748,-0.5719791,0.079397716,2.897083,2.7502425,2.6955202,2.7240884,2.8405004,3.0,3.0,3.0,3.0,3.0,3.0,3.0,3.0,3.0,3.0,3.0,3.0,3.0,3.0,3.0,3.0,3.0,3.0,3.0,3.0,3.0,3.0,3.0,3.0,3.0,3.0,3.0,3.0,3.0,3.0,3.0,-0.09141588,-1.1436853,0.8657936,-44.894615
155,-0.35149672287458206,-0.3966874,0.07401754,0.39493838,0.99485666,-0.03837205,0.09364474,0.0043056235,0.9231392,0.31509402,0.9606568,0.11010229,-0.9653961,-0.19152437,3.0,3.0,3.0,3.0,3.0,3.0,3.0,3.0,3.0,3.0,3.0,3.0,3.0,3.0,3.0,3.0,3.0,3.0,3.0,3.0,3.0,3.0,3.0,3.0,3.0,3.0,3.0,3.0,3.0,3.0,3.0,3.0,3.0,3.0,3.0,3.0,3.3585606,-0.95639944,0.8923094,-44.405064
160,-0.371111277833951,-0.41654047,0.06719574,0.3741148,0.9956921,-0.034097098,0.08610822,0.0044780644,0.9661077,0.33288643,0.9925925,0.42451507,-0.8761361,-0.14963418,3.0,3.0,3.0,3.0,3.0,3.0,3.0,3.0,3.0,3.0,3.0,3.0,3.0,3.0,3.0,3.0,3.0,3.0,3.0,3.0,3.0,3.0,3.0,3.0,3.0,3.0,3.0,3.0,3.0,3.0,3.0,3.0,3.0,3.0,3.0,3.0,-0.7063966,1.9788647,0.95557654,-44.598263
165,-0.38476476310747126,-0.4371557,0.06006292,0.3530506,0.9965343,-0.03083344,0.07709974,0.0049330937,1.0024276,0.34758973,1.0107232,0.2838061,-0.81130886,0.01769917,3.0,3.0,3.0,3.0,3.0,3.0,3.0,3.0,3.0,3.0,3.0,3.0,3.0,3.0,3.0,3.0,3.0,3.0,3.0,3.0,3.0,3.0,3.0,3.0,3.0,3.0,3.0,3.0,3.0,3.0,3.0,3.0,3.0,3.0,3.0,3.0,2.757277,-2.9079933,0.91917694,-44.21187
170,-0.41445309895157023,-0.4583688,0.05268764,0.33228645,0.9972581,-0.0262258,0.06890879,0.0063300882,1.0263381,0.3572624,0.97400635,0.40913123,-0.8845125,0.23292784,3.0,3.0,3.0,3.0,3.0,3.0,3.0,3.0,3.0,3.0,3.0,3.0,3.0,3.0,3.0,3.0,3.0,3.0,3.0,3.0,3.0,3.0,3.0,3.0,3.0,3.0,3.0,3.0,3.0,3.0,3.0,3.0,3.0,3.0,3.0,3.0,0.42711067,-1.8703132,0.96453214,-44.55515
175,-0.4382745006712814,-0.48013264,0.045096032,0.3116116,0.9979259,-0.021016179,0.060408674,0.00728032,1.0531652,0.36767504,0.9810694,0.541915,-0.7390226,0.27855298,3.0,3.0,3.0,3.0,3.0,3.0,3.0,3.0,3.0,3.0,3.0,3.0,3.0,3.0,3.0,3.0,3.0,3.0,3.0,3.0,3.0,3.0,3.0,3.0,3.0,3.0,3.0,3.0,3.0,3.0,3.0,3.0,3.0,3.0,3.0,3.0,-3.4881086,-1.2749841,0.9684372,-44.812622
180,-0.45309527580450737,-0.50235415,0.037337065,0.2911762,0.99853873,-0.015786199,0.05101102,0.008307496,1.0748602,0.37523514,0.9783562,0.5868933,-0.8374208,0.057403803,3.0,3.0,3.0,3.0,3.0,3.0,3.0,3.0,3.0,3.0,3.0,3.0,3.0,3.0,3.0,3.0,3.0,3.0,3.0,3.0,3.0,3.0,3.0,3.0,3.0,3.0,3.0,3.0,3.0,3.0,3.0,3.0,3.0,3.0,3.0,3.0,-1.8085475,0.40058184,0.907362,-44.370087
185,-0.47336660938043945,-0.52494586,0.029456358,0.271125,0.9990878,-0.013067735,0.03937508,0.01012102,1.0895462,0.37987566,0.94492596,0.11076804,-1.0923308,0.16305788,3.0,3.0,3.0,3.0,3.0,3.0,3.0,3.0,3.0,3.0,3.0,3.0,3.0,3.0,3.0,3.0,3.0,3.0,3.0,3.0,3.0,3.0,3.0,3.0,3.0,3.0,3.0,3.0,3.0,3.0,3.0,3.0,3.0,3.0,3.0,3.0,-1.4464676,0.46439123,0.9703764,-44.263927
190,-0.49909672438817276,-0.54779875,0.021488462,0.25168082,0.99945396,-0.012153092,0.027884388,0.012904099,1.0998647,0.3836521,0.9064655,0.30582368,-0.9007505,0.42188758,3.0,3.0,3.0,3.0,3.0,3.0,3.0,3.0,3.0,3.0,3.0,3.0,3.0,3.0,3.0,3.0,3.0,3.0,3.0,3.0,3.0,3.0,3.0,3.0,3.0,3.0,3.0,3.0,3.0,3.0,3.0,3.0,3.0,3.0,3.0,3.0,-2.3252888,-0.62087107,0.17317975,-44.77519
195,-0.5147942843919813,-0.57080704,0.013449688,0.23304088,0.9996874,-0.0069914493,0.017550386,0.016377581,1.1079439,0.38758826,0.90534854,0.5733714,-1.1307794,0.24873284,3.0,3.0,3.0,3.0,3.0,3.0,3.0,3.0,3.0,3.0,3.0,3.0,3.0,3.0,3.0,3.0,3.0,3.0,3.0,3.0,3.0,3.0,3.0,3.0,3.0,3.0,3.0,3.0,3.0,3.0,3.0,3.0,3.0,3.0,3.0,3.0,-0.54301405,1.1731977,0.24153805,-44.50462
200,-0.5241583017800613,-0.59390783,0.0053658388,0.21519892,0.9997974,-0.002128711,0.0054556625,0.019257776,1.1101495,0.38854226,0.8690294,0.27834728,-1.1067352,0.21870762,3.0,3.0,3.0,3.0,3.0,3.0,3.0,3.0,3.0,3.0,3.0,3.0,3.0,3.0,3.0,3.0,3.0,3.0,3.0,3.0,3.0,3.0,3.0,3.0,3.0,3.0,3.0,3.0,3.0,3.0,3.0,3.0,3.0,3.0,3.0,3.0,2.625215,2.3522496,0.9192953,-44.47578
205,-0.5358736064710501,-0.6170399,-0.0027329936,0.19676164,0.9997916,-0.0024301058,-0.0054600067,0.019519659,1.1096385,0.38866866,0.86058736,-0.008022454,-1.0995395,-0.07673032,3.0,3.0,3.0,3.0,3.0,3.0,3.0,3.0,3.0,3.0,3.0,3.0,3.0,3.0,3.0,3.0,3.0,3.0,3.0,3.0,3.0,3.0,3.0,3.0,3.0,3.0,3.0,3.0,3.0,3.0,3.0,3.0,3.0,3.0,3.0,3.0,-2.9329896,-0.5992565,0.9568138,-44.750164
210,-0.5400209240298757,-0.6400853,-0.01083634,0.17776059,0.999607,-0.0021741586,-0.021303805,0.018089795,1.1035945,0.38896534,0.91174704,-0.017236128,-1.6964669,-0.044464163,3.0,3.0,3.0,3.0,3.0,3.0,3.0,3.0,3.0,3.0,3.0,3.0,3.0,3.0,3.0,3.0,3.0,3.0,3.0,3.0,3.0,3.0,3.0,3.0,3.0,3.0,3.0,3.0,3.0,3.0,3.0,3.0,3.0,3.0,3.0,3.0,-1.7782931,1.3961129,0.7794776,-43.339767
215,-0.40904466985247057,-0.66292316,-0.018941296,0.15861918,0.9988901,-0.0060961703,-0.0410969,0.022191646,1.0893141,0.38929242,0.9371692,-0.4078074,-1.9184457,0.67446005,3.0,3.0,3.0,3.0,3.0,3.0,3.0,3.0,3.0,3.0,3.0,3.0,3.0,3.0,3.0,3.0,3.0,3.0,3.0,3.0,3.0,3.0,3.0,3.0,3.0,3.0,3.0,3.0,3.0,3.0,3.0,3.0,3.0,3.0,3.0,3.0,2.466363,0.92282057,0.6016269,-28.74713
220,-0.4001618513378541,-0.6854455,-0.02706025,0.14000386,0.9977139,-0.010393624,-0.060941365,0.027295986,1.0748602,0.3901228,0.8658187,-0.41419935,-1.885823,0.45865577,3.0,3.0,3.0,3.0,3.0,3.0,3.0,3.0,3.0,3.0,3.0,3.0,3.0,3.0,3.0,3.0,3.0,3.0,3.0,3.0,3.0,3.0,3.0,3.0,3.0,3.0,3.0,3.0,3.0,3.0,3.0,3.0,3.0,3.0,3.0,3.0,1.1945205,4.000621,0.85358024,-27.21501
225,-0.24964726947801372,-0.70739675,-0.035239536,0.12127587,0.9962707,-0.015671209,-0.079593815,0.029391542,1.0343843,0.39517614,0.94856215,-0.35440296,-1.8947576,0.09123228,3.0,3.0,3.0,3.0,3.0,3.0,3.0,3.0,3.0,3.0,3.0,3.0,3.0,3.0,3.0,3.0,3.0,3.0,3.0,3.0,3.0,3.0,3.0,3.0,3.0,3.0,3.0,3.0,3.0,3.0,3.0,3.0,3.0,3.0,3.0,3.0,0.27896118,3.5721035,0.95673704,-12.499115
230,-0.33337256302329377,-0.7284722,-0.043538295,0.101330206,0.9946259,-0.021348016,-0.09607444,0.032144733,0.99766624,0.40033197,0.9494754,-0.45397082,-1.5401404,0.18534873,3.0,3.0,3.0,3.0,3.0,3.0,3.0,3.0,3.0,3.0,3.0,3.0,3.0,3.0,3.0,3.0,3.0,3.0,3.0,3.0,3.0,3.0,3.0,3.0,3.0,3.0,3.0,3.0,3.0,3.0,3.0,3.0,3.0,3.0,3.0,3.0,-0.60443306,-1.5439243,0.9009621,-21.921844
235,-0.37072771890692685,-0.74846494,-0.052011993,0.080275774,0.9922913,-0.02589097,-0.116197735,0.034435913,0.9354818,0.41081432,1.0394249,-0.30925718,-2.056703,0.3390166,3.0,3.0,3.0,3.0,3.0,3.0,3.0,3.0,3.0,3.0,3.0,3.0,3.0,3.0,3.0,3.0,3.0,3.0,3.0,3.0,3.0,3.0,3.0,3.0,3.0,3.0,3.0,3.0,3.0,3.0,3.0,3.0,3.0,3.0,3.0,3.0,-2.0421796,1.1841536,0.94605446,-25.46131
240,-0.36125131887982515,-0.767288,-0.060680684,0.058509298,0.988965,-0.03086178,-0.13949175,0.03921557,0.88664067,0.4187255,1.0242132,-0.56005853,-2.1783051,0.51216435,3.0,3.0,3.0,3.0,3.0,3.0,3.0,3.0,3.0,3.0,3.0,3.0,3.0,3.0,3.0,3.0,3.0,3.0,3.0,3.0,3.0,3.0,2.7449627,3.0,3.0,3.0,3.0,3.0,3.0,3.0,3.0,3.0,3.0,3.0,3.0,3.0,-0.4184575,-2.5946236,0.97302103,-24.212587
245,-0.29272256660666734,-0.78496397,-0.06953198,0.037095197,0.9852893,-0.03512487,-0.16155513,0.043257896,0.82691944,0.428222,1.0133662,-0.33952433,-2.2868714,0.3972694,3.0,3.0,3.0,3.0,3.0,3.0,3.0,3.0,3.0,3.0,3.0,3.0,3.0,3.0,3.0,3.0,2.96501,2.9630191,3.0,3.0,3.0,3.0,2.828417,3.0,3.0,3.0,3.0,3.0,3.0,3.0,3.0,3.0,3.0,3.0,3.0,3.0,0.59670687,-3.157174,0.33565497,-17.376837
250,-0.2104107825500063,-0.8014321,-0.078568906,0.01640432,0.98085773,-0.036547977,-0.1858691,0.045111377,0.77084565,0.43658862,0.96390885,0.065849416,-2.322953,0.17130591,3.0,3.0,3.0,3.0,3.0,3.0,3.0,3.0,3.0,3.0,3.0,3.0,3.0,3.0,2.947934,2.7540154,2.6598654,2.6497908,2.7221923,2.8889055,3.0,3.0,2.9124687,3.0,3.0,3.0,3.0,3.0,3.0,3.0,3.0,3.0,3.0,3.0,3.0,3.0,2.0656781,2.7674952,0.82632256,9.432884
255,-0.13818841002763557,-0.8166954,-0.087769136,-0.0030385267,0.9766176,-0.037931606,-0.2068697,0.04454416,0.70572305,0.44506493,0.91432333,0.06525792,-1.8262032,-0.06377186,3.0,3.0,3.0,3.0,3.0,3.0,3.0,3.0,3.0,3.0,3.0,3.0,3.0,3.0,2.737451,2.5505495,2.4574342,2.4424777,2.5033035,2.6498058,2.9083846,3.0,2.9816878,3.0,3.0,3.0,3.0,3.0,3.0,3.0,3.0,3.0,3.0,3.0,3.0,3.0,3.4463701,2.9107027,0.969033,-0.18802261
260,-0.316631903347046,-0.8297198,-0.097255774,-0.023182765,0.9727128,-0.039009947,-0.22469531,0.04266166,0.56375116,0.46312883,1.0162541,-0.13216056,-1.6562728,-0.12897176,3.0,3.0,3.0,3.0,3.0,3.0,3.0,3.0,3.0,3.0,3.0,3.0,3.0,2.9095528,2.6007729,2.4176555,2.3246143,2.3059373,2.3586533,2.491304,2.7275789,3.0,3.0,3.0,3.0,3.0,3.0,3.0,3.0,3.0,3.0,3.0,3.0,3.0,3.0,3.0,-1.7472034,-1.5006697,0.9265568,-25.464163
265,-0.48029051682124774,-0.83951735,-0.10714093,-0.045699827,0.9683458,-0.041325726,-0.24278066,0.04069504,0.4085356,0.48186275,1.1183387,-0.31704855,-1.8472923,-0.0664771,3.0,3.0,3.0,3.0,3.0,3.0,3.0,3.0,3.0,3.0,3.0,3.0,3.0,2.777286,2.4793842,2.3023794,2.2116864,2.1919448,2.2400122,2.3636637,2.584894,2.9507275,3.0,3.0,3.0,3.0,3.0,3.0,3.0,3.0,3.0,3.0,3.0,3.0,3.0,3.0,3.7685175,1.1500654,0.9795289,-43.262466
270,-0.4670872336530761,-0.8467458,-0.1173311,-0.06876332,0.9635008,-0.045868546,-0.26072448,0.039812952,0.31199798,0.49323997,1.0873692,-0.30386743,-1.8093839,-0.10429369,3.0,3.0,3.0,3.0,3.0,3.0,3.0,3.0,3.0,3.0,3.0,3.0,3.0,2.6440628,2.3632905,2.1967645,2.1121128,2.0950377,2.142823,2.2632105,2.4776955,2.8321526,3.0,3.0,3.0,3.0,3.0,3.0,3.0,3.0,3.0,3.0,3.0,3.0,3.0,3.0,-1.5285449,-1.0502687,0.81942844,-43.881794
275,-0.43272438635263105,-0.8519079,-0.12777285,-0.09110918,0.95946294,-0.04851809,-0.27509105,0.03744026,0.2238123,0.50403106,1.0295882,-0.111516915,-1.3752589,-0.25065053,3.0,3.0,3.0,3.0,3.0,3.0,3.0,3.0,3.0,3.0,3.0,3.0,3.0,2.5728884,2.2986112,2.1358223,2.0528147,2.0355532,2.0812912,2.1974347,2.40469,2.7472801,3.0,3.0,3.0,3.0,3.0,3.0,3.0,3.0,3.0,3.0,3.0,3.0,3.0,3.0,-0.38959408,-0.35917187,0.94744694,-42.56934
280,-0.40553446935304654,-0.8541885,-0.13858545,-0.113745965,0.9562093,-0.05039774,-0.28630674,0.033944998,0.038940795,0.5281923,1.1137773,-0.40039253,-0.9371657,-0.24548866,3.0,3.0,3.0,3.0,3.0,3.0,3.0,3.0,3.0,3.0,3.0,3.0,2.9910417,2.54005,2.2670996,2.1048687,2.0216293,2.0032763,2.0468874,2.1595159,2.361181,2.6947017,3.0,3.0,3.0,3.0,3.0,3.0,3.0,3.0,3.0,3.0,3.0,3.0,3.0,3.0,-3.2612944,-3.7957993,0.9989612,-43.418205
285,-0.37900071024313997,-0.8522975,-0.14995572,-0.13843735,0.95356447,-0.05209504,-0.2950788,0.030486712,-0.17592373,0.5575872,1.2291527,0.28100973,-0.88489574,-0.37311396,3.0,3.0,3.0,3.0,3.0,3.0,3.0,3.0,3.0,3.0,3.0,3.0,2.9848025,2.5322254,2.2584097,2.09549,2.0115004,1.9921827,2.0344608,2.1451652,2.3439283,2.6727905,3.0,3.0,3.0,3.0,3.0,3.0,3.0,3.0,3.0,3.0,3.0,3.0,3.0,3.0,-1.4473457,2.9299984,0.9858117,-43.92041
290,-0.347900031524781,-0.8460112,-0.16193739,-0.1652656,0.9515302,-0.052275356,-0.30191767,0.026518786,-0.3795847,0.58598524,1.3168956,0.35209668,-0.7898789,-0.30823988,3.0,3.0,3.0,3.0,3.0,3.0,3.0,3.0,3.0,3.0,3.0,3.0,3.0,2.5553064,2.2747548,2.107411,2.0201771,1.9981786,2.0379078,2.1457698,2.340786,2.6638238,3.0,3.0,3.0,3.0,3.0,3.0,3.0,3.0,3.0,3.0,3.0,3.0,3.0,3.0,-4.417415,-0.39936447,0.9020889,-43.703335
295,-0.3138189976292639,-0.8354964,-0.17450672,-0.19378996,0.9492239,-0.047932442,-0.31024417,0.020617189,-0.589009,0.6147069,1.4037066,0.7319919,-0.7940557,-0.41084105,3.0,3.0,3.0,3.0,3.0,3.0,3.0,3.0,3.0,3.0,3.0,3.0,3.0,2.6132164,2.3118103,2.13079,2.0333557,2.0026307,2.0336933,2.1315203,2.3130674,2.6152818,3.0,3.0,3.0,3.0,3.0,3.0,3.0,3.0,3.0,3.0,3.0,3.0,3.0,3.0,-3.9122276,-0.46608067,0.44349444,-42.028114
300,-0.31874523986476416,-0.8203728,-0.18766868,-0.22433102,0.94700724,-0.038731277,-0.3186374,0.012141902,-0.8314845,0.6443878,1.5256339,1.3263565,-1.0722474,-0.4297054,3.0,3.0,3.0,3.0,3.0,3.0,3.0,3.0,3.0,3.0,3.0,3.0,3.0,2.7241085,2.3832777,2.1770422,2.0613003,2.0153894,2.0318713,2.113368,2.2736456,2.5438664,2.9900882,3.0,3.0,3.0,3.0,3.0,3.0,3.0,3.0,3.0,3.0,3.0,3.0,3.0,-4.950606,4.0313425,0.81732297,-43.82399
305,-0.3046826236904185,-0.79974514,-0.20142993,-0.25788194,0.9439261,-0.026547365,-0.32907796,0.0025455314,-1.0919284,0.66981006,1.659805,1.5104643,-1.0132147,-0.49806848,3.0,3.0,3.0,3.0,3.0,3.0,3.0,3.0,3.0,3.0,3.0,3.0,3.0,2.865851,2.4708254,2.2310855,2.0916877,2.0266418,2.0251985,2.0871282,2.2226286,2.4567752,2.8426056,3.0,3.0,3.0,3.0,3.0,3.0,3.0,3.0,3.0,3.0,3.0,3.0,3.0,-4.991093,-1.5145159,0.87712824,-44.480206
310,-0.28020573699370144,-0.7736622,-0.21561484,-0.29408064,0.939271,-0.009748354,-0.34290674,-0.009485196,-1.3545642,0.68664706,1.7820683,2.1440713,-1.3977759,-0.6154484,3.0,3.0,3.0,3.0,3.0,3.0,3.0,3.0,3.0,3.0,3.0,3.0,3.0,3.0,2.582015,2.2947664,2.1230829,2.0327656,2.0083518,2.0459447,2.1515937,2.3438423,2.662659,3.0,3.0,3.0,3.0,3.0,3.0,3.0,3.0,3.0,3.0,3.0,3.0,3.0,-4.99804,-2.7659955,0.81521034,-42.01489
315,-0.27766800289342486,-0.7424479,-0.23000021,-0.3321958,0.9350755,0.014458652,-0.35305563,-0.027865097,-1.5995686,0.69158185,1.8658102,3.0643492,-1.0409307,-1.0927459,3.0,3.0,3.0,3.0,3.0,3.0,3.0,3.0,3.0,3.0,3.0,3.0,3.0,3.0,2.8037455,2.4321122,2.206669,2.0772367,2.0201263,2.0259838,2.0957384,2.2409868,2.489131,2.8980935,3.0,3.0,3.0,3.0,3.0,3.0,3.0,3.0,3.0,3.0,3.0,3.0,-4.9992127,2.9413586,0.7394593,-40.98102
320,-0.29636923445741975,-0.7064119,-0.24434498,-0.37158746,0.9306838,0.038873836,-0.360329,-0.04979474,-1.81651,0.6850629,1.906198,3.084258,-0.93502754,-1.3307049,3.0,3.0,3.0,3.0,3.0,3.0,3.0,3.0,3.0,3.0,3.0,3.0,3.0,3.0,3.0,2.6206698,2.326314,2.1501393,2.0568671,2.0304806,2.066765,2.1715517,2.36317,2.6812305,3.0,3.0,3.0,3.0,3.0,3.0,3.0,3.0,3.0,3.0,3.0,3.0,-4.999127,-0.19889736,0.6228974,-42.816345
325,-0.29049702689588924,-0.66621447,-0.258454,-0.41131794,0.9244907,0.061731283,-0.36854866,-0.075353265,-2.0055826,0.6710678,1.907403,2.6247675,-1.0739449,-1.5517431,3.0,3.0,3.0,3.0,3.0,3.0,3.0,3.0,3.0,3.0,3.0,3.0,3.0,3.0,3.0,2.8382704,2.4606,2.231474,2.0997496,2.0412757,2.0464666,2.1161458,2.2618861,2.5111287,2.9218764,3.0,3.0,3.0,3.0,3.0,3.0,3.0,3.0,3.0,3.0,3.0,-4.9998946,-1.2120795,0.71154046,-42.090515
330,-0.3156726861211234,-0.62259436,-0.272245,-0.4504315,0.9169656,0.08164176,-0.37760282,-0.099623136,-2.129852,0.65748286,1.8331097,2.4259057,-1.0887341,-1.5563862,3.0,3.0,3.0,3.0,3.0,3.0,3.0,3.0,3.0,3.0,3.0,3.0,3.0,3.0,3.0,3.0,2.5969763,2.3136818,2.1448765,2.057287,2.0360065,2.0776436,2.188917,2.3894958,2.7215784,3.0,3.0,3.0,3.0,3.0,3.0,3.0,3.0,3.0,3.0,3.0,-4.9999256,1.8104358,0.32745314,-43.442127
335,-0.3304505624706264,-0.5765525,-0.2857305,-0.4877293,0.9102296,0.09503,-0.38461047,-0.120524466,-2.263252,0.64037323,1.7608373,1.8594136,-0.62606657,-1.4203786,3.0,3.0,3.0,3.0,3.0,3.0,3.0,3.0,3.0,3.0,3.0,3.0,3.0,3.0,3.0,3.0,2.7270794,2.396348,2.196686,2.0862508,2.0455666,2.068074,2.157362,2.3286555,2.6158319,3.0,3.0,3.0,3.0,3.0,3.0,3.0,3.0,3.0,3.0,3.0,-4.9998837,1.7296457,0.475886,-44.84627
340,-0.35196583233950396,-0.5272889,-0.29880074,-0.52388066,0.9026439,0.1069268,-0.39235055,-0.14093135,-2.4180543,0.620223,1.7040889,1.8527313,-0.92951506,-1.5119071,3.0,3.0,3.0,3.0,3.0,3.0,3.0,3.0,3.0,3.0,3.0,3.0,3.0,3.0,3.0,3.0,2.8567932,2.4772882,2.247058,2.1147747,2.0562038,2.0617466,2.132283,2.2795324,2.5312436,2.9460704,3.0,3.0,3.0,3.0,3.0,3.0,3.0,3.0,3.0,3.0,-4.9998994,-3.0498517,0.50677407,-44.955822
345,-0.3719421889319632,-0.47492042,-0.31146112,-0.5586574,0.89431906,0.119798444,-0.39922598,-0.16266643,-2.5761118,0.5993961,1.6438186,1.6961595,-0.89716387,-1.7343174,3.0,3.0,3.0,3.0,3.0,3.0,3.0,3.0,3.0,3.0,3.0,3.0,3.0,3.0,3.0,3.0,3.0,2.5759616,2.3087924,2.1510518,2.0724294,2.059729,2.110932,2.234367,2.452272,2.8119447,3.0,3.0,3.0,3.0,3.0,3.0,3.0,3.0,3.0,3.0,-4.999709,0.91585207,0.4833156,-44.9099
350,-0.3931433480957414,-0.41898763,-0.32366106,-0.59233135,0.8852308,0.12417075,-0.40938953,-0.18261531,-2.7674334,0.57566035,1.6058115,0.97278535,-1.0869081,-1.8164482,3.0,3.0,3.0,3.0,3.0,3.0,3.0,3.0,3.0,3.0,3.0,3.0,3.0,3.0,3.0,3.0,3.0,2.6319697,2.3435335,2.1715372,2.0819957,2.0596495,2.1009357,2.212512,2.4140687,2.7478907,3.0,3.0,3.0,3.0,3.0,3.0,3.0,3.0,3.0,3.0,-4.999921,0.77200365,0.31891918,-44.959244
355,-0.4233337558518543,-0.35913417,-0.3354166,-0.6250768,0.8767914,0.12784632,-0.41714576,-0.2021918,-2.912294,0.559757,1.5232174,1.1612053,-0.7805653,-1.7495747,3.0,3.0,3.0,3.0,3.0,3.0,3.0,3.0,3.0,3.0,3.0,3.0,3.0,3.0,3.0,3.0,3.0,2.7028267,2.3905194,2.202911,2.1018221,2.0697327,2.101501,2.202216,2.3893235,2.7008617,3.0,3.0,3.0,3.0,3.0,3.0,3.0,3.0,3.0,3.0,-4.999821,-1.0522783,0.56968,-44.99378
360,-0.46557139802669634,-0.29543403,-0.34683064,-0.6566856,0.86804456,0.13306455,-0.42357114,-0.22221607,-3.1450458,0.54110676,1.5050493,1.428248,-0.6863303,-1.6715803,3.0,3.0,3.0,3.0,3.0,3.0,3.0,3.0,3.0,3.0,3.0,3.0,3.0,3.0,3.0,3.0,3.0,2.7930677,2.4499245,2.2425537,2.1271367,2.0832179,2.1037028,2.1918545,2.3626442,2.6496093,3.0,3.0,3.0,3.0,3.0,3.0,3.0,3.0,3.0,3.0,-4.999653,-1.20893,0.65033853,-44.974358
365,-0.5139527878964956,-0.22744189,-0.35793674,-0.6874157,0.85898906,0.14098082,-0.42816424,-0.2427706,-3.327228,0.52883357,1.4428191,1.6574025,-0.63818014,-1.6089581,3.0,3.0,3.0,3.0,3.0,3.0,3.0,3.0,3.0,3.0,3.0,3.0,3.0,3.0,3.0,3.0,3.0,2.915209,2.5293853,2.2953427,2.1610448,2.1019294,2.1083164,2.1812196,2.332764,2.5915606,3.0,3.0,3.0,3.0,3.0,3.0,3.0,3.0,3.0,3.0,-4.998438,0.9993768,0.7558458,-44.991024
370,-0.5667901982504534,-0.1553775,-0.36880672,-0.7169996,0.849478,0.14758196,-0.43309355,-0.2627482,-3.5424473,0.51759946,1.4008367,1.4103982,-0.6679777,-1.6477418,3.0,3.0,3.0,3.0,3.0,3.0,3.0,3.0,3.0,3.0,3.0,3.0,3.0,3.0,3.0,3.0,3.0,3.0,2.6084185,2.3478315,2.1952245,2.1217797,2.1152813,2.174698,2.3097584,2.5451596,2.9332268,3.0,3.0,3.0,3.0,3.0,3.0,3.0,3.0,3.0,-4.9879637,2.5664258,0.65092134,-44.998123
375,-0.6123575305813851,-0.07964994,-0.37950522,-0.7450681,0.83995277,0.15107869,-0.43870938,-0.28140473,-3.6740522,0.5116782,1.2952929,0.9389243,-0.64020073,-1.7038304,3.0,3.0,3.0,3.0,3.0,3.0,3.0,3.0,3.0,3.0,3.0,3.0,3.0,3.0,3.0,3.0,3.0,3.0,2.6766415,2.39377,2.226148,2.1412683,2.1248138,2.1741674,2.2973316,2.5163367,2.8781645,3.0,3.0,3.0,3.0,3.0,3.0,3.0,3.0,3.0,-4.9865966,-0.99971247,0.2882856,-44.99873
380,-0.6653591311588046,-0.0011182385,-0.39012173,-0.7709451,0.8304789,0.15291825,-0.4441982,-0.29934722,-3.8257065,0.50875825,1.2011403,0.9626191,-0.6176695,-1.6777575,3.0,3.0,3.0,3.0,3.0,3.0,3.0,3.0,3.0,3.0,3.0,3.0,3.0,3.0,3.0,3.0,3.0,3.0,2.7403696,2.4369347,2.2557042,2.1606696,2.1355846,2.1764467,2.2898357,2.4956868,2.8369174,3.0,3.0,3.0,3.0,3.0,3.0,3.0,3.0,3.0,-4.982185,0.41877747,-0.10714036,-44.999012
385,-0.7216030403474673,0.08018345,-0.40072262,-0.7945663,0.82063353,0.15943131,-0.4472382,-0.31799403,-3.953524,0.50910217,1.0887395,1.3342897,-0.5686153,-1.5144289,3.0,3.0,3.0,3.0,3.0,3.0,3.0,3.0,3.0,3.0,3.0,3.0,3.0,3.0,3.0,3.0,3.0,3.0,2.8366268,2.4998825,2.2969925,2.185998,2.147478,2.1752415,2.2737226,2.459829,2.7708125,2.9109304,3.0,3.0,3.0,3.0,3.0,3.0,3.0,3.0,-4.9572835,-0.15654135,0.14611936,-44.999435
390,-0.770778892837372,0.1635965,-0.4113354,-0.81546897,0.81051236,0.16760305,-0.44917798,-0.3364789,-4.0287347,0.5095203,0.9406338,1.452128,-0.5489445,-1.4500213,3.0,3.0,3.0,3.0,3.0,3.0,3.0,3.0,3.0,3.0,3.0,3.0,3.0,3.0,3.0,3.0,3.0,3.0,2.9503565,2.5727296,2.3439395,2.2143042,2.1604612,2.173652,2.2559724,2.4212375,2.7011921,3.0,2.9652734,3.0,3.0,3.0,3.0,3.0,3.0,3.0,-4.9027443,4.5401897,0.30495644,-44.99987
395,-0.8052480274770828,0.24885646,-0.42197907,-0.8334596,0.80037266,0.17246324,-0.45208135,-0.35395274,-4.11499,0.51127154,0.79925156,1.2233322,-0.53395396,-1.508255,3.0,3.0,3.0,3.0,3.0,3.0,3.0,3.0,3.0,3.0,3.0,3.0,3.0,3.0,3.0,3.0,3.0,3.0,3.0,2.6344633,2.3836606,2.2385652,2.1723387,2.1740782,2.2440598,2.3938518,2.6513946,3.0,2.7632022,3.0,3.0,3.0,3.0,3.0,3.0,3.0,-4.786895,-2.3542833,-0.46379924,-44.997852
400,-0.8409569503937503,0.33527964,-0.4326514,-0.8480946,0.7899643,0.17740677,-0.45458078,-0.37126744,-4.1705346,0.5130895,0.6379599,1.2159096,-0.51911175,-1.5127143,3.0,3.0,3.0,3.0,3.0,3.0,3.0,3.0,3.0,3.0,3.0,3.0,3.0,3.0,3.0,3.0,3.0,3.0,3.0,2.698539,2.4239953,2.262554,2.1834757,2.1735504,2.231202,2.3658385,2.6019018,2.991257,2.8240998,3.0,3.0,3.0,3.0,3.0,3.0,3.0,-4.697171,3.292633,-0.7985459,-44.999775
405,-0.8721430572484343,0.4228602,-0.44337583,-0.8593693,0.77927876,0.18213734,-0.45679164,-0.3884482,-4.2260838,0.5160482,0.4766724,1.2092122,-0.5038612,-1.516581,3.0,3.0,3.0,3.0,3.0,3.0,3.0,3.0,3.0,3.0,3.0,3.0,3.0,3.0,3.0,3.0,3.0,3.0,3.0,2.7640967,2.4643774,2.2859614,2.1937923,2.1722114,2.2177804,2.3378592,2.5537205,2.910944,2.9312549,3.0,3.0,3.0,3.0,3.0,3.0,3.0,-2.5116274,3.7939243,-0.8988358,-44.99892
410,-0.9033658429780136,0.5115972,-0.4541765,-0.8672844,0.76832503,0.1866585,-0.45870999,-0.4054878,-4.2815523,0.5201791,0.3154439,1.2032433,-0.48826224,-1.5198348,3.0,3.0,3.0,3.0,3.0,3.0,3.0,3.0,3.0,3.0,3.0,3.0,3.0,3.0,3.0,3.0,3.0,3.0,3.0,2.8313758,2.5048933,2.3088186,2.2032979,2.1700552,2.2037656,2.3098304,2.5066347,2.834237,3.0,3.0,3.0,3.0,3.0,3.0,3.0,3.0,-3.1082869,4.28907,-0.9735556,-44.99991
415,-0.9318988042367503,0.6014878,-0.46507815,-0.8718421,0.7571124,0.19097413,-0.4603322,-0.42237896,-4.3368545,0.5255085,0.15433364,1.1980038,-0.4723754,-1.5224576,3.0,3.0,3.0,3.0,3.0,3.0,3.0,3.0,3.0,3.0,3.0,3.0,3.0,3.0,3.0,3.0,3.0,3.0,3.0,2.900631,2.5456245,2.3311474,2.2119904,2.1670656,2.1891208,2.2816694,2.4604485,2.7606375,3.0,3.0,3.0,3.0,3.0,3.0,3.0,3.0,-3.8266194,-3.468274,-0.9827865,-44.999073
420,-0.9572833765512567,0.6925432,-0.47610804,-0.8730545,0.7456997,0.19489506,-0.4617195,-0.43904784,-4.3956585,0.53253174,-0.0044116615,1.0912371,-0.4341404,-1.5388612,3.0,3.0,3.0,3.0,3.0,3.0,3.0,3.0,3.0,3.0,3.0,3.0,3.0,3.0,3.0,3.0,3.0,3.0,3.0,2.9708076,2.585861,2.352511,2.219651,2.16321,2.1739855,2.253689,2.4156508,2.6907825,3.0,3.0,3.0,3.0,3.0,3.0,3.0,3.0,-1.9343841,2.6426783,-0.9788213,-44.999775
425,-0.9826667520983122,0.7848035,-0.487298,-0.87095356,0.7342574,0.19785132,-0.463064,-0.45529404,-4.4503307,0.5403581,-0.16509533,1.0880667,-0.41736534,-1.5398237,3.0,3.0,3.0,3.0,3.0,3.0,3.0,3.0,3.0,3.0,3.0,3.0,3.0,3.0,3.0,3.0,3.0,3.0,3.0,3.0,2.622955,2.3713229,2.2254448,2.1582518,2.1586647,2.2267497,2.373743,2.6269758,3.0,3.0,3.0,3.0,3.0,3.0,3.0,3.0,-0.40942574,-0.96518993,-0.9901746,-44.999817
430,-1.009216475126886,0.8781974,-0.49866802,-0.86550903,0.7226022,0.20062408,-0.4641067,-0.471382,-4.504555,0.5495425,-0.32544458,1.0856209,-0.4005275,-1.5401404,3.0,3.0,3.0,3.0,3.0,3.0,3.0,3.0,3.0,3.0,3.0,3.0,3.0,3.0,3.0,3.0,3.0,3.0,3.0,3.0,2.6598473,2.3891962,2.2300386,2.152067,2.1422558,2.1990476,2.3317096,2.5643234,2.9479911,3.0,3.0,3.0,3.0,3.0,3.0,3.0,-2.7760327,0.86533356,-0.9842955,-44.9995
435,-1.0357658936822083,0.9727229,-0.51024795,-0.8567338,0.71079624,0.20312929,-0.46487767,-0.48723295,-4.560301,0.56046367,-0.4842209,1.024514,-0.36889902,-1.5255737,3.0,3.0,3.0,3.0,3.0,3.0,3.0,3.0,3.0,3.0,3.0,3.0,3.0,3.0,3.0,3.0,3.0,3.0,3.0,3.0,2.6959662,2.4057462,2.2331977,2.1445444,2.1247556,2.1706808,2.2897446,2.5030973,2.855989,3.0,3.0,3.0,3.0,3.0,3.0,3.0,-2.9053721,4.004156,-0.99700075,-44.99903
440,-1.0668734290907813,1.0685453,-0.52210057,-0.84473765,0.6992471,0.20393059,-0.4657889,-0.5025002,-4.6254854,0.574755,-0.6368119,0.8490542,-0.28143933,-1.5894389,3.0,3.0,3.0,3.0,3.0,3.0,3.0,3.0,3.0,3.0,3.0,3.0,3.0,3.0,3.0,3.0,3.0,3.0,3.0,3.0,2.7241592,2.4168038,2.2327344,2.1349988,2.10679,2.1436,2.251341,2.4488304,2.7767825,3.0,3.0,3.0,3.0,3.0,3.0,3.0,-4.2996793,3.5436354,-0.98602116,-44.995678
445,-1.0894516841719832,1.1658719,-0.5343053,-0.8296583,0.6881038,0.20172717,-0.46713176,-0.5173077,-4.6924033,0.59137815,-0.78730786,0.6685607,-0.18504299,-1.6551085,3.0,3.0,3.0,3.0,3.0,3.0,3.0,3.0,3.0,3.0,3.0,3.0,3.0,3.0,3.0,3.0,3.0,3.0,3.0,3.0,2.738078,2.4187307,2.2266848,2.1226437,2.0885167,2.1188307,2.2184367,2.4045339,2.7147517,3.0,3.0,3.0,3.0,3.0,3.0,3.0,-1.1653388,-3.8504438,-0.99742395,-44.985966
450,-1.115311889802429,1.26427,-0.5468147,-0.8112781,0.6768212,0.19939163,-0.4681621,-0.53195894,-4.7434425,0.6067475,-0.9454357,0.67133456,-0.16722456,-1.6513777,3.0,3.0,3.0,3.0,3.0,3.0,3.0,3.0,3.0,3.0,3.0,3.0,3.0,3.0,3.0,3.0,3.0,3.0,3.0,3.0,2.7492292,2.4179354,2.2180455,2.107837,2.0679204,2.0918665,2.1834955,2.3584628,2.651496,3.0,3.0,3.0,3.0,3.0,3.0,3.0,-3.0752797,4.107767,-0.99762,-44.99043
455,-1.1371590078426377,1.363718,-0.5596672,-0.789614,0.6654049,0.19693127,-0.46887925,-0.5464491,-4.7934,0.62394714,-1.102722,0.6748089,-0.1497291,-1.6471524,3.0,3.0,3.0,3.0,3.0,3.0,3.0,3.0,3.0,3.0,3.0,3.0,3.0,3.0,3.0,3.0,3.0,3.0,3.0,3.0,2.7574449,2.414296,2.2067308,2.090521,2.0449655,2.06269,2.1465156,2.3106241,2.5870156,3.0,3.0,3.0,3.0,3.0,3.0,3.0,1.9572029,-1.0973196,-0.99775666,-44.94671
460,-1.1636615613138004,1.4641923,-0.57290053,-0.76468444,0.6538605,0.19435339,-0.469283,-0.56077325,-4.8421807,0.64293545,-1.2590897,0.67896104,-0.13259691,-1.6424408,3.0,3.0,3.0,3.0,3.0,3.0,3.0,3.0,3.0,3.0,3.0,3.0,3.0,3.0,3.0,3.0,3.0,3.0,3.0,3.0,2.7625372,2.4076774,2.1926453,2.07063,2.019609,2.0312767,2.107487,2.2610166,2.521301,2.950625,3.0,3.0,3.0,3.0,3.0,3.0,-0.75671005,4.1457424,-0.9940533,-44.992958
465,-1.1866362962221824,1.5656672,-0.5865513,-0.7365095,0.6421935,0.19166525,-0.46937338,-0.5749266,-4.889695,0.66366583,-1.4144615,0.6837668,-0.115866624,-1.6372519,3.0,3.0,3.0,3.0,3.0,3.0,3.0,3.0,3.0,3.0,3.0,3.0,3.0,3.0,3.0,3.0,3.0,3.0,3.0,3.0,2.764297,2.39793,2.1756823,2.048089,1.9917994,1.9975934,2.0663908,2.209629,2.4543324,2.8576248,3.0,3.0,3.0,3.0,3.0,3.0,2.9095201,2.6772285,-0.9981638,-44.848442
470,-1.2110343027910726,1.6681151,-0.60065514,-0.70511097,0.6304092,0.18887419,-0.4691506,-0.5889045,-4.9358573,0.6860872,-1.5687609,0.6892007,-0.09957527,-1.631596,3.0,3.0,3.0,3.0,3.0,3.0,3.0,3.0,3.0,3.0,3.0,3.0,3.0,3.0,3.0,3.0,3.0,3.0,3.0,3.0,2.7624922,2.3848882,2.1557236,2.022813,1.9614774,1.9616,2.0232003,2.1564415,2.386081,2.7644656,3.0,3.0,3.0,3.0,3.0,3.0,2.6688232,1.0262556,-0.9958911,-44.903755
475,-1.236411695173776,1.771507,-0.61524665,-0.6705121,0.6185129,0.1859875,-0.46861535,-0.6027023,-4.9805846,0.71014374,-1.7219125,0.6952362,-0.083758146,-1.6254846,3.0,3.0,3.0,3.0,3.0,3.0,3.0,3.0,3.0,3.0,3.0,3.0,3.0,3.0,3.0,3.0,3.0,3.0,3.0,3.0,2.7568653,2.3683703,2.1326396,1.9947088,1.9285749,1.9232471,1.9778801,2.1014252,2.316508,2.6710513,3.0,3.0,3.0,3.0,3.0,3.0,0.8874998,2.5008535,-0.99884933,-44.984123
480,-1.2614435711574141,1.875812,-0.6303592,-0.6327377,0.6065099,0.18301249,-0.4677685,-0.6163155,-5.023801,0.73577553,-1.8738422,0.70184547,-0.06844874,-1.61893,3.0,3.0,3.0,3.0,3.0,3.0,3.0,3.0,3.0,3.0,3.0,3.0,3.0,3.0,3.0,3.0,3.0,3.0,3.0,3.0,2.7471316,2.3481765,2.1062872,1.9636716,1.8930148,1.8824776,1.9303863,2.0445418,2.2455661,2.57728,3.0,3.0,3.0,3.0,3.0,3.0,3.6828127,-1.4648323,-0.9946952,-44.919598
485,-1.2850965463405017,1.9809977,-0.64602464,-0.59181416,0.5944054,0.17995638,-0.46661118,-0.6297396,-5.0654325,0.76291835,-2.0244772,0.7089998,-0.05367871,-1.6119456,3.0,3.0,3.0,3.0,3.0,3.0,3.0,3.0,3.0,3.0,3.0,3.0,3.0,3.0,3.0,3.0,3.0,3.0,3.0,3.0,2.732976,2.3240883,2.07651,1.9295862,1.8547103,1.8392249,1.8806658,1.9857438,2.1731977,2.483043,3.0,3.0,3.0,3.0,3.0,3.0,4.4277334,1.8177133,-0.98871833,-44.733067
490,-1.3094393548242031,2.08703,-0.66227376,-0.54776937,0.5822044,0.17682643,-0.4651449,-0.6429702,-5.1054115,0.79150426,-2.1737473,0.7166695,-0.03947786,-1.6045458,3.0,3.0,3.0,3.0,3.0,3.0,3.0,3.0,3.0,3.0,3.0,3.0,3.0,3.0,3.0,3.0,3.0,3.0,3.0,3.0,2.7140498,2.2958653,2.043136,1.8923255,1.8135649,1.7934129,1.8286561,1.924974,2.0993364,2.3882244,2.8704402,3.0,3.0,3.0,3.0,3.0,4.4171476,2.4350739,-0.9891213,-44.670414
495,-1.3267647984467836,2.193874,-0.6791357,-0.5006325,0.56991184,0.17362982,-0.4633714,-0.6560031,-5.1436753,0.8214616,-2.3215833,0.7248241,-0.02587404,-1.5967457,3.0,3.0,3.0,3.0,3.0,3.0,3.0,3.0,3.0,3.0,3.0,3.0,3.0,3.0,3.0,3.0,3.0,3.0,3.0,3.0,2.6899679,2.2632449,2.0059774,1.8517498,1.7694703,1.7449557,1.774285,1.8621653,2.0239048,2.292701,2.739828,3.0,3.0,3.0,3.0,3.0,4.2502117,4.1823053,-0.9862518,-43.819904
500,-1.3570930232131835,2.301493,-0.69663805,-0.45043448,0.5575327,0.17037368,-0.4612926,-0.6688342,-5.180165,0.85271543,-2.467919,0.7334323,-0.012893169,-1.5885613,3.0,3.0,3.0,3.0,3.0,3.0,3.0,3.0,3.0,3.0,3.0,3.0,3.0,3.0,3.0,3.0,3.0,3.0,3.0,3.0,2.6603038,2.2259388,1.9648288,1.8077053,1.7223072,1.693756,1.7174696,1.7972401,1.9468161,2.1963422,2.6102057,3.0,3.0,3.0,3.0,3.0,4.673151,0.36087132,-0.9808552,-44.55644
505,-1.3655350543894555,2.4098494,-0.71480685,-0.39720717,0.54507184,0.16706508,-0.4589108,-0.6814593,-5.214827,0.8851875,-2.6126912,0.7424623,-0.0005591785,-1.5800095,3.0,3.0,3.0,3.0,3.0,3.0,3.0,3.0,3.0,3.0,3.0,3.0,3.0,3.0,3.0,3.0,3.0,3.0,3.0,3.0,2.6245852,2.183631,1.9194654,1.7600232,1.671943,1.6397057,1.6581159,1.7301096,1.8679726,2.0990083,2.4812944,3.0,3.0,3.0,3.0,3.0,4.954544,3.7753353,-0.97575355,-42.751778
510,-1.380343454925966,2.5189047,-0.73366654,-0.34098402,0.53253394,0.16371107,-0.45622852,-0.6938745,-5.247614,0.9187967,-2.7558382,0.7518817,0.011106001,-1.5711073,3.0,3.0,3.0,3.0,3.0,3.0,3.0,3.0,3.0,3.0,3.0,3.0,3.0,3.0,3.0,3.0,3.0,3.0,3.0,3.0,2.582288,2.1359744,1.8696405,1.7085184,1.6182314,1.5826832,1.596118,1.6606735,1.7872652,2.0005512,2.3528175,2.964998,3.0,3.0,3.0,3.0,4.913353,3.6365356,-0.9506949,-41.811558
515,-1.356993239422685,2.628619,-0.75323975,-0.28179958,0.5199236,0.16031857,-0.4532485,-0.70607585,-5.278482,0.9534594,-2.8973026,0.76165766,0.022082455,-1.5618731,3.0,3.0,3.0,3.0,3.0,3.0,3.0,3.0,3.0,3.0,3.0,3.0,3.0,3.0,3.0,3.0,3.0,3.0,3.0,3.0,2.5328307,2.0825882,1.8150845,1.6529872,1.5610107,1.5225539,1.5313572,1.5888189,1.704573,1.9008127,2.2244997,2.7829661,3.0,3.0,3.0,3.0,4.8539886,4.150716,-0.7426847,-36.96624
520,-1.20929225466304,2.7389522,-0.77354735,-0.21968958,0.50724554,0.15689445,-0.4499738,-0.71805966,-5.307393,0.9890894,-3.0370293,0.77175695,0.0323523,-1.5523254,3.0,3.0,3.0,3.0,3.0,3.0,3.0,3.0,3.0,3.0,3.0,3.0,3.0,3.0,3.0,3.0,3.0,3.0,3.0,3.0,2.4755657,2.0230525,1.7555012,1.5932063,1.5001028,1.4591682,1.4637008,1.5144198,1.6197623,1.7996241,2.0960631,2.6041522,3.0,3.0,3.0,3.0,4.9425077,4.83436,-0.37967223,-19.14824
525,-1.321417197749631,2.850445,-0.7950345,-0.15516604,-0.49514404,-0.15323372,0.4461352,0.72959936,-5.4291015,1.0950711,-3.0975304,0.7563209,0.17168748,-1.4170412,3.0,3.0,3.0,3.0,3.0,3.0,3.0,3.0,3.0,3.0,3.0,3.0,3.0,3.0,3.0,3.0,3.0,3.0,3.0,3.0,2.4086044,1.9567714,1.6909437,1.5296212,1.4362379,1.3935056,1.394386,1.4390192,1.5347797,1.6995139,1.9709504,2.4335685,3.0,3.0,3.0,3.0,-3.2507443,4.9879074,-0.44266438,25.148743
530,-1.2693543633586801,2.966721,-0.8204639,-0.091327906,-0.48610836,-0.14885516,0.44004953,0.74020076,-5.6854444,1.3077619,-3.037785,0.8199881,0.41318023,-1.1863713,3.0,3.0,3.0,3.0,3.0,3.0,3.0,3.0,3.0,3.0,3.0,3.0,3.0,3.0,3.0,3.0,3.0,3.0,3.0,3.0,2.335626,1.8889318,1.6271719,1.4683133,1.3757991,1.3323346,1.3307276,1.370723,1.4588985,1.6115302,1.8630528,2.2900608,3.0,3.0,3.0,3.0,-3.507454,4.9879436,-0.8251194,-11.437584
535,-1.295024790913912,3.0884128,-0.8505024,-0.028987227,-0.47757173,-0.14440584,0.43336767,0.7505096,-5.943593,1.5313799,-2.9611788,0.8278536,0.41557503,-1.1760986,3.0,3.0,3.0,3.0,3.0,3.0,3.0,3.0,3.0,3.0,3.0,3.0,3.0,3.0,3.0,3.0,3.0,3.0,3.0,3.0,2.2618213,1.8213227,1.5642136,1.4082099,1.3168858,1.2730094,1.2692856,1.3051232,1.3863922,1.5279638,1.7613405,2.1561844,2.8924873,3.0,3.0,3.0,-1.1815958,4.993128,-0.68932986,5.8840256
540,-1.6354648163946985,3.2153375,-0.8852029,0.031683847,-0.46917757,-0.13989115,0.42652056,0.76051503,-6.188602,1.7539251,-2.8801484,0.76863146,0.47723374,-1.0977957,3.0,3.0,3.0,3.0,3.0,3.0,3.0,3.0,3.0,3.0,3.0,3.0,3.0,3.0,3.0,3.0,3.0,3.0,3.0,3.0,2.186178,1.753101,1.5013111,1.3485949,1.2587957,1.2148161,1.2093096,1.241402,1.3163307,1.4476984,1.6643711,2.0298486,2.7063687,3.0,3.0,3.0,-3.9987824,4.998952,-0.6200414,34.221176
545,-1.7360031605859538,3.34724,-0.9245528,0.09057545,-0.46147037,-0.13501418,0.41960752,0.76989985,-6.424999,1.9787234,-2.7903585,0.775695,0.478263,-1.0886399,3.0,3.0,3.0,3.0,3.0,3.0,3.0,3.0,3.0,3.0,3.0,3.0,3.0,3.0,3.0,3.0,3.0,3.0,3.0,2.929023,2.1043575,1.6819181,1.437094,1.2886678,1.2011098,1.1576291,1.1509353,1.179965,1.249443,1.3719076,1.5740104,1.9141549,2.540301,3.0,3.0,3.0,-4.0985966,4.999591,-0.67175025,37.48944
550,-1.7833569839451175,3.4839299,-0.9685849,0.14751525,-0.45372894,-0.13017537,0.41252932,0.7791046,-6.6503963,2.203364,-2.6940877,0.7827956,0.47888154,-1.0795339,3.0,3.0,3.0,3.0,3.0,3.0,3.0,3.0,3.0,3.0,3.0,3.0,3.0,3.0,3.0,3.0,3.0,3.0,3.0,2.8317807,2.0228653,1.6114962,1.3738537,1.2298588,1.1446654,1.1018195,1.09411,1.1203113,1.1846771,1.2987574,1.4871514,1.803573,2.3830144,3.0,3.0,3.0,-3.913008,4.999901,-0.84160864,35.80442
555,-1.8243946706738845,3.6251776,-1.01729,0.20236956,-0.44595432,-0.1253778,0.40528947,0.7881279,-6.864747,2.4273858,-2.591444,0.7899209,0.47909218,-1.0704871,3.0,3.0,3.0,3.0,3.0,3.0,3.0,3.0,3.0,3.0,3.0,3.0,3.0,3.0,3.0,3.0,3.0,3.0,3.0,2.73427,1.9420544,1.5421071,1.311811,1.1723546,1.0896261,1.0475345,1.0389682,1.0625645,1.1221458,1.2283455,1.4038625,1.6980977,2.2342637,3.0,3.0,3.0,-4.259068,4.999446,-0.7199383,33.81626
560,-1.9500592050953989,3.7707424,-1.0706398,0.25501898,-0.4383762,-0.12050662,0.39792994,0.7968414,-7.0672083,2.6495569,-2.4834979,0.77105975,0.50331056,-1.0319582,3.0,3.0,3.0,3.0,3.0,3.0,3.0,3.0,3.0,3.0,3.0,3.0,3.0,3.0,3.0,3.0,3.0,3.0,3.0,2.63315,1.8605244,1.4730548,1.250605,1.1159858,1.0359496,0.9948298,0.985655,1.0069644,1.0622033,1.1611841,1.3249006,1.5989157,2.0961246,3.0,3.0,3.0,-4.7524757,4.9999247,-0.57036114,40.862167
565,-1.9886550627960666,3.92029,-1.1285042,0.30545962,-0.43286893,-0.11542111,0.38906425,0.8049419,-7.253029,2.8645508,-2.3760858,0.85562223,0.6797963,-0.8074159,3.0,3.0,3.0,3.0,3.0,3.0,3.0,3.0,3.0,3.0,3.0,3.0,3.0,3.0,3.0,3.0,3.0,3.0,3.0,2.5271196,1.7794776,1.4061869,1.1922994,1.0629205,0.98589486,0.9460823,0.9367173,0.956308,1.008018,1.1010058,1.254897,1.5122117,1.9778665,2.9891324,3.0,3.0,-4.694672,4.9999323,-0.8223229,39.592934
570,-1.9495986218012897,4.0736785,-1.1909133,0.3534444,-0.42780995,-0.110338636,0.3797348,0.81277645,-7.434252,3.082538,-2.253775,0.8603084,0.67726207,-0.8000575,3.0,3.0,3.0,3.0,3.0,3.0,3.0,3.0,3.0,3.0,3.0,3.0,3.0,3.0,3.0,3.0,3.0,3.0,3.0,2.4222887,1.7006518,1.3417046,1.1363828,1.0122361,0.9382437,0.89980966,0.8903899,0.90848315,0.95700836,1.0445385,1.1894718,1.4316117,1.8688318,2.8136098,3.0,3.0,-4.9345417,4.99992,-0.8295586,30.502647
575,-1.8350223472595433,4.2307043,-1.2578158,0.39879313,-0.42271125,-0.10530656,0.37029356,0.8204318,-7.60443,3.2966292,-2.124464,0.8649926,0.6744786,-0.79283214,3.0,3.0,3.0,3.0,3.0,3.0,3.0,3.0,3.0,3.0,3.0,3.0,3.0,3.0,3.0,3.0,3.0,3.0,3.0,2.3203807,1.624605,1.279751,1.082805,0.9637703,0.8927541,0.855701,0.8462906,0.8630221,0.90859246,0.9910344,1.127611,1.3556222,1.7664943,2.6502924,3.0,3.0,-4.912284,4.9994717,-0.7806019,13.466015
580,-2.0179414211787603,4.391138,-1.3291259,0.4413631,-0.41757318,-0.10032676,0.3607438,0.8279077,-7.763616,3.5064628,-1.9884055,0.8696682,0.67145026,-0.78574437,3.0,3.0,3.0,3.0,3.0,3.0,3.0,3.0,3.0,3.0,3.0,3.0,3.0,3.0,3.0,3.0,3.0,3.0,3.0,2.2223516,1.5519637,1.2207955,1.031947,0.91785043,0.84972,0.8140299,0.8046813,0.82018286,0.8630313,0.94076383,1.0696013,1.2845507,1.6711702,2.499361,3.0,3.0,-4.950834,4.9998837,-0.55081415,28.274635
585,-2.060696546298347,4.554733,-1.4047296,0.48104656,-0.4128733,-0.09525675,0.35101372,0.83501565,-7.909633,3.7091908,-1.8494079,0.8477138,0.7407706,-0.67545354,3.0,3.0,3.0,3.0,3.0,3.0,3.0,3.0,3.0,3.0,3.0,3.0,3.0,3.0,3.0,3.0,3.0,3.0,3.0,2.1248376,1.4815533,1.1644131,0.9837271,0.8745882,0.8093844,0.7751467,0.76601857,0.78054327,0.82105905,0.89468414,1.0167505,1.2203245,1.5860827,2.3676643,3.0,3.0,-4.167506,4.997588,-0.92821604,29.000877
590,-1.861147806392733,4.720764,-1.483958,0.51852924,-0.41550177,-0.089847475,0.3361457,0.84041166,-8.004568,3.860438,-1.771189,1.3792396,1.4588207,0.40295726,3.0,3.0,3.0,3.0,3.0,3.0,3.0,3.0,3.0,3.0,3.0,3.0,3.0,3.0,3.0,3.0,3.0,3.0,3.0,2.0276916,1.4187602,1.1172016,0.94504607,0.84100467,0.77891946,0.74649316,0.7381919,0.7526919,0.79232985,0.8640891,0.98298264,1.181439,1.5388864,2.3069582,3.0,3.0,-2.572041,4.9999113,-0.9341569,1.137825
595,-2.00007324820959,4.887763,-1.5652022,0.55588365,-0.4278019,-0.084766544,0.31345263,0.8435328,-8.0274,3.9299996,-1.7984115,1.6296116,1.738264,1.2232488,3.0,3.0,3.0,3.0,3.0,3.0,3.0,3.0,3.0,3.0,3.0,3.0,3.0,3.0,3.0,3.0,3.0,3.0,3.0,1.9504056,1.3736719,1.0856365,0.92057824,0.8207331,0.76129514,0.73058426,0.7233824,0.7385424,0.7785124,0.85037285,0.96929497,1.1681511,1.5280735,2.3100035,3.0,3.0,-2.910324,4.9999514,-0.86752397,16.161839
600,-2.055244584785669,5.054877,-1.6474648,0.59432685,-0.44461185,-0.08058463,0.2883553,0.8442024,-8.008432,3.9505587,-1.8928276,1.7365816,1.8898804,1.4019765,3.0,3.0,3.0,3.0,3.0,3.0,3.0,3.0,3.0,3.0,3.0,3.0,3.0,3.0,3.0,3.0,3.0,3.0,3.0,1.8823855,1.3339281,1.0578516,0.8990898,0.8029775,0.7459045,0.7167388,0.7105453,0.72633827,0.76667374,0.8387355,0.95787305,1.1574509,1.5204405,2.317729,3.0,3.0,-1.0980034,4.9999514,-0.8437903,21.594917
605,-2.0803260596848183,5.2215986,-1.7301115,0.63457865,-0.46368763,-0.07639551,0.26097336,0.84323806,-8.01237,3.99149,-1.9266472,1.8869984,1.9971541,2.0069642,3.0,3.0,3.0,3.0,3.0,3.0,3.0,3.0,3.0,3.0,3.0,3.0,3.0,3.0,3.0,3.0,3.0,3.0,3.0,1.825363,1.2998843,1.033712,0.88021815,0.78724205,0.732152,0.70426726,0.6988847,0.7151485,0.75569576,0.8277807,0.94687194,1.1466846,1.5115972,2.3205972,3.0,3.0,2.8755455,4.9998837,-0.8938303,22.559402
610,-2.2687179773870456,5.3881097,-1.8132731,0.6760574,-0.4851715,-0.07311454,0.23281662,0.8396781,-7.9841614,3.996192,-2.0210888,1.9414437,2.0883567,2.1555233,3.0,3.0,3.0,3.0,3.0,3.0,3.0,3.0,3.0,3.0,3.0,3.0,3.0,3.0,3.0,3.0,3.0,3.0,3.0,1.7821282,1.270881,1.0114534,0.8617298,0.77102375,0.7173142,0.690206,0.6851314,0.7012834,0.74128276,0.8122951,0.929592,1.1264864,1.486506,2.286861,3.0,3.0,4.793315,4.999943,-0.6062226,41.333305
615,-2.3141210340541267,5.5541162,-1.8965675,0.7191756,0.5082602,0.06961714,-0.20201279,-0.83427566,-7.9747524,4.013767,-2.0551856,2.103291,2.2790868,2.3386958,3.0,3.0,3.0,3.0,3.0,3.0,3.0,3.0,3.0,3.0,3.0,3.0,3.0,3.0,3.0,3.0,3.0,3.0,3.0,1.7700282,1.2576126,0.9988097,0.8497582,0.7594962,0.7059589,0.6787374,0.6732336,0.688572,0.7272375,0.7961331,0.9099916,1.1008837,1.4488323,2.2168567,3.0,3.0,4.780488,4.999483,0.97400665,44.662994
620,-2.3273046676703384,5.7212367,-1.9812628,0.7591226,0.5313153,0.0653482,-0.16989218,-0.82738763,-8.0510845,4.0962963,-1.8242859,2.0584466,2.331688,2.30056,3.0,3.0,3.0,3.0,3.0,3.0,3.0,3.0,3.0,3.0,3.0,3.0,3.0,3.0,3.0,3.0,3.0,3.0,3.0,1.8224435,1.2817161,1.012158,0.8578151,0.7644698,0.70887095,0.6800738,0.6731808,0.6870936,0.7240581,0.7906142,0.90078515,1.0849344,1.4178745,2.1394138,3.0,3.0,4.7351475,4.9988403,0.98883986,44.507828
625,-2.324199962587163,5.8897457,-2.0673556,0.79414123,0.5533271,0.06020391,-0.13765007,-0.8193028,-8.111027,4.1532135,-1.5842015,2.0084655,2.3818433,2.2671044,3.0,3.0,3.0,3.0,3.0,3.0,3.0,3.0,3.0,3.0,3.0,3.0,3.0,3.0,3.0,3.0,3.0,3.0,3.0,1.9870269,1.3689752,1.0689616,0.8992184,0.7968911,0.73553884,0.7027855,0.6929831,0.70456374,0.73938566,0.8035122,0.9100974,1.0873764,1.4033843,2.0668385,3.0,3.0,4.91144,4.995083,0.8949976,43.247353
630,-2.312566023054285,6.059278,-2.1543264,0.8240641,0.5742899,0.05420085,-0.10537705,-0.8100302,-8.152679,4.1856875,-1.3368574,1.9538484,2.4290738,2.238438,3.0,3.0,3.0,3.0,3.0,3.0,3.0,3.0,3.0,3.0,3.0,3.0,3.0,3.0,3.0,3.0,3.0,3.0,3.0,2.404299,1.586403,1.2111832,1.0041829,0.88045835,0.80567205,0.76399195,0.74802256,0.75518316,0.786614,0.8476487,0.95025337,1.1198301,1.4154258,2.0058446,3.0,3.0,4.4544516,4.9754887,0.9496279,41.76986
635,-2.236237406241644,6.229431,-2.241683,0.8487644,0.5942005,0.0473592,-0.07316161,-0.7995813,-8.17435,4.195088,-1.0842121,1.8951243,2.472941,2.214623,3.0,3.0,3.0,3.0,3.0,3.0,3.0,3.0,3.0,3.0,3.0,3.0,3.0,3.0,3.0,3.0,3.0,3.0,3.0,3.0,2.166726,1.5696824,1.2606204,1.0806768,0.9715192,0.9074326,0.8762548,0.8727865,0.89647716,0.95119786,1.0469109,1.2047418,1.4712486,1.9658569,3.0,3.0,4.6815357,4.9771986,0.99834085,34.221733
640,-2.0803877553863517,6.3997693,-2.3289635,0.8681564,0.61305773,0.039702553,-0.041090082,-0.78796923,-8.174562,4.182964,-0.8282379,1.8328451,2.5130484,2.1956787,3.0,3.0,3.0,3.0,3.0,3.0,3.0,3.0,3.0,3.0,3.0,3.0,3.0,3.0,3.0,3.0,3.0,3.0,3.0,3.0,3.0,2.8560505,2.0737104,1.6675874,1.4308416,1.2872089,1.2030003,1.1622797,1.1582668,1.1903243,1.2636967,1.3917749,1.6029409,1.9598458,2.6237657,3.0,4.9866486,3.5445995,0.99926627,19.163559
645,-2.0584407058952108,6.5698304,-2.415741,0.8821953,0.6308628,0.031257767,-0.009246334,-0.7752094,-8.152067,4.1510267,-0.57090247,1.7675788,2.549045,2.1815805,3.0,3.0,3.0,3.0,3.0,3.0,3.0,3.0,3.0,3.0,3.0,3.0,3.0,3.0,3.0,3.0,3.0,3.0,3.0,3.0,3.0,3.0,3.0,3.0,3.0,3.0,2.5297434,2.1907206,1.9850132,1.8664649,1.8132687,1.8166902,1.8772726,2.0050592,2.2240255,2.584848,4.999961,-4.287193,0.99030566,-18.157026
650,-2.252427030937498,6.7391276,-2.5016253,0.8908771,0.64761865,0.022054752,0.022288399,-0.76131916,-8.105838,4.1011267,-0.31415084,1.6999052,2.5806265,2.1722622,1.7473592,1.7478094,1.8030591,1.9222282,2.1274817,2.4656835,3.0,3.0,3.0,3.0,3.0,3.0,3.0,3.0,3.0,3.0,3.0,3.0,3.0,3.0,3.0,3.0,3.0,3.0,3.0,3.0,3.0,3.0,3.0,3.0,3.0,3.0,2.4584327,2.123099,1.9195902,1.8016368,4.999998,-4.990741,0.9872304,-40.073868
655,-2.2696797910183566,6.907156,-2.5862668,0.89423794,0.66333055,0.012126296,0.053435694,-0.74631774,-8.035082,4.0352354,-0.059888594,1.6304088,2.6075351,2.1676188,1.1884555,1.071596,1.0034194,0.9711415,0.9694126,0.9979585,1.0614672,1.1716272,1.3531767,1.6610314,2.238254,3.0,3.0,3.0,3.0,3.0,3.0,3.0,3.0,3.0,3.0,3.0,3.0,3.0,3.0,3.0,3.0,3.0,3.0,3.0,3.0,3.0,3.0,2.3381941,1.7100575,1.3810196,5.0,-4.923713,0.9990802,-44.39214
660,-2.2349776126572474,7.0733976,-2.6693578,0.8923528,0.6780052,0.0015078697,0.08412011,-0.73022634,-7.9392314,3.955423,0.19003342,1.559675,2.6295617,2.167508,0.9258384,0.7945511,0.7148977,0.66821295,0.64566743,0.64350814,0.6613923,0.7022463,0.77353036,0.8910543,1.0897299,1.4594951,2.3155658,3.0,3.0,3.0,3.0,3.0,3.0,3.0,3.0,3.0,3.0,3.0,3.0,3.0,3.0,3.0,3.0,3.0,3.0,3.0,3.0,2.671919,1.5844687,1.150995,4.999941,-4.421729,0.9998386,-44.040844
665,-2.197982323814281,7.2373247,-2.7506356,0.8853347,0.6916512,-0.009762574,0.114269346,-0.7130678,-7.817949,3.863838,0.43383345,1.4882838,2.646545,2.1717527,0.79547876,0.6643423,0.5855982,0.53816193,0.5122326,0.5032759,0.50985235,0.5330128,0.5767352,0.6497791,0.77082574,0.9840414,1.4199554,2.6962943,3.0,3.0,3.0,3.0,3.0,3.0,3.0,3.0,3.0,3.0,3.0,3.0,3.0,3.0,3.0,3.0,3.0,3.0,3.0,3.0,1.526885,1.030116,5.0,-4.1524634,0.99998236,-43.96407
670,-2.1533986325318324,7.398406,-2.829882,0.8733323,0.7042788,-0.021644803,0.14381434,-0.6948671,-7.6711173,3.7626865,0.66981167,1.4168056,2.6583717,2.1801448,0.7343467,0.60355324,0.5258696,0.47879195,0.45205772,0.44083738,0.44330385,0.459849,0.49324507,0.5498882,0.6433113,0.80441993,1.1185251,1.9313513,3.0,3.0,3.0,3.0,3.0,3.0,3.0,3.0,3.0,3.0,3.0,3.0,3.0,3.0,3.0,3.0,3.0,3.0,3.0,3.0,1.5205666,0.97534484,5.0,-3.4733505,0.9991696,-43.66426
675,-2.115626854125877,7.55611,-2.9069254,0.85652906,0.7158996,-0.0340965,0.17268945,-0.6756505,-7.4988375,3.654214,0.8963617,1.3457963,2.6649761,2.1924467,0.71314013,0.5805609,0.5024219,0.45500675,0.42764243,0.4152852,0.41590422,0.42959768,0.4586333,0.5084471,0.5905296,0.7306926,0.9978539,1.6521086,3.0,3.0,3.0,3.0,3.0,3.0,3.0,3.0,3.0,3.0,3.0,3.0,3.0,3.0,3.0,3.0,3.0,3.0,3.0,3.0,1.5503706,0.96207577,4.9999895,-3.7101078,0.99986696,-44.46028
680,-2.0674199847186374,7.7099094,-2.9816425,0.83514017,0.72652656,-0.047073483,0.20083249,-0.65544605,-7.301418,3.5406833,1.111981,1.2757936,2.6663382,2.208395,0.71643287,0.5800634,0.50007164,0.4515249,0.42329335,0.41011217,0.4098027,0.42231593,0.449712,0.49705973,0.57508034,0.70765936,0.95749277,1.5529252,3.0,3.0,3.0,3.0,3.0,3.0,3.0,3.0,3.0,3.0,3.0,3.0,3.0,3.0,3.0,3.0,3.0,3.0,3.0,3.0,1.6037456,0.9753737,5.0,-4.322001,0.99999857,-44.625786
685,-2.0074205181328537,7.8592873,-3.0539553,0.80941105,0.736174,-0.060529895,0.22818483,-0.6342836,-7.079367,3.4243584,1.3152794,1.207312,2.662483,2.2277038,0.73535,0.5937628,0.5109134,0.46063572,0.4312976,0.41739583,0.41662592,0.4288657,0.45612505,0.5034193,0.58136356,0.713517,0.96122587,1.544263,3.0,3.0,3.0,3.0,3.0,3.0,3.0,3.0,3.0,3.0,3.0,3.0,3.0,3.0,3.0,3.0,3.0,3.0,3.0,3.0,1.6708701,1.0057335,4.999838,-3.4963326,0.99699616,-44.15776
690,-1.9564016318879784,8.003738,-3.1238344,0.77961445,0.7448573,-0.07441842,0.25469154,-0.6121942,-6.8333845,3.3074858,1.5049865,1.1408403,2.6534781,2.250067,0.7644296,0.6167695,0.5304269,0.4780313,0.44742912,0.43287057,0.43194026,0.4444906,0.4725809,0.5213715,0.60178655,0.7380461,0.9930782,1.591305,3.0,3.0,3.0,3.0,3.0,3.0,3.0,3.0,3.0,3.0,3.0,3.0,3.0,3.0,3.0,3.0,3.0,3.0,3.0,3.0,1.7443725,1.0468676,4.999981,-4.7822847,0.99998736,-44.80386
695,-1.8940718023293182,8.142776,-3.1912956,0.746048,0.75259304,-0.08869047,0.28030133,-0.58921033,-6.564348,3.192278,1.6799581,1.076838,2.6394324,2.2751632,0.80012363,0.64600986,0.55583745,0.50111604,0.4691816,0.45404282,0.45319,0.46648782,0.49611962,0.5475364,0.6322753,0.77593935,1.0451798,1.678656,3.0,3.0,3.0,3.0,3.0,3.0,3.0,3.0,3.0,3.0,3.0,3.0,3.0,3.0,3.0,3.0,3.0,3.0,3.0,3.0,1.8189048,1.0944812,4.997573,-4.9039607,0.9999981,-44.779285
700,-1.8301261243878144,8.27593,-3.2564008,0.7090315,0.7593987,-0.10329641,0.30496672,-0.5653661,-6.2733006,3.0808969,1.8391804,1.0157325,2.6204937,2.3026567,0.8400218,0.67944735,0.5853417,0.5282301,0.49497506,0.47936177,0.47880676,0.49322203,0.5249786,0.57993966,0.6705099,0.8242855,1.1134866,1.7995317,3.0,3.0,3.0,3.0,3.0,3.0,3.0,3.0,3.0,3.0,3.0,3.0,3.0,3.0,3.0,3.0,3.0,3.0,3.0,3.0,1.8907114,1.1455604,4.9999914,-4.921709,0.99996996,-44.933414
705,-1.760252812864583,8.40276,-3.3192565,0.6689045,0.76529247,-0.11818573,0.32864392,-0.5406965,-5.96144,2.9754405,1.9817741,0.95791656,2.5968447,2.3322024,0.8824221,0.71567017,0.6177099,0.55825835,0.52376306,0.5078144,0.5077811,0.5236578,0.55806315,0.6173855,0.71513355,0.8814773,1.1960176,1.951782,3.0,3.0,3.0,3.0,3.0,3.0,3.0,3.0,3.0,3.0,3.0,3.0,3.0,3.0,3.0,3.0,3.0,3.0,3.0,3.0,1.9572535,1.1979431,4.998085,-4.84855,0.99999857,-44.793083
710,-1.6892323893775396,8.522845,-3.380011,0.62602276,0.7702936,-0.13330726,0.351293,-0.51523805,-5.6301036,2.8779287,2.106996,0.90374655,2.568703,2.3634486,0.9260817,0.75365925,0.65206695,0.5904188,0.55482244,0.538712,0.5394388,0.5571182,0.59467685,0.65914124,0.76536363,0.94668996,1.2920563,2.1363332,3.0,3.0,3.0,3.0,3.0,3.0,3.0,3.0,3.0,3.0,3.0,3.0,3.0,3.0,3.0,3.0,3.0,3.0,3.0,3.0,2.0169024,1.250051,4.999753,-4.9162855,0.9999976,-44.778313
715,-1.5908599822343081,8.635801,-3.4388545,0.580756,0.7744217,-0.14860938,0.37287778,-0.48902804,-5.2807546,2.7902899,2.2142408,0.85354054,2.5363157,2.3960395,0.9700658,0.79265213,0.68776536,0.6241408,0.5876343,0.57156956,0.5733162,0.5931514,0.63437414,0.704768,0.8207865,1.0196154,1.401777,2.3566961,3.0,3.0,3.0,3.0,3.0,3.0,3.0,3.0,3.0,3.0,3.0,3.0,3.0,3.0,3.0,3.0,3.0,3.0,3.0,3.0,2.0687017,1.3007176,4.9999056,-4.9688597,0.9873333,-42.21248
720,-1.4636398605602259,8.74127,-3.4960153,0.53348494,0.7776972,-0.16404016,0.39336598,-0.46210504,-4.9149685,2.7143507,2.30304,0.80757725,2.4999576,2.4296186,1.0136527,0.8320584,0.7243076,0.6589919,0.6218123,0.6060346,0.6090866,0.63145286,0.676875,0.7540247,0.8812444,1.1003251,1.5260848,2.6190987,3.0,3.0,3.0,3.0,3.0,3.0,3.0,3.0,3.0,3.0,3.0,3.0,3.0,3.0,3.0,3.0,3.0,3.0,3.0,3.0,2.112185,1.3490752,4.997349,-4.175693,0.99999714,-36.990547
725,-1.4356538726967798,8.838932,-3.551759,0.4845982,0.780141,-0.17954756,0.41272894,-0.4345084,-4.5344186,2.6518245,2.3730614,0.766095,2.459928,2.4638317,1.0562732,0.87140685,0.761298,0.69463205,0.65705854,0.6418426,0.64651483,0.67181814,0.72201437,0.80681145,0.9467725,1.1892017,1.6665828,2.933166,3.0,3.0,3.0,3.0,3.0,3.0,3.0,3.0,3.0,3.0,3.0,3.0,3.0,3.0,3.0,3.0,3.0,3.0,3.0,3.0,2.1472387,1.3944782,4.907365,-0.5029578,0.9999671,-42.09538
730,-1.3610407984484116,8.9285,-3.606385,0.4344896,0.7817742,-0.19507964,0.43094182,-0.40627837,-4.1408634,2.6043015,2.4241068,0.7292911,2.416547,2.4983292,1.0974708,0.9103108,0.798411,0.73078406,0.6931347,0.67878884,0.6854288,0.7141123,0.76970994,0.8631359,1.017564,1.2869151,1.8256347,3.0,3.0,3.0,3.0,3.0,3.0,3.0,3.0,3.0,3.0,3.0,3.0,3.0,3.0,3.0,3.0,3.0,3.0,3.0,3.0,3.0,2.173999,1.4364511,4.9997616,2.0429845,0.99997246,-42.292355
735,-1.2964954440072194,9.009726,-3.6602244,0.38355565,0.78261864,-0.2105847,0.4479835,-0.37745592,-3.7361295,2.5732403,2.4561083,0.6973219,2.3701534,2.532769,1.1368738,0.9484449,0.8353704,0.7672138,0.729843,0.7167091,0.7256998,0.7582506,0.8199421,0.923093,1.0939547,1.394428,2.00652,3.0,3.0,3.0,3.0,3.0,3.0,3.0,3.0,3.0,3.0,3.0,3.0,3.0,3.0,3.0,3.0,3.0,3.0,3.0,3.0,3.0,2.1927755,1.4746515,4.524227,3.8035793,0.9997823,-43.545185
740,-1.0068588234243125,9.0824,-3.7136369,0.33219248,0.782696,-0.22601146,0.4638365,-0.34808263,-3.3221028,2.559959,2.4691246,0.6703028,2.3210995,2.566819,1.1741782,0.98553026,0.8719351,0.8037169,0.76701283,0.7554667,0.7672292,0.80418503,0.87274086,0.98685414,1.176419,1.5130297,2.213702,3.0,3.0,3.0,3.0,3.0,3.0,3.0,3.0,3.0,3.0,3.0,3.0,3.0,3.0,3.0,3.0,3.0,3.0,3.0,3.0,3.0,2.203993,1.508843,4.805538,4.8374023,0.99997735,-21.69137
745,-0.8311107112910906,9.146354,-3.7670078,0.2807936,0.7820284,-0.24130917,0.4784869,-0.31820083,-2.9007142,2.5656269,2.4633362,0.6483088,2.26975,2.600159,1.2091341,1.0213233,0.90788966,0.84010893,0.80449164,0.7949432,0.80993974,0.851895,0.92817724,1.0546614,1.2655776,1.6443956,2.4532554,3.0,3.0,3.0,3.0,3.0,3.0,3.0,3.0,3.0,3.0,3.0,3.0,3.0,3.0,3.0,3.0,3.0,3.0,3.0,3.0,3.0,2.2081497,1.5388751,4.9712906,4.8872623,0.99992204,-10.821991
750,-0.9163474759504372,9.201458,-3.8207448,0.22974728,0.7806381,-0.25642788,0.4919243,-0.28785315,-2.4739296,2.5912561,2.4390397,0.6313751,2.2164779,2.6324825,1.2415371,1.0556093,0.94303745,0.8762195,0.8421386,0.8350317,0.85376793,0.90138096,0.9863583,1.1268276,1.3622133,1.7906822,2.7335458,3.0,3.0,3.0,3.0,3.0,3.0,3.0,3.0,3.0,3.0,3.0,3.0,3.0,3.0,3.0,3.0,3.0,3.0,3.0,3.0,3.0,2.2057836,1.5646687,4.689789,4.9986343,0.9999101,28.237526
755,-0.8485176774687355,9.247625,-3.8752744,0.17943414,0.7785472,-0.27131847,0.5041418,-0.25708273,-2.043742,2.6376941,2.396643,0.6194982,2.161661,2.6635,1.2712219,1.0881971,0.9771964,0.9118873,0.8798191,0.8756315,0.8986596,0.9526594,1.0474238,1.2037392,1.4672989,1.954666,3.0,3.0,3.0,3.0,3.0,3.0,3.0,3.0,3.0,3.0,3.0,3.0,3.0,3.0,3.0,3.0,3.0,3.0,3.0,3.0,3.0,3.0,2.1974504,1.5862024,4.992262,4.9937305,0.9984648,-28.929419
760,-0.734022940881948,9.285027,-3.9309962,0.13030249,0.77573985,-0.28705722,0.51454014,-0.22599612,-1.6383415,2.7004676,2.32737,0.35877347,2.059468,2.8564365,1.3008695,1.1205771,1.0111601,0.94743663,0.91749364,0.9163759,0.943906,1.0046116,1.1096973,1.2828691,1.576854,2.1295788,3.0,3.0,3.0,3.0,3.0,3.0,3.0,3.0,3.0,3.0,3.0,3.0,3.0,3.0,3.0,3.0,3.0,3.0,3.0,3.0,3.0,3.0,2.1941772,1.6085474,3.5586681,4.99831,0.9995707,24.286118
765,-0.5845766640127129,9.314631,-3.9881487,0.08302606,0.77218485,-0.30411997,0.52282155,-0.19467722,-1.2763381,2.775137,2.228321,0.35889807,2.0037186,2.8795807,1.3308393,1.1527624,1.0447146,0.9824793,0.95461684,0.95655406,0.9885983,1.056064,1.1716188,1.3620383,1.6875942,2.309892,3.0,3.0,3.0,3.0,3.0,3.0,3.0,3.0,3.0,3.0,3.0,3.0,3.0,3.0,3.0,3.0,3.0,3.0,3.0,3.0,3.0,3.0,2.1978931,1.6326568,3.0747614,4.9977674,0.99981666,-14.867104
770,-0.5129556276670324,9.335868,-4.0473685,0.03774185,0.7679468,-0.32075676,0.5298852,-0.16307828,-0.8486619,2.8907518,2.1350508,0.36367533,1.9479864,2.901045,1.356764,1.1821152,1.0762744,1.0161675,0.99093556,0.99647003,1.0336499,1.1087049,1.2360091,1.4459746,1.8080518,2.5139349,3.0,3.0,3.0,3.0,3.0,3.0,3.0,3.0,3.0,3.0,3.0,3.0,3.0,3.0,3.0,3.0,3.0,3.0,3.0,3.0,3.0,3.0,2.1926658,1.6508195,4.1561537,4.9993725,0.7150867,-14.185865
775,-0.7486743730717635,9.349664,-4.1088023,-0.0050525996,0.76305455,-0.33723554,0.5355341,-0.13123707,-0.55891067,2.982114,1.9939381,0.24700043,1.8367857,3.0364025,1.3791121,1.2087595,1.1057695,1.0483029,1.0261532,1.0357393,1.0785875,1.1619633,1.3021903,1.5339113,1.9375682,2.7426426,3.0,3.0,3.0,3.0,3.0,3.0,3.0,3.0,3.0,3.0,3.0,3.0,3.0,3.0,3.0,3.0,3.0,3.0,3.0,3.0,3.0,3.0,2.181489,1.66422,4.942151,4.9969797,0.7035682,42.790054
780,-0.4470141240601587,9.356109,-4.172946,-0.045072727,0.7575262,-0.3544326,0.5391602,-0.09918597,-0.1442943,3.1467552,1.870409,0.2610951,1.7833174,3.0514061,1.3998764,1.2338179,1.1337746,1.0790662,1.060123,1.0739003,1.1225994,1.2145823,1.3682691,1.6229393,2.0714242,2.9878848,3.0,3.0,3.0,3.0,3.0,3.0,3.0,3.0,3.0,3.0,3.0,3.0,3.0,3.0,3.0,3.0,3.0,3.0,3.0,3.0,3.0,3.0,2.1714246,1.6764455,-0.6309204,4.9996862,0.81801426,-17.507551
785,-0.4420627374376585,9.355377,-4.2402067,-0.08208599,0.7514125,-0.37230647,0.54066485,-0.06669854,0.1958111,3.306442,1.7206638,0.19607496,1.6813374,3.1832557,1.4184594,1.2568473,1.1599342,1.108157,1.092584,1.1107236,1.1654863,1.2664037,1.4341613,1.7131519,2.2102811,3.0,3.0,3.0,3.0,3.0,3.0,3.0,3.0,3.0,3.0,3.0,3.0,3.0,3.0,3.0,3.0,3.0,3.0,3.0,3.0,3.0,3.0,3.0,2.160619,1.6865737,4.9885254,4.999631,0.9058888,21.966469
790,-0.5071454615234974,9.34639,-4.311734,-0.11607779,0.7446143,-0.3895133,0.54098505,-0.03411938,0.5864889,3.5211823,1.570598,0.21838711,1.6310976,3.1924222,1.4325762,1.2764308,1.1834016,1.1351597,1.1234969,1.1465544,1.2080534,1.3188679,1.5023233,1.8089058,2.362905,3.0,3.0,3.0,3.0,3.0,3.0,3.0,3.0,3.0,3.0,3.0,3.0,3.0,3.0,3.0,3.0,3.0,3.0,3.0,3.0,3.0,3.0,3.0,2.1419225,1.6907827,4.7672443,4.999832,0.9985745,33.804466
795,-0.19932881719706055,9.330222,-4.387523,-0.14669667,0.7371538,-0.40601322,0.5401438,-0.0014920885,0.9002217,3.7188342,1.400978,0.24423666,1.5827279,3.1995878,1.4421563,1.292387,1.2039379,1.1598026,1.1525707,1.181093,1.2500074,1.3717238,1.5726396,1.9105234,2.5312853,3.0,3.0,3.0,3.0,3.0,3.0,3.0,3.0,3.0,3.0,3.0,3.0,3.0,3.0,3.0,3.0,3.0,3.0,3.0,3.0,3.0,3.0,2.9516034,2.1160908,1.6892425,4.923193,4.999461,0.9998405,1.4441605
800,-0.36420174542204964,9.306972,-4.468232,-0.1737474,0.72905326,-0.42176846,0.53816634,0.031140206,1.2573543,3.9804132,1.228751,0.273361,1.5364759,3.2046673,1.4473345,1.304712,1.2214609,1.1819558,1.1796461,1.2141652,1.2911798,1.4248518,1.6451572,2.0186,2.7182126,3.0,3.0,3.0,3.0,3.0,3.0,3.0,3.0,3.0,3.0,3.0,3.0,3.0,3.0,3.0,3.0,3.0,3.0,3.0,3.0,3.0,3.0,2.8517456,2.0841017,1.682356,-1.3156962,4.9999895,0.99996233,-26.159145
805,-0.4699430289280425,9.278396,-4.553053,-0.19693434,0.72033525,-0.43674922,0.5350758,0.06372724,1.4285322,4.1164637,1.0340458,0.30174714,1.489162,3.2073116,1.4481376,1.3132982,1.2357805,1.2013723,1.2044328,1.2454481,1.33123,1.4779308,1.7196915,2.13352,2.9267416,3.0,3.0,3.0,3.0,3.0,3.0,3.0,3.0,3.0,3.0,3.0,3.0,3.0,3.0,3.0,3.0,3.0,3.0,3.0,3.0,3.0,3.0,2.7497268,2.0467083,1.6703951,-1.0947161,4.999999,0.9982331,-38.139645
810,-0.3872586468372168,9.24728,-4.6399937,-0.2159591,0.71271473,-0.45074186,0.5290661,0.0946497,1.5452523,4.2217374,0.83294463,0.37884003,0.89896536,3.1033697,1.4484816,1.3204087,1.247983,1.2181785,1.2261513,1.2731687,1.3671316,1.5261347,1.7884854,2.2420242,3.0,3.0,3.0,3.0,3.0,3.0,3.0,3.0,3.0,3.0,3.0,3.0,3.0,3.0,3.0,3.0,3.0,3.0,3.0,3.0,3.0,3.0,3.0,2.6675756,2.0153427,1.6599213,-2.0612292,4.9999924,0.9976282,30.742012
815,-0.2411026910676945,9.213245,-4.7298803,-0.23081195,0.7085778,-0.46343777,0.5179612,0.12189787,1.6948884,4.380954,0.6331404,0.46644613,0.36299103,2.995327,1.4531157,1.3287892,1.259308,1.2323147,1.2434428,1.2944638,1.3940198,1.5615658,1.8383768,2.320156,3.0,3.0,3.0,3.0,3.0,3.0,3.0,3.0,3.0,3.0,3.0,3.0,3.0,3.0,3.0,3.0,3.0,3.0,3.0,3.0,3.0,3.0,3.0,2.62829,2.0029573,1.6587099,-2.8996763,4.999995,0.9999249,16.436523
820,-0.26220937354645174,9.177366,-4.8217406,-0.24145272,0.70481753,-0.47536153,0.50528175,0.148169,1.7397981,4.4285684,0.42933252,0.4831984,0.34801462,2.9839768,1.4551733,1.3341383,1.2672393,1.2426845,1.2565161,1.3109397,1.4152393,1.5900592,1.8793052,2.3857937,3.0,3.0,3.0,3.0,3.0,3.0,3.0,3.0,3.0,3.0,3.0,3.0,3.0,3.0,3.0,3.0,3.0,3.0,3.0,3.0,3.0,3.0,3.0,2.5936184,1.990434,1.6556867,-4.517082,4.999996,0.9996004,17.83319
825,-0.5108676927140728,9.140525,-4.914757,-0.24786964,0.7008861,-0.48663148,0.49164158,0.17388816,1.7993606,4.508854,0.22824614,0.56292844,0.079192266,2.9165022,1.4537016,1.3358628,1.2714309,1.2491362,1.2653959,1.3228074,1.43123,1.6123784,1.9125599,2.441226,3.0,3.0,3.0,3.0,3.0,3.0,3.0,3.0,3.0,3.0,3.0,3.0,3.0,3.0,3.0,3.0,3.0,3.0,3.0,3.0,3.0,3.0,3.0,2.5580487,1.9750671,1.6493028,2.3263779,4.999999,0.97219014,-43.222218
830,-0.506215698391351,9.102079,-5.0101547,-0.25014943,0.6996785,-0.49659148,0.47440135,0.19695248,1.8590946,4.6001086,0.029230079,0.65245885,-0.19337897,2.8433506,1.4545642,1.3375881,1.2738503,1.2522284,1.26925,1.3276362,1.4374348,1.6207163,1.9245911,2.4607317,3.0,3.0,3.0,3.0,3.0,3.0,3.0,3.0,3.0,3.0,3.0,3.0,3.0,3.0,3.0,3.0,3.0,3.0,3.0,3.0,3.0,3.0,3.0,2.5497637,1.9722344,1.6488619,-4.9040337,4.999999,0.13140357,41.82704
835,-0.543722628976345,9.062825,-5.106933,-0.24828944,0.69883215,-0.5057415,0.45589533,0.21913156,1.9094882,4.6944137,-0.1666596,0.82652044,-0.59920466,2.7281444,1.4534658,1.3367302,1.2731603,1.251667,1.2687991,1.3272955,1.4372265,1.6207027,1.9249266,2.4618437,3.0,3.0,3.0,3.0,3.0,3.0,3.0,3.0,3.0,3.0,3.0,3.0,3.0,3.0,3.0,3.0,3.0,3.0,3.0,3.0,3.0,3.0,3.0,2.5462468,1.9700936,1.6473856,-3.8475573,4.999999,0.997622,-44.72503
840,-0.4668140902132535,9.022678,-5.205517,-0.2423684,0.70015275,-0.5136151,0.434498,0.23915921,1.9421871,4.7668185,-0.3613229,0.96407616,-0.9004004,2.6375303,1.454591,1.3359839,1.2709671,1.2481493,1.2638608,1.3206105,1.4281292,1.6078922,1.905667,2.429397,3.0,3.0,3.0,3.0,3.0,3.0,3.0,3.0,3.0,3.0,3.0,3.0,3.0,3.0,3.0,3.0,3.0,3.0,3.0,3.0,3.0,3.0,3.0,2.5669892,1.9792789,1.6513742,-3.5758865,4.9999933,0.59064126,35.726807
845,-0.20715527567488834,8.981151,-5.3076305,-0.23264623,0.70639426,-0.5188281,0.40796545,0.25571233,2.0346596,5.0153184,-0.5332325,1.547641,-1.7845666,2.3578312,1.4644542,1.3398687,1.2703928,1.2436928,1.2554531,1.3075465,1.408809,1.5790799,1.8604685,2.3508048,3.0,3.0,3.0,3.0,3.0,3.0,3.0,3.0,3.0,3.0,3.0,3.0,3.0,3.0,3.0,3.0,3.0,3.0,3.0,3.0,3.0,3.0,3.0,2.640816,2.0154104,1.6705458,4.647974,4.999916,0.999457,-1.9452705
850,-0.6077235020392775,8.937967,-5.414594,-0.21941051,0.71842164,-0.5204844,0.37534297,0.2684847,2.0880647,5.1873627,-0.7055559,1.8727062,-2.2315187,2.2225492,1.4892777,1.3530678,1.2751848,1.2414473,1.2463424,1.2906473,1.3817493,1.5369349,1.7927523,2.2320986,3.0,3.0,3.0,3.0,3.0,3.0,3.0,3.0,3.0,3.0,3.0,3.0,3.0,3.0,3.0,3.0,3.0,3.0,3.0,3.0,3.0,3.0,3.0,2.7971828,2.0931714,1.7138859,2.7280116,4.999874,0.56591094,-44.15587
855,-0.6462072556199525,8.893973,-5.5246434,-0.2026505,0.7329012,-0.52061003,0.337862,0.2786939,2.1259747,5.3476753,-0.8679578,2.1773279,-2.8444502,2.1982589,1.5312184,1.3771336,1.286747,1.2429342,1.2383958,1.2724113,1.3505429,1.4870361,1.7120903,2.0923257,2.7989964,3.0,3.0,3.0,3.0,3.0,3.0,3.0,3.0,3.0,3.0,3.0,3.0,3.0,3.0,3.0,3.0,3.0,3.0,3.0,3.0,3.0,3.0,3.0,2.2211099,1.7852038,-1.4092278,4.9991093,0.40861726,44.7865
860,-0.31027118563507927,8.8492985,-5.6382375,-0.18271779,0.74983835,-0.5199991,0.29355156,0.28490505,2.1563497,5.5284204,-1.0128802,2.282127,-3.6473048,2.0773392,1.6057903,1.4220248,1.3117648,1.2526968,1.2346157,1.2546281,1.3159429,1.429216,1.6176057,1.9307728,2.488057,3.0,3.0,3.0,3.0,3.0,3.0,3.0,3.0,3.0,3.0,3.0,3.0,3.0,3.0,3.0,3.0,3.0,3.0,3.0,3.0,3.0,3.0,3.0,2.4506886,1.9107734,4.5337715,4.950876,0.9956534,1.842022
865,-0.6279617842725507,8.80379,-5.758017,-0.16067593,0.76709,-0.51988167,0.24586235,0.28433725,2.1970694,5.8765526,-1.0912467,2.0778685,-4.153677,1.449514,1.7250386,1.4940985,1.3539747,1.2732501,1.2370827,1.2395358,1.2809983,1.3683462,1.5179758,1.7645448,2.1860538,2.991567,3.0,3.0,3.0,3.0,3.0,3.0,3.0,3.0,3.0,3.0,3.0,3.0,3.0,3.0,3.0,3.0,3.0,3.0,3.0,3.0,3.0,3.0,2.8497496,2.116489,-2.897398,4.9897633,-0.89083487,33.939278
870,-0.7865280852931633,8.757989,-5.882522,-0.13641164,0.78497404,-0.5187219,0.19952758,0.2737373,2.200318,6.0817957,-1.1970569,1.9508046,-4.5135574,0.70632875,1.902788,1.5992143,1.4162904,1.306542,1.2477654,1.2298079,1.2497954,1.3109336,1.4238492,1.6116339,1.9238101,2.4794118,3.0,3.0,3.0,3.0,3.0,3.0,3.0,3.0,3.0,3.0,3.0,3.0,3.0,3.0,3.0,3.0,3.0,3.0,3.0,3.0,3.0,3.0,3.0,2.4401329,4.1828346,4.9273663,0.97592044,44.982224
875,-0.8475994635745941,8.712189,-6.0132756,-0.11090423,0.80327517,-0.5167223,0.15298337,0.2536595,2.1941385,6.380919,-1.2505432,1.9178203,-4.973493,-0.18196607,2.18717,1.7608876,1.5121186,1.3611772,1.2727984,1.2302994,1.2266123,1.2611524,1.3395758,1.4762276,1.7014991,2.0825772,2.792971,3.0,3.0,3.0,3.0,3.0,3.0,3.0,3.0,3.0,3.0,3.0,3.0,3.0,3.0,3.0,3.0,3.0,3.0,3.0,3.0,3.0,3.0,3.0,4.99998,4.643367,0.99998164,44.96952
880,-0.9100495940597699,8.666745,-6.150014,-0.084419504,0.8236885,-0.5112055,0.10922554,0.21971795,2.1710966,6.6806393,-1.2848082,2.0946376,-5.36561,-1.5154158,2.680374,2.0219107,1.6637453,1.4508258,1.3218267,1.2487383,1.2183894,1.2258437,1.2722855,1.3655087,1.5234218,1.7839259,2.2337716,3.0,3.0,3.0,3.0,3.0,3.0,3.0,3.0,3.0,3.0,3.0,3.0,3.0,3.0,3.0,3.0,3.0,3.0,3.0,3.0,3.0,3.0,3.0,4.9999065,2.5053787,0.9871335,44.966705
885,-0.9583079606548512,8.621862,-6.2916136,-0.056761943,0.84326494,-0.50082785,0.07142183,0.18158911,2.1400316,6.917233,-1.3318691,2.3167865,-4.307701,-1.8646966,3.0,2.402162,1.8732573,1.5744381,1.3943766,1.2863477,1.2284976,1.2108341,1.2305305,1.2907453,1.4019456,1.5868744,1.8943075,2.441494,3.0,3.0,3.0,3.0,3.0,3.0,3.0,3.0,3.0,3.0,3.0,3.0,3.0,3.0,3.0,3.0,3.0,3.0,3.0,3.0,3.0,3.0,4.9999895,4.8531895,0.8336052,44.997917
890,-1.0078788954840898,8.577726,-6.438803,-0.028664147,0.861859,-0.4835112,0.04526005,0.14617623,2.1033378,7.170376,-1.3529743,2.6743124,-3.2745266,-2.2072253,3.0,2.869631,2.1136868,1.7142013,1.4795265,1.3371036,1.2544622,1.2162457,1.2161484,1.2541548,1.3365334,1.4785792,1.712634,2.110927,2.8640072,3.0,3.0,3.0,3.0,3.0,3.0,3.0,3.0,3.0,3.0,3.0,3.0,3.0,3.0,3.0,3.0,3.0,3.0,3.0,3.0,3.0,4.9999027,4.926218,0.9999994,44.97493
895,-1.075005416022099,8.534439,-6.5921845,-0.0009754805,0.88098574,-0.45889336,0.02925251,0.111468635,2.0612388,7.486819,-1.3112178,3.2310994,-2.2458842,-2.6401675,3.0,3.0,2.389643,1.873599,1.5803417,1.4033307,1.2974298,1.2414653,1.2258353,1.2480438,1.3116612,1.4278266,1.6205932,1.9417405,2.5170043,3.0,3.0,3.0,3.0,3.0,3.0,3.0,3.0,3.0,3.0,3.0,3.0,3.0,3.0,3.0,3.0,3.0,3.0,3.0,3.0,3.0,4.9996386,4.9913235,0.9998107,44.95688
900,-1.0874017761871988,8.491965,-6.7520165,0.025510116,0.9001138,-0.42815053,0.020407602,0.077882804,2.024933,7.7934275,-1.2407937,3.5484924,-1.8349718,-2.7641206,3.0,3.0,2.7090006,2.0586336,1.7017833,1.488928,1.3601326,1.2878609,1.2592121,1.2695454,1.3205044,1.4206979,1.5896093,1.8685406,2.3528996,3.0,3.0,3.0,3.0,3.0,3.0,3.0,3.0,3.0,3.0,3.0,3.0,3.0,3.0,3.0,3.0,3.0,3.0,3.0,3.0,3.0,4.999215,4.995143,1.0,-39.19599
905,-1.2002185244124064,8.4501,-6.917074,0.050940316,0.9175046,-0.39499268,0.012209006,0.04491161,1.9996699,8.025167,-1.1879873,3.5822861,-1.8824426,-2.664127,3.0,3.0,3.0,2.3036125,1.8625872,1.604206,1.4473988,1.356051,1.3130777,1.3113657,1.3506433,1.4373686,1.5875419,1.8350168,2.2550685,3.0,3.0,3.0,3.0,3.0,3.0,3.0,3.0,3.0,3.0,3.0,3.0,3.0,3.0,3.0,3.0,3.0,3.0,3.0,3.0,3.0,4.8398294,4.999201,0.99828935,44.980446
910,-1.2542562530664194,8.408707,-7.087605,0.07417332,0.9325468,-0.360821,0.0027543327,0.012532095,1.9789857,8.288707,-1.0635115,3.5830774,-1.9665314,-2.5582163,3.0,3.0,3.0,2.654861,2.0880535,1.76488,1.5696359,1.4530398,1.3919368,1.3758839,1.4023201,1.4755028,1.6083025,1.8284216,2.1956396,2.8560174,3.0,3.0,3.0,3.0,3.0,3.0,3.0,3.0,3.0,3.0,3.0,3.0,3.0,3.0,3.0,3.0,3.0,3.0,3.0,3.0,4.9911737,4.9952126,0.99995744,44.346413
915,-1.304605104345913,8.367698,-7.263277,0.09452776,0.94520056,-0.32582694,-0.007942748,-0.019226307,1.9615742,8.524119,-0.91647416,3.5701249,-2.056922,-2.4602134,3.0,3.0,3.0,3.0,2.4170113,1.9948657,1.74335,1.5910877,1.5053512,1.4707863,1.4817859,1.5400989,1.6555535,1.8505043,2.1723108,2.7300167,3.0,3.0,3.0,3.0,3.0,3.0,3.0,3.0,3.0,3.0,3.0,3.0,3.0,3.0,3.0,3.0,3.0,3.0,3.0,3.0,-3.9241538,4.991585,0.9999999,43.805023
920,-1.3701124626095225,8.327049,-7.443487,0.11155984,0.9554346,-0.29020038,-0.019857446,-0.050339367,1.9439273,8.730036,-0.74901766,3.5437517,-2.1518083,-2.3712988,3.0,3.0,3.0,3.0,2.9252517,2.3374095,1.9968132,1.7903327,1.6684982,1.6079323,1.5984772,1.6386305,1.7349262,1.9047341,2.1849813,2.6565654,3.0,3.0,3.0,3.0,3.0,3.0,3.0,3.0,3.0,3.0,3.0,3.0,3.0,3.0,3.0,3.0,3.0,3.0,3.0,3.0,-4.915228,4.9960995,0.99998796,44.92328
925,-1.0619353396499676,8.286808,-7.6276083,0.124874294,0.9632269,-0.25412846,-0.032954294,-0.08078769,1.9226166,8.9055805,-0.5635893,3.5044909,-2.2493718,-2.292468,3.0,3.0,3.0,3.0,3.0,2.8810701,2.3839343,2.0872009,1.9077092,1.807207,1.7677894,1.783076,1.8554995,1.997312,2.2361624,2.630688,3.0,3.0,3.0,3.0,3.0,3.0,3.0,3.0,3.0,3.0,3.0,3.0,3.0,3.0,3.0,3.0,3.0,3.0,3.0,3.0,-4.977575,4.9931164,1.0,6.4873314
930,-1.4681446765275288,8.247092,-7.8149996,0.13413541,0.96857494,-0.21779785,-0.047160912,-0.11046488,1.8943572,9.050193,-0.3632094,3.4529402,-2.341818,-2.2147055,3.0,3.0,3.0,3.0,3.0,3.0,3.0,2.5544097,2.272511,2.104229,2.0161886,1.9933546,2.0320842,2.138617,2.3317053,2.651687,3.0,3.0,3.0,3.0,3.0,3.0,3.0,3.0,3.0,3.0,3.0,3.0,3.0,3.0,3.0,3.0,3.0,3.0,3.0,3.0,-4.951692,4.992319,1.0,44.99491
935,-1.43369063505514,8.208087,-8.005023,0.13905701,0.9714731,-0.18138473,-0.06243871,-0.13943115,1.8560315,9.164341,-0.15013991,3.390497,-2.4390516,-2.158467,3.0,3.0,3.0,3.0,3.0,3.0,3.0,3.0,2.8691413,2.5699105,2.3930445,2.304467,2.2892885,2.3450973,2.4809616,2.721307,3.0,3.0,3.0,3.0,3.0,3.0,3.0,3.0,3.0,3.0,3.0,3.0,3.0,3.0,3.0,3.0,3.0,3.0,3.0,3.0,-4.9989243,4.996091,0.9987962,36.995903
940,-1.554079580345849,8.170036,-8.197046,0.139418,0.9719233,-0.14506036,-0.07873019,-0.16770256,1.804781,9.248409,0.07224869,3.3179076,-2.5337605,-2.114069,3.0,3.0,3.0,3.0,3.0,3.0,3.0,3.0,3.0,3.0,3.0,2.7838016,2.6711583,2.6445034,2.6995904,2.845314,3.0,3.0,3.0,3.0,3.0,3.0,3.0,3.0,3.0,3.0,3.0,3.0,3.0,3.0,3.0,3.0,3.0,3.0,3.0,3.0,-4.9995427,4.9969683,0.9999994,44.998787
945,-1.4707958107284658,8.133244,-8.390457,0.13506341,0.969938,-0.10899047,-0.095963314,-0.19527526,1.7380074,9.303408,0.3008128,3.236335,-2.6243706,-2.081717,3.0,3.0,3.0,3.0,3.0,3.0,3.0,3.0,3.0,3.0,3.0,3.0,3.0,3.0,3.0,3.0,3.0,3.0,3.0,3.0,3.0,3.0,3.0,3.0,3.0,3.0,3.0,3.0,3.0,3.0,3.0,3.0,3.0,3.0,3.0,3.0,-4.9999933,4.9955597,0.9999443,32.555626
950,-1.6199253067381147,8.098061,-8.584664,0.12590438,0.96553767,-0.07333361,-0.1140585,-0.22214827,1.6534144,9.33076,0.5323662,3.147046,-2.7094238,-2.0614262,3.0,3.0,3.0,3.0,3.0,3.0,3.0,3.0,3.0,3.0,3.0,3.0,3.0,3.0,3.0,3.0,3.0,3.0,3.0,3.0,3.0,3.0,3.0,3.0,3.0,3.0,3.0,3.0,3.0,3.0,3.0,3.0,3.0,3.0,3.0,3.0,-4.9999905,4.9952354,0.9999988,43.989426
955,-1.523099292096815,8.064867,-8.7790985,0.11200789,0.9589493,-0.03801759,-0.13338809,-0.24734278,1.5504602,9.330912,0.75658226,3.0517206,-2.8527875,-1.8861046,3.0,3.0,3.0,3.0,3.0,3.0,3.0,3.0,3.0,3.0,3.0,3.0,3.0,3.0,3.0,3.0,3.0,3.0,3.0,3.0,3.0,3.0,3.0,3.0,3.0,3.0,3.0,3.0,3.0,3.0,3.0,3.0,3.0,3.0,3.0,3.0,-4.9999995,4.998206,0.99975395,30.686821
960,-1.6818452240253006,8.034108,-8.97325,0.093387656,0.9501679,-0.003258252,-0.1536801,-0.2712061,1.4239967,9.308455,0.9845569,2.9526284,-2.9199388,-1.8902653,3.0,3.0,3.0,3.0,3.0,3.0,3.0,3.0,3.0,3.0,3.0,3.0,3.0,3.0,3.0,3.0,3.0,3.0,3.0,2.9946182,2.9972188,3.0,3.0,3.0,3.0,3.0,3.0,3.0,3.0,3.0,3.0,3.0,3.0,3.0,3.0,3.0,-4.998189,4.9998655,0.9996178,43.485924
965,-1.646523374287262,8.006275,-9.166658,0.07009523,0.9391094,0.03066719,-0.17452596,-0.29440415,1.2741398,9.264342,1.2059422,2.8505673,-2.9786336,-1.9052514,3.0,3.0,3.0,3.0,3.0,3.0,3.0,3.0,3.0,3.0,3.0,3.0,3.0,3.0,3.0,3.0,3.0,3.0,3.0,2.7934988,2.688299,2.668885,2.7321696,2.8884232,3.0,3.0,3.0,3.0,3.0,3.0,3.0,3.0,3.0,3.0,3.0,3.0,-5.0,4.9999475,1.0,-36.67067
970,-1.6580887254196484,7.981865,-9.358906,0.04230532,0.9258224,0.06363949,-0.19582571,-0.31694674,1.1001183,9.201206,1.4177654,2.746874,-3.028083,-1.9304371,3.0,3.0,3.0,3.0,3.0,3.0,3.0,3.0,3.0,3.0,3.0,3.0,3.0,3.0,3.0,3.0,3.0,3.0,2.9718168,2.664846,2.4837565,2.3938198,2.3799553,2.4399607,2.583602,2.8367999,3.0,3.0,3.0,3.0,3.0,3.0,3.0,3.0,3.0,3.0,-4.9999995,4.991995,0.99999976,34.72042
975,-1.705497174548927,7.961387,-9.549631,0.010252378,0.910362,0.095548466,-0.21747607,-0.33884463,0.9015276,9.121876,1.6172334,2.6428666,-3.0676556,-1.965074,3.0,3.0,3.0,3.0,3.0,3.0,3.0,3.0,3.0,3.0,3.0,3.0,3.0,3.0,3.0,3.0,3.0,3.0,2.9882624,2.591088,2.3501356,2.2116668,2.150308,2.1560025,2.2296538,2.3834984,2.6465192,3.0,3.0,3.0,3.0,3.0,3.0,3.0,3.0,3.0,-4.999992,4.9980545,0.99999404,-36.500122
980,-1.8186488191796588,7.9453545,-9.738532,-0.025773544,0.89278936,0.1262932,-0.23937117,-0.36010915,0.6783259,9.029333,1.8017641,2.5398283,-3.0968773,-2.0083065,3.0,3.0,3.0,3.0,3.0,3.0,3.0,3.0,3.0,3.0,3.0,3.0,3.0,3.0,3.0,3.0,3.0,3.0,3.0,2.5616064,2.2681139,2.091991,1.9975713,1.9685367,2.0002396,2.097763,2.2780485,2.5779297,3.0,3.0,3.0,3.0,3.0,3.0,3.0,3.0,-4.9999995,4.9203634,0.9999995,44.999992
985,-1.8481289658587943,7.9342766,-9.925375,-0.06543155,0.8731713,0.15578221,-0.2614032,-0.38075203,0.43082723,8.926665,1.9690155,2.4389894,-3.1154344,-2.0591881,3.0,3.0,3.0,3.0,3.0,3.0,3.0,3.0,3.0,3.0,3.0,3.0,3.0,3.0,3.0,3.0,3.0,3.0,3.0,2.5701232,2.2260332,2.017255,1.8969775,1.843086,1.8467338,1.9085,2.0386267,2.2615407,2.628872,3.0,3.0,3.0,3.0,3.0,3.0,3.0,-5.0,4.9961147,1.0,44.996414
990,-1.851622009393802,7.9282823,-10.110034,-0.10784229,0.8515799,0.18393363,-0.2834632,-0.40078506,0.20393403,8.822885,2.0578074,2.3415139,-3.12317,-2.1166983,3.0,3.0,3.0,3.0,3.0,3.0,3.0,3.0,3.0,3.0,3.0,3.0,3.0,3.0,3.0,3.0,3.0,3.0,3.0,2.6121774,2.2157736,1.975956,1.8332428,1.7596195,1.7425847,1.779425,1.876092,2.0497227,2.337021,2.8175516,3.0,3.0,3.0,3.0,3.0,3.0,-4.9999995,4.8138638,0.82503414,42.85527
995,-1.6097348548107033,7.9276743,-10.29243,-0.15234044,0.8280922,0.21067515,-0.3054416,-0.4202198,-0.09022286,8.709436,2.1850517,2.2484844,-3.12008,-2.1797593,3.0,3.0,3.0,3.0,3.0,3.0,3.0,3.0,3.0,3.0,3.0,3.0,3.0,3.0,3.0,3.0,3.0,3.0,3.0,2.6862478,2.2327278,1.9612068,1.7972524,1.7064453,1.6727543,1.6907456,1.7632873,1.9027383,2.1366367,2.5235221,3.0,3.0,3.0,3.0,3.0,3.0,-5.0,4.9851236,1.0,14.545189
1000,-1.9344601747327432,7.933463,-10.472448,-0.19920854,0.8027897,0.23594409,-0.3272289,-0.43906757,-0.40572774,8.595331,2.2896397,2.1608922,-3.106308,-2.2472534,3.0,3.0,3.0,3.0,3.0,3.0,3.0,3.0,3.0,3.0,3.0,3.0,3.0,3.0,3.0,3.0,3.0,3.0,3.0,2.7950478,2.2761528,1.9702457,1.7846234,1.6775483,1.6292979,1.631945,1.6859096,1.8001318,1.9960116,2.318783,2.8701103,3.0,3.0,3.0,3.0,3.0,-5.0,4.998171,0.99999595,44.988304
1005,-1.9566821406776134,7.946075,-10.650115,-0.24795924,0.7757579,0.25968733,-0.34871644,-0.45733905,-0.74099123,8.483636,2.370384,2.0796266,-3.082136,-2.3180387,3.0,3.0,3.0,3.0,3.0,3.0,3.0,3.0,3.0,3.0,3.0,3.0,3.0,3.0,3.0,3.0,3.0,3.0,3.0,2.9415686,2.3453481,2.0006323,1.7917274,1.6682209,1.6063027,1.5955616,1.6342906,1.7287812,1.8960134,2.172132,2.6361322,3.0,3.0,3.0,3.0,3.0,-5.0,4.9992456,1.0,43.959816
1010,-1.6711893342827335,7.965899,-10.825518,-0.29808438,0.74708605,0.28186116,-0.36979684,-0.4750442,-1.0941553,8.377316,2.4264154,2.0054662,-3.0479765,-2.3909667,3.0,3.0,3.0,3.0,3.0,3.0,3.0,3.0,3.0,3.0,3.0,3.0,3.0,3.0,3.0,3.0,3.0,3.0,3.0,3.0,2.441011,2.051196,1.8163278,1.6753958,1.5998704,1.5767013,1.6021801,1.6803925,1.8249282,2.065327,2.4649293,3.0,3.0,3.0,3.0,3.0,-5.0,4.994707,1.0,10.387562
1015,-2.0353882898438593,7.99328,-10.998802,-0.34906068,0.7168518,0.3024422,-0.39035577,-0.49221405,-1.4627424,8.279222,2.4569485,1.9507705,-3.0035121,-2.472443,3.0,3.0,3.0,3.0,3.0,3.0,3.0,3.0,3.0,3.0,3.0,3.0,3.0,3.0,3.0,3.0,3.0,3.0,3.0,3.0,2.5654335,2.1219127,1.8572559,1.6971455,1.6074138,1.5720618,1.5853653,1.649441,1.7751224,1.9868864,2.3366334,2.9443922,3.0,3.0,3.0,3.0,-4.999999,4.98892,1.0,44.90004
1020,-2.0736273356240282,8.028437,-11.170179,-0.40031072,0.6843843,0.3219448,-0.40982857,-0.50991195,-1.8376609,8.19232,2.4579453,2.1255882,-2.9372942,-2.6850924,3.0,3.0,3.0,3.0,3.0,3.0,3.0,3.0,3.0,3.0,3.0,3.0,3.0,3.0,3.0,3.0,3.0,3.0,3.0,3.0,2.7335424,2.2199776,1.9179226,1.7346127,1.6284496,1.5797639,1.5805345,1.6308836,1.7391272,1.9254228,2.2323864,2.7553897,3.0,3.0,3.0,3.0,-5.0,4.9998426,0.9999678,44.72545
1025,-2.121282271749683,8.0714,-11.33991,-0.4511974,0.64789385,0.3419695,-0.42687464,-0.5301589,-2.2107337,8.118817,2.4279072,2.6507132,-2.9302454,-2.9297907,3.0,3.0,3.0,3.0,3.0,3.0,3.0,3.0,3.0,3.0,3.0,3.0,3.0,3.0,3.0,3.0,3.0,3.0,3.0,3.0,2.989611,2.3678095,2.010703,1.794577,1.6661142,1.6001874,1.585624,1.6201053,1.7092075,1.8687671,2.1326566,2.574413,3.0,3.0,3.0,3.0,-5.0,4.999256,0.95699286,44.978638
1030,-2.1486487699072434,8.121064,-11.508269,-0.50066316,0.60644567,0.36604515,-0.44023934,-0.55174625,-2.4656525,8.057042,2.3218992,3.325364,-3.1478527,-2.854547,3.0,3.0,3.0,3.0,3.0,3.0,3.0,3.0,3.0,3.0,3.0,3.0,3.0,3.0,3.0,3.0,3.0,3.0,3.0,3.0,3.0,2.598551,2.1522315,1.8856518,1.7244543,1.6343961,1.5994642,1.6140088,1.6803455,1.8097129,2.0274012,2.3870687,3.0,3.0,3.0,3.0,-5.0,4.9989834,0.9998473,44.364113
1035,-2.1910665690985622,8.176355,-11.675499,-0.5477782,0.5607643,0.39444634,-0.4466964,-0.5748198,-2.776599,8.0085335,2.2170284,4.233937,-2.9835832,-2.8480213,3.0,3.0,3.0,3.0,3.0,3.0,3.0,3.0,3.0,3.0,3.0,3.0,3.0,3.0,3.0,3.0,3.0,3.0,3.0,3.0,3.0,2.9816132,2.3780825,2.0290236,1.8174747,1.6924423,1.6298399,1.6191458,1.6586599,1.7548037,1.9248637,2.205631,2.6775424,3.0,3.0,3.0,-5.0,4.999874,0.99999857,44.474556
1040,-2.048121410961428,8.238232,-11.841862,-0.5924938,0.508472,0.41945317,-0.4495018,-0.6028793,-3.096126,7.9717607,2.0958366,4.123668,-2.4725807,-3.6857352,3.0,3.0,3.0,3.0,3.0,3.0,3.0,3.0,3.0,3.0,3.0,3.0,3.0,3.0,3.0,3.0,3.0,3.0,3.0,3.0,3.0,3.0,2.7207634,2.24078,1.9552535,1.7823018,1.6844833,1.6442024,1.6549121,1.7183149,1.845064,2.0595639,2.4134772,3.0,3.0,3.0,-4.999998,4.999979,0.9994457,-26.21608
1045,-2.238574105312941,8.306773,-12.007661,-0.6344911,-0.4621801,-0.43775252,0.4508208,0.6257179,-3.4138203,7.9509726,1.959625,3.3761902,-1.9818839,-2.636816,3.0,3.0,3.0,3.0,3.0,3.0,3.0,3.0,3.0,3.0,3.0,3.0,3.0,3.0,3.0,3.0,3.0,3.0,3.0,3.0,3.0,3.0,3.0,2.484458,2.1131964,1.8883858,1.7550058,1.6871047,1.6732078,1.7111043,1.8069321,1.9777895,2.2601786,2.7335296,3.0,3.0,-5.0,4.999999,0.9903126,44.930565
1050,-2.102364729373877,8.381425,-12.173137,-0.6734096,-0.42757672,-0.45284748,0.44807452,0.6413552,-3.6911402,7.938018,1.8051263,2.697468,-1.4008807,-1.5829219,3.0,3.0,3.0,3.0,3.0,3.0,3.0,3.0,3.0,3.0,3.0,3.0,3.0,3.0,3.0,3.0,3.0,3.0,3.0,3.0,3.0,3.0,3.0,2.7439294,2.2790112,2.000799,1.8327513,1.7395039,1.7045705,1.7223141,1.7955621,1.9367791,2.1737928,2.5657332,3.0,3.0,-5.0,4.999999,1.0,30.668198
1055,-1.930215341536463,8.461377,-12.338362,-0.7089512,-0.40456408,-0.4660459,0.44240153,0.6506997,-3.9326417,7.926045,1.6389877,2.04608,-0.92756456,-0.5619722,3.0,3.0,3.0,3.0,3.0,3.0,3.0,3.0,3.0,3.0,3.0,3.0,3.0,3.0,3.0,3.0,3.0,3.0,3.0,3.0,3.0,3.0,3.0,2.997396,2.4382222,2.108881,1.9090254,1.7935495,1.7411327,1.7431537,1.7999328,1.920865,2.1285512,2.4707663,3.0,3.0,-4.999993,5.0,1.0,12.031734
1060,-1.9878214008939605,8.5459,-12.50328,-0.7409209,-0.3916949,-0.47894737,0.43431473,0.6546413,-4.135173,7.9083967,1.4639217,1.6494596,-0.85111356,0.2739244,3.0,3.0,3.0,3.0,3.0,3.0,3.0,3.0,3.0,3.0,3.0,3.0,3.0,3.0,3.0,3.0,3.0,3.0,3.0,3.0,3.0,3.0,3.0,3.0,2.5830748,2.2070007,1.9790053,1.8445022,1.7776955,1.7673831,1.8119265,1.9185754,2.1065743,2.4168308,2.9389844,3.0,-5.0,5.0,0.99996257,17.299412
1065,-2.272002119600889,8.634622,-12.667808,-0.769228,-0.38919285,-0.4916215,0.4227443,0.65431225,-4.3383865,7.8888817,1.2881552,1.0728979,-0.24807976,1.3418006,3.0,3.0,3.0,3.0,3.0,3.0,3.0,3.0,3.0,3.0,3.0,3.0,3.0,3.0,3.0,3.0,3.0,3.0,3.0,3.0,3.0,3.0,3.0,3.0,2.7079122,2.291893,2.0404186,1.8904338,1.8122836,1.7926446,1.8283857,1.9252695,2.1003852,2.390444,2.8747966,3.0,-5.0,5.0,1.0,44.991707
1070,-2.069256673023649,8.727472,-12.831834,-0.7938621,-0.39931673,-0.5025079,0.40718773,0.6497923,-4.535088,7.8616066,1.1120915,0.48499084,0.3141929,2.4076014,3.0,3.0,3.0,3.0,3.0,3.0,3.0,3.0,3.0,3.0,3.0,3.0,3.0,3.0,3.0,3.0,3.0,3.0,3.0,3.0,3.0,3.0,3.0,3.0,2.7946,2.3533933,2.0872784,1.9278587,1.8430907,1.8183869,1.8497983,1.9423695,2.1122546,2.3944323,2.8640685,3.0,-5.0,5.0,0.07107365,21.22615
1075,-2.0681897873864648,8.823767,-12.995073,-0.81474966,-0.41544697,-0.5153843,0.38828853,0.6411044,-4.697272,7.8187222,0.9327827,0.3542971,0.28562632,3.1515875,3.0,3.0,3.0,3.0,3.0,3.0,3.0,3.0,3.0,3.0,3.0,3.0,3.0,3.0,3.0,3.0,3.0,3.0,3.0,3.0,3.0,3.0,3.0,3.0,2.867259,2.4049997,2.126746,1.9595683,1.8694197,1.8406687,1.8687085,1.9580297,2.1240978,2.4006488,2.8598948,3.0,-4.999999,5.0,1.0,-18.354908
1080,-2.220293669982908,8.92365,-13.157299,-0.8319681,-0.44073722,-0.52730066,0.3657713,0.6276273,-4.8701406,7.764083,0.75794405,-0.12036336,0.6017562,4.0515904,3.0,3.0,3.0,3.0,3.0,3.0,3.0,3.0,3.0,3.0,3.0,3.0,3.0,3.0,3.0,3.0,3.0,3.0,3.0,3.0,3.0,3.0,3.0,3.0,2.9059732,2.4357734,2.1528463,1.9827821,1.890866,1.8611388,1.8888348,1.978388,2.145283,2.4233468,2.8849392,3.0,-5.0,5.0,1.0,31.424072
1085,-2.363878285537239,9.027538,-13.3181925,-0.8456631,-0.47647017,-0.5366946,0.33948645,0.6080165,-5.065287,7.6924586,0.5912434,-0.7877475,0.9400527,5.042824,3.0,3.0,3.0,3.0,3.0,3.0,3.0,3.0,3.0,3.0,3.0,3.0,3.0,3.0,3.0,3.0,3.0,3.0,3.0,3.0,3.0,3.0,3.0,3.0,2.9025671,2.4414945,2.1635528,1.996899,1.9079077,1.8812314,1.9126029,2.007056,2.1810353,2.4702199,2.9511898,3.0,-4.9999976,5.0,1.0,-43.009007
1090,-2.404886587899319,9.135729,-13.477284,-0.8560135,0.52285963,0.5417752,-0.30850852,-0.58130884,-5.279086,7.5952206,0.43526292,-1.5224324,1.4631749,6.1288543,3.0,3.0,3.0,3.0,3.0,3.0,3.0,3.0,3.0,3.0,3.0,3.0,3.0,3.0,3.0,3.0,3.0,3.0,3.0,3.0,3.0,3.0,3.0,3.0,2.8658376,2.4282756,2.1636646,2.006019,1.9242835,1.9045509,1.9436772,2.0479767,2.2358932,2.5469863,3.0,3.0,-5.0,4.9999924,1.0,-43.972073
1095,-2.42217042890195,9.248135,-13.63404,-0.86319476,0.5783969,0.5404893,-0.27211717,-0.5470654,-5.4626336,7.47505,0.2837581,-2.1820378,1.9345292,6.968632,3.0,3.0,3.0,3.0,3.0,3.0,3.0,3.0,3.0,3.0,3.0,3.0,3.0,3.0,3.0,3.0,3.0,3.0,3.0,3.0,3.0,3.0,3.0,3.0,2.8186612,2.4112532,2.164199,2.0187025,1.9469677,1.936991,1.987188,2.1057398,2.3141081,2.657869,3.0,3.0,-5.0,5.0,0.999532,-43.747177
1100,-2.4497159451304498,9.364645,-13.78776,-0.8675151,0.6408042,0.53083646,-0.23024902,-0.5045474,-5.6520777,7.3207364,0.15043849,-2.9409914,2.4241226,7.7948604,3.0,3.0,3.0,3.0,3.0,3.0,3.0,3.0,3.0,3.0,3.0,3.0,3.0,3.0,3.0,3.0,3.0,3.0,3.0,3.0,3.0,3.0,3.0,3.0,2.7868967,2.4086237,2.1790633,2.0462162,1.9854984,1.9869115,2.05068,2.1873424,2.4223785,2.8096535,3.0,3.0,-5.0,5.0,1.0,-44.999992
1105,-2.450342317169556,9.485321,-13.937542,-0.86952734,0.7038729,0.51278096,-0.17875996,-0.45789024,-5.884524,7.09512,0.06569613,-2.6682048,3.5898578,8.297122,3.0,3.0,3.0,3.0,3.0,3.0,3.0,3.0,3.0,3.0,3.0,3.0,3.0,3.0,3.0,3.0,3.0,3.0,3.0,3.0,3.0,3.0,3.0,3.0,2.8414292,2.4676263,2.240913,2.1111002,2.0545106,2.06189,2.1344087,2.2841475,2.539463,2.9603047,3.0,3.0,-5.0,5.0,0.9999993,-44.999924
1110,-2.4271791922401134,9.610276,-14.082265,-0.8700647,0.7596946,0.49021196,-0.11414286,-0.41173753,-6.056833,6.851832,-0.0029858479,-2.049735,4.365039,8.40014,3.0,3.0,3.0,3.0,3.0,3.0,3.0,3.0,3.0,3.0,3.0,3.0,3.0,3.0,3.0,3.0,3.0,3.0,3.0,3.0,3.0,3.0,3.0,3.0,3.0,2.6358259,2.3789432,2.2294085,2.1592896,2.1569877,2.222137,2.365456,2.6134188,3.0,3.0,3.0,-5.0,5.0,1.0,-44.61278
1115,-2.379525111628694,9.738556,-14.221161,-0.86983466,0.80569965,0.46115404,-0.04321344,-0.3692122,-6.195613,6.5692716,-0.034725923,-2.0088944,4.9639597,7.6092024,3.0,3.0,3.0,3.0,3.0,3.0,3.0,3.0,3.0,3.0,3.0,3.0,3.0,3.0,3.0,3.0,3.0,3.0,3.0,3.0,3.0,3.0,3.0,3.0,3.0,2.9417346,2.610776,2.412649,2.3076427,2.2777164,2.3180888,2.435247,2.6496725,3.0,3.0,3.0,-5.0,5.0,-0.9688402,-43.642532
1120,-2.2494807639428,9.868025,-14.355328,-0.8682092,0.84262836,0.425554,0.026753027,-0.3288852,-6.2452965,6.3077145,-0.06762566,-2.2534711,5.248372,7.080151,3.0,3.0,3.0,3.0,3.0,3.0,3.0,3.0,3.0,3.0,3.0,3.0,3.0,3.0,3.0,3.0,3.0,3.0,3.0,3.0,3.0,3.0,3.0,3.0,3.0,3.0,2.9536612,2.670509,2.50639,2.4308593,2.4314654,2.5083044,2.6740596,2.9595597,3.0,3.0,-5.0,5.0,0.9952526,-35.45748
1125,-1.9722285520466323,9.998721,-14.482087,-0.8677544,0.87221843,0.3824279,0.09109538,-0.29100782,-6.2816124,5.937834,0.010723237,-2.8363342,4.6773005,6.6120744,3.0,3.0,3.0,3.0,3.0,3.0,3.0,3.0,3.0,3.0,3.0,3.0,3.0,3.0,3.0,3.0,3.0,3.0,3.0,3.0,3.0,3.0,3.0,3.0,3.0,3.0,3.0,3.0,2.7834654,2.6397698,2.5848668,2.6098852,2.7188098,2.9301305,3.0,3.0,-5.0,5.0,0.9999962,-13.58149
1130,-2.155338371546936,10.12925,-14.601392,-0.8691145,0.8966294,0.33396053,0.1445598,-0.2522471,-6.2456384,5.592427,0.10035681,-3.3213975,3.8489118,6.1276007,3.0,3.0,3.0,3.0,3.0,3.0,3.0,3.0,3.0,3.0,3.0,3.0,3.0,3.0,3.0,3.0,3.0,3.0,3.0,3.0,3.0,3.0,3.0,3.0,3.0,3.0,3.0,3.0,3.0,2.9181366,2.7924676,2.7575014,2.8076541,2.9509904,3.0,3.0,-5.0,5.0,-0.995699,-39.678333
1135,-2.1211720463426906,10.258417,-14.715332,-0.8709175,0.9153448,0.2837164,0.18893488,-0.21436554,-6.1591315,5.360104,0.11226158,-3.3440313,3.2720323,5.561415,3.0,3.0,3.0,3.0,3.0,3.0,3.0,3.0,3.0,3.0,3.0,3.0,3.0,3.0,3.0,3.0,3.0,3.0,3.0,3.0,3.0,3.0,3.0,3.0,3.0,3.0,3.0,3.0,3.0,3.0,3.0,2.9400988,2.923606,2.9978778,3.0,3.0,-4.9999995,5.0,0.99999845,-43.388176
1140,-1.724226675565679,10.38505,-14.823604,-0.87441635,0.92938244,0.23381253,0.22236769,-0.17925575,-6.031594,5.118113,0.1712453,-3.4869056,2.5178406,5.0373907,3.0,3.0,3.0,3.0,3.0,3.0,3.0,3.0,3.0,3.0,3.0,3.0,3.0,3.0,3.0,3.0,3.0,3.0,3.0,3.0,3.0,3.0,3.0,3.0,3.0,3.0,3.0,3.0,3.0,3.0,3.0,3.0,3.0,3.0,3.0,3.0,-4.999999,5.0,0.29109585,7.5482903
1145,-2.009895725892129,10.509156,-14.92834,-0.87770206,0.9397195,0.18314853,0.24840282,-0.1472409,-5.884379,4.941904,0.19539456,-3.505149,1.8875656,4.387405,3.0,3.0,3.0,3.0,3.0,3.0,3.0,3.0,3.0,3.0,3.0,3.0,3.0,3.0,3.0,3.0,3.0,3.0,3.0,3.0,3.0,3.0,3.0,3.0,3.0,3.0,3.0,3.0,3.0,3.0,3.0,3.0,3.0,3.0,3.0,3.0,-5.0,5.0,0.9999883,44.97686
1150,-1.941286655993108,10.629321,-15.02897,-0.882911,0.94736063,0.13680692,0.26349422,-0.11984379,-5.689584,4.762795,0.2831208,-3.436655,0.9883599,3.7501817,3.0,3.0,3.0,3.0,3.0,3.0,3.0,3.0,3.0,3.0,3.0,3.0,3.0,3.0,3.0,3.0,3.0,3.0,3.0,3.0,3.0,3.0,3.0,3.0,3.0,3.0,3.0,3.0,3.0,3.0,3.0,3.0,3.0,3.0,3.0,3.0,-4.9999948,5.0,1.0,44.665237
1155,-1.8912042755158056,10.745317,-15.126384,-0.8898407,0.9538066,0.09459146,0.26837432,-0.09633623,-5.5049086,4.633657,0.33263925,-3.2614753,0.23692614,3.2076912,3.0,3.0,3.0,3.0,3.0,3.0,3.0,3.0,3.0,3.0,3.0,3.0,3.0,3.0,3.0,3.0,3.0,3.0,3.0,3.0,3.0,3.0,3.0,3.0,3.0,3.0,3.0,3.0,3.0,3.0,3.0,3.0,3.0,3.0,3.0,3.0,-4.999983,5.0,0.92488956,44.981438
1160,-1.8493201851621164,10.857569,-15.221612,-0.8975376,0.9595437,0.054457985,0.2653864,-0.07668293,-5.3268876,4.5395017,0.36583126,-3.235741,-0.44369945,2.7639112,3.0,3.0,3.0,3.0,3.0,3.0,3.0,3.0,3.0,3.0,3.0,3.0,3.0,3.0,3.0,3.0,3.0,3.0,3.0,3.0,3.0,3.0,3.0,3.0,3.0,3.0,3.0,3.0,3.0,3.0,3.0,3.0,3.0,3.0,3.0,3.0,-4.974895,5.0,0.99997044,44.994743
1165,-1.8169180528113547,10.966208,-15.315267,-0.9058193,0.9647761,0.016797557,0.25535095,-0.06099846,-5.142324,4.470739,0.41608945,-3.258697,-1.1218219,2.1321628,3.0,3.0,3.0,3.0,3.0,3.0,3.0,3.0,3.0,3.0,3.0,3.0,3.0,3.0,3.0,3.0,3.0,3.0,3.0,3.0,3.0,3.0,3.0,3.0,3.0,3.0,3.0,3.0,3.0,3.0,3.0,3.0,3.0,3.0,3.0,3.0,-4.999105,5.0,-0.97691405,44.99653
1170,-1.790993030564265,11.071803,-15.407917,-0.91390175,0.9693347,-0.019044098,0.24019137,-0.04832782,-5.0082808,4.4330516,0.39124683,-3.0029697,-1.5278462,1.8901997,3.0,3.0,3.0,3.0,3.0,3.0,3.0,3.0,3.0,3.0,3.0,3.0,3.0,3.0,3.0,3.0,3.0,3.0,3.0,3.0,3.0,3.0,3.0,3.0,3.0,3.0,3.0,3.0,3.0,3.0,3.0,3.0,3.0,3.0,3.0,3.0,-4.999905,5.0,-0.85670674,44.986557
1175,-1.7696340756117035,11.174644,-15.499969,-0.92157024,0.9731814,-0.05176674,0.2207956,-0.0385664,-4.877317,4.412027,0.37683523,-2.802113,-1.9319533,1.5369147,3.0,3.0,3.0,3.0,3.0,3.0,3.0,3.0,3.0,3.0,3.0,3.0,3.0,3.0,3.0,3.0,3.0,3.0,3.0,3.0,3.0,3.0,3.0,3.0,3.0,3.0,3.0,3.0,3.0,3.0,3.0,3.0,3.0,3.0,3.0,3.0,-4.999765,5.0,0.0020546913,44.999687
1180,-1.7489120633456559,11.274187,-15.591911,-0.9303828,0.9760817,-0.08261823,0.19855504,-0.031852793,-4.6954894,4.4208064,0.49227813,-2.595743,-2.3039126,1.2502733,3.0,3.0,3.0,3.0,3.0,3.0,3.0,3.0,3.0,3.0,3.0,3.0,3.0,3.0,3.0,3.0,3.0,3.0,3.0,3.0,3.0,3.0,3.0,3.0,3.0,3.0,3.0,3.0,3.0,3.0,3.0,3.0,3.0,3.0,3.0,3.0,-4.9999995,5.0,1.0,44.99884
1185,-1.7430837459598323,11.370415,-15.684145,-0.940921,0.97894615,-0.109462015,0.17009187,-0.027409794,-4.5630264,4.4375787,0.53333557,-2.4998512,-2.8687973,1.088408,3.0,3.0,3.0,3.0,3.0,3.0,3.0,3.0,3.0,3.0,3.0,3.0,3.0,3.0,3.0,3.0,3.0,3.0,3.0,3.0,3.0,3.0,3.0,3.0,3.0,3.0,3.0,3.0,3.0,3.0,3.0,3.0,3.0,3.0,3.0,3.0,-4.99946,4.999998,-0.9992921,44.999596
1190,-1.741573574343383,11.463823,-15.777099,-0.95308274,0.98120713,-0.13439012,0.1361921,-0.024972025,-4.4216275,4.487324,0.6497383,-2.3657782,-3.3961437,1.0711044,3.0,3.0,3.0,3.0,3.0,3.0,3.0,3.0,3.0,3.0,3.0,3.0,3.0,3.0,3.0,3.0,3.0,3.0,3.0,3.0,3.0,3.0,3.0,3.0,3.0,3.0,3.0,3.0,3.0,3.0,3.0,3.0,3.0,3.0,3.0,3.0,-2.8640776,4.999998,0.9999678,44.99981
1195,-1.7513532224581494,11.554353,-15.871439,-0.9683006,0.9823709,-0.15880543,0.09617509,-0.021875683,-4.304365,4.5513444,0.7615078,-2.306128,-3.9709215,1.1954995,3.0,3.0,3.0,3.0,3.0,3.0,3.0,3.0,3.0,3.0,3.0,3.0,3.0,3.0,3.0,3.0,3.0,3.0,3.0,3.0,3.0,3.0,3.0,3.0,3.0,3.0,3.0,3.0,3.0,3.0,3.0,3.0,3.0,3.0,3.0,3.0,-4.958699,5.0,0.8607855,45.0
1200,-1.7088968502727728,11.6429,-15.967205,-0.9854379,0.9818303,-0.18182835,0.050080005,-0.020967923,-4.2204103,4.625678,0.85280824,-2.04066,-4.1970987,0.8339556,3.0,3.0,3.0,3.0,3.0,3.0,3.0,3.0,3.0,3.0,3.0,3.0,3.0,3.0,3.0,3.0,3.0,3.0,3.0,3.0,3.0,3.0,3.0,3.0,3.0,3.0,3.0,3.0,3.0,3.0,3.0,3.0,3.0,3.0,3.0,3.0,-4.9997435,4.9999485,0.9993777,40.164024
1205,-1.7548857886087388,11.730183,-16.064367,-1.003574,0.97971547,-0.1992242,0.0057908283,-0.02082678,-4.171215,4.700143,0.9051421,-1.5390217,-3.8943694,0.7588931,3.0,3.0,3.0,3.0,3.0,3.0,3.0,3.0,3.0,3.0,3.0,3.0,3.0,3.0,3.0,3.0,3.0,3.0,3.0,3.0,3.0,3.0,3.0,3.0,3.0,3.0,3.0,3.0,3.0,3.0,3.0,3.0,3.0,3.0,3.0,3.0,4.9999886,4.9999914,0.81922436,44.999992
1210,-1.7756864119617832,11.816695,-16.163668,-1.0238969,0.9756006,-0.21585406,-0.03487418,-0.019855732,-4.1441264,4.8117924,1.0210216,-1.731555,-3.851926,1.1699797,3.0,3.0,3.0,3.0,3.0,3.0,3.0,3.0,3.0,3.0,3.0,3.0,3.0,3.0,3.0,3.0,3.0,3.0,3.0,3.0,3.0,3.0,3.0,3.0,3.0,3.0,3.0,3.0,3.0,3.0,3.0,3.0,3.0,3.0,3.0,3.0,-5.0,4.999995,1.0,45.0
1215,-1.794805473030293,11.903013,-16.265524,-1.0467691,0.9702962,-0.22861776,-0.077449724,-0.01614605,-4.1464167,4.9396763,1.1435853,-1.3479259,-3.7571628,1.1536878,3.0,3.0,3.0,3.0,3.0,3.0,3.0,3.0,3.0,3.0,3.0,3.0,3.0,3.0,3.0,3.0,3.0,3.0,3.0,3.0,3.0,3.0,3.0,3.0,3.0,3.0,3.0,3.0,3.0,3.0,3.0,3.0,3.0,3.0,3.0,3.0,-4.9983697,4.99998,0.98641086,44.998947
1220,-1.8149496699591938,11.989648,-16.369816,-1.0714574,0.96374685,-0.23840308,-0.11937859,-0.01023426,-4.1673503,5.043213,1.1965437,-0.98953855,-3.7179348,1.3624696,3.0,3.0,3.0,3.0,3.0,3.0,3.0,3.0,3.0,3.0,3.0,3.0,3.0,3.0,3.0,3.0,3.0,3.0,3.0,3.0,3.0,3.0,3.0,3.0,3.0,3.0,3.0,3.0,3.0,3.0,3.0,3.0,3.0,3.0,3.0,3.0,-4.9938,5.0,1.0,44.999992
1225,-1.8144335363969384,12.076688,-16.475613,-1.0958453,0.956338,-0.24488199,-0.15946932,-0.004471967,-4.189347,5.104096,1.1561456,-0.6765716,-3.587878,1.1974798,3.0,3.0,3.0,3.0,3.0,3.0,3.0,3.0,3.0,3.0,3.0,3.0,3.0,3.0,3.0,3.0,3.0,3.0,3.0,3.0,3.0,3.0,3.0,3.0,3.0,3.0,3.0,3.0,3.0,3.0,3.0,3.0,3.0,3.0,3.0,3.0,-4.9910474,1.6714573,-0.67540205,45.0
1230,-1.829183220905801,12.164271,-16.582527,-1.119033,0.94861,-0.24786733,-0.19672178,-0.0011757413,-4.208414,5.1407514,1.0670393,-0.48829523,-3.4250731,1.1105303,3.0,3.0,3.0,3.0,3.0,3.0,3.0,3.0,3.0,3.0,3.0,3.0,3.0,3.0,3.0,3.0,3.0,3.0,3.0,3.0,3.0,3.0,3.0,3.0,3.0,3.0,3.0,3.0,3.0,3.0,3.0,3.0,3.0,3.0,3.0,3.0,-4.993456,5.0,1.0,44.998856
1235,-1.8516581902103002,12.25344,-16.691502,-1.1425198,0.94174826,-0.24713017,-0.22810338,0.0023981116,-4.3297157,5.288831,1.1633451,-0.015681373,-2.4916773,1.1153811,3.0,3.0,3.0,3.0,3.0,3.0,3.0,3.0,3.0,3.0,3.0,3.0,3.0,3.0,3.0,3.0,3.0,3.0,3.0,3.0,3.0,3.0,3.0,3.0,3.0,3.0,3.0,3.0,3.0,3.0,3.0,3.0,3.0,3.0,3.0,3.0,-4.9999833,5.0,1.0,45.0
1240,-1.7261841842605967,12.344594,-16.802662,-1.1664712,0.9368466,-0.24211027,-0.2522686,0.007845083,-4.3897905,5.3483453,1.1098,0.28952047,-2.0849798,1.1792506,3.0,3.0,3.0,3.0,3.0,3.0,3.0,3.0,3.0,3.0,3.0,3.0,3.0,3.0,3.0,3.0,3.0,3.0,3.0,3.0,3.0,3.0,3.0,3.0,3.0,3.0,3.0,3.0,3.0,3.0,3.0,3.0,3.0,3.0,3.0,3.0,-4.9999995,5.0,0.059179187,-32.004337
1245,-1.884753383406866,12.43744,-16.915266,-1.1896936,0.9331327,-0.23465595,-0.27210644,0.012569165,-4.520654,5.4587216,1.1455985,0.49247712,-1.3790618,1.0205195,3.0,3.0,3.0,3.0,3.0,3.0,3.0,3.0,3.0,3.0,3.0,3.0,3.0,3.0,3.0,3.0,3.0,3.0,3.0,3.0,3.0,3.0,3.0,3.0,3.0,3.0,3.0,3.0,3.0,3.0,3.0,3.0,3.0,3.0,3.0,3.0,-4.999955,5.0,0.999969,44.9972
1250,-1.9050358043252245,12.533265,-17.030216,-1.2138355,0.9309523,-0.22753607,-0.28497666,0.01853253,-4.6583323,5.5599976,1.1742638,0.46260855,-0.8651477,0.9699162,3.0,3.0,3.0,3.0,3.0,3.0,3.0,3.0,3.0,3.0,3.0,3.0,3.0,3.0,3.0,3.0,3.0,3.0,3.0,3.0,3.0,3.0,3.0,3.0,3.0,3.0,3.0,3.0,3.0,3.0,3.0,3.0,3.0,3.0,3.0,3.0,-4.9999204,5.0,0.9999969,44.462776
1255,-1.9308588580406905,12.632064,-17.147211,-1.238581,0.92967457,-0.21985748,-0.29463148,0.023667414,-4.779995,5.6379805,1.1712679,0.47016555,-0.64300567,0.80984026,3.0,3.0,3.0,3.0,3.0,3.0,3.0,3.0,3.0,3.0,3.0,3.0,3.0,3.0,3.0,3.0,3.0,3.0,3.0,3.0,3.0,3.0,3.0,3.0,3.0,3.0,3.0,3.0,3.0,3.0,3.0,3.0,3.0,3.0,3.0,3.0,-4.9999967,5.0,0.9877143,44.778152
1260,-1.9443480404822246,12.733165,-17.265541,-1.2628689,0.92982507,-0.21204439,-0.29947582,0.027869409,-4.9011784,5.7063055,1.1612687,0.57364434,-0.09314852,0.5943089,3.0,3.0,3.0,3.0,3.0,3.0,3.0,3.0,3.0,3.0,3.0,3.0,3.0,3.0,3.0,3.0,3.0,3.0,3.0,3.0,3.0,3.0,3.0,3.0,3.0,3.0,3.0,3.0,3.0,3.0,3.0,3.0,3.0,3.0,3.0,3.0,-2.7002282,-4.9819813,0.9983525,-44.999245
1265,-1.9635222881650556,12.836031,-17.384699,-1.2859476,0.9310609,-0.20501573,-0.30018198,0.0313837,-4.9708934,5.734109,1.0838833,0.50598115,0.2206406,0.46022227,3.0,3.0,3.0,3.0,3.0,3.0,3.0,3.0,3.0,3.0,3.0,3.0,3.0,3.0,3.0,3.0,3.0,3.0,3.0,3.0,3.0,3.0,3.0,3.0,3.0,3.0,3.0,3.0,3.0,3.0,3.0,3.0,3.0,3.0,3.0,3.0,-4.9991198,5.0,0.9999988,45.0
1270,-1.999836065586676,12.941423,-17.505085,-1.3088259,0.9340247,-0.19814083,-0.2951827,0.03471672,-5.116597,5.807186,1.1074066,0.5492948,0.8308191,0.31451604,3.0,3.0,3.0,3.0,3.0,3.0,3.0,3.0,3.0,3.0,3.0,3.0,3.0,3.0,3.0,3.0,3.0,3.0,3.0,3.0,3.0,3.0,3.0,3.0,3.0,3.0,3.0,3.0,3.0,3.0,3.0,3.0,3.0,3.0,3.0,3.0,-4.9999504,5.0,0.99991953,44.999992
1275,-2.011388737214612,13.049283,-17.626608,-1.331541,0.93717045,-0.192195,-0.28860423,0.038474146,-5.1984863,5.8382545,1.0543395,0.34629443,0.7205935,0.4289973,3.0,3.0,3.0,3.0,3.0,3.0,3.0,3.0,3.0,3.0,3.0,3.0,3.0,3.0,3.0,3.0,3.0,3.0,3.0,3.0,3.0,3.0,3.0,3.0,3.0,3.0,3.0,3.0,3.0,3.0,3.0,3.0,3.0,3.0,3.0,3.0,-4.997966,4.999999,0.99734735,-44.948624
1280,-2.0350065499768375,13.158797,-17.748726,-1.3531834,0.94122285,-0.1850294,-0.2797228,0.040233955,-5.286282,5.8715754,1.0168281,0.62278825,1.0986748,0.053355742,3.0,3.0,3.0,3.0,3.0,3.0,3.0,3.0,3.0,3.0,3.0,3.0,3.0,3.0,3.0,3.0,3.0,3.0,3.0,3.0,3.0,3.0,3.0,3.0,3.0,3.0,3.0,3.0,3.0,3.0,3.0,3.0,3.0,3.0,3.0,3.0,-4.999998,4.9999943,0.9999943,44.999992
1285,-2.050933174008291,13.270154,-17.871538,-1.3741913,0.94573313,-0.1793406,-0.2677474,0.041678388,-5.3713813,5.902766,0.9855793,0.4828316,1.4142615,0.020273121,3.0,3.0,3.0,3.0,3.0,3.0,3.0,3.0,3.0,3.0,3.0,3.0,3.0,3.0,3.0,3.0,3.0,3.0,3.0,3.0,3.0,3.0,3.0,3.0,3.0,3.0,3.0,3.0,3.0,3.0,3.0,3.0,3.0,3.0,3.0,3.0,-3.8345046,5.0,0.9999999,44.999207
1290,-2.07832186556978,13.3834305,-17.995098,-1.3949615,0.95103717,-0.1724957,-0.2528375,0.042973828,-5.486444,5.953068,1.015044,0.61526936,1.5566695,-0.08147704,3.0,3.0,3.0,3.0,3.0,3.0,3.0,3.0,3.0,3.0,3.0,3.0,3.0,3.0,3.0,3.0,3.0,3.0,3.0,3.0,3.0,3.0,3.0,3.0,3.0,3.0,3.0,3.0,3.0,3.0,3.0,3.0,3.0,3.0,3.0,3.0,-4.180951,4.999999,0.9999672,44.99981
1295,-2.093001360952483,13.498679,-18.119463,-1.415881,0.9565551,-0.16596797,-0.23560669,0.044118147,-5.5445766,5.969631,0.9692215,0.58496755,1.7140564,-0.05545259,3.0,3.0,3.0,3.0,3.0,3.0,3.0,3.0,3.0,3.0,3.0,3.0,3.0,3.0,3.0,3.0,3.0,3.0,3.0,3.0,3.0,3.0,3.0,3.0,3.0,3.0,3.0,3.0,3.0,3.0,3.0,3.0,3.0,3.0,3.0,3.0,-4.9999704,4.9999876,0.9798944,-44.992767
1300,-1.8873710882609467,13.615105,-18.244179,-1.4360251,0.96179485,-0.15886483,-0.21858776,0.04395514,-5.6029897,5.988374,0.9409424,0.6697594,1.830268,-0.18503982,3.0,3.0,3.0,3.0,3.0,3.0,3.0,3.0,3.0,3.0,3.0,3.0,3.0,3.0,3.0,3.0,3.0,3.0,3.0,3.0,3.0,3.0,3.0,3.0,3.0,3.0,3.0,3.0,3.0,3.0,3.0,3.0,3.0,3.0,3.0,3.0,4.922208,4.9999914,0.99797344,23.183197
1305,-2.095671283183323,13.731862,-18.368738,-1.4541234,0.9668808,-0.15167357,-0.20061235,0.043489005,-5.6205883,5.982973,0.8537912,0.70417607,1.6360785,-0.19944598,3.0,3.0,3.0,3.0,3.0,3.0,3.0,3.0,3.0,3.0,3.0,3.0,3.0,3.0,3.0,3.0,3.0,3.0,3.0,3.0,3.0,3.0,3.0,3.0,3.0,3.0,3.0,3.0,3.0,3.0,3.0,3.0,3.0,3.0,3.0,3.0,-4.9995356,0.37820435,0.9984335,45.0
1310,-2.11577714375792,13.849651,-18.493658,-1.4719946,0.97136873,-0.14426908,-0.18416509,0.041381653,-5.678916,6.0072465,0.8696603,0.65264916,1.8177363,-0.3132015,3.0,3.0,3.0,3.0,3.0,3.0,3.0,3.0,3.0,3.0,3.0,3.0,3.0,3.0,3.0,3.0,3.0,3.0,3.0,3.0,3.0,3.0,3.0,3.0,3.0,3.0,3.0,3.0,3.0,3.0,3.0,3.0,3.0,3.0,3.0,3.0,-4.997545,5.0,0.9999987,-44.780323
1315,-2.12993210584894,13.968898,-18.619293,-1.4910794,0.9754123,-0.13703124,-0.16806026,0.0393578,-5.751312,6.0447335,0.94552934,0.67274296,1.6308968,-0.32158297,3.0,3.0,3.0,3.0,3.0,3.0,3.0,3.0,3.0,3.0,3.0,3.0,3.0,3.0,3.0,3.0,3.0,3.0,3.0,3.0,3.0,3.0,3.0,3.0,3.0,3.0,3.0,3.0,3.0,3.0,3.0,3.0,3.0,3.0,3.0,3.0,-4.997412,5.0,0.99993753,44.978218
1320,-2.1295842359449355,14.089108,-18.74535,-1.5106938,0.9787381,-0.13048641,-0.1537645,0.03743535,-5.7772408,6.0510316,0.9272012,0.57869095,1.4594128,-0.18886322,3.0,3.0,3.0,3.0,3.0,3.0,3.0,3.0,3.0,3.0,3.0,3.0,3.0,3.0,3.0,3.0,3.0,3.0,3.0,3.0,3.0,3.0,3.0,3.0,3.0,3.0,3.0,3.0,3.0,3.0,3.0,3.0,3.0,3.0,3.0,3.0,-4.9225597,5.0,0.9763069,44.99997
1325,-2.138202853887763,14.210027,-18.871704,-1.5307077,0.9816976,-0.12413207,-0.1401679,0.034842223,-5.8152194,6.069346,0.9663215,0.55517495,1.4658384,-0.3613276,3.0,3.0,3.0,3.0,3.0,3.0,3.0,3.0,3.0,3.0,3.0,3.0,3.0,3.0,3.0,3.0,3.0,3.0,3.0,3.0,3.0,3.0,3.0,3.0,3.0,3.0,3.0,3.0,3.0,3.0,3.0,3.0,3.0,3.0,3.0,3.0,-4.999996,4.999999,0.97460103,44.999107
1330,-2.138566444693237,14.331691,-18.99845,-1.5517801,0.9842267,-0.11851463,-0.12731256,0.032304496,-5.854575,6.0925694,1.040236,0.55152357,0.97236925,-0.30724213,3.0,3.0,3.0,3.0,3.0,3.0,3.0,3.0,3.0,3.0,3.0,3.0,3.0,3.0,3.0,3.0,3.0,3.0,3.0,3.0,3.0,3.0,3.0,3.0,3.0,3.0,3.0,3.0,3.0,3.0,3.0,3.0,3.0,3.0,3.0,3.0,-4.9624796,5.0,0.99999905,45.0
1335,-1.9708081107365354,14.453666,-19.125284,-1.5729282,0.98606694,-0.113496214,-0.1180052,0.029416975,-5.8508,6.0816607,0.98500466,0.42850587,0.7887186,-0.31368986,3.0,3.0,3.0,3.0,3.0,3.0,3.0,3.0,3.0,3.0,3.0,3.0,3.0,3.0,3.0,3.0,3.0,3.0,3.0,3.0,3.0,3.0,3.0,3.0,3.0,3.0,3.0,3.0,3.0,3.0,3.0,3.0,3.0,3.0,3.0,3.0,-4.9974856,5.0,0.9973917,-28.58927
1340,-2.128487244665946,14.57572,-19.252054,-1.5937277,0.9876893,-0.109528325,-0.10845888,0.026646283,-5.85282,6.077406,0.96535707,0.3266419,0.9841296,-0.33061,3.0,3.0,3.0,3.0,3.0,3.0,3.0,3.0,3.0,3.0,3.0,3.0,3.0,3.0,3.0,3.0,3.0,3.0,3.0,3.0,3.0,3.0,3.0,3.0,3.0,3.0,3.0,3.0,3.0,3.0,3.0,3.0,3.0,3.0,3.0,3.0,-1.7139459,4.530237,0.9707186,44.998077
1345,-2.125998005099201,14.697413,-19.37839,-1.612656,0.98920304,-0.10622668,-0.09746923,0.026324678,-5.8305697,6.052579,0.85888916,0.280376,1.0468866,-0.092532426,3.0,3.0,3.0,3.0,3.0,3.0,3.0,3.0,3.0,3.0,3.0,3.0,3.0,3.0,3.0,3.0,3.0,3.0,3.0,3.0,3.0,3.0,3.0,3.0,3.0,3.0,3.0,3.0,3.0,3.0,3.0,3.0,3.0,3.0,3.0,3.0,-4.9354706,4.9999533,0.9996338,44.992653
1350,-2.121915312878953,14.818926,-19.504524,-1.6308916,0.9904976,-0.101660214,-0.08936068,0.02438143,-5.8313966,6.0534825,0.87717736,0.33120665,0.83337855,-0.20225973,3.0,3.0,3.0,3.0,3.0,3.0,3.0,3.0,3.0,3.0,3.0,3.0,3.0,3.0,3.0,3.0,3.0,3.0,3.0,3.0,3.0,3.0,3.0,3.0,3.0,3.0,3.0,3.0,3.0,3.0,3.0,3.0,3.0,3.0,3.0,3.0,-4.999333,4.999999,0.82432044,44.99215
1355,-2.1077374623238594,14.940185,-19.630415,-1.6483434,0.99134946,-0.09972727,-0.08231518,0.022471976,-5.8082576,6.030586,0.78693056,0.19230655,0.6626749,-0.23551339,3.0,3.0,3.0,3.0,3.0,3.0,3.0,3.0,3.0,3.0,3.0,3.0,3.0,3.0,3.0,3.0,3.0,3.0,3.0,3.0,3.0,3.0,3.0,3.0,3.0,3.0,3.0,3.0,3.0,3.0,3.0,3.0,3.0,3.0,3.0,3.0,-4.999646,5.0,-0.8949421,44.99861
1360,-2.1067723280461834,15.061056,-19.755968,-1.6646346,0.99223834,-0.096299335,-0.07603084,0.02021914,-5.7973075,6.0236874,0.77880204,0.36776325,0.65915865,-0.28154182,3.0,3.0,3.0,3.0,3.0,3.0,3.0,3.0,3.0,3.0,3.0,3.0,3.0,3.0,3.0,3.0,3.0,3.0,3.0,3.0,3.0,3.0,3.0,3.0,3.0,3.0,3.0,3.0,3.0,3.0,3.0,3.0,3.0,3.0,3.0,3.0,-4.9732213,5.0,-0.99829143,44.99964
1365,-1.7735129795464923,15.181574,-19.881248,-1.6801803,0.9932353,-0.09316344,-0.066618375,0.019136481,-5.7767262,6.007082,0.72694635,0.20234226,1.0939556,-0.09945504,3.0,3.0,3.0,3.0,3.0,3.0,3.0,3.0,3.0,3.0,3.0,3.0,3.0,3.0,3.0,3.0,3.0,3.0,3.0,3.0,3.0,3.0,3.0,3.0,3.0,3.0,3.0,3.0,3.0,3.0,3.0,3.0,3.0,3.0,3.0,3.0,-4.9956665,5.0,-0.6920823,-9.92585
1370,-101.91064163223115,15.301609,-20.006157,-1.6945602,0.9940871,-0.090886995,-0.056469392,0.018483365,-5.7595973,5.999879,0.7302153,0.2260192,0.68999636,-0.21985422,3.0,3.0,3.0,3.0,3.0,3.0,3.0,3.0,3.0,3.0,3.0,3.0,3.0,3.0,3.0,3.0,3.0,3.0,3.0,3.0,3.0,3.0,3.0,3.0,3.0,3.0,3.0,3.0,3.0,3.0,3.0,3.0,3.0,3.0,3.0,3.0,-0.07317591,4.999996,-0.6467751,26.478523
