step,reward,rel_x,rel_y,rel_z,qw,qx,qy,qz,vx,vy,vz,wx,wy,wz,lidar_0,lidar_1,lidar_2,lidar_3,lidar_4,lidar_5,lidar_6,lidar_7,lidar_8,lidar_9,lidar_10,lidar_11,lidar_12,lidar_13,lidar_14,lidar_15,lidar_16,lidar_17,lidar_18,lidar_19,lidar_20,lidar_21,lidar_22,lidar_23,lidar_24,lidar_25,lidar_26,lidar_27,lidar_28,lidar_29,lidar_30,lidar_31,lidar_32,lidar_33,lidar_34,lidar_35,act_vx,act_vy,act_vz,act_yaw
5,-0.0016955215807933077,-0.032172777,-0.14606798,0.8978864,1.0,0.0,0.0,0.0,0.0,0.0,0.2028851,0.0,0.0,0.0,3.0,3.0,3.0,3.0,3.0,3.0,3.0,3.0,3.0,3.0,3.0,3.0,3.0,3.0,3.0,3.0,3.0,3.0,3.0,3.0,3.0,3.0,3.0,3.0,3.0,3.0,3.0,3.0,3.0,3.0,3.0,3.0,3.0,3.0,3.0,3.0,-3.226814,1.1340041,0.9665899,-14.964277
10,-0.1497745842425563,-0.032172777,-0.14606798,0.8905126,0.9999998,-0.00024153196,-0.0005475088,0.00013982147,-3.6140073e-20,7.228015e-20,0.4531143,-0.02122045,-0.16810611,0.012317475,3.0,3.0,3.0,3.0,3.0,3.0,3.0,3.0,3.0,3.0,3.0,3.0,3.0,3.0,3.0,3.0,3.0,3.0,3.0,3.0,3.0,3.0,3.0,3.0,3.0,3.0,3.0,3.0,3.0,3.0,3.0,3.0,3.0,3.0,3.0,3.0,0.10943174,-3.8938477,0.8942841,-34.712936
15,-0.03603549894657418,-0.03216886,-0.14606974,0.87854004,0.99999726,-0.00057688134,0.00069147866,0.0021674836,-0.00024888595,0.000114515096,0.6253893,-0.20391381,0.02129857,0.49609762,3.0,3.0,3.0,3.0,3.0,3.0,3.0,3.0,3.0,3.0,3.0,3.0,3.0,3.0,3.0,3.0,3.0,3.0,3.0,3.0,3.0,3.0,3.0,3.0,3.0,3.0,3.0,3.0,3.0,3.0,3.0,3.0,3.0,3.0,3.0,3.0,-0.13971901,1.5830317,0.86470866,-26.035273
20,-0.17495167264937406,-0.032168467,-0.14607844,0.8639522,0.9999729,-0.0027415038,0.0014737706,0.006676982,9.828627e-05,0.0008159796,0.7349693,-0.09014507,0.12750854,0.28139257,3.0,3.0,3.0,3.0,3.0,3.0,3.0,3.0,3.0,3.0,3.0,3.0,3.0,3.0,3.0,3.0,3.0,3.0,3.0,3.0,3.0,3.0,3.0,3.0,3.0,3.0,3.0,3.0,3.0,3.0,3.0,3.0,3.0,3.0,3.0,3.0,0.67207813,-1.4423051,0.94624627,-42.599445
25,-0.040449724286610866,-0.032184426,-0.14611745,0.84709626,0.9999265,-0.004367931,0.004279521,0.010467977,0.0013519813,0.0024867249,0.83041215,-0.33991924,0.05590956,0.19618964,3.0,3.0,3.0,3.0,3.0,3.0,3.0,3.0,3.0,3.0,3.0,3.0,3.0,3.0,3.0,3.0,3.0,3.0,3.0,3.0,3.0,3.0,3.0,3.0,3.0,3.0,3.0,3.0,3.0,3.0,3.0,3.0,3.0,3.0,3.0,3.0,-0.47996473,-1.0115349,0.9386182,-30.7741
30,-0.07566135624270809,-0.032239877,-0.14619748,0.8290554,0.99990803,-0.0052710953,0.0055654333,0.011189203,0.003310232,0.004604959,0.86176467,0.039048035,0.21051587,0.074365094,3.0,3.0,3.0,3.0,3.0,3.0,3.0,3.0,3.0,3.0,3.0,3.0,3.0,3.0,3.0,3.0,3.0,3.0,3.0,3.0,3.0,3.0,3.0,3.0,3.0,3.0,3.0,3.0,3.0,3.0,3.0,3.0,3.0,3.0,3.0,3.0,-0.9945588,1.3047762,0.68329155,-34.70303
35,0.22821249609525812,-0.0323455,-0.14632861,0.8104085,0.9998337,-0.006093618,0.008315657,0.015042812,0.0064754435,0.0075096916,0.92451566,-0.08529694,0.37871775,0.57650465,3.0,3.0,3.0,3.0,3.0,3.0,3.0,3.0,3.0,3.0,3.0,3.0,3.0,3.0,3.0,3.0,3.0,3.0,3.0,3.0,3.0,3.0,3.0,3.0,3.0,3.0,3.0,3.0,3.0,3.0,3.0,3.0,3.0,3.0,3.0,3.0,-1.2778492,-2.44386,0.0025913715,-3.1759453
40,0.09752575943689318,-0.032522667,-0.14651628,0.7912746,0.9996492,-0.00628852,0.012542262,0.022463012,0.010160372,0.01019084,0.9243701,0.18348959,0.46896413,0.6010168,3.0,3.0,3.0,3.0,3.0,3.0,3.0,3.0,3.0,3.0,3.0,3.0,3.0,3.0,3.0,3.0,3.0,3.0,3.0,3.0,3.0,3.0,3.0,3.0,3.0,3.0,3.0,3.0,3.0,3.0,3.0,3.0,3.0,3.0,3.0,3.0,-3.074901,-0.09914684,0.95006394,-17.609974
45,0.011703796501884967,-0.03280716,-0.14676575,0.7716594,0.999532,-0.004707192,0.015481701,0.025960958,0.016483396,0.01315989,0.96339613,0.023525007,0.40897068,0.20205928,3.0,3.0,3.0,3.0,3.0,3.0,3.0,3.0,3.0,3.0,3.0,3.0,3.0,3.0,3.0,3.0,3.0,3.0,3.0,3.0,3.0,3.0,3.0,3.0,3.0,3.0,3.0,3.0,3.0,3.0,3.0,3.0,3.0,3.0,3.0,3.0,-1.1155379,2.3910828,0.9615514,-27.770561
50,-0.011401141061179232,-0.033244256,-0.1470717,0.7511132,0.9992743,-0.005451229,0.019166807,0.032461405,0.024292024,0.015778355,1.0039238,-0.13703933,0.5205257,0.68158376,3.0,3.0,3.0,3.0,3.0,3.0,3.0,3.0,3.0,3.0,3.0,3.0,3.0,3.0,3.0,3.0,3.0,3.0,3.0,3.0,3.0,3.0,3.0,3.0,3.0,3.0,3.0,3.0,3.0,3.0,3.0,3.0,3.0,3.0,3.0,3.0,-3.2732415,3.4361591,0.9274297,-29.605442
55,-0.007413303552454231,-0.033856686,-0.14743598,0.72995794,0.9988619,-0.0077333986,0.02191601,0.041650314,0.032830823,0.018753687,1.0181986,-0.006987946,0.11309257,0.6919826,3.0,3.0,3.0,3.0,3.0,3.0,3.0,3.0,3.0,3.0,3.0,3.0,3.0,3.0,3.0,3.0,3.0,3.0,3.0,3.0,3.0,3.0,3.0,3.0,3.0,3.0,3.0,3.0,3.0,3.0,3.0,3.0,3.0,3.0,3.0,3.0,0.67516804,-1.6828327,0.5030868,29.450981
60,0.03593953987739168,-0.03460535,-0.14785238,0.70981663,0.99848807,-0.008230241,0.024367055,0.048580263,0.038981523,0.021188524,0.95385486,-0.20419924,0.426966,0.50727,3.0,3.0,3.0,3.0,3.0,3.0,3.0,3.0,3.0,3.0,3.0,3.0,3.0,3.0,3.0,3.0,3.0,3.0,3.0,3.0,3.0,3.0,3.0,3.0,3.0,3.0,3.0,3.0,3.0,3.0,3.0,3.0,3.0,3.0,3.0,3.0,-2.4908483,1.1385198,0.3924619,-23.67139
65,-0.0013653835177440121,-0.035515044,-0.14833206,0.69050336,0.9982704,-0.00951354,0.026836848,0.0514344,0.048134398,0.024783501,0.93286246,-0.07921951,0.0030878945,0.00837912,3.0,3.0,3.0,3.0,3.0,3.0,3.0,3.0,3.0,3.0,3.0,3.0,3.0,3.0,3.0,3.0,3.0,3.0,3.0,3.0,3.0,3.0,3.0,3.0,3.0,3.0,3.0,3.0,3.0,3.0,3.0,3.0,3.0,3.0,3.0,3.0,2.0660377,-2.1847415,0.7029524,-28.578074
70,0.11829418201496744,-0.0366743,-0.14891271,0.67065954,0.99828875,-0.009387319,0.027172161,0.050922357,0.061418217,0.03027351,0.9801117,-0.027580775,0.15833,-0.18602215,3.0,3.0,3.0,3.0,3.0,3.0,3.0,3.0,3.0,3.0,3.0,3.0,3.0,3.0,3.0,3.0,3.0,3.0,3.0,3.0,3.0,3.0,3.0,3.0,3.0,3.0,3.0,3.0,3.0,3.0,3.0,3.0,3.0,3.0,3.0,3.0,-2.685985,0.19162893,0.7752199,-17.012083
75,-0.05067552230527156,-0.038074307,-0.14959304,0.6505209,0.9983317,-0.010427605,0.026724195,0.050108135,0.07057538,0.034096874,0.94858146,0.008082114,-0.08817069,-0.06412449,3.0,3.0,3.0,3.0,3.0,3.0,3.0,3.0,3.0,3.0,3.0,3.0,3.0,3.0,3.0,3.0,3.0,3.0,3.0,3.0,3.0,3.0,3.0,3.0,3.0,3.0,3.0,3.0,3.0,3.0,3.0,3.0,3.0,3.0,3.0,3.0,0.70092773,-3.0065513,0.93404806,-33.979103
80,0.03851393863085201,-0.039727725,-0.15038435,0.62983376,0.99824715,-0.010124503,0.030236216,0.04985921,0.08371789,0.039854836,0.9930378,-0.10004681,0.52654904,-0.15425287,3.0,3.0,3.0,3.0,3.0,3.0,3.0,3.0,3.0,3.0,3.0,3.0,3.0,3.0,3.0,3.0,3.0,3.0,3.0,3.0,3.0,3.0,3.0,3.0,3.0,3.0,3.0,3.0,3.0,3.0,3.0,3.0,3.0,3.0,3.0,3.0,-2.7590318,3.40767,0.9439162,-24.61966
85,0.08050810543943854,-0.04160755,-0.15126869,0.60940224,0.99807733,-0.0126837455,0.033129968,0.050824486,0.09444039,0.044159327,0.96669436,-0.19736032,0.1142777,0.04046587,3.0,3.0,3.0,3.0,3.0,3.0,3.0,3.0,3.0,3.0,3.0,3.0,3.0,3.0,3.0,3.0,3.0,3.0,3.0,3.0,3.0,3.0,3.0,3.0,3.0,3.0,3.0,3.0,3.0,3.0,3.0,3.0,3.0,3.0,3.0,3.0,1.4965582,-0.9960742,0.9054282,-20.821447
90,0.2402450612488395,-0.043755382,-0.15226768,0.5890444,0.99783343,-0.015339003,0.036052287,0.05285221,0.10721092,0.049788717,0.95697695,-0.40344352,0.15003192,0.34588256,3.0,3.0,3.0,3.0,3.0,3.0,3.0,3.0,3.0,3.0,3.0,3.0,3.0,3.0,3.0,3.0,3.0,3.0,3.0,3.0,3.0,3.0,3.0,3.0,3.0,3.0,3.0,3.0,3.0,3.0,3.0,3.0,3.0,3.0,3.0,3.0,1.226984,-3.3545566,0.92747116,-1.4463997
95,-0.02639591058890689,-0.04611894,-0.15336737,0.56980723,0.997373,-0.01810069,0.03936855,0.0580483,0.11590816,0.054034755,0.87577266,-0.26458737,0.3120511,0.5045582,3.0,3.0,3.0,3.0,3.0,3.0,3.0,3.0,3.0,3.0,3.0,3.0,3.0,3.0,3.0,3.0,3.0,3.0,3.0,3.0,3.0,3.0,3.0,3.0,3.0,3.0,3.0,3.0,3.0,3.0,3.0,3.0,3.0,3.0,3.0,3.0,-2.8208857,0.32754707,0.7477627,-28.183123
100,0.10952700662347514,-0.04872532,-0.15459615,0.5516013,0.9970031,-0.020194398,0.04157889,0.06203417,0.12937811,0.061342366,0.84749883,-0.11409221,0.18807964,0.34727848,3.0,3.0,3.0,3.0,3.0,3.0,3.0,3.0,3.0,3.0,3.0,3.0,3.0,3.0,3.0,3.0,3.0,3.0,3.0,3.0,3.0,3.0,3.0,3.0,3.0,3.0,3.0,3.0,3.0,3.0,3.0,3.0,3.0,3.0,3.0,3.0,0.15698719,0.95109224,0.3472916,-14.064718
105,-0.18949560074389316,-0.051591303,-0.15597104,0.53438663,0.9967341,-0.020272765,0.04366312,0.06483587,0.14721364,0.07148046,0.8626281,-0.026406582,0.36572108,0.13923442,3.0,3.0,3.0,3.0,3.0,3.0,3.0,3.0,3.0,3.0,3.0,3.0,3.0,3.0,3.0,3.0,3.0,3.0,3.0,3.0,3.0,3.0,3.0,3.0,3.0,3.0,3.0,3.0,3.0,3.0,3.0,3.0,3.0,3.0,3.0,3.0,-2.2827315,0.0872159,0.72550845,-44.468636
110,-0.06866745215873563,-0.05478897,-0.1575324,0.5174043,0.9966021,-0.0221334,0.045469973,0.06501369,0.1575161,0.077165425,0.7804893,-0.301486,0.018506316,-0.017386833,3.0,3.0,3.0,3.0,3.0,3.0,3.0,3.0,3.0,3.0,3.0,3.0,3.0,3.0,3.0,3.0,3.0,3.0,3.0,3.0,3.0,3.0,3.0,3.0,3.0,3.0,3.0,3.0,3.0,3.0,3.0,3.0,3.0,3.0,3.0,3.0,1.3641319,-3.3860564,0.2914369,-30.229391
115,-0.15785640080398805,-0.058224253,-0.15922935,0.5019315,0.9967169,-0.023448387,0.044802368,0.06323202,0.1728561,0.0862196,0.75231266,0.09305229,-0.03106513,-0.1671042,3.0,3.0,3.0,3.0,3.0,3.0,3.0,3.0,3.0,3.0,3.0,3.0,3.0,3.0,3.0,3.0,3.0,3.0,3.0,3.0,3.0,3.0,3.0,3.0,3.0,3.0,3.0,3.0,3.0,3.0,3.0,3.0,3.0,3.0,3.0,3.0,-0.76888466,1.3339181,0.8589637,-39.694317
120,-0.20551476523951961,-0.062097456,-0.16119207,0.485639,0.9968652,-0.021516524,0.044191096,0.06199948,0.19438143,0.09939217,0.8002638,0.44768313,0.18816254,0.07473234,3.0,3.0,3.0,3.0,3.0,3.0,3.0,3.0,3.0,3.0,3.0,3.0,3.0,3.0,3.0,3.0,3.0,3.0,3.0,3.0,3.0,3.0,3.0,3.0,3.0,3.0,3.0,3.0,3.0,3.0,3.0,3.0,3.0,3.0,3.0,3.0,0.94007015,0.41446447,0.42571795,-43.75648
125,99.79272551482458,-0.066388965,-0.16339773,0.46868345,0.9969921,-0.01807154,0.044971146,0.060478877,0.21486193,0.110589564,0.8353611,0.27694696,0.18118063,-0.26117513,3.0,3.0,3.0,3.0,3.0,3.0,3.0,3.0,3.0,3.0,3.0,3.0,3.0,3.0,3.0,3.0,3.0,3.0,3.0,3.0,3.0,3.0,3.0,3.0,3.0,3.0,3.0,3.0,3.0,3.0,3.0,3.0,3.0,3.0,3.0,3.0,-0.18491507,0.17537308,0.27065444,-44.332558
130,-0.04036830714779538,1.9289047,-0.16580625,1.4512086,0.99705166,-0.016717112,0.0487239,0.05687274,0.23694134,0.120459415,0.8813097,-0.019243186,0.629891,-0.38796315,3.0,3.0,3.0,3.0,3.0,3.0,3.0,3.0,3.0,3.0,3.0,3.0,3.0,3.0,3.0,3.0,3.0,3.0,3.0,3.0,3.0,3.0,3.0,3.0,3.0,3.0,3.0,3.0,3.0,3.0,3.0,3.0,3.0,3.0,3.0,3.0,2.0642834,1.4427781,0.94619226,-27.693304
135,-0.005344033123190595,1.9235915,-0.16846992,1.4314646,0.99697614,-0.019695703,0.05806204,0.047743164,0.26422498,0.13152187,0.95748526,-0.48685533,0.9293158,-1.0760599,3.0,3.0,3.0,3.0,3.0,3.0,3.0,3.0,3.0,3.0,3.0,3.0,3.0,3.0,3.0,3.0,3.0,3.0,3.0,3.0,3.0,3.0,3.0,3.0,3.0,3.0,3.0,3.0,3.0,3.0,3.0,3.0,3.0,3.0,3.0,3.0,-3.0706978,-0.5493555,0.96155596,-23.507486
140,-0.001388633731283978,1.9177501,-0.17134146,1.4111193,0.9969603,-0.023293193,0.06680058,0.03263844,0.289394,0.14131337,0.9696993,-0.4322006,0.62216586,-1.5597601,3.0,3.0,3.0,3.0,3.0,3.0,3.0,3.0,3.0,3.0,3.0,3.0,3.0,3.0,3.0,3.0,3.0,3.0,3.0,3.0,3.0,3.0,3.0,3.0,3.0,3.0,3.0,3.0,3.0,3.0,3.0,3.0,3.0,3.0,3.0,3.0,3.6158333,4.208585,0.9753891,-23.258024
145,-0.006455610415851576,1.9111965,-0.17448777,1.3895183,0.99665827,-0.02665832,0.075864725,0.0143604,0.32736662,0.15593322,1.0479928,-0.39900836,0.86254144,-1.8834479,3.0,3.0,3.0,3.0,3.0,3.0,3.0,3.0,3.0,3.0,3.0,3.0,3.0,3.0,3.0,3.0,3.0,3.0,3.0,3.0,3.0,3.0,3.0,3.0,3.0,3.0,3.0,3.0,3.0,3.0,3.0,3.0,3.0,3.0,3.0,3.0,-0.60237455,4.1797256,0.9946108,-24.450703
150,-0.09312879599261004,1.9039425,-0.17789654,1.3673656,0.99605525,-0.03194915,0.082734786,-0.0028506657,0.3599851,0.16795525,1.056867,-0.8058062,0.56677455,-1.6111264,3.0,3.0,3.0,3.0,3.0,3.0,3.0,3.0,3.0,3.0,3.0,3.0,3.0,3.0,3.0,3.0,3.0,3.0,3.0,3.0,3.0,3.0,3.0,3.0,3.0,3.0,3.0,3.0,3.0,3.0,3.0,3.0,3.0,3.0,3.0,3.0,1.9316411,-2.045635,0.97044194,-34.350742
155,0.008408368750842554,1.8959177,-0.18159494,1.3447543,0.99508315,-0.03666837,0.090319,-0.017535107,0.39803925,0.18244071,1.0785847,-0.4872848,0.6325491,-1.3041747,3.0,3.0,3.0,3.0,3.0,3.0,3.0,3.0,3.0,3.0,3.0,3.0,3.0,3.0,3.0,3.0,3.0,3.0,3.0,3.0,3.0,3.0,3.0,3.0,3.0,3.0,3.0,3.0,3.0,3.0,3.0,3.0,3.0,3.0,3.0,3.0,-2.553424,-1.5381026,0.9796696,-25.218748
160,0.05009546552530619,1.8871586,-0.18557374,1.3223059,0.9940477,-0.038868137,0.09727664,-0.029927121,0.43843028,0.19777931,1.0913585,-0.3235868,0.79749393,-1.1111488,3.0,3.0,3.0,3.0,3.0,3.0,3.0,3.0,3.0,3.0,3.0,3.0,3.0,3.0,3.0,3.0,3.0,3.0,3.0,3.0,3.0,3.0,3.0,3.0,3.0,3.0,3.0,3.0,3.0,3.0,3.0,3.0,3.0,3.0,3.0,3.0,-1.8857014,-3.3074698,0.99811566,-21.85068
165,-0.09794762417915603,1.8774883,-0.18988769,1.2994367,0.99279654,-0.04093078,0.105310276,-0.039868485,0.4818424,0.21335769,1.1029186,-0.32238975,0.87698984,-0.972959,3.0,3.0,3.0,3.0,3.0,3.0,3.0,3.0,3.0,3.0,3.0,3.0,3.0,3.0,3.0,3.0,3.0,3.0,3.0,3.0,3.0,3.0,3.0,3.0,3.0,3.0,3.0,3.0,3.0,3.0,3.0,3.0,3.0,3.0,3.0,3.0,-0.56186867,-3.1185923,0.8254076,-37.63838
170,0.2750700049470395,1.8668342,-0.19453973,1.2761968,0.99149936,-0.0428933,0.112404846,-0.049540646,0.54109627,0.23314378,1.1669719,-0.2653578,0.7896369,-0.9582513,3.0,3.0,3.0,3.0,3.0,3.0,3.0,3.0,3.0,3.0,3.0,3.0,3.0,3.0,3.0,3.0,3.0,3.0,3.0,3.0,3.0,3.0,3.0,3.0,3.0,3.0,3.0,3.0,3.0,3.0,3.0,3.0,3.0,3.0,3.0,3.0,-2.0250344,0.28731108,0.96913815,-0.5513725
175,0.2867777179977146,1.8550134,-0.19957072,1.2520891,0.9902427,-0.04260276,0.12000028,-0.05660672,0.59376764,0.24956387,1.1854588,-0.17918713,0.75161535,-0.7568469,3.0,3.0,2.9643934,2.9842255,3.0,3.0,3.0,3.0,3.0,3.0,3.0,3.0,3.0,3.0,3.0,3.0,3.0,3.0,3.0,3.0,3.0,3.0,3.0,3.0,3.0,3.0,3.0,3.0,3.0,3.0,3.0,3.0,3.0,3.0,3.0,3.0,0.7330508,-0.52146626,0.94824624,-2.4683304
180,0.2835843086671375,1.841939,-0.20497192,1.2271123,0.9888614,-0.0421442,0.12847032,-0.062228303,0.64822924,0.26495385,1.1985989,-0.09385554,0.80038744,-0.47224498,3.0,2.946544,2.8860328,2.914738,3.0,3.0,3.0,3.0,3.0,3.0,3.0,3.0,3.0,3.0,3.0,3.0,3.0,3.0,3.0,3.0,3.0,3.0,3.0,3.0,3.0,3.0,3.0,3.0,3.0,3.0,3.0,3.0,3.0,3.0,3.0,3.0,-1.6657364,-2.118836,0.99270296,-2.829815
185,0.06373872859477464,1.8280061,-0.21059917,1.2030896,0.98773056,-0.04280445,0.13529715,-0.06519776,0.6896038,0.2752532,1.1476153,-0.13362837,0.4598377,0.012573123,3.0,2.8929749,2.837339,2.8693411,2.994085,3.0,3.0,3.0,3.0,3.0,3.0,3.0,3.0,3.0,3.0,3.0,3.0,3.0,3.0,3.0,3.0,3.0,3.0,3.0,3.0,3.0,3.0,3.0,3.0,3.0,3.0,3.0,3.0,3.0,3.0,3.0,-2.9335217,-1.2706165,0.974725,-26.725174
190,0.11115531013048374,1.8129646,-0.21649623,1.179337,0.9874121,-0.042756554,0.13892092,-0.062371477,0.7478763,0.289274,1.1494983,-0.025189338,0.22482294,0.35722703,3.0,2.9040205,2.8535516,2.8911524,3.0,3.0,3.0,3.0,3.0,3.0,3.0,3.0,3.0,3.0,3.0,3.0,3.0,3.0,3.0,3.0,3.0,3.0,3.0,3.0,3.0,3.0,3.0,3.0,3.0,3.0,3.0,3.0,3.0,3.0,3.0,3.0,-0.85821676,-3.2838466,0.72396135,22.95607
195,0.1314339791941414,1.7967017,-0.22268417,1.1555735,0.98740774,-0.04369231,0.14088939,-0.057159007,0.80706257,0.30332235,1.1503471,0.043446694,0.29843196,0.67805415,3.0,2.9436417,2.89408,2.9338264,3.0,3.0,3.0,3.0,3.0,3.0,3.0,3.0,3.0,3.0,3.0,3.0,3.0,3.0,3.0,3.0,3.0,3.0,3.0,3.0,3.0,3.0,3.0,3.0,3.0,3.0,3.0,3.0,3.0,3.0,3.0,3.0,-0.52229977,-2.0891237,0.89784753,21.385086
200,0.09250381920102774,1.7792054,-0.22917041,1.1318178,0.9876444,-0.0431805,0.1422646,-0.04954646,0.8707456,0.31899166,1.1640193,0.39225605,0.26796886,0.8503886,3.0,2.9959044,2.952604,3.0,3.0,3.0,3.0,3.0,3.0,3.0,3.0,3.0,3.0,3.0,3.0,3.0,3.0,3.0,3.0,3.0,3.0,3.0,3.0,3.0,3.0,3.0,3.0,3.0,3.0,3.0,3.0,3.0,3.0,3.0,3.0,3.0,2.3829942,3.4200869,0.8937783,26.38124
205,0.052632489821460515,1.7603611,-0.23598962,1.1077176,0.9872063,-0.043373823,0.14732775,-0.042860005,0.91863334,0.33073276,1.1234634,0.020334868,0.5744715,0.5557914,3.0,2.975575,2.9403756,2.9959657,3.0,3.0,3.0,3.0,3.0,3.0,3.0,3.0,3.0,3.0,3.0,3.0,3.0,3.0,3.0,3.0,3.0,3.0,3.0,3.0,3.0,3.0,3.0,3.0,3.0,3.0,3.0,3.0,3.0,3.0,3.0,3.0,-2.9930072,-2.1022842,0.9595773,-30.405704
210,0.0901461928684762,1.7408563,-0.24296829,1.0856318,0.9866837,-0.045052074,0.15217574,-0.03560992,0.9466745,0.33750886,1.0133684,-0.05400087,0.48543224,0.7217915,3.0,2.9505582,2.9186258,2.9768593,3.0,3.0,3.0,3.0,3.0,3.0,3.0,3.0,3.0,3.0,3.0,3.0,3.0,3.0,3.0,3.0,3.0,3.0,3.0,3.0,3.0,3.0,3.0,3.0,3.0,3.0,3.0,3.0,3.0,3.0,3.0,3.0,-2.7762094,-0.41352558,0.95688736,25.762314
215,0.22116998410866556,1.7207161,-0.25010538,1.0657192,0.9862859,-0.046176486,0.15571196,-0.029353805,0.98285943,0.34672365,0.92565954,0.06551099,0.21484369,0.41070405,3.0,2.9452012,2.9163284,2.977611,3.0,3.0,3.0,3.0,3.0,3.0,3.0,3.0,3.0,3.0,3.0,3.0,3.0,3.0,3.0,3.0,3.0,3.0,3.0,3.0,3.0,3.0,3.0,3.0,3.0,3.0,3.0,3.0,3.0,3.0,3.0,3.0,-0.38564968,-0.48191595,0.9766724,-13.60009
220,0.3403868421318142,1.6996177,-0.2574908,1.0470299,0.9864269,-0.045960583,0.15550746,-0.025828063,1.0272446,0.35826015,0.8615545,0.02585395,-0.057189118,0.37085462,3.0,3.0,2.979706,3.0,3.0,3.0,3.0,3.0,3.0,3.0,3.0,3.0,3.0,3.0,3.0,3.0,3.0,3.0,3.0,3.0,3.0,3.0,3.0,3.0,3.0,3.0,3.0,3.0,3.0,3.0,3.0,3.0,3.0,3.0,3.0,3.0,-1.232163,0.58063936,0.9821985,-0.8194275
225,0.3177241316432057,1.6773101,-0.26519686,1.028789,0.9868182,-0.04577379,0.1535682,-0.022615116,1.1076999,0.3799037,0.90985006,0.016695406,-0.053953223,0.121252574,3.0,3.0,3.0,3.0,3.0,3.0,3.0,3.0,3.0,3.0,3.0,3.0,3.0,3.0,3.0,3.0,3.0,3.0,3.0,3.0,3.0,3.0,3.0,3.0,3.0,3.0,3.0,3.0,3.0,3.0,3.0,3.0,3.0,3.0,3.0,3.0,1.5241537,0.41078997,0.8300402,-6.3745003
230,0.3211383925967441,1.6532592,-0.27337477,1.0092934,0.98690975,-0.044480827,0.15415359,-0.016350137,1.1799661,0.39940438,0.9355985,0.20753485,0.006295417,0.8961212,3.0,3.0,3.0,3.0,3.0,3.0,3.0,3.0,3.0,3.0,3.0,3.0,3.0,3.0,3.0,3.0,3.0,3.0,3.0,3.0,3.0,3.0,3.0,3.0,3.0,3.0,3.0,3.0,3.0,3.0,3.0,3.0,3.0,3.0,3.0,3.0,0.105270386,2.057313,0.89737856,-5.562294
235,-0.010411714083829848,1.6278337,-0.28192222,0.98966306,0.9872707,-0.0434234,0.15280263,-0.007893832,1.2358389,0.41443875,0.9110741,0.29605666,-0.12002871,0.7486086,3.0,3.0,3.0,3.0,3.0,3.0,3.0,3.0,3.0,3.0,3.0,3.0,3.0,3.0,3.0,3.0,3.0,3.0,3.0,3.0,3.0,3.0,3.0,3.0,3.0,3.0,3.0,3.0,3.0,3.0,3.0,3.0,3.0,3.0,3.0,3.0,1.0110378,-0.84277725,0.6698259,39.640434
240,0.09810978762325906,1.6014913,-0.29071835,0.9712802,0.9876588,-0.041658323,0.15097697,0.00080650783,1.2810988,0.4267264,0.8560631,0.20931728,-0.19876601,0.9435378,3.0,3.0,3.0,3.0,3.0,3.0,3.0,3.0,3.0,3.0,3.0,3.0,3.0,3.0,3.0,3.0,3.0,3.0,3.0,3.0,3.0,3.0,3.0,3.0,3.0,3.0,3.0,3.0,3.0,3.0,3.0,3.0,3.0,3.0,3.0,3.0,1.343708,-2.8296483,0.91541433,28.716843
245,0.05731398185591852,1.5738692,-0.29986447,0.95293176,0.9881649,-0.040243797,0.14767978,0.010064632,1.3479897,0.4451493,0.8732913,0.32585204,-0.43143323,0.6038018,3.0,3.0,3.0,3.0,3.0,3.0,3.0,3.0,3.0,3.0,3.0,3.0,3.0,3.0,3.0,3.0,3.0,3.0,3.0,3.0,3.0,3.0,3.0,3.0,3.0,3.0,3.0,3.0,3.0,3.0,3.0,3.0,3.0,3.0,3.0,3.0,2.538062,1.15417,0.69744635,34.44586
250,-0.002250705429569899,1.5451087,-0.30932933,0.934974,0.9888905,-0.039669484,0.14246526,0.015016454,1.3928449,0.45781064,0.8244682,0.17322133,-0.5994453,0.39233986,3.0,3.0,3.0,3.0,3.0,3.0,3.0,3.0,3.0,3.0,3.0,3.0,3.0,3.0,3.0,3.0,3.0,3.0,3.0,3.0,3.0,3.0,3.0,3.0,3.0,3.0,3.0,3.0,3.0,3.0,3.0,3.0,3.0,3.0,3.0,3.0,-0.9509449,-2.1537867,0.6726688,40.0979
255,0.00969600673384119,1.5154532,-0.31905425,0.9180526,0.9898915,-0.037273683,0.13582867,0.016612262,1.441359,0.472055,0.7962142,0.28583893,-0.6261326,0.086753145,3.0,3.0,3.0,3.0,3.0,3.0,3.0,3.0,3.0,3.0,3.0,3.0,3.0,3.0,3.0,3.0,3.0,3.0,3.0,3.0,3.0,3.0,3.0,3.0,3.0,3.0,3.0,3.0,3.0,3.0,3.0,3.0,3.0,3.0,3.0,3.0,-2.1577384,2.9931917,0.54003906,39.250854
260,-0.025486092468688548,1.4847335,-0.3290894,0.90138406,0.99112463,-0.033846132,0.12702933,0.019747017,1.5069255,0.49109972,0.84173596,0.5936377,-0.88010544,0.37681067,3.0,3.0,3.0,3.0,3.0,3.0,3.0,3.0,3.0,3.0,3.0,3.0,3.0,3.0,3.0,3.0,3.0,3.0,3.0,3.0,3.0,3.0,3.0,3.0,3.0,3.0,3.0,3.0,3.0,3.0,3.0,3.0,3.0,3.0,3.0,3.0,1.3809819,0.31671715,0.7339244,43.87903
265,-0.009628698913088762,1.4526163,-0.33952537,0.8834428,0.9923574,-0.029545069,0.11790388,0.021274291,1.5677601,0.5081494,0.8889652,0.390126,-0.6535724,0.13959838,3.0,3.0,3.0,3.0,3.0,3.0,3.0,3.0,3.0,3.0,3.0,3.0,3.0,3.0,3.0,3.0,3.0,3.0,3.0,3.0,3.0,3.0,3.0,3.0,3.0,3.0,3.0,3.0,3.0,3.0,3.0,3.0,3.0,3.0,3.0,3.0,-3.8558927,-1.047957,0.83911157,43.731934
270,-0.018865943016485587,1.4196602,-0.3501897,0.86606663,0.9933168,-0.026368162,0.10992242,0.023311678,1.5933164,0.51488644,0.80706114,0.27488405,-0.77390134,0.0335244,3.0,3.0,3.0,3.0,3.0,3.0,3.0,3.0,3.0,3.0,3.0,3.0,3.0,3.0,3.0,3.0,3.0,3.0,3.0,3.0,3.0,3.0,3.0,3.0,3.0,3.0,3.0,3.0,3.0,3.0,3.0,3.0,3.0,3.0,3.0,3.0,0.93446493,2.3697338,0.503304,44.177345
275,-0.025209540232853156,1.3861095,-0.36100894,0.8499875,0.9944705,-0.023480307,0.09977904,0.022831995,1.6299833,0.5244798,0.7883172,0.5944475,-0.94067734,0.101511545,3.0,3.0,3.0,3.0,3.0,3.0,3.0,3.0,3.0,3.0,3.0,3.0,3.0,3.0,3.0,3.0,3.0,3.0,3.0,3.0,3.0,3.0,3.0,3.0,3.0,3.0,3.0,3.0,3.0,3.0,3.0,3.0,3.0,3.0,3.0,3.0,4.611724,3.7991629,0.15189528,44.035378
280,-0.0011511625623907284,1.351704,-0.37204826,0.83365685,0.9954446,-0.020907842,0.09036666,0.022064047,1.6640457,0.5329867,0.77415663,0.22025873,-0.959825,-0.24945556,3.0,3.0,3.0,3.0,3.0,3.0,3.0,3.0,3.0,3.0,3.0,3.0,3.0,3.0,3.0,3.0,3.0,3.0,3.0,3.0,3.0,3.0,3.0,3.0,3.0,3.0,3.0,3.0,3.0,3.0,3.0,3.0,3.0,3.0,3.0,3.0,-1.3925323,0.57484436,0.83048034,42.584015
285,-0.0017239502711310917,1.3166356,-0.38325137,0.8176075,0.9963872,-0.018787337,0.08014122,0.020904511,1.6969125,0.54114705,0.776592,0.3340632,-0.87556106,0.033808663,3.0,3.0,3.0,3.0,3.0,3.0,3.0,3.0,3.0,3.0,3.0,3.0,3.0,3.0,3.0,3.0,3.0,3.0,3.0,3.0,3.0,3.0,3.0,3.0,3.0,3.0,3.0,3.0,3.0,3.0,3.0,3.0,3.0,3.0,3.0,3.0,-0.10288525,-0.4788103,0.73801196,43.091644
290,0.0011281311549268813,1.2807623,-0.39465487,0.8004128,0.9972781,-0.015494842,0.06976552,0.018142017,1.7358536,0.5507604,0.8443735,0.45246425,-1.0163966,-0.21600279,3.0,3.0,3.0,3.0,3.0,3.0,3.0,3.0,3.0,3.0,3.0,3.0,3.0,3.0,3.0,3.0,3.0,3.0,3.0,3.0,3.0,3.0,3.0,3.0,3.0,3.0,3.0,3.0,3.0,3.0,3.0,3.0,3.0,3.0,3.0,3.0,3.3641033,4.146021,0.51957464,43.118034
295,0.04919354745238813,1.2442499,-0.40620908,0.7824891,0.9979211,-0.014999723,0.0611488,0.01375998,1.7626061,0.55683833,0.86584264,-0.16238092,-0.77488863,-0.46876332,3.0,3.0,3.0,3.0,3.0,3.0,3.0,3.0,3.0,3.0,3.0,3.0,3.0,3.0,3.0,3.0,3.0,3.0,3.0,3.0,3.0,3.0,3.0,3.0,3.0,3.0,3.0,3.0,3.0,3.0,3.0,3.0,3.0,3.0,3.0,3.0,-0.703145,-4.572394,0.96782637,39.250526
300,0.036871706540891336,1.2072408,-0.41788122,0.76419395,0.99855626,-0.014655081,0.05123037,0.0067886324,1.7850817,0.5625154,0.88786304,-0.1863085,-0.8077793,-0.85506254,3.0,3.0,3.0,3.0,3.0,3.0,3.0,3.0,3.0,3.0,3.0,3.0,3.0,3.0,3.0,3.0,3.0,3.0,3.0,3.0,3.0,3.0,3.0,3.0,3.0,3.0,3.0,3.0,3.0,3.0,3.0,3.0,3.0,3.0,3.0,3.0,0.76272964,-0.42418098,0.94156337,40.517143
305,0.013710476338085087,1.1698248,-0.42966455,0.745508,0.9990053,-0.013300258,0.04255273,-0.00089416525,1.8007796,0.5670437,0.8843665,0.20080112,-0.90813047,-0.8716594,3.0,3.0,3.0,3.0,3.0,3.0,3.0,3.0,3.0,3.0,3.0,3.0,3.0,3.0,3.0,3.0,3.0,3.0,3.0,3.0,3.0,3.0,3.0,3.0,3.0,3.0,3.0,3.0,3.0,3.0,3.0,3.0,3.0,3.0,3.0,3.0,0.12536716,2.4059196,0.90877104,42.391434
310,0.035854876185338946,1.1321353,-0.44153252,0.726935,0.999377,-0.010181332,0.033188567,-0.006361044,1.8131669,0.5709706,0.8859153,0.45691547,-0.9485025,-0.5830234,3.0,3.0,3.0,3.0,3.0,3.0,3.0,3.0,3.0,3.0,3.0,3.0,3.0,3.0,3.0,3.0,3.0,3.0,3.0,3.0,3.0,3.0,3.0,3.0,3.0,3.0,3.0,3.0,3.0,3.0,3.0,3.0,3.0,3.0,3.0,3.0,2.2707772,3.845191,0.87344134,39.94175
315,0.02067540764092407,1.0941784,-0.45348105,0.70741475,0.999486,-0.0066596237,0.028011514,-0.014093685,1.8266333,0.57473356,0.9625272,0.31552735,-0.22300321,-0.7514193,3.0,3.0,3.0,3.0,3.0,3.0,3.0,3.0,3.0,3.0,3.0,3.0,3.0,3.0,3.0,3.0,3.0,3.0,3.0,3.0,3.0,3.0,3.0,3.0,3.0,3.0,3.0,3.0,3.0,3.0,3.0,3.0,3.0,3.0,3.0,3.0,-1.3086872,0.872118,0.3732978,42.43689
320,-0.015106843288548444,1.0561059,-0.46545222,0.6885579,0.99942374,-0.0021837868,0.024729604,-0.023149477,1.8281033,0.574467,0.86873156,0.47566432,-0.41926396,-0.9968753,3.0,3.0,3.0,3.0,3.0,3.0,3.0,3.0,3.0,3.0,3.0,3.0,3.0,3.0,3.0,3.0,3.0,3.0,3.0,3.0,3.0,3.0,3.0,3.0,3.0,3.0,3.0,3.0,3.0,3.0,3.0,3.0,3.0,3.0,3.0,3.0,2.7963438,2.5387373,0.87609303,44.23806
325,0.09568732827558346,1.0179431,-0.4774101,0.6702836,0.99918306,0.0004306248,0.021841658,-0.033998914,1.8346585,0.573374,0.8957389,0.18777965,-0.34452483,-1.020551,3.0,3.0,3.0,3.0,3.0,3.0,3.0,3.0,3.0,3.0,3.0,3.0,3.0,3.0,3.0,3.0,3.0,3.0,3.0,3.0,3.0,3.0,3.0,3.0,3.0,3.0,3.0,3.0,3.0,3.0,3.0,3.0,3.0,3.0,3.0,3.0,-0.56244326,2.288641,0.64131737,32.921097
330,0.046898387112866924,0.97966486,-0.48932946,0.6514665,0.9990808,0.0033852381,0.015566681,-0.039797276,1.8392932,0.5711484,0.9194555,0.4602799,-0.71763587,-0.2419405,3.0,3.0,3.0,3.0,3.0,3.0,3.0,3.0,3.0,3.0,3.0,3.0,3.0,3.0,3.0,3.0,3.0,3.0,3.0,3.0,3.0,3.0,3.0,3.0,3.0,3.0,3.0,3.0,3.0,3.0,3.0,3.0,3.0,3.0,3.0,3.0,2.833723,3.2315817,0.8473302,38.05645
335,0.01656529414144825,0.9413265,-0.5011881,0.6322635,0.9989485,0.007719941,0.008097858,-0.044460487,1.8405454,0.56763864,0.92655337,0.46329114,-0.9736991,-0.58078384,3.0,3.0,3.0,3.0,3.0,3.0,3.0,3.0,3.0,3.0,3.0,3.0,3.0,3.0,3.0,3.0,3.0,3.0,3.0,3.0,3.0,3.0,3.0,3.0,3.0,3.0,3.0,3.0,3.0,3.0,3.0,3.0,3.0,3.0,3.0,3.0,1.6993513,3.463335,0.69571364,39.756905
340,0.0034535513129035356,0.9030065,-0.5129542,0.61307395,0.9988247,0.012141343,-0.0010374213,-0.046911623,1.8381752,0.5625092,0.92411774,0.29852164,-1.0912693,-0.11194739,3.0,3.0,3.0,3.0,3.0,3.0,3.0,3.0,3.0,3.0,3.0,3.0,3.0,3.0,3.0,3.0,3.0,3.0,3.0,3.0,3.0,3.0,3.0,3.0,3.0,3.0,3.0,3.0,3.0,3.0,3.0,3.0,3.0,3.0,3.0,3.0,1.1154418,-1.0607495,0.8990965,40.932915
345,-0.017103630494062716,0.86477864,-0.5245884,0.59367466,0.99865234,0.017170534,-0.010514701,-0.04783427,1.8325449,0.5564692,0.9000104,0.4644374,-0.9572442,-0.18193455,3.0,3.0,3.0,3.0,3.0,3.0,3.0,3.0,3.0,3.0,3.0,3.0,3.0,3.0,3.0,3.0,3.0,3.0,3.0,3.0,3.0,3.0,3.0,3.0,3.0,3.0,3.0,3.0,3.0,3.0,3.0,3.0,3.0,3.0,3.0,3.0,-0.0006117821,-1.922344,0.56182766,41.762123
350,-0.018728848478209215,0.8267081,-0.5360959,0.57552636,0.99818045,0.02224254,-0.019424036,-0.05257172,1.823295,0.5491574,0.8587686,0.50032896,-0.7016443,-0.41379863,3.0,3.0,3.0,3.0,3.0,3.0,3.0,3.0,3.0,3.0,3.0,3.0,3.0,3.0,3.0,3.0,3.0,3.0,3.0,3.0,3.0,3.0,3.0,3.0,3.0,3.0,3.0,3.0,3.0,3.0,3.0,3.0,3.0,3.0,3.0,3.0,2.2023816,1.1610675,0.82471013,41.066055
355,0.1701552588906049,0.7888772,-0.5474206,0.55789816,0.9977503,0.026847374,-0.025596915,-0.055842653,1.8108097,0.53985053,0.83373535,0.51265734,-0.7164802,-0.44375813,3.0,3.0,3.0,3.0,3.0,3.0,3.0,3.0,3.0,3.0,3.0,3.0,3.0,3.0,3.0,3.0,3.0,3.0,3.0,3.0,3.0,3.0,3.0,3.0,3.0,3.0,3.0,3.0,3.0,3.0,3.0,3.0,3.0,3.0,3.0,3.0,0.07518244,4.1797466,0.5325062,20.282738
360,-0.07195103310577228,0.7513474,-0.55852306,0.54063815,0.99722314,0.03288051,-0.034081686,-0.05747431,1.7953387,0.5285661,0.81634235,0.5436936,-0.7478255,-0.16844942,3.0,3.0,3.0,3.0,3.0,3.0,3.0,3.0,3.0,3.0,3.0,3.0,3.0,3.0,3.0,3.0,3.0,3.0,3.0,3.0,3.0,3.0,3.0,3.0,3.0,3.0,3.0,3.0,3.0,3.0,3.0,3.0,3.0,3.0,3.0,3.0,-0.34940672,0.53328896,0.41251528,43.825317
365,-0.062363453347046016,0.7141974,-0.56935143,0.52355736,0.9968765,0.0376136,-0.04209483,-0.055231877,1.7751946,0.51404536,0.81689644,0.2773742,-0.67283183,0.386137,3.0,3.0,3.0,3.0,3.0,3.0,3.0,3.0,3.0,3.0,3.0,3.0,3.0,3.0,3.0,3.0,3.0,3.0,3.0,3.0,3.0,3.0,3.0,3.0,3.0,3.0,3.0,3.0,3.0,3.0,3.0,3.0,3.0,3.0,3.0,3.0,3.3941965,-1.7330503,0.48181915,41.884506
370,-0.08573527873082515,0.6774356,-0.5799118,0.5072639,0.99678767,0.043045152,-0.046969518,-0.048531976,1.7577741,0.50237036,0.754096,0.5309849,-0.46674675,0.7323153,3.0,3.0,3.0,3.0,3.0,3.0,3.0,3.0,3.0,3.0,3.0,3.0,3.0,3.0,3.0,3.0,3.0,3.0,3.0,3.0,3.0,3.0,3.0,3.0,3.0,3.0,3.0,3.0,3.0,3.0,3.0,3.0,3.0,3.0,3.0,3.0,1.2942705,1.966033,0.89134645,42.603447
375,-0.03394483713241525,0.64112526,-0.5901497,0.4915283,0.9968451,0.04746019,-0.04938532,-0.0401045,1.7335246,0.48438704,0.7487315,0.25404173,-0.1434739,0.8141318,3.0,3.0,3.0,3.0,3.0,3.0,3.0,3.0,3.0,3.0,3.0,3.0,3.0,3.0,3.0,3.0,3.0,3.0,3.0,3.0,3.0,3.0,3.0,3.0,3.0,3.0,3.0,3.0,3.0,3.0,3.0,3.0,3.0,3.0,3.0,3.0,2.508935,-0.82065964,0.6102706,36.30726
380,-0.0064870959404853545,0.60531425,-0.6000022,0.47606987,0.99695015,0.051194824,-0.050639767,-0.03008519,1.7094452,0.4652928,0.7348408,0.2349724,-0.11815764,0.8061198,3.0,3.0,3.0,3.0,3.0,3.0,3.0,3.0,3.0,3.0,3.0,3.0,3.0,3.0,3.0,3.0,3.0,3.0,3.0,3.0,3.0,3.0,3.0,3.0,3.0,3.0,3.0,3.0,3.0,3.0,3.0,3.0,3.0,3.0,3.0,3.0,-2.696828,2.448677,0.5940068,32.30242
385,0.24439230374209187,0.5700174,-0.6094306,0.4608168,0.9970447,0.053786952,-0.051631372,-0.01852148,1.6880081,0.44768855,0.69331056,0.21679987,-0.13154103,1.1574683,3.0,3.0,3.0,3.0,3.0,3.0,3.0,3.0,3.0,3.0,3.0,3.0,3.0,3.0,3.0,3.0,3.0,3.0,3.0,3.0,3.0,3.0,3.0,3.0,3.0,3.0,3.0,3.0,3.0,3.0,3.0,3.0,3.0,3.0,3.0,3.0,-0.30568886,-0.37290192,-0.119497895,-4.8573875
390,-0.0572702609428119,0.53502804,-0.61861545,0.4477464,0.99700147,0.05638481,-0.052563976,-0.006771841,1.6717201,0.4340592,0.6032835,0.07973114,-0.25801575,1.0362233,3.0,3.0,3.0,3.0,3.0,3.0,3.0,3.0,3.0,3.0,3.0,3.0,3.0,3.0,3.0,3.0,3.0,3.0,3.0,3.0,3.0,3.0,3.0,3.0,3.0,3.0,3.0,3.0,3.0,3.0,3.0,3.0,3.0,3.0,3.0,3.0,-1.5096087,-1.7604761,0.47709823,33.612465
395,0.08019186522829169,0.5004603,-0.62742275,0.43577528,0.99665034,0.059475068,-0.0560895,0.00218553,1.6539425,0.41837233,0.5267427,0.25114593,-0.388107,0.8533505,3.0,3.0,3.0,3.0,3.0,3.0,3.0,3.0,3.0,3.0,3.0,3.0,3.0,3.0,3.0,3.0,3.0,3.0,3.0,3.0,3.0,3.0,3.0,3.0,3.0,3.0,3.0,3.0,3.0,3.0,3.0,3.0,3.0,3.0,3.0,3.0,3.5457983,-0.6588545,0.3657633,17.59451
400,-0.02018263390697761,0.46620554,-0.6359614,0.42599773,0.9961789,0.06361595,-0.058516394,0.012504067,1.6386331,0.4050447,0.42287245,0.34803075,-0.28425527,0.9539722,3.0,3.0,3.0,3.0,3.0,3.0,3.0,3.0,3.0,3.0,3.0,3.0,3.0,3.0,3.0,3.0,3.0,3.0,3.0,3.0,3.0,3.0,3.0,3.0,3.0,3.0,3.0,3.0,3.0,3.0,3.0,3.0,3.0,3.0,3.0,3.0,-1.3921828,1.6041522,-0.036826193,25.429016
405,-0.06907692910022334,0.43232885,-0.64414704,0.41791868,0.9954904,0.0685636,-0.061942194,0.021473506,1.6151679,0.3818341,0.38545558,0.3848162,-0.5115568,0.89673805,3.0,3.0,3.0,3.0,3.0,3.0,3.0,3.0,3.0,3.0,3.0,3.0,3.0,3.0,3.0,3.0,3.0,3.0,3.0,3.0,3.0,3.0,3.0,3.0,3.0,3.0,3.0,3.0,3.0,3.0,3.0,3.0,3.0,3.0,3.0,3.0,-0.07263136,0.461998,0.4612887,29.320656
410,-0.11582334271257139,0.39900342,-0.6517715,0.41018924,0.9946917,0.07146004,-0.06830342,0.02857293,1.5865111,0.35245365,0.3797278,0.26143417,-0.6442116,0.6026437,3.0,3.0,3.0,3.0,3.0,3.0,3.0,3.0,3.0,3.0,3.0,3.0,3.0,3.0,3.0,3.0,3.0,3.0,3.0,3.0,3.0,3.0,3.0,3.0,3.0,3.0,3.0,3.0,3.0,3.0,3.0,3.0,3.0,3.0,3.0,3.0,3.1071281,2.749566,0.17569804,32.566544
415,-0.18279093741733007,0.36625758,-0.65881604,0.40292665,0.99392563,0.07344733,-0.07432576,0.03453958,1.5526103,0.31844953,0.39367962,-0.04010331,-0.66450316,0.39288512,3.0,3.0,3.0,3.0,3.0,3.0,3.0,3.0,3.0,3.0,3.0,3.0,3.0,3.0,3.0,3.0,3.0,3.0,3.0,3.0,3.0,3.0,3.0,3.0,3.0,3.0,3.0,3.0,3.0,3.0,3.0,3.0,3.0,3.0,3.0,3.0,1.2193613,1.3072062,0.9176022,39.725662
420,-0.1099503071434606,0.334413,-0.66495454,0.3941267,0.9935843,0.07223635,-0.0786655,0.037201524,1.5165906,0.28345415,0.4114899,-0.21915682,-0.5137076,0.30028293,3.0,3.0,3.0,3.0,3.0,3.0,3.0,3.0,3.0,3.0,3.0,3.0,3.0,3.0,3.0,3.0,3.0,3.0,3.0,3.0,3.0,3.0,3.0,3.0,3.0,3.0,3.0,3.0,3.0,3.0,3.0,3.0,3.0,3.0,3.0,3.0,0.60869646,-3.5950065,-0.50365657,31.074257
425,-0.14531872043047758,0.3031141,-0.6706022,0.38647577,0.9931514,0.07071997,-0.0840918,0.039717603,1.4886088,0.25898746,0.3634816,-0.17566118,-0.45795637,0.02252921,3.0,3.0,3.0,3.0,3.0,3.0,3.0,3.0,3.0,3.0,3.0,3.0,3.0,3.0,3.0,3.0,3.0,3.0,3.0,3.0,3.0,3.0,3.0,3.0,3.0,3.0,3.0,3.0,3.0,3.0,3.0,3.0,3.0,3.0,3.0,3.0,2.7712383,-0.611135,-0.014652252,33.58127
430,-0.2242379965210104,0.2724181,-0.67574024,0.37979788,0.9928663,0.069063455,-0.088381104,0.04044173,1.4613124,0.23676157,0.30299136,-0.22330293,-0.5101279,0.096623674,3.0,3.0,3.0,3.0,3.0,3.0,3.0,3.0,3.0,3.0,3.0,3.0,3.0,3.0,3.0,3.0,3.0,3.0,3.0,3.0,3.0,3.0,3.0,3.0,3.0,3.0,3.0,3.0,3.0,3.0,3.0,3.0,3.0,3.0,3.0,3.0,4.441434,0.060554504,0.30441618,39.78383
435,0.0827266267188074,0.24242148,-0.6803188,0.37369683,0.99242914,0.06959605,-0.09344534,0.038842294,1.4302553,0.2125709,0.25830722,0.13584256,-0.4973643,-0.23944998,3.0,3.0,3.0,3.0,3.0,3.0,3.0,3.0,3.0,3.0,3.0,3.0,3.0,3.0,3.0,3.0,3.0,3.0,3.0,3.0,3.0,3.0,3.0,3.0,3.0,3.0,3.0,3.0,3.0,3.0,3.0,3.0,3.0,3.0,3.0,3.0,4.109585,2.2831497,0.27898788,6.3918533
440,0.0872530356905773,0.21286178,-0.6845803,0.3697926,0.9919411,0.070590645,-0.09878416,0.03621433,1.4112976,0.19930673,0.13937525,0.1409012,-0.49158892,-0.2752744,3.0,3.0,3.0,3.0,3.0,3.0,3.0,3.0,3.0,3.0,3.0,3.0,3.0,3.0,3.0,3.0,3.0,3.0,3.0,3.0,3.0,3.0,3.0,3.0,3.0,3.0,3.0,3.0,3.0,3.0,3.0,3.0,3.0,3.0,3.0,3.0,4.0950136,2.5121307,-0.14257193,2.3932266
445,-0.23760761043370754,0.18370341,-0.6885675,0.36838946,0.9914183,0.07156739,-0.10411427,0.033587005,1.3916899,0.18609115,0.019338243,0.13940342,-0.49115068,-0.27520806,3.0,3.0,3.0,3.0,3.0,3.0,3.0,3.0,3.0,3.0,3.0,3.0,3.0,3.0,3.0,3.0,3.0,3.0,3.0,3.0,3.0,3.0,3.0,3.0,3.0,3.0,3.0,3.0,3.0,3.0,3.0,3.0,3.0,3.0,3.0,3.0,3.078228,2.8730154,0.68804264,36.16365
450,-0.08121117718409496,0.15523988,-0.69207406,0.36815274,0.9913102,0.07064677,-0.10726258,0.028422887,1.3501575,0.15737934,0.00034906034,-0.12674509,-0.12648498,-0.67836076,3.0,3.0,3.0,3.0,3.0,3.0,3.0,3.0,3.0,3.0,3.0,3.0,3.0,3.0,3.0,3.0,3.0,3.0,3.0,3.0,3.0,3.0,3.0,3.0,3.0,3.0,3.0,3.0,3.0,3.0,3.0,3.0,3.0,3.0,3.0,3.0,-0.38822746,3.1329021,-0.71178627,-18.770021
455,0.0888705088375707,0.12748645,-0.6951122,0.3691189,0.99151206,0.067232795,-0.1088989,0.022903875,1.3127795,0.13321766,-0.043843478,-0.5280705,-0.18213356,-0.38867792,3.0,3.0,3.0,3.0,3.0,3.0,3.0,3.0,3.0,3.0,3.0,3.0,3.0,3.0,3.0,3.0,3.0,3.0,3.0,3.0,3.0,3.0,3.0,3.0,3.0,3.0,3.0,3.0,3.0,3.0,3.0,3.0,3.0,3.0,3.0,3.0,-1.551712,-0.25896025,0.051339984,-0.24225998
460,-0.08881558307672914,0.10086449,-0.6974333,0.36942804,0.9914602,0.063909024,-0.11264341,0.015288448,1.2557869,0.0981873,-0.0022008088,-0.23892933,-0.21943642,-1.0309359,3.0,3.0,3.0,3.0,3.0,3.0,3.0,3.0,3.0,3.0,3.0,3.0,3.0,3.0,3.0,3.0,3.0,3.0,3.0,3.0,3.0,3.0,3.0,3.0,3.0,3.0,3.0,3.0,3.0,3.0,3.0,3.0,3.0,3.0,3.0,3.0,3.131894,3.9363394,0.09561908,-17.215136
465,0.02203104524073521,0.075278245,-0.6991622,0.3696519,0.99154776,0.057723626,-0.11595825,0.0073929518,1.2009989,0.06822109,0.020758323,-0.6188129,-0.3213179,-0.59892124,3.0,3.0,3.0,3.0,3.0,3.0,3.0,3.0,3.0,3.0,3.0,3.0,3.0,3.0,3.0,3.0,3.0,3.0,3.0,3.0,3.0,3.0,3.0,3.0,3.0,3.0,3.0,3.0,3.0,3.0,3.0,3.0,3.0,3.0,3.0,3.0,1.5530338,-0.81201315,0.322294,7.3478775
470,0.034732782839883555,0.051257998,-0.7000901,0.36766565,0.99171805,0.049484093,-0.11839825,0.005337361,1.1259757,0.03198371,0.1229725,-0.9570567,-0.26727268,-0.16118768,3.0,3.0,3.0,3.0,3.0,3.0,3.0,3.0,3.0,3.0,3.0,3.0,3.0,3.0,3.0,3.0,3.0,3.0,3.0,3.0,3.0,3.0,3.0,3.0,3.0,3.0,3.0,3.0,3.0,3.0,3.0,3.0,3.0,3.0,3.0,3.0,-0.042099,-4.271838,0.4490608,5.728367
475,-0.05263500316520524,0.028825738,-0.7003281,0.36352462,0.9916732,0.041928265,-0.12168384,0.0044022067,1.060557,0.0052244435,0.18020622,-0.6204765,-0.29149887,-0.134969,3.0,3.0,3.0,3.0,3.0,3.0,3.0,3.0,3.0,3.0,3.0,3.0,3.0,3.0,3.0,3.0,3.0,3.0,3.0,3.0,3.0,3.0,3.0,3.0,3.0,3.0,3.0,3.0,3.0,3.0,3.0,3.0,3.0,3.0,3.0,3.0,3.9385977,-2.5548854,-0.030360341,-15.333469
480,-0.04184475860606425,0.0070475284,-0.70033556,0.36114812,0.99160564,0.03586453,-0.124133624,0.0047836727,1.0351636,-0.0027362872,0.07000375,-0.55384016,-0.20233199,0.015869496,3.0,3.0,3.0,3.0,3.0,3.0,3.0,3.0,3.0,3.0,3.0,3.0,3.0,3.0,3.0,3.0,3.0,3.0,3.0,3.0,3.0,3.0,3.0,3.0,3.0,3.0,3.0,3.0,3.0,3.0,3.0,3.0,3.0,3.0,3.0,3.0,2.4611492,-2.9155564,-0.39594245,13.101589
485,-0.21300203759610187,-0.01412193,-0.70017105,0.36077252,0.99154925,0.031136926,-0.1257753,0.0064147464,0.99670815,-0.013003431,0.009566977,-0.28477454,-0.22957468,0.04857707,3.0,3.0,3.0,3.0,3.0,3.0,3.0,3.0,3.0,3.0,3.0,3.0,3.0,3.0,3.0,3.0,3.0,3.0,3.0,3.0,3.0,3.0,3.0,3.0,3.0,3.0,3.0,3.0,3.0,3.0,3.0,3.0,3.0,3.0,3.0,3.0,2.6332006,-0.56397486,-0.55857944,-30.135654
490,-0.2728582001547419,-0.034256615,-0.69974625,0.36076134,0.9914864,0.029843215,-0.12655546,0.0069194445,0.9430718,-0.026012698,0.006805768,-0.19045375,-0.104572035,0.2061645,3.0,3.0,3.0,3.0,3.0,3.0,3.0,3.0,3.0,3.0,3.0,3.0,3.0,3.0,3.0,3.0,3.0,3.0,3.0,3.0,3.0,3.0,3.0,3.0,3.0,3.0,3.0,3.0,3.0,3.0,3.0,3.0,3.0,3.0,3.0,3.0,1.8682137,0.8794012,-0.31237572,-36.064438
495,-0.016268893201974194,-0.053612683,-0.6991389,0.3621214,0.9913877,0.028143032,-0.12755877,0.009330817,0.9197565,-0.031215457,-0.113320135,-0.18999013,-0.10484168,0.20598462,3.0,3.0,3.0,3.0,3.0,3.0,3.0,3.0,3.0,3.0,3.0,3.0,3.0,3.0,3.0,3.0,3.0,3.0,3.0,3.0,3.0,3.0,3.0,3.0,3.0,3.0,3.0,3.0,3.0,3.0,3.0,3.0,3.0,3.0,3.0,3.0,3.8936033,2.5616622,-0.30643725,-7.656555
500,-0.079299745825097,-0.0724321,-0.6984151,0.36579338,0.99138886,0.025865428,-0.12789604,0.011032754,0.8866656,-0.038331755,-0.19647126,-0.35124674,0.13098304,-0.080396965,3.0,3.0,3.0,3.0,3.0,3.0,3.0,3.0,3.0,3.0,3.0,3.0,3.0,3.0,3.0,3.0,3.0,3.0,3.0,3.0,3.0,3.0,3.0,3.0,3.0,3.0,3.0,3.0,3.0,3.0,3.0,3.0,3.0,3.0,3.0,3.0,-2.898153,3.17807,0.036818624,-14.134308
505,-0.20314305483036177,-0.08986082,-0.69739985,0.3685198,0.99155587,0.021737399,-0.12722543,0.012576861,0.8120516,-0.053517688,-0.12070674,-0.26514962,0.034230784,0.029201139,3.0,3.0,3.0,3.0,3.0,3.0,3.0,3.0,3.0,3.0,3.0,3.0,3.0,3.0,3.0,3.0,3.0,3.0,3.0,3.0,3.0,3.0,3.0,3.0,3.0,3.0,3.0,3.0,3.0,3.0,3.0,3.0,3.0,3.0,3.0,3.0,0.77277136,-3.0155432,-0.4713403,-27.249687
510,-0.23670180152229464,-0.106324255,-0.6962059,0.3718955,0.99179435,0.018959427,-0.12560517,0.014418499,0.7687944,-0.060999166,-0.16268359,-0.48287466,0.11255273,0.20542298,3.0,3.0,3.0,3.0,3.0,3.0,3.0,3.0,3.0,3.0,3.0,3.0,3.0,3.0,3.0,3.0,3.0,3.0,3.0,3.0,3.0,3.0,3.0,3.0,3.0,3.0,3.0,3.0,3.0,3.0,3.0,3.0,3.0,3.0,3.0,3.0,-2.6859665,3.1635914,0.21661544,-30.251293
515,-0.02033978156868564,-0.12131751,-0.69476926,0.37391004,0.9918286,0.013989639,-0.12592022,0.014979336,0.69728786,-0.07227432,-0.09295422,-0.533442,0.08026026,-0.25978485,3.0,3.0,3.0,3.0,3.0,3.0,3.0,3.0,3.0,3.0,3.0,3.0,3.0,3.0,3.0,3.0,3.0,3.0,3.0,3.0,3.0,3.0,3.0,3.0,3.0,3.0,3.0,3.0,3.0,3.0,3.0,3.0,3.0,3.0,3.0,3.0,-0.30132294,3.237299,-0.55461586,8.154453
520,-0.056021068669400834,-0.13520792,-0.69319195,0.37597135,0.991958,0.008283168,-0.12562834,0.01296746,0.63422054,-0.07904996,-0.055484284,-0.38191465,-0.13823411,-0.35273167,3.0,3.0,3.0,3.0,3.0,3.0,3.0,3.0,3.0,3.0,3.0,3.0,3.0,3.0,3.0,3.0,3.0,3.0,3.0,3.0,3.0,3.0,3.0,3.0,3.0,3.0,3.0,3.0,3.0,3.0,3.0,3.0,3.0,3.0,3.0,3.0,2.2240105,-0.3489046,0.38676608,13.261742
525,-0.020607501056675498,-0.14739662,-0.691466,0.37573218,0.9920729,0.006367017,-0.12490727,0.012207576,0.55995667,-0.08456145,0.02632652,-0.1591452,0.13567169,-0.015896996,3.0,3.0,3.0,3.0,3.0,3.0,3.0,3.0,3.0,3.0,3.0,3.0,3.0,3.0,3.0,3.0,3.0,3.0,3.0,3.0,3.0,3.0,3.0,3.0,3.0,3.0,3.0,3.0,3.0,3.0,3.0,3.0,3.0,3.0,3.0,3.0,0.31262875,2.742476,-0.24595249,-10.70063
530,-0.12834830900135624,-0.1583799,-0.6896646,0.3750959,0.9922963,0.0018043267,-0.1229929,0.014752507,0.5077072,-0.08749322,0.02449677,-0.50383514,0.11003174,0.2907178,3.0,3.0,3.0,3.0,3.0,3.0,3.0,3.0,3.0,3.0,3.0,3.0,3.0,3.0,3.0,3.0,3.0,3.0,3.0,3.0,3.0,3.0,3.0,3.0,3.0,3.0,3.0,3.0,3.0,3.0,3.0,3.0,3.0,3.0,3.0,3.0,-1.2951207,0.87901306,0.2077626,-21.678074
535,-0.14761467266244155,-0.16831729,-0.68782544,0.37463045,0.9921523,-0.0046981974,-0.12321939,0.020706391,0.45728526,-0.08834691,0.017880112,-0.7589495,-0.08915404,0.5636607,3.0,3.0,3.0,3.0,3.0,3.0,3.0,3.0,3.0,3.0,3.0,3.0,3.0,3.0,3.0,3.0,3.0,3.0,3.0,3.0,3.0,3.0,3.0,3.0,3.0,3.0,3.0,3.0,3.0,3.0,3.0,3.0,3.0,3.0,3.0,3.0,4.6863136,-1.0958095,-0.0194152,21.864807
540,0.05679401410234222,-0.17703328,-0.6860048,0.37362462,0.9921619,-0.011386534,-0.1214744,0.027000187,0.39136,-0.08649272,0.07282931,-0.75929004,0.25648293,0.5424463,3.0,3.0,3.0,3.0,3.0,3.0,3.0,3.0,3.0,3.0,3.0,3.0,3.0,3.0,3.0,3.0,3.0,3.0,3.0,3.0,3.0,3.0,3.0,3.0,3.0,3.0,3.0,3.0,3.0,3.0,3.0,3.0,3.0,3.0,3.0,3.0,-0.90429735,-1.4105737,0.096716285,-2.472538
545,0.04190947478523446,-0.18441688,-0.6842563,0.37159455,0.9921343,-0.015381421,-0.12050097,0.030207692,0.3219286,-0.081241824,0.14575484,-0.44758922,0.03794906,0.23245086,3.0,3.0,3.0,3.0,3.0,3.0,3.0,3.0,3.0,3.0,3.0,3.0,3.0,3.0,3.0,3.0,3.0,3.0,3.0,3.0,3.0,3.0,3.0,3.0,3.0,3.0,3.0,3.0,3.0,3.0,3.0,3.0,3.0,3.0,3.0,3.0,2.431788,-2.488758,-0.37496948,-4.730011
550,-0.32839049339603105,-0.19043809,-0.68263376,0.36835852,0.9921652,-0.016616944,-0.11918342,0.033576597,0.25716484,-0.07447052,0.2017657,0.1403382,0.41901422,0.3724266,3.0,3.0,3.0,3.0,3.0,3.0,3.0,3.0,3.0,3.0,3.0,3.0,3.0,3.0,3.0,3.0,3.0,3.0,3.0,3.0,3.0,3.0,3.0,3.0,3.0,3.0,3.0,3.0,3.0,3.0,3.0,3.0,3.0,3.0,3.0,3.0,2.8497295,1.6917567,0.3506528,-43.513874
555,-0.3324120855701034,-0.19480196,-0.6811883,0.36263484,0.9930031,-0.016960114,-0.11228664,0.03238731,0.17248103,-0.06539577,0.34698218,0.050915245,0.6424681,-0.45077178,3.0,3.0,3.0,3.0,3.0,3.0,3.0,3.0,3.0,3.0,3.0,3.0,3.0,3.0,3.0,3.0,3.0,3.0,3.0,3.0,3.0,3.0,3.0,3.0,3.0,3.0,3.0,3.0,3.0,3.0,3.0,3.0,3.0,3.0,3.0,3.0,3.9800644,2.5505905,0.17329872,-44.777397
560,-0.23028378192433788,-0.1978664,-0.6798901,0.35563946,0.993995,-0.01564876,-0.10422467,0.029433124,0.11592949,-0.05848841,0.39331174,0.117354594,0.80899256,-0.10068463,3.0,3.0,3.0,3.0,3.0,3.0,3.0,3.0,3.0,3.0,3.0,3.0,3.0,3.0,3.0,3.0,3.0,3.0,3.0,3.0,3.0,3.0,3.0,3.0,3.0,3.0,3.0,3.0,3.0,3.0,3.0,3.0,3.0,3.0,3.0,3.0,1.588903,-0.8699794,-0.2165463,-35.23479
565,-0.3139299498829792,-0.1995251,-0.6787642,0.34640995,0.9949747,-0.01614739,-0.09481115,0.027847787,0.048727605,-0.05012584,0.51144266,-0.10716986,0.96503496,-0.009531185,3.0,3.0,3.0,3.0,3.0,3.0,3.0,3.0,3.0,3.0,3.0,3.0,3.0,3.0,3.0,3.0,3.0,3.0,3.0,3.0,3.0,3.0,3.0,3.0,3.0,3.0,3.0,3.0,3.0,3.0,3.0,3.0,3.0,3.0,3.0,3.0,2.921939,-3.5747104,0.909572,-44.761703
570,-0.29872030975777636,-0.19970481,-0.6778382,0.33394912,0.9960369,-0.0152995605,-0.08317593,0.02753565,-0.01950677,-0.040397096,0.6694085,0.024782173,1.1628523,-0.15142377,3.0,3.0,3.0,3.0,3.0,3.0,3.0,3.0,3.0,3.0,3.0,3.0,3.0,3.0,3.0,3.0,3.0,3.0,3.0,3.0,3.0,3.0,3.0,3.0,3.0,3.0,3.0,3.0,3.0,3.0,3.0,3.0,3.0,3.0,3.0,3.0,2.4688935,-2.6321402,0.867326,-44.284645
575,-0.3018492411830128,-0.19865425,-0.6770967,0.31870028,0.997147,-0.012312686,-0.07044355,0.024163991,-0.06980689,-0.032559957,0.7721084,0.30664113,1.2484498,-0.6865655,3.0,3.0,3.0,3.0,3.0,3.0,3.0,3.0,3.0,3.0,3.0,3.0,3.0,3.0,3.0,3.0,3.0,3.0,3.0,3.0,3.0,3.0,3.0,3.0,3.0,3.0,3.0,3.0,3.0,3.0,3.0,3.0,3.0,3.0,3.0,3.0,2.1107044,3.3494606,0.9806924,-44.889626
580,-0.30123930187245906,-0.19668832,-0.676497,0.30153963,0.9982981,-0.011106002,-0.05598557,0.01196479,-0.108977154,-0.026483284,0.85374576,-0.048613295,1.3696485,-1.2742637,3.0,3.0,3.0,3.0,3.0,3.0,3.0,3.0,3.0,3.0,3.0,3.0,3.0,3.0,3.0,3.0,3.0,3.0,3.0,3.0,3.0,3.0,3.0,3.0,3.0,3.0,3.0,3.0,3.0,3.0,3.0,3.0,3.0,3.0,3.0,3.0,0.28898764,1.6497965,0.78604484,-44.470158
585,-0.3023698693161063,-0.19399807,-0.6760278,0.2824972,0.99910897,-0.010417593,-0.040897503,-0.0003152368,-0.14051765,-0.019954309,0.94460785,0.40908527,1.4560571,-1.1397395,3.0,3.0,3.0,3.0,3.0,3.0,3.0,3.0,3.0,3.0,3.0,3.0,3.0,3.0,3.0,3.0,3.0,3.0,3.0,3.0,3.0,3.0,3.0,3.0,3.0,3.0,3.0,3.0,3.0,3.0,3.0,3.0,3.0,3.0,3.0,3.0,0.8631916,0.19234896,0.93354917,-44.959194
590,-0.29903017233423496,-0.190775,-0.67569023,0.26163566,0.99957865,-0.008209048,-0.025329182,-0.011557407,-0.162862,-0.013914391,1.0387162,0.25750393,1.2967036,-1.1459666,3.0,3.0,3.0,3.0,3.0,3.0,3.0,3.0,3.0,3.0,3.0,3.0,3.0,3.0,3.0,3.0,3.0,3.0,3.0,3.0,3.0,3.0,3.0,3.0,3.0,3.0,3.0,3.0,3.0,3.0,3.0,3.0,3.0,3.0,3.0,3.0,-0.31631517,-2.1419067,0.7678323,-44.9255
595,-0.309453730841591,-0.18726145,-0.6754417,0.24002643,0.99960214,-0.0048634857,-0.012758567,-0.024680905,-0.17221414,-0.010693168,1.0452503,0.19135006,1.3969973,-1.571026,3.0,3.0,3.0,3.0,3.0,3.0,3.0,3.0,3.0,3.0,3.0,3.0,3.0,3.0,3.0,3.0,3.0,3.0,3.0,3.0,3.0,3.0,3.0,3.0,3.0,3.0,3.0,3.0,3.0,3.0,3.0,3.0,3.0,3.0,3.0,3.0,0.8804445,-1.9517546,0.7357559,-44.702343
600,-0.3055272380395092,-0.18361534,-0.67524666,0.21801262,0.99929345,-0.0024211106,0.0016957271,-0.037468575,-0.17623915,-0.008471382,1.0783672,0.26660427,1.2001127,-1.089242,3.0,3.0,3.0,3.0,3.0,3.0,3.0,3.0,3.0,3.0,3.0,3.0,3.0,3.0,3.0,3.0,3.0,3.0,3.0,3.0,3.0,3.0,3.0,3.0,3.0,3.0,3.0,3.0,3.0,3.0,3.0,3.0,3.0,3.0,3.0,3.0,0.60315514,-2.2559066,0.97726846,-44.963924
605,-0.31294608921259714,-0.17996213,-0.67508316,0.19510518,0.9988028,-0.0002227397,0.015238193,-0.04648437,-0.17418614,-0.0076679904,1.0961131,0.17560999,1.3286164,-1.0239336,3.0,3.0,3.0,3.0,3.0,3.0,3.0,3.0,3.0,3.0,3.0,3.0,3.0,3.0,3.0,3.0,3.0,3.0,3.0,3.0,3.0,3.0,3.0,3.0,3.0,3.0,3.0,3.0,3.0,3.0,3.0,3.0,3.0,3.0,3.0,3.0,-1.8299322,2.3999872,0.831867,-44.902237
610,-0.31846456180369914,-0.17640437,-0.6749214,0.17269278,0.99802643,0.00058221637,0.027016215,-0.05668375,-0.16775888,-0.0079323305,1.0641338,0.0293351,1.2125546,-1.0879191,3.0,3.0,3.0,3.0,3.0,3.0,3.0,3.0,3.0,3.0,3.0,3.0,3.0,3.0,3.0,3.0,3.0,3.0,3.0,3.0,3.0,3.0,3.0,3.0,3.0,3.0,3.0,3.0,3.0,3.0,3.0,3.0,3.0,3.0,3.0,3.0,-1.2387486,-2.15584,0.94504964,-44.815247
615,-0.3227858104153505,-0.17307512,-0.67474204,0.15014426,0.9971435,0.002708942,0.038391113,-0.064989,-0.15400757,-0.00919736,1.0915046,0.22308837,1.3032285,-0.61242926,3.0,3.0,3.0,3.0,3.0,3.0,3.0,3.0,3.0,3.0,3.0,3.0,3.0,3.0,3.0,3.0,3.0,3.0,3.0,3.0,3.0,3.0,3.0,3.0,3.0,3.0,3.0,3.0,3.0,3.0,3.0,3.0,3.0,3.0,3.0,3.0,-2.8935528,1.2950587,0.986223,-44.93059
620,-0.32043542641905076,-0.17008315,-0.67452186,0.12722798,0.9965113,0.0039196042,0.050358213,-0.06643767,-0.13713732,-0.011442457,1.0917846,0.167246,0.95468116,0.14258918,3.0,3.0,3.0,3.0,3.0,3.0,3.0,3.0,3.0,3.0,3.0,3.0,3.0,3.0,3.0,3.0,3.0,3.0,3.0,3.0,3.0,3.0,3.0,3.0,3.0,3.0,3.0,3.0,3.0,3.0,3.0,3.0,3.0,3.0,3.0,3.0,0.12559891,-0.0341115,0.47276664,-44.92693
625,-0.33195725100121626,-0.16743918,-0.67425275,0.10500466,0.99610406,0.0070361933,0.06076008,-0.06352504,-0.11880488,-0.014136816,1.0576786,0.5785958,0.79808456,0.34882042,3.0,3.0,3.0,3.0,3.0,3.0,3.0,3.0,3.0,3.0,3.0,3.0,3.0,3.0,3.0,3.0,3.0,3.0,3.0,3.0,3.0,3.0,3.0,3.0,3.0,3.0,3.0,3.0,3.0,3.0,3.0,3.0,3.0,3.0,3.0,3.0,-2.7476292,3.1430473,0.579285,-44.929996
630,-0.3346452675048309,-0.16525069,-0.6739053,0.08324267,0.9955774,0.009330575,0.070395194,-0.061507262,-0.093859166,-0.018873364,1.0489775,0.021806905,0.9193694,0.1421446,3.0,3.0,3.0,3.0,3.0,3.0,3.0,3.0,3.0,3.0,3.0,3.0,3.0,3.0,3.0,3.0,3.0,3.0,3.0,3.0,3.0,3.0,3.0,3.0,3.0,3.0,3.0,3.0,3.0,3.0,3.0,3.0,3.0,3.0,3.0,3.0,0.676527,-4.1637206,0.963145,-44.81198
635,-0.3367685199879705,-0.16357958,-0.67345625,0.061934195,0.99522346,0.010432697,0.07788452,-0.057925772,-0.074728645,-0.02260544,0.97746825,0.14895935,0.6818587,0.3932123,3.0,3.0,3.0,3.0,3.0,3.0,3.0,3.0,3.0,3.0,3.0,3.0,3.0,3.0,3.0,3.0,3.0,3.0,3.0,3.0,3.0,3.0,3.0,3.0,3.0,3.0,3.0,3.0,3.0,3.0,3.0,3.0,3.0,3.0,3.0,3.0,0.98873425,0.92339134,0.5814214,-44.59761
640,-0.341512700372349,-0.16234618,-0.67292476,0.04209681,0.99485636,0.010090559,0.08549572,-0.053380135,-0.046121776,-0.027858756,0.9501441,0.19787027,0.6682836,0.42279848,3.0,3.0,3.0,3.0,3.0,3.0,3.0,3.0,3.0,3.0,3.0,3.0,3.0,3.0,3.0,3.0,3.0,3.0,3.0,3.0,3.0,3.0,3.0,3.0,3.0,3.0,3.0,3.0,3.0,3.0,3.0,3.0,3.0,3.0,3.0,3.0,-3.6897774,3.4469986,0.74624753,-44.1284
645,-0.35512269014063846,-0.1616519,-0.672299,0.023340538,0.99440813,0.010109589,0.09296401,-0.049071413,-0.023488909,-0.031704012,0.87347853,-0.033313453,0.7043271,0.4986362,3.0,3.0,3.0,3.0,3.0,3.0,3.0,3.0,3.0,3.0,3.0,3.0,3.0,3.0,3.0,3.0,3.0,3.0,3.0,3.0,3.0,3.0,3.0,3.0,3.0,3.0,3.0,3.0,3.0,3.0,3.0,3.0,3.0,3.0,3.0,3.0,-3.6644995,-0.19229794,0.9648974,-44.935722
650,-0.35249118486552294,-0.16163075,-0.6715641,0.005214867,0.9940583,0.011911963,0.09895322,-0.043754518,0.011602406,-0.03726367,0.8534503,0.22415623,0.44573766,0.546851,3.0,3.0,3.0,3.0,3.0,3.0,3.0,3.0,3.0,3.0,3.0,3.0,3.0,3.0,3.0,3.0,3.0,3.0,3.0,3.0,3.0,3.0,3.0,3.0,3.0,3.0,3.0,3.0,3.0,3.0,3.0,3.0,3.0,3.0,3.0,3.0,-1.3285713,-1.7144184,0.62417865,-44.488663
655,-0.24022167344916728,-0.16215143,-0.6707418,-0.011394161,0.99385756,0.013984569,0.10238217,-0.039616372,0.03611432,-0.041368376,0.7698646,0.1043311,0.21499178,0.27479511,3.0,3.0,3.0,3.0,3.0,3.0,3.0,3.0,3.0,3.0,3.0,3.0,3.0,3.0,3.0,3.0,3.0,3.0,3.0,3.0,3.0,3.0,3.0,3.0,3.0,3.0,3.0,3.0,3.0,3.0,3.0,3.0,3.0,3.0,3.0,3.0,-0.19946241,2.6476216,-0.32138795,-33.551765
660,0.05086679495844458,-0.1631233,-0.66984165,-0.025930751,0.99371946,0.014677756,0.10468944,-0.03669279,0.053724486,-0.044444967,0.64970523,0.10350072,0.214895,0.27463698,3.0,3.0,3.0,3.0,3.0,3.0,3.0,3.0,3.0,3.0,3.0,3.0,3.0,3.0,3.0,3.0,3.0,3.0,3.0,3.0,3.0,3.0,3.0,3.0,3.0,3.0,3.0,3.0,3.0,3.0,3.0,3.0,3.0,3.0,3.0,3.0,-3.0690012,2.0296726,-0.7469263,2.0968437
665,-0.34738604648599736,-0.1644668,-0.66887635,-0.037965875,0.9935672,0.015362357,0.10699383,-0.033771187,0.07171389,-0.047602896,0.52969056,0.10267233,0.2147913,0.27448228,3.0,3.0,3.0,3.0,3.0,3.0,3.0,3.0,3.0,3.0,3.0,3.0,3.0,3.0,3.0,3.0,3.0,3.0,3.0,3.0,3.0,3.0,3.0,3.0,3.0,3.0,3.0,3.0,3.0,3.0,3.0,3.0,3.0,3.0,3.0,3.0,-4.1799784,3.8578138,0.29140294,-43.645683
670,-0.35121476379405936,-0.16618983,-0.6678443,-0.047502216,0.993401,0.016038384,0.10929525,-0.030851584,0.09008527,-0.050838713,0.4097943,0.10184602,0.21468073,0.27433097,3.0,3.0,3.0,3.0,3.0,3.0,3.0,3.0,3.0,3.0,3.0,3.0,3.0,3.0,3.0,3.0,3.0,3.0,3.0,3.0,3.0,3.0,3.0,3.0,3.0,3.0,3.0,3.0,3.0,3.0,3.0,3.0,3.0,3.0,3.0,3.0,-3.4458356,4.895583,-0.38642693,-43.99267
675,-0.3536078495119802,-0.16831219,-0.66674185,-0.054594874,0.99327165,0.016469471,0.1113094,-0.027393123,0.10978073,-0.05431371,0.29422626,0.071507536,0.16817892,0.36379266,3.0,3.0,3.0,3.0,3.0,3.0,3.0,3.0,3.0,3.0,3.0,3.0,3.0,3.0,3.0,3.0,3.0,3.0,3.0,3.0,3.0,3.0,3.0,3.0,3.0,3.0,3.0,3.0,3.0,3.0,3.0,3.0,3.0,3.0,3.0,3.0,-2.5455656,4.809578,0.21874344,-44.291485
680,-0.34894217813744854,-0.17084722,-0.66556716,-0.059271444,0.9931926,0.016550118,0.11292251,-0.023302281,0.13124877,-0.058039304,0.1849556,-0.0050251363,0.067364596,0.5032,3.0,3.0,3.0,3.0,3.0,3.0,3.0,3.0,3.0,3.0,3.0,3.0,3.0,3.0,3.0,3.0,3.0,3.0,3.0,3.0,3.0,3.0,3.0,3.0,3.0,3.0,3.0,3.0,3.0,3.0,3.0,3.0,3.0,3.0,3.0,3.0,-3.3528156,4.8470697,-0.04768473,-43.67451
685,-0.35453437223704853,-0.17386407,-0.66431075,-0.06180753,0.99326104,0.015488466,0.11336415,-0.018472021,0.16046128,-0.06286685,0.10818979,-0.21831824,-0.08853849,0.35299408,3.0,3.0,3.0,3.0,3.0,3.0,3.0,3.0,3.0,3.0,3.0,3.0,3.0,3.0,3.0,3.0,3.0,3.0,3.0,3.0,3.0,3.0,3.0,3.0,3.0,3.0,3.0,3.0,3.0,3.0,3.0,3.0,3.0,3.0,3.0,3.0,3.0895596,4.774091,-0.6681503,-44.488903
690,-0.3234488799685872,-0.1774517,-0.66296387,-0.06257878,0.9934823,0.012603201,0.112258025,-0.015240911,0.18046695,-0.06583053,-0.008442189,-0.3386545,-0.1823959,0.2803547,3.0,3.0,3.0,3.0,3.0,3.0,3.0,3.0,3.0,3.0,3.0,3.0,3.0,3.0,3.0,3.0,3.0,3.0,3.0,3.0,3.0,3.0,3.0,3.0,3.0,3.0,3.0,3.0,3.0,3.0,3.0,3.0,3.0,3.0,3.0,3.0,-3.15551,3.8200579,-0.84313065,-41.48917
695,-0.3055821113250511,-0.18147908,-0.6615597,-0.061034936,0.9938338,0.008409621,0.1098948,-0.012117372,0.20296736,-0.06848231,-0.11286164,-0.4177786,-0.29302663,0.43168765,3.0,3.0,3.0,3.0,3.0,3.0,3.0,3.0,3.0,3.0,3.0,3.0,3.0,3.0,3.0,3.0,3.0,3.0,3.0,3.0,3.0,3.0,3.0,3.0,3.0,3.0,3.0,3.0,3.0,3.0,3.0,3.0,3.0,3.0,3.0,3.0,2.009859,4.44333,-0.5936848,-39.407368
700,-0.31973780468215124,-0.18594609,-0.66011316,-0.057214126,0.99423414,0.0036014833,0.10683843,-0.008430429,0.22189318,-0.069936745,-0.23076156,-0.42505231,-0.2935906,0.39136854,3.0,3.0,3.0,3.0,3.0,3.0,3.0,3.0,3.0,3.0,3.0,3.0,3.0,3.0,3.0,3.0,3.0,3.0,3.0,3.0,3.0,3.0,3.0,3.0,3.0,3.0,3.0,3.0,3.0,3.0,3.0,3.0,3.0,3.0,3.0,3.0,-1.6045408,4.383354,-0.23778641,-40.965454
705,-0.3243718277279065,-0.1908642,-0.6586463,-0.05123747,0.99475396,-0.0028093804,0.10215649,-0.004551693,0.24841756,-0.07056105,-0.31001103,-0.737343,-0.5856259,0.34203953,3.0,3.0,3.0,3.0,3.0,3.0,3.0,3.0,3.0,3.0,3.0,3.0,3.0,3.0,3.0,3.0,3.0,3.0,3.0,3.0,3.0,3.0,3.0,3.0,3.0,3.0,3.0,3.0,3.0,3.0,3.0,3.0,3.0,3.0,3.0,3.0,-0.91993713,3.0294952,-0.136343,-40.69547
710,-0.2139608716446529,-0.19653876,-0.65719014,-0.044657234,0.9952816,-0.013046725,0.09614515,-0.00068559323,0.28411987,-0.06910642,-0.33872533,-0.9672492,-0.56658965,0.61922854,3.0,3.0,3.0,3.0,3.0,3.0,3.0,3.0,3.0,3.0,3.0,3.0,3.0,3.0,3.0,3.0,3.0,3.0,3.0,3.0,3.0,3.0,3.0,3.0,3.0,3.0,3.0,3.0,3.0,3.0,3.0,3.0,3.0,3.0,3.0,3.0,2.6580725,-3.3965921,-0.023798525,-28.466488
715,-0.19437477246588641,-0.2032328,-0.6558535,-0.039038207,0.99556094,-0.022416476,0.09107691,0.007807717,0.33330607,-0.062149,-0.2882028,-0.85683244,-0.53352875,0.98353726,3.0,3.0,3.0,3.0,3.0,3.0,3.0,3.0,3.0,3.0,3.0,3.0,3.0,3.0,3.0,3.0,3.0,3.0,3.0,3.0,3.0,3.0,3.0,3.0,3.0,3.0,3.0,3.0,3.0,3.0,3.0,3.0,3.0,3.0,3.0,3.0,0.03051567,-2.2268338,0.32695246,-25.810469
720,-0.2967799708309472,-0.21081382,-0.6547228,-0.03398443,0.99601257,-0.029442761,0.08295828,0.014492032,0.3791582,-0.04959987,-0.23718782,-0.46729133,-0.7060386,0.52456355,3.0,3.0,3.0,3.0,3.0,3.0,3.0,3.0,3.0,3.0,3.0,3.0,3.0,3.0,3.0,3.0,3.0,3.0,3.0,3.0,3.0,3.0,3.0,3.0,3.0,3.0,3.0,3.0,3.0,3.0,3.0,3.0,3.0,3.0,3.0,3.0,0.28418922,2.4178286,-0.6129585,-36.38012
725,-0.16839980607925134,-0.21904728,-0.65382266,-0.028562538,0.99624264,-0.03671021,0.07645571,0.017534086,0.41087794,-0.03652116,-0.24309665,-0.8802497,-0.6972644,0.31465518,3.0,3.0,3.0,3.0,3.0,3.0,3.0,3.0,3.0,3.0,3.0,3.0,3.0,3.0,3.0,3.0,3.0,3.0,3.0,3.0,3.0,3.0,3.0,3.0,3.0,3.0,3.0,3.0,3.0,3.0,3.0,3.0,3.0,3.0,3.0,3.0,-1.0777771,2.080863,-0.26650935,-22.510958
730,0.003664540715945505,-0.22791366,-0.6532288,-0.023026666,0.9963462,-0.04751824,0.06824016,0.019482858,0.44146284,-0.018734947,-0.23617573,-0.99724686,-0.8366269,0.14548206,3.0,3.0,3.0,3.0,3.0,3.0,3.0,3.0,3.0,3.0,3.0,3.0,3.0,3.0,3.0,3.0,3.0,3.0,3.0,3.0,3.0,3.0,3.0,3.0,3.0,3.0,3.0,3.0,3.0,3.0,3.0,3.0,3.0,3.0,3.0,3.0,-1.3666434,-1.8472152,0.22602797,-3.6321297
735,-0.0990476262275864,-0.23756224,-0.653179,-0.018972445,0.99665594,-0.05507102,0.05775151,0.017575093,0.4761441,0.008482051,-0.1727809,-0.49209693,-1.0663549,-0.14123426,3.0,3.0,3.0,3.0,3.0,3.0,3.0,3.0,3.0,3.0,3.0,3.0,3.0,3.0,3.0,3.0,3.0,3.0,3.0,3.0,3.0,3.0,3.0,3.0,3.0,3.0,3.0,3.0,3.0,3.0,3.0,3.0,3.0,3.0,3.0,3.0,1.4613776,-4.05761,0.20222282,13.18354
740,-0.19292635141562844,-0.2478135,-0.65369046,-0.015786596,0.99699926,-0.056182962,0.05003587,0.018229255,0.5014254,0.03483008,-0.14515977,0.13349228,-0.81163144,-0.005947173,3.0,3.0,3.0,3.0,3.0,3.0,3.0,3.0,3.0,3.0,3.0,3.0,3.0,3.0,3.0,3.0,3.0,3.0,3.0,3.0,3.0,3.0,3.0,3.0,3.0,3.0,3.0,3.0,3.0,3.0,3.0,3.0,3.0,3.0,3.0,3.0,3.2986832,-3.5981016,0.18969893,-22.591984
745,-0.4017240546951958,-0.25867322,-0.65490526,-0.014480162,0.9974017,-0.052339997,0.04518627,0.020211387,0.5295639,0.068476506,-0.054255392,0.4624117,-0.22783174,0.19270435,3.0,3.0,3.0,3.0,3.0,3.0,3.0,3.0,3.0,3.0,3.0,3.0,3.0,3.0,3.0,3.0,3.0,3.0,3.0,3.0,3.0,3.0,3.0,3.0,3.0,3.0,3.0,3.0,3.0,3.0,3.0,3.0,3.0,3.0,3.0,3.0,-0.83071995,2.0502777,0.78955984,-43.36503
750,-0.29262902529740104,-0.27005476,-0.65676165,-0.014832158,0.99770814,-0.048656974,0.041594468,0.021928588,0.5557637,0.1006774,0.047266867,0.17649712,-0.5385986,0.20983006,3.0,3.0,3.0,3.0,3.0,3.0,3.0,3.0,3.0,3.0,3.0,3.0,3.0,3.0,3.0,3.0,3.0,3.0,3.0,3.0,3.0,3.0,3.0,3.0,3.0,3.0,3.0,3.0,3.0,3.0,3.0,3.0,3.0,3.0,3.0,3.0,-0.26022816,0.8505182,0.7053108,-31.40083
755,-0.2292038315997431,-0.28200138,-0.6593245,-0.017955784,0.99804294,-0.046493407,0.03414716,0.024137076,0.58557767,0.13916627,0.23281828,0.42983884,-0.6321936,0.26200226,3.0,3.0,3.0,3.0,3.0,3.0,3.0,3.0,3.0,3.0,3.0,3.0,3.0,3.0,3.0,3.0,3.0,3.0,3.0,3.0,3.0,3.0,3.0,3.0,3.0,3.0,3.0,3.0,3.0,3.0,3.0,3.0,3.0,3.0,3.0,3.0,2.9068542,0.2668767,-0.16938955,-23.496647
760,-0.13529676210662608,-0.29440933,-0.6625385,-0.023622733,0.99832994,-0.041978672,0.029129967,0.026956066,0.6016799,0.16372386,0.2935303,0.4034852,-0.29796097,0.2168461,3.0,3.0,3.0,3.0,3.0,3.0,3.0,3.0,3.0,3.0,3.0,3.0,3.0,3.0,3.0,3.0,3.0,3.0,3.0,3.0,3.0,3.0,3.0,3.0,3.0,3.0,3.0,3.0,3.0,3.0,3.0,3.0,3.0,3.0,3.0,3.0,-2.1618218,-1.8065472,0.5248709,-13.582647
765,-0.32162395726045184,-0.3071675,-0.6663037,-0.031399243,0.998597,-0.036416367,0.025819108,0.028480675,0.6181578,0.18996443,0.40558967,0.423961,-0.20216969,0.09388156,3.0,3.0,3.0,3.0,3.0,3.0,3.0,3.0,3.0,3.0,3.0,3.0,3.0,3.0,3.0,3.0,3.0,3.0,3.0,3.0,3.0,3.0,3.0,3.0,3.0,3.0,3.0,3.0,3.0,3.0,3.0,3.0,3.0,3.0,3.0,3.0,-1.8127048,0.30428982,0.49445665,-31.673813
770,-0.38280285418791576,-0.3201389,-0.6704166,-0.03941611,0.99883926,-0.033499513,0.021030596,0.02748879,0.6253083,0.20205797,0.36902702,0.27440315,-0.62346,-0.04049217,3.0,3.0,3.0,3.0,3.0,3.0,3.0,3.0,3.0,3.0,3.0,3.0,3.0,3.0,3.0,3.0,3.0,3.0,3.0,3.0,3.0,3.0,3.0,3.0,3.0,3.0,3.0,3.0,3.0,3.0,3.0,3.0,3.0,3.0,3.0,3.0,-1.4713435,-3.1599097,0.2958324,36.885994
775,-0.1661113528676549,-0.33326593,-0.6748139,-0.047371738,0.9991023,-0.03056063,0.014860389,0.02529496,0.63246995,0.21597835,0.37611818,0.3268946,-0.647324,-0.17720549,3.0,3.0,3.0,3.0,3.0,3.0,3.0,3.0,3.0,3.0,3.0,3.0,3.0,3.0,3.0,3.0,3.0,3.0,3.0,3.0,3.0,3.0,3.0,3.0,3.0,3.0,3.0,3.0,3.0,3.0,3.0,3.0,3.0,3.0,3.0,3.0,0.96976185,0.4867468,0.021987319,-14.7231655
780,-0.3640542451541337,-0.34650013,-0.67946637,-0.055214915,0.99931073,-0.026461536,0.008497742,0.02460926,0.63689625,0.22820029,0.37968308,0.36435014,-0.6032701,-0.15591,3.0,3.0,3.0,3.0,3.0,3.0,3.0,3.0,3.0,3.0,3.0,3.0,3.0,3.0,3.0,3.0,3.0,3.0,3.0,3.0,3.0,3.0,3.0,3.0,3.0,3.0,3.0,3.0,3.0,3.0,3.0,3.0,3.0,3.0,3.0,3.0,-2.456389,0.41636848,0.73594093,33.877563
785,-0.3377781385198363,-0.3597987,-0.6843557,-0.06314218,0.9994198,-0.02437817,0.00054840726,0.023780283,0.63834167,0.23666587,0.33955455,0.21995462,-0.75285673,0.04066892,3.0,3.0,3.0,3.0,3.0,3.0,3.0,3.0,3.0,3.0,3.0,3.0,3.0,3.0,3.0,3.0,3.0,3.0,3.0,3.0,3.0,3.0,3.0,3.0,3.0,3.0,3.0,3.0,3.0,3.0,3.0,3.0,3.0,3.0,3.0,3.0,-2.005429,-2.4044614,0.46764374,30.858505
790,-0.4711705637358531,-0.37308395,-0.6894042,-0.07019848,0.99950725,-0.019771142,-0.007569833,0.023173522,0.6367147,0.24571334,0.33549792,0.42711854,-0.79062116,-0.08562121,3.0,3.0,3.0,3.0,3.0,3.0,3.0,3.0,3.0,3.0,3.0,3.0,3.0,3.0,3.0,3.0,3.0,3.0,3.0,3.0,3.0,3.0,3.0,3.0,3.0,3.0,3.0,3.0,3.0,3.0,3.0,3.0,3.0,3.0,3.0,3.0,2.2413034,-0.63993454,0.045334816,43.86978
795,-0.27001930480645425,-0.38628837,-0.69462657,-0.07744519,0.99951625,-0.0153518,-0.013564289,0.02339984,0.63168657,0.2535624,0.3507666,0.30630553,-0.5657503,0.11138558,3.0,3.0,3.0,3.0,3.0,3.0,3.0,3.0,3.0,3.0,3.0,3.0,3.0,3.0,3.0,3.0,3.0,3.0,3.0,3.0,3.0,3.0,3.0,3.0,3.0,3.0,3.0,3.0,3.0,3.0,3.0,3.0,3.0,3.0,3.0,3.0,-0.0555439,-1.3518052,0.5511316,23.89608
800,-0.27725648340043113,-0.39935362,-0.6999907,-0.08511928,0.9994603,-0.010831036,-0.020178473,0.023550484,0.6244334,0.25919247,0.35699928,0.42798486,-0.5292439,0.009915374,3.0,3.0,3.0,3.0,3.0,3.0,3.0,3.0,3.0,3.0,3.0,3.0,3.0,3.0,3.0,3.0,3.0,3.0,3.0,3.0,3.0,3.0,3.0,3.0,3.0,3.0,3.0,3.0,3.0,3.0,3.0,3.0,3.0,3.0,3.0,3.0,1.2003732,-1.615114,-0.10827613,24.466599
805,-0.16333674142229476,-0.4122982,-0.7054102,-0.09125085,0.999371,-0.0062155304,-0.025472306,0.023877125,0.6178855,0.2610749,0.2792341,0.559152,-0.37164083,0.19145435,3.0,3.0,3.0,3.0,3.0,3.0,3.0,3.0,3.0,3.0,3.0,3.0,3.0,3.0,3.0,3.0,3.0,3.0,3.0,3.0,3.0,3.0,3.0,3.0,3.0,3.0,3.0,3.0,3.0,3.0,3.0,3.0,3.0,3.0,3.0,3.0,2.5449228,1.2144718,0.41271687,12.827473
810,-0.2134546726526372,-0.42500672,-0.71087676,-0.0974855,0.99927396,-0.0022997446,-0.029562892,0.023923924,0.6047699,0.2629925,0.30926245,0.38866043,-0.49886307,-0.10587385,3.0,3.0,3.0,3.0,3.0,3.0,3.0,3.0,3.0,3.0,3.0,3.0,3.0,3.0,3.0,3.0,3.0,3.0,3.0,3.0,3.0,3.0,3.0,3.0,3.0,3.0,3.0,3.0,3.0,3.0,3.0,3.0,3.0,3.0,3.0,3.0,2.7425833,2.3247042,-0.61936176,-17.910242
815,-0.19026998264811004,-0.4373958,-0.71635896,-0.10467429,0.99922305,0.0008856755,-0.034117296,0.019709833,0.5869106,0.26306883,0.3813028,0.2442828,-0.3386735,-0.67200625,3.0,3.0,3.0,3.0,3.0,3.0,3.0,3.0,3.0,3.0,3.0,3.0,3.0,3.0,3.0,3.0,3.0,3.0,3.0,3.0,3.0,3.0,3.0,3.0,3.0,3.0,3.0,3.0,3.0,3.0,3.0,3.0,3.0,3.0,3.0,3.0,2.9177227,1.9202814,-0.2582723,-15.163992
820,-0.32040196772125573,-0.44952148,-0.7218305,-0.11138731,0.9992531,0.0022239143,-0.03682046,0.011511534,0.57904744,0.26232794,0.27797964,0.13901116,-0.23515318,-0.8096575,3.0,3.0,3.0,3.0,3.0,3.0,3.0,3.0,3.0,3.0,3.0,3.0,3.0,3.0,3.0,3.0,3.0,3.0,3.0,3.0,3.0,3.0,3.0,3.0,3.0,3.0,3.0,3.0,3.0,3.0,3.0,3.0,3.0,3.0,3.0,3.0,2.2885036,-0.26667023,-0.44210267,-28.634405
825,-0.11767502480901426,-0.46147373,-0.72728366,-0.115983225,0.9992379,0.0024048048,-0.038879707,0.002484992,0.5690071,0.26127246,0.19671382,-0.09273663,-0.24918479,-0.81293446,3.0,3.0,3.0,3.0,3.0,3.0,3.0,3.0,3.0,3.0,3.0,3.0,3.0,3.0,3.0,3.0,3.0,3.0,3.0,3.0,3.0,3.0,3.0,3.0,3.0,3.0,3.0,3.0,3.0,3.0,3.0,3.0,3.0,3.0,3.0,3.0,-2.2699296,-1.3653178,-0.44027162,-8.316654
830,-0.3160632331308788,-0.47308108,-0.7327086,-0.12054227,0.99905235,0.0012956253,-0.043269284,-0.0045325183,0.5491322,0.25991914,0.2327277,0.09910732,-0.35952356,-0.5008546,3.0,3.0,3.0,3.0,3.0,3.0,3.0,3.0,3.0,3.0,3.0,3.0,3.0,3.0,3.0,3.0,3.0,3.0,3.0,3.0,3.0,3.0,3.0,3.0,3.0,3.0,3.0,3.0,3.0,3.0,3.0,3.0,3.0,3.0,3.0,3.0,-2.2838354,2.1120553,0.5713737,-28.820099
835,-0.13931741258075347,-0.48423114,-0.7381127,-0.12607342,0.9988697,0.0019011331,-0.047079127,-0.0062592006,0.52955735,0.25915062,0.2428367,0.24677293,-0.18382604,-0.115073636,3.0,3.0,3.0,3.0,3.0,3.0,3.0,3.0,3.0,3.0,3.0,3.0,3.0,3.0,3.0,3.0,3.0,3.0,3.0,3.0,3.0,3.0,3.0,3.0,3.0,3.0,3.0,3.0,3.0,3.0,3.0,3.0,3.0,3.0,3.0,3.0,-3.3477783,0.016677856,-0.58728874,11.702015
840,-0.3780427264330968,-0.49503428,-0.7434994,-0.13090551,0.9987672,0.004524282,-0.048870824,-0.00743296,0.5134344,0.2581869,0.2007204,0.26957008,-0.1583314,-0.08009301,3.0,3.0,3.0,3.0,3.0,3.0,3.0,3.0,3.0,3.0,3.0,3.0,3.0,3.0,3.0,3.0,3.0,3.0,3.0,3.0,3.0,3.0,3.0,3.0,3.0,3.0,3.0,3.0,3.0,3.0,3.0,3.0,3.0,3.0,3.0,3.0,1.8103237,-0.4974594,-0.3078531,-36.298298
845,-0.3019950269551497,-0.505566,-0.74885976,-0.13412268,0.9987226,0.008872824,-0.04927676,-0.006802548,0.50000614,0.25657412,0.12573135,0.5747117,-0.03487418,0.10813312,3.0,3.0,3.0,3.0,3.0,3.0,3.0,3.0,3.0,3.0,3.0,3.0,3.0,3.0,3.0,3.0,3.0,3.0,3.0,3.0,3.0,3.0,3.0,3.0,3.0,3.0,3.0,3.0,3.0,3.0,3.0,3.0,3.0,3.0,3.0,3.0,-2.1320307,-0.42106676,0.57547677,-28.382395
850,-0.2338491462529323,-0.5156525,-0.75414425,-0.13743287,0.998623,0.015083622,-0.049686663,-0.007470514,0.47395507,0.2511641,0.17632364,0.42702246,0.12923591,-0.016841251,3.0,3.0,3.0,3.0,3.0,3.0,3.0,3.0,3.0,3.0,3.0,3.0,3.0,3.0,3.0,3.0,3.0,3.0,3.0,3.0,3.0,3.0,3.0,3.0,3.0,3.0,3.0,3.0,3.0,3.0,3.0,3.0,3.0,3.0,3.0,3.0,0.02778244,-0.78672934,0.33820808,-22.18046
855,-0.05089952387672088,-0.5250962,-0.759244,-0.14277455,0.99852043,0.020131776,-0.049726587,-0.008882657,0.43987536,0.240229,0.3068559,0.38211828,-0.14423713,-0.014438134,3.0,3.0,3.0,3.0,3.0,3.0,3.0,3.0,3.0,3.0,3.0,3.0,3.0,3.0,3.0,3.0,3.0,3.0,3.0,3.0,3.0,3.0,3.0,3.0,3.0,3.0,3.0,3.0,3.0,3.0,3.0,3.0,3.0,3.0,3.0,3.0,-2.1745868,0.12842178,-0.2724824,-3.5578957
860,-0.2528147348380365,-0.5341124,-0.7641877,-0.1480071,0.99834365,0.024191925,-0.05121724,-0.01007399,0.4237074,0.2333855,0.25625247,0.33718458,-0.05340249,-0.31956163,3.0,3.0,3.0,3.0,3.0,3.0,3.0,3.0,3.0,3.0,3.0,3.0,3.0,3.0,3.0,3.0,3.0,3.0,3.0,3.0,3.0,3.0,3.0,3.0,3.0,3.0,3.0,3.0,3.0,3.0,3.0,3.0,3.0,3.0,3.0,3.0,-3.0381846,1.590054,0.68770623,-24.347275
865,-0.2436784909426821,-0.54263735,-0.7689118,-0.15364489,0.9981008,0.027055152,-0.0534913,-0.014193735,0.4043012,0.22444086,0.23348415,0.33028254,-0.23656636,-0.48511273,3.0,3.0,3.0,3.0,3.0,3.0,3.0,3.0,3.0,3.0,3.0,3.0,3.0,3.0,3.0,3.0,3.0,3.0,3.0,3.0,3.0,3.0,3.0,3.0,3.0,3.0,3.0,3.0,3.0,3.0,3.0,3.0,3.0,3.0,3.0,3.0,2.287487,3.1786146,0.08226311,-23.544546
870,-0.16107419569246614,-0.55068034,-0.77340025,-0.15937826,0.9978174,0.02961153,-0.05525662,-0.020745222,0.36849943,0.20667358,0.35064512,0.24382296,-0.10985238,-0.6703274,3.0,3.0,3.0,3.0,3.0,3.0,3.0,3.0,3.0,3.0,3.0,3.0,3.0,3.0,3.0,3.0,3.0,3.0,3.0,3.0,3.0,3.0,3.0,3.0,3.0,3.0,3.0,3.0,3.0,3.0,3.0,3.0,3.0,3.0,3.0,3.0,-2.3059247,-1.2850225,0.47130823,-15.4243355
875,-0.3793479811925171,-0.557939,-0.77749217,-0.16778968,0.99758166,0.03234203,-0.055467706,-0.026610631,0.34000432,0.19204167,0.39413774,0.22077717,0.15507087,-0.37491912,3.0,3.0,3.0,3.0,3.0,3.0,3.0,3.0,3.0,3.0,3.0,3.0,3.0,3.0,3.0,3.0,3.0,3.0,3.0,3.0,3.0,3.0,3.0,3.0,3.0,3.0,3.0,3.0,3.0,3.0,3.0,3.0,3.0,3.0,3.0,3.0,-2.044711,0.8428421,-0.43570542,-38.38028
880,-0.41492989602154895,-0.5648229,-0.7813822,-0.17516135,0.99742645,0.03581191,-0.05414715,-0.030431865,0.32257694,0.18226443,0.34045765,0.43416482,0.028280793,-0.2735369,3.0,3.0,3.0,3.0,3.0,3.0,3.0,3.0,3.0,3.0,3.0,3.0,3.0,3.0,3.0,3.0,3.0,3.0,3.0,3.0,3.0,3.0,3.0,3.0,3.0,3.0,3.0,3.0,3.0,3.0,3.0,3.0,3.0,3.0,3.0,3.0,0.99954987,3.9238338,0.41678464,-42.195328
885,-0.4053025252443834,-0.5712159,-0.78497523,-0.18261024,0.9974363,0.037585657,-0.05330762,-0.029436296,0.2917173,0.16272078,0.41200793,0.11937774,0.032420337,0.19261438,3.0,3.0,3.0,3.0,3.0,3.0,3.0,3.0,3.0,3.0,3.0,3.0,3.0,3.0,3.0,3.0,3.0,3.0,3.0,3.0,3.0,3.0,3.0,3.0,3.0,3.0,3.0,3.0,3.0,3.0,3.0,3.0,3.0,3.0,3.0,3.0,1.5460706,-0.35419083,0.5094199,-42.324387
890,-0.3615928729306659,-0.5770305,-0.78818995,-0.19100212,0.9974046,0.040944085,-0.052913524,-0.0266065,0.2715174,0.14909442,0.3895719,0.41273847,-0.09680149,0.16599672,3.0,3.0,3.0,3.0,3.0,3.0,3.0,3.0,3.0,3.0,3.0,3.0,3.0,3.0,3.0,3.0,3.0,3.0,3.0,3.0,3.0,3.0,3.0,3.0,3.0,3.0,3.0,3.0,3.0,3.0,3.0,3.0,3.0,3.0,3.0,3.0,0.016342163,3.5854797,-0.07794511,-37.919037
895,-0.40108636813450055,-0.58256054,-0.7912035,-0.19768502,0.9972286,0.045085054,-0.0534128,-0.025484612,0.26117176,0.14143127,0.27683744,0.35660422,-0.014246854,0.06637265,3.0,3.0,3.0,3.0,3.0,3.0,3.0,3.0,3.0,3.0,3.0,3.0,3.0,3.0,3.0,3.0,3.0,3.0,3.0,3.0,3.0,3.0,3.0,3.0,3.0,3.0,3.0,3.0,3.0,3.0,3.0,3.0,3.0,3.0,3.0,3.0,0.5967045,3.3970175,0.20271826,-42.7465
900,-0.23311299172397806,-0.58778757,-0.7939778,-0.20281763,0.99713373,0.04763977,-0.05363908,-0.02403339,0.24305229,0.12671697,0.23542133,0.17526734,-0.17750193,0.19019425,3.0,3.0,3.0,3.0,3.0,3.0,3.0,3.0,3.0,3.0,3.0,3.0,3.0,3.0,3.0,3.0,3.0,3.0,3.0,3.0,3.0,3.0,3.0,3.0,3.0,3.0,3.0,3.0,3.0,3.0,3.0,3.0,3.0,3.0,3.0,3.0,0.579093,-3.4799118,0.22545493,-26.529594
905,-0.27448340398079146,-0.59242994,-0.7962602,-0.20895202,0.99690866,0.05121784,-0.05552154,-0.02161617,0.21280849,0.100921325,0.3018221,0.21729077,-0.18305331,0.21018566,3.0,3.0,3.0,3.0,3.0,3.0,3.0,3.0,3.0,3.0,3.0,3.0,3.0,3.0,3.0,3.0,3.0,3.0,3.0,3.0,3.0,3.0,3.0,3.0,3.0,3.0,3.0,3.0,3.0,3.0,3.0,3.0,3.0,3.0,3.0,3.0,-2.133348,-2.731309,0.20053732,-31.112654
910,-0.3588586022536595,-0.5964744,-0.79802,-0.21605182,0.99672645,0.053219046,-0.056769256,-0.021939961,0.18030028,0.072184235,0.37752417,0.09164811,-0.09636408,-0.028173195,3.0,3.0,3.0,3.0,3.0,3.0,3.0,3.0,3.0,3.0,3.0,3.0,3.0,3.0,3.0,3.0,3.0,3.0,3.0,3.0,3.0,3.0,3.0,3.0,3.0,3.0,3.0,3.0,3.0,3.0,3.0,3.0,3.0,3.0,3.0,3.0,-1.0995111,-0.9809227,0.4203714,-40.63977
915,0.009276276805549072,-0.59980637,-0.79914457,-0.22493732,0.9963162,0.055864275,-0.059984833,-0.02519991,0.14227696,0.0381833,0.49151883,0.08570889,-0.40364957,-0.3511916,3.0,3.0,3.0,3.0,3.0,3.0,3.0,3.0,3.0,3.0,3.0,3.0,3.0,3.0,3.0,3.0,3.0,3.0,3.0,3.0,3.0,3.0,3.0,3.0,3.0,3.0,3.0,3.0,3.0,3.0,3.0,3.0,3.0,3.0,3.0,3.0,3.0587463,-0.7525039,-0.46557075,-1.5481186
920,-0.08146674220542967,-0.6025435,-0.79974157,-0.23442212,0.9960268,0.055012524,-0.0636406,-0.029225022,0.124385,0.022648765,0.42807838,-0.17700645,-0.37337574,-0.3658884,3.0,3.0,3.0,3.0,3.0,3.0,3.0,3.0,3.0,3.0,3.0,3.0,3.0,3.0,3.0,3.0,3.0,3.0,3.0,3.0,3.0,3.0,3.0,3.0,3.0,3.0,3.0,3.0,3.0,3.0,3.0,3.0,3.0,3.0,3.0,3.0,-2.281706,-3.355455,0.50140274,-12.549362
925,0.023141656510119984,-0.60455936,-0.7997467,-0.24511842,0.9956764,0.053492025,-0.069029346,-0.031655695,0.08442725,-0.00942111,0.52217877,-0.15931386,-0.46718934,-0.0773259,3.0,3.0,3.0,3.0,3.0,3.0,3.0,3.0,3.0,3.0,3.0,3.0,3.0,3.0,3.0,3.0,3.0,3.0,3.0,3.0,3.0,3.0,3.0,3.0,3.0,3.0,3.0,3.0,3.0,3.0,3.0,3.0,3.0,3.0,3.0,3.0,1.707675,-2.5056267,0.68544686,-1.1454201
930,-0.05545632999413565,-0.6059276,-0.7992657,-0.25617197,0.9955667,0.05500369,-0.0710535,-0.027801175,0.058848757,-0.027968802,0.49551225,0.18910637,-0.14821832,0.49424985,3.0,3.0,3.0,3.0,3.0,3.0,3.0,3.0,3.0,3.0,3.0,3.0,3.0,3.0,3.0,3.0,3.0,3.0,3.0,3.0,3.0,3.0,3.0,3.0,3.0,3.0,3.0,3.0,3.0,3.0,3.0,3.0,3.0,3.0,3.0,3.0,1.9666395,-3.3406198,-0.49757266,-11.131981
935,-0.27190236919264604,-0.6069956,-0.7985684,-0.26500484,0.99547607,0.057373803,-0.07224167,-0.022733407,0.046187326,-0.037199896,0.37630284,0.18936172,-0.14662617,0.4938393,3.0,3.0,3.0,3.0,3.0,3.0,3.0,3.0,3.0,3.0,3.0,3.0,3.0,3.0,3.0,3.0,3.0,3.0,3.0,3.0,3.0,3.0,3.0,3.0,3.0,3.0,3.0,3.0,3.0,3.0,3.0,3.0,3.0,3.0,3.0,3.0,2.7419305,-2.6427183,-0.22653145,-34.0942
940,-0.29442812144985436,-0.6076897,-0.7975893,-0.27208212,0.99541473,0.061040092,-0.07157678,-0.017333146,0.019823624,-0.057449523,0.34817225,0.3536168,0.28053728,0.37853944,3.0,3.0,3.0,3.0,3.0,3.0,3.0,3.0,3.0,3.0,3.0,3.0,3.0,3.0,3.0,3.0,3.0,3.0,3.0,3.0,3.0,3.0,3.0,3.0,3.0,3.0,3.0,3.0,3.0,3.0,3.0,3.0,3.0,3.0,3.0,3.0,1.2438002,3.3955402,0.5447135,-37.00373
945,-0.3287962038777844,-0.60772324,-0.7960794,-0.2793632,0.9954542,0.06472624,-0.06766894,-0.017388443,-0.012106421,-0.08437265,0.36316606,0.2755875,0.51138127,-0.15339263,3.0,3.0,3.0,3.0,3.0,3.0,3.0,3.0,3.0,3.0,3.0,3.0,3.0,3.0,3.0,3.0,3.0,3.0,3.0,3.0,3.0,3.0,3.0,3.0,3.0,3.0,3.0,3.0,3.0,3.0,3.0,3.0,3.0,3.0,3.0,3.0,-3.692213,4.394106,0.61674607,-40.828102
950,-0.21849644379467087,-0.60702944,-0.79391736,-0.28753114,0.9955008,0.065373614,-0.06625879,-0.01772535,-0.04125156,-0.11118911,0.36801186,0.10591328,0.052749686,-0.068950206,3.0,3.0,3.0,3.0,3.0,3.0,3.0,3.0,3.0,3.0,3.0,3.0,3.0,3.0,3.0,3.0,3.0,3.0,3.0,3.0,3.0,3.0,3.0,3.0,3.0,3.0,3.0,3.0,3.0,3.0,3.0,3.0,3.0,3.0,3.0,3.0,-3.2541962,-0.0270195,0.32403016,-31.66638
955,-0.05254662652590719,-0.605694,-0.7911507,-0.29611742,0.99533427,0.065902255,-0.068214424,-0.017701147,-0.07878577,-0.14660335,0.43659616,0.11157169,-0.22577275,-0.044651274,3.0,3.0,3.0,3.0,3.0,3.0,3.0,3.0,3.0,3.0,3.0,3.0,3.0,3.0,3.0,3.0,3.0,3.0,3.0,3.0,3.0,3.0,3.0,3.0,3.0,3.0,3.0,3.0,3.0,3.0,3.0,3.0,3.0,3.0,3.0,3.0,-1.7575381,-0.07689762,0.36450064,15.4527855
960,-0.19400709003447175,-0.6038067,-0.787869,-0.30441162,0.9951082,0.06549374,-0.072085805,-0.016548652,-0.095452905,-0.16191362,0.350392,-0.05148003,-0.37784654,0.0825631,3.0,3.0,3.0,3.0,3.0,3.0,3.0,3.0,3.0,3.0,3.0,3.0,3.0,3.0,3.0,3.0,3.0,3.0,3.0,3.0,3.0,3.0,3.0,3.0,3.0,3.0,3.0,3.0,3.0,3.0,3.0,3.0,3.0,3.0,3.0,3.0,1.079082,2.2778215,-0.5445831,-30.291473
965,-0.17709519405843702,-0.6016253,-0.78432816,-0.31045914,0.9949716,0.06389352,-0.07547899,-0.015879227,-0.11044043,-0.17484683,0.24678212,-0.20943889,-0.33243048,0.03737754,3.0,3.0,3.0,3.0,3.0,3.0,3.0,3.0,3.0,3.0,3.0,3.0,3.0,3.0,3.0,3.0,3.0,3.0,3.0,3.0,3.0,3.0,3.0,3.0,3.0,3.0,3.0,3.0,3.0,3.0,3.0,3.0,3.0,3.0,3.0,3.0,-0.43427515,-0.16730022,-0.32307017,-29.678596
970,-0.20961093442207973,-0.5990494,-0.78046477,-0.31481186,0.9949468,0.06144237,-0.07805084,-0.014620505,-0.13898735,-0.1975488,0.22444732,-0.2418511,-0.09722648,0.32127973,3.0,3.0,3.0,3.0,3.0,3.0,3.0,3.0,3.0,3.0,3.0,3.0,3.0,3.0,3.0,3.0,3.0,3.0,3.0,3.0,3.0,3.0,3.0,3.0,3.0,3.0,3.0,3.0,3.0,3.0,3.0,3.0,3.0,3.0,3.0,3.0,3.5903368,1.9505777,-0.1674943,-33.461643
975,-0.29315367465677544,-0.59573513,-0.77603114,-0.31955793,0.99512017,0.061281536,-0.076843016,-0.008693569,-0.16927601,-0.22052236,0.21013588,0.051712062,0.19367768,0.7545641,3.0,3.0,3.0,3.0,3.0,3.0,3.0,3.0,3.0,3.0,3.0,3.0,3.0,3.0,3.0,3.0,3.0,3.0,3.0,3.0,3.0,3.0,3.0,3.0,3.0,3.0,3.0,3.0,3.0,3.0,3.0,3.0,3.0,3.0,3.0,3.0,3.2917957,-3.9167504,0.44355714,-41.677544
980,-0.27851388696916957,-0.5917719,-0.7710931,-0.3241899,0.99545264,0.06353134,-0.07097241,-0.0008538757,-0.20204666,-0.24665795,0.21821289,0.14780617,0.77991,0.5543558,3.0,3.0,3.0,3.0,3.0,3.0,3.0,3.0,3.0,3.0,3.0,3.0,3.0,3.0,3.0,3.0,3.0,3.0,3.0,3.0,3.0,3.0,3.0,3.0,3.0,3.0,3.0,3.0,3.0,3.0,3.0,3.0,3.0,3.0,3.0,3.0,-1.2577941,-3.3804095,0.36551774,-40.656025
985,-0.10536901296028017,-0.58702743,-0.76547027,-0.32994056,0.9956519,0.068021394,-0.06360203,0.0022790246,-0.24721588,-0.2887162,0.33695492,0.41315776,0.6935514,0.46481138,3.0,3.0,3.0,3.0,3.0,3.0,3.0,3.0,3.0,3.0,3.0,3.0,3.0,3.0,3.0,3.0,3.0,3.0,3.0,3.0,3.0,3.0,3.0,3.0,3.0,3.0,3.0,3.0,3.0,3.0,3.0,3.0,3.0,3.0,3.0,3.0,0.8258624,0.14689016,0.6267531,-23.921759
990,-0.14349687645011466,-0.5815861,-0.75914377,-0.33670068,0.9959444,0.071397394,-0.05458813,0.0041576917,-0.26920134,-0.31319478,0.31116906,0.44119847,0.7483358,0.1431266,3.0,3.0,3.0,3.0,3.0,3.0,3.0,3.0,3.0,3.0,3.0,3.0,3.0,3.0,3.0,3.0,3.0,3.0,3.0,3.0,3.0,3.0,3.0,3.0,3.0,3.0,3.0,3.0,3.0,3.0,3.0,3.0,3.0,3.0,3.0,3.0,-3.6463726,3.9538116,0.14164662,-28.228823
995,-0.23907812836946427,-0.5757003,-0.7522458,-0.34322304,0.9959746,0.07425229,-0.04968133,0.0072734104,-0.2915853,-0.3438002,0.3186458,0.2854509,0.32524514,0.35448095,3.0,3.0,3.0,3.0,3.0,3.0,3.0,3.0,3.0,3.0,3.0,3.0,3.0,3.0,3.0,3.0,3.0,3.0,3.0,3.0,3.0,3.0,3.0,3.0,3.0,3.0,3.0,3.0,3.0,3.0,3.0,3.0,3.0,3.0,3.0,3.0,-1.8498082,-2.4153657,-0.022436261,-39.39434
1000,-0.1866059711481007,-0.5693958,-0.7447305,-0.34966624,0.9959015,0.07668927,-0.047456115,0.0068449355,-0.31282908,-0.37692714,0.3334894,0.033164557,0.39554015,-0.1915158,3.0,3.0,3.0,3.0,3.0,3.0,3.0,3.0,3.0,3.0,3.0,3.0,3.0,3.0,3.0,3.0,3.0,3.0,3.0,3.0,3.0,3.0,3.0,3.0,3.0,3.0,3.0,3.0,3.0,3.0,3.0,3.0,3.0,3.0,3.0,3.0,-0.24253082,4.099145,0.77248406,-34.70379
1005,-0.18491735076985227,-0.5625744,-0.7363772,-0.3573109,0.9961137,0.0762012,-0.043828584,0.0054725776,-0.3324226,-0.40946302,0.3411895,-0.074490935,0.25079778,-0.07376742,3.0,3.0,3.0,3.0,3.0,3.0,3.0,3.0,3.0,3.0,3.0,3.0,3.0,3.0,3.0,3.0,3.0,3.0,3.0,3.0,3.0,3.0,3.0,3.0,3.0,3.0,3.0,3.0,3.0,3.0,3.0,3.0,3.0,3.0,3.0,3.0,0.14986324,0.2497859,0.24404347,-35.794067
1010,-0.20414742022212565,-0.5553102,-0.7272424,-0.36583143,0.9965801,0.07308978,-0.038534738,0.0010066073,-0.3619418,-0.4625307,0.4863144,-0.2917033,0.611295,-0.6728523,3.0,3.0,3.0,3.0,3.0,3.0,3.0,3.0,3.0,3.0,3.0,3.0,3.0,3.0,3.0,3.0,3.0,3.0,3.0,3.0,3.0,3.0,3.0,3.0,3.0,3.0,3.0,3.0,3.0,3.0,3.0,3.0,3.0,3.0,3.0,3.0,-0.088308334,-1.4620857,0.8985338,-35.96002
1015,-0.1302936637224393,-0.5474884,-0.7170674,-0.37709838,0.9970437,0.06905714,-0.03356488,-0.0028857456,-0.37950525,-0.49653488,0.51660126,-0.46996883,0.4016602,-0.25174993,3.0,3.0,3.0,3.0,3.0,3.0,3.0,3.0,3.0,3.0,3.0,3.0,3.0,3.0,3.0,3.0,3.0,3.0,3.0,3.0,3.0,3.0,3.0,3.0,3.0,3.0,3.0,3.0,3.0,3.0,3.0,3.0,3.0,3.0,3.0,3.0,1.7979836,-2.6287699,-0.14010292,-29.602516
1020,-0.17878677037042706,-0.53944504,-0.7064363,-0.3874499,0.9974443,0.06471801,-0.029674333,-0.0059978813,-0.39119762,-0.52106273,0.49662918,-0.3070598,0.46767253,-0.1703716,3.0,3.0,3.0,3.0,3.0,3.0,3.0,3.0,3.0,3.0,3.0,3.0,3.0,3.0,3.0,3.0,3.0,3.0,3.0,3.0,3.0,3.0,3.0,3.0,3.0,3.0,3.0,3.0,3.0,3.0,3.0,3.0,3.0,3.0,3.0,3.0,-0.13508129,1.3301663,0.11440945,-35.211594
1025,-0.2577654746929364,-0.5311635,-0.6952899,-0.39756864,0.99781257,0.06042668,-0.02601762,-0.006465926,-0.40222043,-0.545585,0.4894499,-0.40569985,0.35618782,0.022864891,3.0,3.0,3.0,3.0,3.0,3.0,3.0,3.0,3.0,3.0,3.0,3.0,3.0,3.0,3.0,3.0,3.0,3.0,3.0,3.0,3.0,3.0,3.0,3.0,3.0,3.0,3.0,3.0,3.0,3.0,3.0,3.0,3.0,3.0,3.0,3.0,-0.040328503,-2.5288353,0.67144847,-43.10692
1030,-0.25556996447660796,-0.5226554,-0.68362105,-0.4077724,0.9980195,0.05886699,-0.021515217,-0.005366394,-0.41120636,-0.56734926,0.4714323,0.0045696637,0.2983393,-0.061428312,3.0,3.0,3.0,3.0,3.0,3.0,3.0,3.0,3.0,3.0,3.0,3.0,3.0,3.0,3.0,3.0,3.0,3.0,3.0,3.0,3.0,3.0,3.0,3.0,3.0,3.0,3.0,3.0,3.0,3.0,3.0,3.0,3.0,3.0,3.0,3.0,-1.2177901,0.77464294,0.5209949,-43.900032
1035,-0.2393840286448662,-0.5140174,-0.6716019,-0.4168163,0.9981411,0.05739117,-0.019992677,-0.0045634485,-0.4158434,-0.5806035,0.386676,-0.1429507,0.14224511,0.08250796,3.0,3.0,3.0,3.0,3.0,3.0,3.0,3.0,3.0,3.0,3.0,3.0,3.0,3.0,3.0,3.0,3.0,3.0,3.0,3.0,3.0,3.0,3.0,3.0,3.0,3.0,3.0,3.0,3.0,3.0,3.0,3.0,3.0,3.0,3.0,3.0,-1.1472297,1.4778376,-0.3392495,-43.47163
1040,-0.12895246129641075,-0.5053171,-0.6593899,-0.4234172,0.99825925,0.055880915,-0.01841037,-0.004110942,-0.41876072,-0.5898543,0.2703191,-0.14728497,0.15517476,0.027055034,3.0,3.0,3.0,3.0,3.0,3.0,3.0,3.0,3.0,3.0,3.0,3.0,3.0,3.0,3.0,3.0,3.0,3.0,3.0,3.0,3.0,3.0,3.0,3.0,3.0,3.0,3.0,3.0,3.0,3.0,3.0,3.0,3.0,3.0,3.0,3.0,2.6299715,-1.6230261,0.10636854,-33.317055
1045,-0.24024262742544486,-0.4965296,-0.64689624,-0.4284209,0.9983963,0.05437833,-0.015582225,-0.002245235,-0.42482775,-0.60970366,0.251832,-0.06022902,0.42200884,0.2615217,3.0,3.0,3.0,3.0,3.0,3.0,3.0,3.0,3.0,3.0,3.0,3.0,3.0,3.0,3.0,3.0,3.0,3.0,3.0,3.0,3.0,3.0,3.0,3.0,3.0,3.0,3.0,3.0,3.0,3.0,3.0,3.0,3.0,3.0,3.0,3.0,1.8994975,0.09508324,0.4756707,-44.123795
1050,-0.20246246810128707,-0.4875881,-0.6338578,-0.43430966,0.9986923,0.04971259,-0.0119187655,0.0006229696,-0.43101695,-0.63346314,0.27527148,-0.6182411,0.15958649,0.42514655,3.0,3.0,3.0,3.0,3.0,3.0,3.0,3.0,3.0,3.0,3.0,3.0,3.0,3.0,3.0,3.0,3.0,3.0,3.0,3.0,3.0,3.0,3.0,3.0,3.0,3.0,3.0,3.0,3.0,3.0,3.0,3.0,3.0,3.0,3.0,3.0,-2.894261,2.1023984,-0.32953608,-40.062347
1055,-0.06204373487312301,-0.47854888,-0.6203856,-0.44039786,0.99899584,0.04294234,-0.010536317,0.007231679,-0.43557397,-0.6547446,0.29864168,-0.7802707,-0.038617812,0.8040174,3.0,3.0,3.0,3.0,3.0,3.0,3.0,3.0,3.0,3.0,3.0,3.0,3.0,3.0,3.0,3.0,3.0,3.0,3.0,3.0,3.0,3.0,3.0,3.0,3.0,3.0,3.0,3.0,3.0,3.0,3.0,3.0,3.0,3.0,3.0,3.0,-0.057450294,-2.1445317,-0.10211635,-25.313412
1060,-0.07102786886008708,-0.4694262,-0.6065223,-0.44684795,0.9992073,0.03516255,-0.010296821,0.015565593,-0.43965515,-0.6732789,0.33021167,-0.7514088,-0.02700334,1.0021559,3.0,3.0,3.0,3.0,3.0,3.0,3.0,3.0,3.0,3.0,3.0,3.0,3.0,3.0,3.0,3.0,3.0,3.0,3.0,3.0,3.0,3.0,3.0,3.0,3.0,3.0,3.0,3.0,3.0,3.0,3.0,3.0,3.0,3.0,3.0,3.0,-1.7709279,-3.8521118,-0.30975395,-25.45259
1065,-0.10877359476363377,-0.46025038,-0.5924203,-0.45244598,0.99922657,0.027677426,-0.011146923,0.025612019,-0.4410141,-0.6793244,0.23059367,-0.74112946,-0.22893915,0.94488585,3.0,3.0,3.0,3.0,3.0,3.0,3.0,3.0,3.0,3.0,3.0,3.0,3.0,3.0,3.0,3.0,3.0,3.0,3.0,3.0,3.0,3.0,3.0,3.0,3.0,3.0,3.0,3.0,3.0,3.0,3.0,3.0,3.0,3.0,3.0,3.0,2.4087768,-2.582161,-0.891123,-30.380486
1070,-0.17580024898182461,-0.45100754,-0.57811993,-0.45766798,0.9992177,0.018104581,-0.012410575,0.0328962,-0.44607198,-0.6918199,0.28802732,-1.1506479,0.020686083,0.46375766,3.0,3.0,3.0,3.0,3.0,3.0,3.0,3.0,3.0,3.0,3.0,3.0,3.0,3.0,3.0,3.0,3.0,3.0,3.0,3.0,3.0,3.0,3.0,3.0,3.0,3.0,3.0,3.0,3.0,3.0,3.0,3.0,3.0,3.0,3.0,3.0,-2.8328516,-1.8149638,0.72695494,-35.764393
1075,0.11250988685713809,-0.44164565,-0.56360066,-0.46432418,0.99924546,0.009619587,-0.014135669,0.034872983,-0.45158944,-0.69926655,0.33692932,-0.5632231,-0.13804421,-0.09945202,3.0,3.0,3.0,3.0,3.0,3.0,3.0,3.0,3.0,3.0,3.0,3.0,3.0,3.0,3.0,3.0,3.0,3.0,3.0,3.0,3.0,3.0,3.0,3.0,3.0,3.0,3.0,3.0,3.0,3.0,3.0,3.0,3.0,3.0,3.0,3.0,-0.099143505,-4.234851,-0.2560141,7.3529015
1080,0.17319156725411472,-0.43219912,-0.54901606,-0.47046688,0.99929905,0.0043204497,-0.01594825,0.033592142,-0.45538068,-0.7008262,0.29063672,-0.40699488,-0.26953435,-0.18006727,3.0,3.0,3.0,3.0,3.0,3.0,3.0,3.0,3.0,3.0,3.0,3.0,3.0,3.0,3.0,3.0,3.0,3.0,3.0,3.0,3.0,3.0,3.0,3.0,3.0,3.0,3.0,3.0,3.0,3.0,3.0,3.0,3.0,3.0,3.0,3.0,2.230227,0.97034264,0.36097503,0.55010605
1085,-0.231402220517183,-0.422632,-0.5344052,-0.47678334,0.9993701,-0.000119535885,-0.015714826,0.031818487,-0.4625093,-0.7014179,0.33154947,-0.23508586,0.23184831,0.081950925,3.0,3.0,3.0,3.0,3.0,3.0,3.0,3.0,3.0,3.0,3.0,3.0,3.0,3.0,3.0,3.0,3.0,3.0,3.0,3.0,3.0,3.0,3.0,3.0,3.0,3.0,3.0,3.0,3.0,3.0,3.0,3.0,3.0,3.0,3.0,3.0,-1.3024116,-0.7075639,0.06395733,-42.940136
1090,-0.17618019514014455,-0.41294044,-0.5198057,-0.48324254,0.99942994,-0.003240292,-0.013343477,0.030841783,-0.4683164,-0.70021355,0.34363332,-0.5580121,0.32137865,-0.16974077,3.0,3.0,3.0,3.0,3.0,3.0,3.0,3.0,3.0,3.0,3.0,3.0,3.0,3.0,3.0,3.0,3.0,3.0,3.0,3.0,3.0,3.0,3.0,3.0,3.0,3.0,3.0,3.0,3.0,3.0,3.0,3.0,3.0,3.0,3.0,3.0,-0.6991968,1.5370965,0.24491906,-36.15915
1095,-0.21178951308787375,-0.40309492,-0.5052569,-0.49150968,0.9993538,-0.011160282,-0.011668306,0.0321127,-0.47488347,-0.69682884,0.4156632,-0.90983605,0.1472574,0.09743022,3.0,3.0,3.0,3.0,3.0,3.0,3.0,3.0,3.0,3.0,3.0,3.0,3.0,3.0,3.0,3.0,3.0,3.0,3.0,3.0,3.0,3.0,3.0,3.0,3.0,3.0,3.0,3.0,3.0,3.0,3.0,3.0,3.0,3.0,3.0,3.0,-1.9619064,0.42630482,0.9070481,-37.29354
1100,-0.2626509710113748,-0.39312813,-0.4908246,-0.50103843,0.9991763,-0.019809157,-0.010074378,0.03395268,-0.47927433,-0.6909041,0.4263104,-0.79603404,0.10300749,0.13790508,3.0,3.0,3.0,3.0,3.0,3.0,3.0,3.0,3.0,3.0,3.0,3.0,3.0,3.0,3.0,3.0,3.0,3.0,3.0,3.0,3.0,3.0,3.0,3.0,3.0,3.0,3.0,3.0,3.0,3.0,3.0,3.0,3.0,3.0,3.0,3.0,-2.7447965,1.2604256,0.40494585,-42.45039
1105,0.043370646678549674,-0.38310233,-0.476536,-0.5096782,0.99887574,-0.028509816,-0.01115718,0.036193576,-0.4820426,-0.68312037,0.38335323,-0.76886344,-0.18641536,0.14302064,3.0,3.0,3.0,3.0,3.0,3.0,3.0,3.0,3.0,3.0,3.0,3.0,3.0,3.0,3.0,3.0,3.0,3.0,3.0,3.0,3.0,3.0,3.0,3.0,3.0,3.0,3.0,3.0,3.0,3.0,3.0,3.0,3.0,3.0,3.0,3.0,2.1337314,-0.8353596,0.44029212,-11.854279
1110,-0.20496394817874342,-0.37301853,-0.46243617,-0.51722056,0.99854374,-0.03442199,-0.010473044,0.0401974,-0.48480943,-0.673653,0.32468924,-0.5298057,0.11185798,0.4348467,3.0,3.0,3.0,3.0,3.0,3.0,3.0,3.0,3.0,3.0,3.0,3.0,3.0,3.0,3.0,3.0,3.0,3.0,3.0,3.0,3.0,3.0,3.0,3.0,3.0,3.0,3.0,3.0,3.0,3.0,3.0,3.0,3.0,3.0,3.0,3.0,-2.7400815,-3.6327636,-0.28345126,-37.68892
1115,-0.2253614943966115,-0.36288396,-0.44854286,-0.52327466,0.9981829,-0.03925682,-0.011284849,0.044299714,-0.48797366,-0.6609547,0.28486338,-0.3608277,-0.2679152,0.3044637,3.0,3.0,3.0,3.0,3.0,3.0,3.0,3.0,3.0,3.0,3.0,3.0,3.0,3.0,3.0,3.0,3.0,3.0,3.0,3.0,3.0,3.0,3.0,3.0,3.0,3.0,3.0,3.0,3.0,3.0,3.0,3.0,3.0,3.0,3.0,3.0,2.864705,-1.694417,0.018736124,-40.267834
1120,-0.17834194436942585,-0.3526732,-0.4349445,-0.5286736,0.9979386,-0.041120037,-0.012516996,0.04765563,-0.49254644,-0.64449924,0.27468196,0.07031515,-0.10357766,0.10700942,3.0,3.0,3.0,3.0,3.0,3.0,3.0,3.0,3.0,3.0,3.0,3.0,3.0,3.0,3.0,3.0,3.0,3.0,3.0,3.0,3.0,3.0,3.0,3.0,3.0,3.0,3.0,3.0,3.0,3.0,3.0,3.0,3.0,3.0,3.0,3.0,-0.59767103,-1.4313726,0.35925496,-35.580494
1125,-0.09557506918193473,-0.34236076,-0.4216976,-0.53391266,0.9980457,-0.039627794,-0.014482922,0.046094034,-0.49600276,-0.63206005,0.21236227,0.10466592,-0.14989825,-0.20235442,3.0,3.0,3.0,3.0,3.0,3.0,3.0,3.0,3.0,3.0,3.0,3.0,3.0,3.0,3.0,3.0,3.0,3.0,3.0,3.0,3.0,3.0,3.0,3.0,3.0,3.0,3.0,3.0,3.0,3.0,3.0,3.0,3.0,3.0,3.0,3.0,2.9434547,3.5285616,-0.14533347,-27.723087
1130,-0.04225696862777997,-0.33197498,-0.40868786,-0.5376576,0.99821055,-0.04004052,-0.014784079,0.04187895,-0.5017625,-0.6158454,0.20399445,-0.18800202,0.07820286,-0.54941493,3.0,3.0,3.0,3.0,3.0,3.0,3.0,3.0,3.0,3.0,3.0,3.0,3.0,3.0,3.0,3.0,3.0,3.0,3.0,3.0,3.0,3.0,3.0,3.0,3.0,3.0,3.0,3.0,3.0,3.0,3.0,3.0,3.0,3.0,3.0,3.0,-1.6979945,4.1780186,-0.016388655,-21.078949
1135,-0.2531521764180917,-0.32141495,-0.396149,-0.54284334,0.9981635,-0.044698097,-0.014875158,0.03808408,-0.5111246,-0.590251,0.30298674,-0.31653637,-0.06525666,-0.49138105,3.0,3.0,3.0,3.0,3.0,3.0,3.0,3.0,3.0,3.0,3.0,3.0,3.0,3.0,3.0,3.0,3.0,3.0,3.0,3.0,3.0,3.0,3.0,3.0,3.0,3.0,3.0,3.0,3.0,3.0,3.0,3.0,3.0,3.0,3.0,3.0,2.1707292,1.102696,-0.26475608,-40.909668
1140,-0.28658176163674676,-0.31069618,-0.384082,-0.5490226,0.99816287,-0.05085074,-0.013310121,0.030132443,-0.5185171,-0.5665584,0.34758282,-0.8727653,0.106350236,-0.9168406,3.0,3.0,3.0,3.0,3.0,3.0,3.0,3.0,3.0,3.0,3.0,3.0,3.0,3.0,3.0,3.0,3.0,3.0,3.0,3.0,3.0,3.0,3.0,3.0,3.0,3.0,3.0,3.0,3.0,3.0,3.0,3.0,3.0,3.0,3.0,3.0,1.5421419,1.359149,0.55486906,-40.76699
1145,-0.279993736836188,-0.29979414,-0.37266967,-0.55743915,0.997939,-0.060442872,-0.008769567,0.019684823,-0.5250749,-0.5390701,0.3997585,-0.8089555,0.3071667,-1.0885992,3.0,3.0,3.0,3.0,3.0,3.0,3.0,3.0,3.0,3.0,3.0,3.0,3.0,3.0,3.0,3.0,3.0,3.0,3.0,3.0,3.0,3.0,3.0,3.0,3.0,3.0,3.0,3.0,3.0,3.0,3.0,3.0,3.0,3.0,3.0,3.0,2.2754755,1.1557393,0.3189627,-38.79109
1150,-0.3152150115151977,-0.28881186,-0.36181867,-0.56617767,0.9975538,-0.069407664,-0.0025054424,0.007913604,-0.5289298,-0.50121546,0.48569322,-0.8086438,0.583881,-1.0845462,3.0,3.0,3.0,3.0,3.0,3.0,3.0,3.0,3.0,3.0,3.0,3.0,3.0,3.0,3.0,3.0,3.0,3.0,3.0,3.0,3.0,3.0,3.0,3.0,3.0,3.0,3.0,3.0,3.0,3.0,3.0,3.0,3.0,3.0,3.0,3.0,-2.860328,-2.194177,0.20363617,-40.40131
1155,-0.35708085206150575,-0.27779347,-0.35168743,-0.575859,0.9970217,-0.07693322,0.0036153817,-0.003993781,-0.5286669,-0.4765638,0.4479363,-0.70333856,0.48246405,-1.2021403,3.0,3.0,3.0,3.0,3.0,3.0,3.0,3.0,3.0,3.0,3.0,3.0,3.0,3.0,3.0,3.0,3.0,3.0,3.0,3.0,3.0,3.0,3.0,3.0,3.0,3.0,3.0,3.0,3.0,3.0,3.0,3.0,3.0,3.0,3.0,3.0,-2.0264835,0.49683666,0.25695312,-44.298923
1160,-0.29859349354001585,-0.2668027,-0.34202868,-0.58430666,0.99629873,-0.084273405,0.008648399,-0.014561619,-0.526762,-0.457024,0.36275864,-0.65467525,0.44080713,-1.0213336,3.0,3.0,3.0,3.0,3.0,3.0,3.0,3.0,3.0,3.0,3.0,3.0,3.0,3.0,3.0,3.0,3.0,3.0,3.0,3.0,3.0,3.0,3.0,3.0,3.0,3.0,3.0,3.0,3.0,3.0,3.0,3.0,3.0,3.0,3.0,3.0,0.5857706,-4.3971815,0.54263926,-39.344437
1165,-0.35442184481520694,-0.2559072,-0.3330761,-0.59259516,0.9958326,-0.086793035,0.015409708,-0.023386769,-0.5207102,-0.41592267,0.39436454,-0.076166645,0.45164976,-1.0036333,3.0,3.0,3.0,3.0,3.0,3.0,3.0,3.0,3.0,3.0,3.0,3.0,3.0,3.0,3.0,3.0,3.0,3.0,3.0,3.0,3.0,3.0,3.0,3.0,3.0,3.0,3.0,3.0,3.0,3.0,3.0,3.0,3.0,3.0,3.0,3.0,1.5022755,-0.92512894,0.8366953,-43.317516
1170,-0.36121160626835797,-0.24520625,-0.32509473,-0.6021289,0.99567693,-0.085659616,0.020430082,-0.029537514,-0.51024425,-0.36949965,0.45283017,0.00010005575,0.29420292,-0.41563293,3.0,3.0,3.0,3.0,3.0,3.0,3.0,3.0,3.0,3.0,3.0,3.0,3.0,3.0,3.0,3.0,3.0,3.0,3.0,3.0,3.0,3.0,3.0,3.0,3.0,3.0,3.0,3.0,3.0,3.0,3.0,3.0,3.0,3.0,3.0,3.0,0.6054344,-1.8258791,-0.23391509,-44.616875
1175,-0.3705007696415366,-0.23469587,-0.3178051,-0.61134094,0.9956244,-0.08365891,0.023229728,-0.03454801,-0.50012547,-0.33531523,0.44419113,0.33846393,0.29790655,-0.48465043,3.0,3.0,3.0,3.0,3.0,3.0,3.0,3.0,3.0,3.0,3.0,3.0,3.0,3.0,3.0,3.0,3.0,3.0,3.0,3.0,3.0,3.0,3.0,3.0,3.0,3.0,3.0,3.0,3.0,3.0,3.0,3.0,3.0,3.0,3.0,3.0,-0.58477545,-2.2473364,0.63927937,-43.904305
1180,-0.36010651318789644,-0.22440387,-0.3112012,-0.62028366,0.9957871,-0.079319604,0.026596194,-0.037538968,-0.49070483,-0.30777925,0.4025155,0.38795567,0.4020231,-0.25825933,3.0,3.0,3.0,3.0,3.0,3.0,3.0,3.0,3.0,3.0,3.0,3.0,3.0,3.0,3.0,3.0,3.0,3.0,3.0,3.0,3.0,3.0,3.0,3.0,3.0,3.0,3.0,3.0,3.0,3.0,3.0,3.0,3.0,3.0,3.0,3.0,-1.2762952,-0.30893373,0.14611638,-43.768524
1185,-0.3399780895131216,-0.2142612,-0.30498308,-0.6273081,0.99598515,-0.07456011,0.029929578,-0.039478965,-0.48422253,-0.29252192,0.2929175,0.39934886,0.2347021,-0.17698407,3.0,3.0,3.0,3.0,3.0,3.0,3.0,3.0,3.0,3.0,3.0,3.0,3.0,3.0,3.0,3.0,3.0,3.0,3.0,3.0,3.0,3.0,3.0,3.0,3.0,3.0,3.0,3.0,3.0,3.0,3.0,3.0,3.0,3.0,3.0,3.0,-1.1537442,0.32663774,-0.22559255,-43.62374
1190,-0.3600283011583646,-0.20438215,-0.2993326,-0.63383645,0.99581075,-0.07258889,0.034340464,-0.043732874,-0.46696597,-0.25630715,0.3328259,0.117998414,0.4251437,-0.5479908,3.0,3.0,3.0,3.0,3.0,3.0,3.0,3.0,3.0,3.0,3.0,3.0,3.0,3.0,3.0,3.0,3.0,3.0,3.0,3.0,3.0,3.0,3.0,3.0,3.0,3.0,3.0,3.0,3.0,3.0,3.0,3.0,3.0,3.0,3.0,3.0,-2.2926223,0.29432058,0.13383937,-43.62545
1195,-0.36945570356245644,-0.19478433,-0.2942287,-0.6398273,0.99554604,-0.07252023,0.037762783,-0.046934385,-0.45526686,-0.2354945,0.27127478,-0.101493046,0.39039516,-0.4471695,3.0,3.0,3.0,3.0,3.0,3.0,3.0,3.0,3.0,3.0,3.0,3.0,3.0,3.0,3.0,3.0,3.0,3.0,3.0,3.0,3.0,3.0,3.0,3.0,3.0,3.0,3.0,3.0,3.0,3.0,3.0,3.0,3.0,3.0,3.0,3.0,1.2081151,3.1260052,0.5083301,-44.163273
1200,-0.32394708853914794,-0.18561499,-0.28985503,-0.6466187,0.99504566,-0.07498649,0.041727427,-0.050199717,-0.4325874,-0.19776377,0.32762986,-0.1784278,0.16059095,-0.33184344,3.0,3.0,3.0,3.0,3.0,3.0,3.0,3.0,3.0,3.0,3.0,3.0,3.0,3.0,3.0,3.0,3.0,3.0,3.0,3.0,3.0,3.0,3.0,3.0,3.0,3.0,3.0,3.0,3.0,3.0,3.0,3.0,3.0,3.0,3.0,3.0,-0.013426781,-1.9618754,-0.32335377,-39.80387
1205,-0.30889081269336827,-0.17676724,-0.28598908,-0.6525909,0.9947725,-0.07612478,0.044213727,-0.051747594,-0.41940573,-0.17750366,0.25875467,-0.1469973,0.20758945,-0.03136818,3.0,3.0,3.0,3.0,3.0,3.0,3.0,3.0,3.0,3.0,3.0,3.0,3.0,3.0,3.0,3.0,3.0,3.0,3.0,3.0,3.0,3.0,3.0,3.0,3.0,3.0,3.0,3.0,3.0,3.0,3.0,3.0,3.0,3.0,3.0,3.0,-2.4690378,-0.26762104,-0.75587296,-39.438942
1210,-0.31048171441697625,-0.16814205,-0.28245577,-0.65651006,0.994528,-0.07775395,0.046291687,-0.052205525,-0.41036576,-0.16429627,0.14104508,-0.15033387,0.20197509,-0.067772634,3.0,3.0,3.0,3.0,3.0,3.0,3.0,3.0,3.0,3.0,3.0,3.0,3.0,3.0,3.0,3.0,3.0,3.0,3.0,3.0,3.0,3.0,3.0,3.0,3.0,3.0,3.0,3.0,3.0,3.0,3.0,3.0,3.0,3.0,3.0,3.0,0.45219946,-2.33643,0.36085403,-40.732487
1215,-0.2980121468091971,-0.15978822,-0.27931765,-0.658753,0.99440753,-0.07772454,0.049919847,-0.051190943,-0.39720914,-0.14535315,0.060129657,0.024399376,0.35420796,0.06903862,3.0,3.0,3.0,3.0,3.0,3.0,3.0,3.0,3.0,3.0,3.0,3.0,3.0,3.0,3.0,3.0,3.0,3.0,3.0,3.0,3.0,3.0,3.0,3.0,3.0,3.0,3.0,3.0,3.0,3.0,3.0,3.0,3.0,3.0,3.0,3.0,-2.611976,-0.42059803,-0.4784894,-41.22711
1220,-0.28069243344273015,-0.15171091,-0.27655756,-0.6592003,0.9944441,-0.07796352,0.052001577,-0.04794235,-0.37983966,-0.121904306,0.008759187,0.06156349,0.09432942,0.51898265,3.0,3.0,3.0,3.0,3.0,3.0,3.0,3.0,3.0,3.0,3.0,3.0,3.0,3.0,3.0,3.0,3.0,3.0,3.0,3.0,3.0,3.0,3.0,3.0,3.0,3.0,3.0,3.0,3.0,3.0,3.0,3.0,3.0,3.0,3.0,3.0,-2.3152614,0.20024204,-0.89635515,-39.777233
1225,-0.1858670762840376,-0.14393194,-0.27419403,-0.6579727,0.9946382,-0.07838349,0.051898085,-0.04309776,-0.36909387,-0.10780972,-0.10403157,-0.06559282,-0.01764833,0.43117365,3.0,3.0,3.0,3.0,3.0,3.0,3.0,3.0,3.0,3.0,3.0,3.0,3.0,3.0,3.0,3.0,3.0,3.0,3.0,3.0,3.0,3.0,3.0,3.0,3.0,3.0,3.0,3.0,3.0,3.0,3.0,3.0,3.0,3.0,3.0,3.0,0.20388842,2.8400173,-0.66121536,-32.323303
1230,-0.15747303033949103,-0.13636725,-0.27211425,-0.6543225,0.9947778,-0.07928423,0.051330406,-0.03868296,-0.3591344,-0.09448487,-0.22264041,-0.065120324,-0.01815451,0.43069577,3.0,3.0,3.0,3.0,3.0,3.0,3.0,3.0,3.0,3.0,3.0,3.0,3.0,3.0,3.0,3.0,3.0,3.0,3.0,3.0,3.0,3.0,3.0,3.0,3.0,3.0,3.0,3.0,3.0,3.0,3.0,3.0,3.0,3.0,3.0,3.0,-1.2204509,0.63566494,-0.6806456,-31.613228
1235,-0.11340389609454218,-0.12912372,-0.27048168,-0.6492623,0.9948675,-0.08085393,0.050120633,-0.034485575,-0.33497027,-0.059978932,-0.20880848,-0.0756127,-0.02917093,0.4095815,3.0,3.0,3.0,3.0,3.0,3.0,3.0,3.0,3.0,3.0,3.0,3.0,3.0,3.0,3.0,3.0,3.0,3.0,3.0,3.0,3.0,3.0,3.0,3.0,3.0,3.0,3.0,3.0,3.0,3.0,3.0,3.0,3.0,3.0,3.0,3.0,-0.55016136,-0.62020636,-0.6500921,-26.581581
1240,0.11542046845565082,-0.12230748,-0.26946956,-0.6438357,0.99486053,-0.08251087,0.05013722,-0.030508475,-0.32028332,-0.038343865,-0.2786987,-0.23509002,0.13842662,0.35492373,3.0,3.0,3.0,3.0,3.0,3.0,3.0,3.0,3.0,3.0,3.0,3.0,3.0,3.0,3.0,3.0,3.0,3.0,3.0,3.0,3.0,3.0,3.0,3.0,3.0,3.0,3.0,3.0,3.0,3.0,3.0,3.0,3.0,3.0,3.0,3.0,-0.16133308,-3.047368,-0.69894415,3.5174828
1245,-0.11431192186537237,-0.11575961,-0.26885593,-0.63660336,0.99468815,-0.085386895,0.050993253,-0.026538575,-0.30933666,-0.021985838,-0.3839672,-0.3313361,0.06104841,0.5095592,3.0,3.0,3.0,3.0,3.0,3.0,3.0,3.0,3.0,3.0,3.0,3.0,3.0,3.0,3.0,3.0,3.0,3.0,3.0,3.0,3.0,3.0,3.0,3.0,3.0,3.0,3.0,3.0,3.0,3.0,3.0,3.0,3.0,3.0,3.0,3.0,-3.1876516,-1.1132872,-0.33431095,-28.850819
1250,-0.03953641490028384,-0.109443866,-0.26859424,-0.6272062,0.9945235,-0.08873238,0.050566595,-0.02219254,-0.29933515,-0.0066446965,-0.49843156,-0.30034092,0.0035952698,0.43433413,3.0,3.0,3.0,3.0,3.0,3.0,3.0,3.0,3.0,3.0,3.0,3.0,3.0,3.0,3.0,3.0,3.0,3.0,3.0,3.0,3.0,3.0,3.0,3.0,3.0,3.0,3.0,3.0,3.0,3.0,3.0,3.0,3.0,3.0,3.0,3.0,2.8301468,-1.1474891,-0.5942128,23.364372
1255,-0.1486490333704477,-0.10340935,-0.26878396,-0.6161193,0.9943803,-0.09182591,0.050328378,-0.01558646,-0.28369787,0.018885702,-0.5591806,-0.30531132,-0.03656348,0.68441385,3.0,3.0,3.0,3.0,3.0,3.0,3.0,3.0,3.0,3.0,3.0,3.0,3.0,3.0,3.0,3.0,3.0,3.0,3.0,3.0,3.0,3.0,3.0,3.0,3.0,3.0,3.0,3.0,3.0,3.0,3.0,3.0,3.0,3.0,3.0,3.0,0.24942398,-2.08666,-0.4478091,34.766663
1260,-0.014725234065446097,-0.097750045,-0.26961017,-0.60426885,0.99446905,-0.09265933,0.04853895,-0.009464722,-0.26561245,0.050183695,-0.5935955,0.051596288,-0.26375312,0.47266522,3.0,3.0,3.0,3.0,3.0,3.0,3.0,3.0,3.0,3.0,3.0,3.0,3.0,3.0,3.0,3.0,3.0,3.0,3.0,3.0,3.0,3.0,3.0,3.0,3.0,3.0,3.0,3.0,3.0,3.0,3.0,3.0,3.0,3.0,3.0,3.0,-0.107949734,3.325304,-0.35597986,20.912384
1265,0.06269516278849088,-0.09253735,-0.2712512,-0.59253365,0.9946278,-0.09286076,0.0452808,-0.0064935163,-0.23857446,0.10134193,-0.52492386,0.13054581,-0.1553654,0.25213656,3.0,3.0,3.0,3.0,3.0,3.0,3.0,3.0,3.0,3.0,3.0,3.0,3.0,3.0,3.0,3.0,3.0,3.0,3.0,3.0,3.0,3.0,3.0,3.0,3.0,3.0,3.0,3.0,3.0,3.0,3.0,3.0,3.0,3.0,3.0,3.0,0.15336895,-1.3608038,-0.57958734,13.041534
1270,-0.1932239679107452,-0.08772845,-0.2736802,-0.58075565,0.9948423,-0.09157632,0.043590706,-0.0015464815,-0.22384521,0.13061231,-0.57154614,0.28427982,0.042590436,0.7123074,3.0,3.0,3.0,3.0,3.0,3.0,3.0,3.0,3.0,3.0,3.0,3.0,3.0,3.0,3.0,3.0,3.0,3.0,3.0,3.0,3.0,3.0,3.0,3.0,3.0,3.0,3.0,3.0,3.0,3.0,3.0,3.0,3.0,3.0,3.0,3.0,-3.4177306,1.2902923,-0.3737023,37.567085
1275,-0.08825011787482612,-0.08336418,-0.2770205,-0.5696499,0.99512714,-0.08885234,0.042010605,0.007895607,-0.20052965,0.17911108,-0.51240164,0.5152595,-0.11243686,0.85327137,3.0,3.0,3.0,3.0,3.0,3.0,3.0,3.0,3.0,3.0,3.0,3.0,3.0,3.0,3.0,3.0,3.0,3.0,3.0,3.0,3.0,3.0,3.0,3.0,3.0,3.0,3.0,3.0,3.0,3.0,3.0,3.0,3.0,3.0,3.0,3.0,-0.2428894,0.60620546,-0.81030977,25.638283
1280,-0.2170523206764628,-0.079431355,-0.28127146,-0.559334,0.99554586,-0.08402237,0.039963145,0.015219917,-0.18147555,0.21956803,-0.48866847,0.41921246,-0.100384735,0.52173746,3.0,3.0,3.0,3.0,3.0,3.0,3.0,3.0,3.0,3.0,3.0,3.0,3.0,3.0,3.0,3.0,3.0,3.0,3.0,3.0,3.0,3.0,3.0,3.0,3.0,3.0,3.0,3.0,3.0,3.0,3.0,3.0,3.0,3.0,3.0,3.0,-1.9753962,0.21271944,0.61652255,36.66793
1285,-0.017115513910416852,-0.075896345,-0.28637353,-0.5497053,0.9957832,-0.08124414,0.037180603,0.020802537,-0.1646305,0.25566763,-0.4789287,0.16594787,-0.33809814,0.6319345,3.0,3.0,3.0,3.0,3.0,3.0,3.0,3.0,3.0,3.0,3.0,3.0,3.0,3.0,3.0,3.0,3.0,3.0,3.0,3.0,3.0,3.0,3.0,3.0,3.0,3.0,3.0,3.0,3.0,3.0,3.0,3.0,3.0,3.0,3.0,3.0,2.819097,-3.0354893,-0.2732035,16.419838
1290,-0.11911749817654729,-0.07266042,-0.29213926,-0.5398723,0.9960343,-0.0773663,0.03520982,0.026275191,-0.14621745,0.29790658,-0.4229439,0.3753593,-0.053834584,0.23528098,3.0,3.0,3.0,3.0,3.0,3.0,3.0,3.0,3.0,3.0,3.0,3.0,3.0,3.0,3.0,3.0,3.0,3.0,3.0,3.0,3.0,3.0,3.0,3.0,3.0,3.0,3.0,3.0,3.0,3.0,3.0,3.0,3.0,3.0,3.0,3.0,-3.7310805,1.2055931,0.13059163,24.93319
1295,-0.06907897865045468,-0.06982461,-0.29883656,-0.53164196,0.9963527,-0.07343019,0.03188673,0.029539008,-0.13176095,0.3317193,-0.40985772,0.53644377,-0.2229586,0.35288408,3.0,3.0,3.0,3.0,3.0,3.0,3.0,3.0,3.0,3.0,3.0,3.0,3.0,3.0,3.0,3.0,3.0,3.0,3.0,3.0,3.0,3.0,3.0,3.0,3.0,3.0,3.0,3.0,3.0,3.0,3.0,3.0,3.0,3.0,3.0,3.0,-3.5279012,1.8357558,0.12687731,18.526318
1300,-0.302497953038598,-0.067332394,-0.30637306,-0.524748,0.9965726,-0.07026511,0.027629212,0.033800956,-0.115544125,0.3719756,-0.34217754,0.3311136,-0.4016987,0.26063937,3.0,3.0,3.0,3.0,3.0,3.0,3.0,3.0,3.0,3.0,3.0,3.0,3.0,3.0,3.0,3.0,3.0,3.0,3.0,3.0,3.0,3.0,3.0,3.0,3.0,3.0,3.0,3.0,3.0,3.0,3.0,3.0,3.0,3.0,3.0,3.0,2.2852159,-1.7959344,-0.5054145,41.857193
1305,-0.090876604359791,-0.0650756,-0.3145492,-0.5181072,0.9968348,-0.06650485,0.023745036,0.03651824,-0.10131922,0.41349676,-0.24983932,0.6474672,-0.015852014,0.4577444,3.0,3.0,3.0,3.0,3.0,3.0,3.0,3.0,3.0,3.0,3.0,3.0,3.0,3.0,3.0,3.0,3.0,3.0,3.0,3.0,3.0,3.0,3.0,3.0,3.0,3.0,3.0,3.0,3.0,3.0,3.0,3.0,3.0,3.0,3.0,3.0,-0.059948444,0.7907057,-0.76037705,18.044964
1310,-0.12848501312023503,-0.06302041,-0.32332653,-0.51162124,0.9971215,-0.0595747,0.022703204,0.041038424,-0.09560588,0.43026587,-0.3217331,0.80679333,-0.17789945,0.28256667,3.0,3.0,3.0,3.0,3.0,3.0,3.0,3.0,3.0,3.0,3.0,3.0,3.0,3.0,3.0,3.0,3.0,3.0,3.0,3.0,3.0,3.0,3.0,3.0,3.0,3.0,3.0,3.0,3.0,3.0,3.0,3.0,3.0,3.0,3.0,3.0,-1.0101876,3.4372864,0.39461684,20.842987
1315,-0.10482966109517579,-0.061177824,-0.33272493,-0.5059736,0.9974597,-0.051977597,0.022294516,0.043306287,-0.08634038,0.45692146,-0.30108792,0.7457719,0.08456476,0.21249653,3.0,3.0,3.0,3.0,3.0,3.0,3.0,3.0,3.0,3.0,3.0,3.0,3.0,3.0,3.0,3.0,3.0,3.0,3.0,3.0,3.0,3.0,3.0,3.0,3.0,3.0,3.0,3.0,3.0,3.0,3.0,3.0,3.0,3.0,3.0,3.0,-1.6782105,-0.87064934,-0.044195473,18.714565
1320,-0.3447264060567721,-0.059517536,-0.34259877,-0.50057924,0.99783844,-0.04333596,0.020602824,0.04489979,-0.07663834,0.48130447,-0.26463246,0.7610436,-0.20576505,0.2686174,3.0,3.0,3.0,3.0,3.0,3.0,3.0,3.0,3.0,3.0,3.0,3.0,3.0,3.0,3.0,3.0,3.0,3.0,3.0,3.0,3.0,3.0,3.0,3.0,3.0,3.0,3.0,3.0,3.0,3.0,3.0,3.0,3.0,3.0,3.0,3.0,3.171895,0.50195503,-0.07450867,41.318893
1325,-0.24419806174989322,-0.058034763,-0.35288596,-0.49551842,0.9979236,-0.03896949,0.017573543,0.048177212,-0.06908292,0.49837813,-0.26758876,0.35040304,-0.35801494,0.45346725,3.0,3.0,3.0,3.0,3.0,3.0,3.0,3.0,3.0,3.0,3.0,3.0,3.0,3.0,3.0,3.0,3.0,3.0,3.0,3.0,3.0,3.0,3.0,3.0,3.0,3.0,3.0,3.0,3.0,3.0,3.0,3.0,3.0,3.0,3.0,3.0,0.6342735,0.11328316,-0.0073372126,31.288002
1330,-0.3349432643422262,-0.056675103,-0.3634567,-0.48987737,0.99799794,-0.03525055,0.014947728,0.050339404,-0.062641114,0.5137821,-0.26362062,0.1378684,-0.34887052,0.019306397,3.0,3.0,3.0,3.0,3.0,3.0,3.0,3.0,3.0,3.0,3.0,3.0,3.0,3.0,3.0,3.0,3.0,3.0,3.0,3.0,3.0,3.0,3.0,3.0,3.0,3.0,3.0,3.0,3.0,3.0,3.0,3.0,3.0,3.0,3.0,3.0,1.5491171,-2.4085927,-0.38718164,41.105736
1335,-0.3003728029098729,-0.055403985,-0.37424344,-0.4831133,0.9980657,-0.034295615,0.011625739,0.050532166,-0.059934273,0.5206206,-0.3618584,0.034870178,-0.29841465,-0.053193893,3.0,3.0,3.0,3.0,3.0,3.0,3.0,3.0,3.0,3.0,3.0,3.0,3.0,3.0,3.0,3.0,3.0,3.0,3.0,3.0,3.0,3.0,3.0,3.0,3.0,3.0,3.0,3.0,3.0,3.0,3.0,3.0,3.0,3.0,3.0,3.0,-3.2744503,-0.26358795,-0.2274729,38.604233
1340,-0.3805395473206521,-0.05423411,-0.38536292,-0.47709018,0.99828386,-0.033321004,0.007723488,0.047532484,-0.05439965,0.5402717,-0.2714352,0.017982591,-0.3145957,-0.40637824,3.0,3.0,3.0,3.0,3.0,3.0,3.0,3.0,3.0,3.0,3.0,3.0,3.0,3.0,3.0,3.0,3.0,3.0,3.0,3.0,3.0,3.0,3.0,3.0,3.0,3.0,3.0,3.0,3.0,3.0,3.0,3.0,3.0,3.0,3.0,3.0,-0.7589607,-2.5757923,-0.17688984,44.369034
1345,-0.3716616588736712,-0.053135164,-0.39680254,-0.47176635,0.99863255,-0.031674936,0.005235492,0.0412589,-0.05179918,0.55494577,-0.24474247,0.3223758,-0.25563616,-0.684335,3.0,3.0,3.0,3.0,3.0,3.0,3.0,3.0,3.0,3.0,3.0,3.0,3.0,3.0,3.0,3.0,3.0,3.0,3.0,3.0,3.0,3.0,3.0,3.0,3.0,3.0,3.0,3.0,3.0,3.0,3.0,3.0,3.0,3.0,3.0,3.0,2.3591185,2.454668,-0.75079745,42.325035
1350,-0.017451477412920677,-0.052076403,-0.40851894,-0.4667159,0.99901855,-0.029192012,0.0033472565,0.03314486,-0.050308984,0.56682044,-0.24681737,0.06676518,-0.057684414,-0.98040026,3.0,3.0,3.0,3.0,3.0,3.0,3.0,3.0,3.0,3.0,3.0,3.0,3.0,3.0,3.0,3.0,3.0,3.0,3.0,3.0,3.0,3.0,3.0,3.0,3.0,3.0,3.0,3.0,3.0,3.0,3.0,3.0,3.0,3.0,3.0,3.0,-1.034606,-0.6687231,-0.2802843,5.935402
1355,-0.2362096602374406,-0.05104562,-0.4205275,-0.46261886,0.99937654,-0.02943094,0.0037989842,0.019130096,-0.04895243,0.58249253,-0.16787949,-0.1695384,0.12280694,-1.5140926,3.0,3.0,3.0,3.0,3.0,3.0,3.0,3.0,3.0,3.0,3.0,3.0,3.0,3.0,3.0,3.0,3.0,3.0,3.0,3.0,3.0,3.0,3.0,3.0,3.0,3.0,3.0,3.0,3.0,3.0,3.0,3.0,3.0,3.0,3.0,3.0,2.980917,2.460473,0.13003707,-24.221785
1360,-0.12355483643172742,-0.050063435,-0.43294087,-0.4613902,0.99946076,-0.031574655,0.008569748,0.002785392,-0.045268882,0.6063443,0.03621182,-0.18595609,0.44176129,-1.5453551,3.0,3.0,3.0,3.0,3.0,3.0,3.0,3.0,3.0,3.0,3.0,3.0,3.0,3.0,3.0,3.0,3.0,3.0,3.0,3.0,3.0,3.0,3.0,3.0,3.0,3.0,3.0,3.0,3.0,3.0,3.0,3.0,3.0,3.0,3.0,3.0,-3.4720922,-4.0270715,0.32912946,-8.113415
1365,-0.18323942842171914,-0.049184587,-0.4457894,-0.46318033,0.999324,-0.032579143,0.010679528,-0.013266223,-0.039302588,0.6254424,0.1464259,-0.06035138,-0.045177758,-1.5309407,3.0,3.0,3.0,3.0,3.0,3.0,3.0,3.0,3.0,3.0,3.0,3.0,3.0,3.0,3.0,3.0,3.0,3.0,3.0,3.0,3.0,3.0,3.0,3.0,3.0,3.0,3.0,3.0,3.0,3.0,3.0,3.0,3.0,3.0,3.0,3.0,-2.6487036,-0.045438766,-0.78649306,14.1816025
1370,-0.11782345336254207,-0.04841279,-0.4589442,-0.46576446,0.9989798,-0.03163232,0.009196911,-0.030889211,-0.035998512,0.6341023,0.089037105,0.1008638,-0.23769912,-1.7255366,3.0,3.0,3.0,3.0,3.0,3.0,3.0,3.0,3.0,3.0,3.0,3.0,3.0,3.0,3.0,3.0,3.0,3.0,3.0,3.0,3.0,3.0,3.0,3.0,3.0,3.0,3.0,3.0,3.0,3.0,3.0,3.0,3.0,3.0,3.0,3.0,0.78947306,3.033534,0.32728457,6.5101624
1375,-0.24165965632157416,-0.047717687,-0.47230902,-0.467684,0.9983567,-0.03215457,0.0078066876,-0.046787698,-0.032439794,0.6439612,0.054993518,-0.092985235,-0.2525708,-1.4738382,3.0,3.0,3.0,3.0,3.0,3.0,3.0,3.0,3.0,3.0,3.0,3.0,3.0,3.0,3.0,3.0,3.0,3.0,3.0,3.0,3.0,3.0,3.0,3.0,3.0,3.0,3.0,3.0,3.0,3.0,3.0,3.0,3.0,3.0,3.0,3.0,0.9056864,-0.9492307,0.33009624,20.412842
1380,-0.06797176311112135,-0.047085725,-0.48585787,-0.4685562,0.9976596,-0.030469807,0.0070118755,-0.060808733,-0.029296154,0.6534468,0.015462196,0.29976243,-0.11216073,-1.3291873,3.0,3.0,3.0,3.0,3.0,3.0,3.0,3.0,3.0,3.0,3.0,3.0,3.0,3.0,3.0,3.0,3.0,3.0,3.0,3.0,3.0,3.0,3.0,3.0,3.0,3.0,3.0,3.0,3.0,3.0,3.0,3.0,3.0,3.0,3.0,3.0,-0.028046131,-3.4546633,0.40142226,0.9462738
1385,-0.23771088729977174,-0.046530556,-0.49964154,-0.46936876,0.9972142,-0.02335356,0.008141714,-0.07037131,-0.025558315,0.66457105,0.01629807,0.7771407,0.073814295,-0.8242102,3.0,3.0,3.0,3.0,3.0,3.0,3.0,3.0,3.0,3.0,3.0,3.0,3.0,3.0,3.0,3.0,3.0,3.0,3.0,3.0,3.0,3.0,3.0,3.0,3.0,3.0,3.0,3.0,3.0,3.0,3.0,3.0,3.0,3.0,3.0,3.0,-2.9194288,-2.1383262,-0.03996396,21.045357
1390,-0.1261325653489267,-0.046037395,-0.5135611,-0.46913737,0.9966265,-0.014788868,0.009557148,-0.08016003,-0.021669192,0.6713394,0.004874518,0.6810705,-0.010054849,-0.8184577,3.0,3.0,3.0,3.0,3.0,3.0,3.0,3.0,3.0,3.0,3.0,3.0,3.0,3.0,3.0,3.0,3.0,3.0,3.0,3.0,3.0,3.0,3.0,3.0,3.0,3.0,3.0,3.0,3.0,3.0,3.0,3.0,3.0,3.0,3.0,3.0,-1.9297934,-0.5014949,-0.40442997,-10.250786
1395,-0.19881949991763614,-0.04562211,-0.52757764,-0.4683397,0.9960828,-0.006637748,0.010959168,-0.08749238,-0.017773584,0.67433125,-0.022758497,0.8086907,0.07737449,-0.6889532,3.0,3.0,3.0,3.0,3.0,3.0,3.0,3.0,3.0,3.0,3.0,3.0,3.0,3.0,3.0,3.0,3.0,3.0,3.0,3.0,3.0,3.0,3.0,3.0,3.0,3.0,3.0,3.0,3.0,3.0,3.0,3.0,3.0,3.0,3.0,3.0,0.570591,-0.51429796,0.019072175,17.499653
1400,-0.33873435739216806,-0.045325194,-0.54164845,-0.46846497,0.99564344,0.002661883,0.013271568,-0.09225442,-0.012624847,0.67535406,-0.00879109,0.81373394,0.075581364,-0.3726586,3.0,3.0,3.0,3.0,3.0,3.0,3.0,3.0,3.0,3.0,3.0,3.0,3.0,3.0,3.0,3.0,3.0,3.0,3.0,3.0,3.0,3.0,3.0,3.0,3.0,3.0,3.0,3.0,3.0,3.0,3.0,3.0,3.0,3.0,3.0,3.0,-0.71341276,-2.3337274,-0.60098207,31.802849
1405,-0.39405021047997113,-0.045101594,-0.555692,-0.4672458,0.99527097,0.011569944,0.014218417,-0.095392235,-0.009166639,0.67275447,-0.079660244,0.7649626,0.14698403,-0.2203422,3.0,3.0,3.0,3.0,3.0,3.0,3.0,3.0,3.0,3.0,3.0,3.0,3.0,3.0,3.0,3.0,3.0,3.0,3.0,3.0,3.0,3.0,3.0,3.0,3.0,3.0,3.0,3.0,3.0,3.0,3.0,3.0,3.0,3.0,3.0,3.0,-1.5717006,-1.7325063,-0.49418247,38.389236
1410,-0.06573690172461921,-0.0449672,-0.56963396,-0.46515283,0.9949622,0.018987328,0.014639311,-0.09734129,-0.0031303437,0.66477376,-0.05983715,0.48402512,-0.2772105,0.013648354,3.0,3.0,3.0,3.0,3.0,3.0,3.0,3.0,3.0,3.0,3.0,3.0,3.0,3.0,3.0,3.0,3.0,3.0,3.0,3.0,3.0,3.0,3.0,3.0,3.0,3.0,3.0,3.0,3.0,3.0,3.0,3.0,3.0,3.0,3.0,3.0,-2.2850945,-2.808764,0.018850803,-4.039852
1415,-0.13965588002922613,-0.044962455,-0.58336776,-0.46383607,0.9947039,0.02533692,0.010961499,-0.09900518,0.0017528061,0.6546367,-0.05293147,0.49900165,-0.29949433,-0.26997033,3.0,3.0,3.0,3.0,3.0,3.0,3.0,3.0,3.0,3.0,3.0,3.0,3.0,3.0,3.0,3.0,3.0,3.0,3.0,3.0,3.0,3.0,3.0,3.0,3.0,3.0,3.0,3.0,3.0,3.0,3.0,3.0,3.0,3.0,3.0,3.0,2.9806585,-0.7698512,0.5029056,-11.735897
1420,-0.3547994985591951,-0.045052793,-0.5968289,-0.46334115,0.99451375,0.03179639,0.009001798,-0.09924888,0.0052775717,0.6420799,-0.040711258,0.6862464,-0.19844891,0.1024339,3.0,3.0,3.0,3.0,3.0,3.0,3.0,3.0,3.0,3.0,3.0,3.0,3.0,3.0,3.0,3.0,3.0,3.0,3.0,3.0,3.0,3.0,3.0,3.0,3.0,3.0,3.0,3.0,3.0,3.0,3.0,3.0,3.0,3.0,3.0,3.0,2.2758818,3.2096968,0.13724744,33.66732
1425,-0.31735486829941184,-0.045196433,-0.6100049,-0.46281192,0.994127,0.038957868,0.007899408,-0.10065488,0.008046706,0.6247495,-0.0026183445,0.70354235,-0.20704933,-0.30253187,3.0,3.0,3.0,3.0,3.0,3.0,3.0,3.0,3.0,3.0,3.0,3.0,3.0,3.0,3.0,3.0,3.0,3.0,3.0,3.0,3.0,3.0,3.0,3.0,3.0,3.0,3.0,3.0,3.0,3.0,3.0,3.0,3.0,3.0,3.0,3.0,-1.5504975,3.2290945,-0.36736655,29.91594
1430,-0.06445305153587498,-0.045377295,-0.6228699,-0.46196184,0.99372506,0.045138784,0.005208227,-0.1022049,0.008928537,0.61362183,-0.079729214,0.528975,-0.3364022,-0.13281313,3.0,3.0,3.0,3.0,3.0,3.0,3.0,3.0,3.0,3.0,3.0,3.0,3.0,3.0,3.0,3.0,3.0,3.0,3.0,3.0,3.0,3.0,3.0,3.0,3.0,3.0,3.0,3.0,3.0,3.0,3.0,3.0,3.0,3.0,3.0,3.0,2.987349,0.7858982,0.33916593,-4.573715
1435,-0.20472951787933694,-0.04556777,-0.6353217,-0.46128425,0.993687,0.05048041,0.003313724,-0.100134626,0.009039251,0.5891128,-0.02748177,0.5681485,-0.10602162,0.25381273,3.0,3.0,3.0,3.0,3.0,3.0,3.0,3.0,3.0,3.0,3.0,3.0,3.0,3.0,3.0,3.0,3.0,3.0,3.0,3.0,3.0,3.0,3.0,3.0,3.0,3.0,3.0,3.0,3.0,3.0,3.0,3.0,3.0,3.0,3.0,3.0,1.371726,-2.1042175,-0.014633,19.407616
1440,-0.0871233862929863,-0.04574629,-0.6472989,-0.46095398,0.9936186,0.0596492,0.0022284847,-0.095702834,0.008265713,0.56670755,-0.024102937,0.8715868,-0.214232,0.36593807,3.0,3.0,3.0,3.0,3.0,3.0,3.0,3.0,3.0,3.0,3.0,3.0,3.0,3.0,3.0,3.0,3.0,3.0,3.0,3.0,3.0,3.0,3.0,3.0,3.0,3.0,3.0,3.0,3.0,3.0,3.0,3.0,3.0,3.0,3.0,3.0,-2.29114,1.874888,0.5504881,6.3925667
1445,-0.23174104663106196,-0.045895666,-0.6587182,-0.46107626,0.9936015,0.0651957,0.0012866377,-0.092216715,0.0064486256,0.5378812,0.0037164292,0.50801,-0.11997223,0.18024506,3.0,3.0,3.0,3.0,3.0,3.0,3.0,3.0,3.0,3.0,3.0,3.0,3.0,3.0,3.0,3.0,3.0,3.0,3.0,3.0,3.0,3.0,3.0,3.0,3.0,3.0,3.0,3.0,3.0,3.0,3.0,3.0,3.0,3.0,3.0,3.0,0.028116226,-1.2447393,-0.13637805,-22.951515
1450,-0.14357020293440828,-0.04600739,-0.66960007,-0.46099046,0.99345803,0.07186693,0.0016613883,-0.08873279,0.0047495794,0.51343465,-0.021928787,0.6406208,-0.04411196,0.33251706,3.0,3.0,3.0,3.0,3.0,3.0,3.0,3.0,3.0,3.0,3.0,3.0,3.0,3.0,3.0,3.0,3.0,3.0,3.0,3.0,3.0,3.0,3.0,3.0,3.0,3.0,3.0,3.0,3.0,3.0,3.0,3.0,3.0,3.0,3.0,3.0,-1.6085191,3.6616955,0.013291359,-14.028816
1455,-0.07762504655385609,-0.046086203,-0.67999387,-0.4600093,0.9935327,0.07700566,1.995813e-05,-0.08344361,0.0030939078,0.4890261,-0.063845806,0.49175218,-0.20496419,0.6137448,3.0,3.0,3.0,3.0,3.0,3.0,3.0,3.0,3.0,3.0,3.0,3.0,3.0,3.0,3.0,3.0,3.0,3.0,3.0,3.0,3.0,3.0,3.0,3.0,3.0,3.0,3.0,3.0,3.0,3.0,3.0,3.0,3.0,3.0,3.0,3.0,-1.4956784,-1.6443129,0.6460078,-7.7732925
1460,-0.042241901639772025,-0.046101872,-0.6895932,-0.4598916,0.99362916,0.08300844,-0.0020851882,-0.07619944,-0.00020765065,0.4500698,-0.021601768,0.48216248,-0.18069904,0.57705367,3.0,3.0,3.0,3.0,3.0,3.0,3.0,3.0,3.0,3.0,3.0,3.0,3.0,3.0,3.0,3.0,3.0,3.0,3.0,3.0,3.0,3.0,3.0,3.0,3.0,3.0,3.0,3.0,3.0,3.0,3.0,3.0,3.0,3.0,3.0,3.0,-2.1409698,-1.0156069,0.35471368,-4.247673
1465,-0.3522221999374105,-0.046043318,-0.6984464,-0.4599743,0.99336356,0.088474065,-0.00348775,-0.07340988,-0.0047122072,0.4080011,0.018965928,0.2801894,-0.019408727,0.27460662,3.0,3.0,3.0,3.0,3.0,3.0,3.0,3.0,3.0,3.0,3.0,3.0,3.0,3.0,3.0,3.0,3.0,3.0,3.0,3.0,3.0,3.0,3.0,3.0,3.0,3.0,3.0,3.0,3.0,3.0,3.0,3.0,3.0,3.0,3.0,3.0,0.29325533,-0.2640872,-0.3000046,-37.45499
1470,-0.2155395572470799,-0.045888517,-0.70644,-0.46062222,0.9934638,0.0906946,-0.0039423145,-0.06919937,-0.008973328,0.36976737,0.025894867,0.2399835,-0.09827009,0.5796457,3.0,3.0,3.0,3.0,3.0,3.0,3.0,3.0,3.0,3.0,3.0,3.0,3.0,3.0,3.0,3.0,3.0,3.0,3.0,3.0,3.0,3.0,3.0,3.0,3.0,3.0,3.0,3.0,3.0,3.0,3.0,3.0,3.0,3.0,3.0,3.0,2.7384272,-0.456892,-0.58899415,-23.710867
1475,-0.37866854067175426,-0.04563011,-0.713507,-0.46205303,0.9936065,0.09278735,-0.0035716014,-0.06421731,-0.014517393,0.32038108,0.08827545,0.09736441,0.13675351,0.367756,3.0,3.0,3.0,3.0,3.0,3.0,3.0,3.0,3.0,3.0,3.0,3.0,3.0,3.0,3.0,3.0,3.0,3.0,3.0,3.0,3.0,3.0,3.0,3.0,3.0,3.0,3.0,3.0,3.0,3.0,3.0,3.0,3.0,3.0,3.0,3.0,0.12115574,0.8643513,0.5870714,-40.270535
1480,-0.38212289796807425,-0.04525797,-0.7195049,-0.464937,0.99414045,0.09204808,-0.0020094204,-0.056638163,-0.018991705,0.2758837,0.12038447,-0.018522255,0.10164099,0.8834867,3.0,3.0,3.0,3.0,3.0,3.0,3.0,3.0,3.0,3.0,3.0,3.0,3.0,3.0,3.0,3.0,3.0,3.0,3.0,3.0,3.0,3.0,3.0,3.0,3.0,3.0,3.0,3.0,3.0,3.0,3.0,3.0,3.0,3.0,3.0,3.0,2.8347368,1.2317419,-0.4312948,-40.479042
1485,-0.04939529833482012,-0.044832878,-0.7248574,-0.4669993,0.9948665,0.090851426,-0.0012538687,-0.044555258,-0.02145834,0.24157289,0.09949474,-0.11662028,-0.07690513,1.4556527,3.0,3.0,3.0,3.0,3.0,3.0,3.0,3.0,3.0,3.0,3.0,3.0,3.0,3.0,3.0,3.0,3.0,3.0,3.0,3.0,3.0,3.0,3.0,3.0,3.0,3.0,3.0,3.0,3.0,3.0,3.0,3.0,3.0,3.0,3.0,3.0,1.2027225,2.021967,-0.6151868,-6.580578
1490,-0.16648416802919436,-0.044369295,-0.7295752,-0.46822152,0.995497,0.090388894,-0.00013677294,-0.028559128,-0.023263395,0.20519136,0.09293625,0.07924624,0.057812795,1.683821,3.0,3.0,3.0,3.0,3.0,3.0,3.0,3.0,3.0,3.0,3.0,3.0,3.0,3.0,3.0,3.0,3.0,3.0,3.0,3.0,3.0,3.0,3.0,3.0,3.0,3.0,3.0,3.0,3.0,3.0,3.0,3.0,3.0,3.0,3.0,3.0,1.4425468,2.6336026,-0.17453486,-18.744955
1495,-0.15371783789827873,-0.043872453,-0.7333692,-0.47021702,0.99571234,0.091807336,0.0027161662,-0.010998121,-0.024062756,0.16297938,0.11780238,0.3014649,0.28260177,1.6585019,3.0,3.0,3.0,3.0,3.0,3.0,3.0,3.0,3.0,3.0,3.0,3.0,3.0,3.0,3.0,3.0,3.0,3.0,3.0,3.0,3.0,3.0,3.0,3.0,3.0,3.0,3.0,3.0,3.0,3.0,3.0,3.0,3.0,3.0,3.0,3.0,-2.3897834,-0.026874542,-0.48554087,17.958729
1500,-0.2516136163482012,-0.04338079,-0.73640746,-0.47202027,0.99544233,0.09502197,0.0072604516,0.0035554278,-0.02313367,0.1343973,0.06541495,0.34362158,0.3037891,1.2680196,3.0,3.0,3.0,3.0,3.0,3.0,3.0,3.0,3.0,3.0,3.0,3.0,3.0,3.0,3.0,3.0,3.0,3.0,3.0,3.0,3.0,3.0,3.0,3.0,3.0,3.0,3.0,3.0,3.0,3.0,3.0,3.0,3.0,3.0,3.0,3.0,2.7766075,4.7799625,0.5441792,-28.890802
1505,0.021139925744131212,-0.04294554,-0.7386741,-0.473593,0.9952391,0.09540764,0.01312699,0.014975385,-0.018178849,0.08476357,0.11761535,-0.07847621,0.5445726,1.0720309,3.0,3.0,3.0,3.0,3.0,3.0,3.0,3.0,3.0,3.0,3.0,3.0,3.0,3.0,3.0,3.0,3.0,3.0,3.0,3.0,3.0,3.0,3.0,3.0,3.0,3.0,3.0,3.0,3.0,3.0,3.0,3.0,3.0,3.0,3.0,3.0,-2.5964394,-0.41668558,-0.0630281,1.3132935
1510,-0.26020734034513315,-0.042616174,-0.7401297,-0.47509158,0.9951444,0.094055355,0.017632412,0.023027388,-0.013710421,0.058326427,0.049957,-0.34195167,0.20129634,0.5663296,3.0,3.0,3.0,3.0,3.0,3.0,3.0,3.0,3.0,3.0,3.0,3.0,3.0,3.0,3.0,3.0,3.0,3.0,3.0,3.0,3.0,3.0,3.0,3.0,3.0,3.0,3.0,3.0,3.0,3.0,3.0,3.0,3.0,3.0,3.0,3.0,-0.10535288,3.4736538,-0.14307922,-33.210968
1515,-0.3512773922834356,-0.042428866,-0.74089193,-0.47597516,0.9953977,0.08967695,0.021272305,0.02624885,-0.0057511176,0.022515317,0.036104538,-0.36325437,0.27730754,0.17952323,3.0,3.0,3.0,3.0,3.0,3.0,3.0,3.0,3.0,3.0,3.0,3.0,3.0,3.0,3.0,3.0,3.0,3.0,3.0,3.0,3.0,3.0,3.0,3.0,3.0,3.0,3.0,3.0,3.0,3.0,3.0,3.0,3.0,3.0,3.0,3.0,1.2843089,1.8821812,0.75154424,-43.027225
1520,-0.34977175717146863,-0.042443816,-0.74084646,-0.47701767,0.99583256,0.083922684,0.024376415,0.02608177,0.0026112846,-0.00882715,0.006034691,-0.5872088,0.2608845,-0.010008081,3.0,3.0,3.0,3.0,3.0,3.0,3.0,3.0,3.0,3.0,3.0,3.0,3.0,3.0,3.0,3.0,3.0,3.0,3.0,3.0,3.0,3.0,3.0,3.0,3.0,3.0,3.0,3.0,3.0,3.0,3.0,3.0,3.0,3.0,3.0,3.0,-1.0371006,2.5980787,-0.20745307,-44.003925
1525,-0.23279439808814906,-0.042622127,-0.74027824,-0.4768868,0.99634874,0.07740805,0.02510795,0.025821168,0.011849841,-0.037163425,-0.02770797,-0.6456165,0.019737866,-0.10557914,3.0,3.0,3.0,3.0,3.0,3.0,3.0,3.0,3.0,3.0,3.0,3.0,3.0,3.0,3.0,3.0,3.0,3.0,3.0,3.0,3.0,3.0,3.0,3.0,3.0,3.0,3.0,3.0,3.0,3.0,3.0,3.0,3.0,3.0,3.0,3.0,2.8667116,3.2866793,-0.10128689,-32.910946
1530,-0.26357166547503824,-0.043029163,-0.73905706,-0.47668967,0.9970978,0.067725115,0.023976414,0.025187584,0.025635885,-0.07534556,0.021262802,-1.0332254,-0.2076899,-0.17167492,3.0,3.0,3.0,3.0,3.0,3.0,3.0,3.0,3.0,3.0,3.0,3.0,3.0,3.0,3.0,3.0,3.0,3.0,3.0,3.0,3.0,3.0,3.0,3.0,3.0,3.0,3.0,3.0,3.0,3.0,3.0,3.0,3.0,3.0,3.0,3.0,-0.210392,-3.63836,0.32436562,-34.770714
1535,-0.13084085232871778,-0.043738384,-0.7370263,-0.47795776,0.99770933,0.05978614,0.02188789,0.022860225,0.03632606,-0.10345188,0.025335837,-0.7638881,-0.14472435,-0.21414442,3.0,3.0,3.0,3.0,3.0,3.0,3.0,3.0,3.0,3.0,3.0,3.0,3.0,3.0,3.0,3.0,3.0,3.0,3.0,3.0,3.0,3.0,3.0,3.0,3.0,3.0,3.0,3.0,3.0,3.0,3.0,3.0,3.0,3.0,3.0,3.0,-3.3179703,-3.1248868,0.22711766,-22.321182
1540,-0.338777397675577,-0.04461627,-0.73455894,-0.4785579,0.99825627,0.052795313,0.01967981,0.01760052,0.04517126,-0.12629789,0.016314348,-0.7899651,-0.085153714,-0.6085822,3.0,3.0,3.0,3.0,3.0,3.0,3.0,3.0,3.0,3.0,3.0,3.0,3.0,3.0,3.0,3.0,3.0,3.0,3.0,3.0,3.0,3.0,3.0,3.0,3.0,3.0,3.0,3.0,3.0,3.0,3.0,3.0,3.0,3.0,3.0,3.0,0.58732796,2.0766163,0.8944551,-43.37943
1545,-0.13395397022772912,-0.045710437,-0.73153913,-0.4800643,0.9988387,0.043270938,0.017070647,0.01254617,0.05626453,-0.15420699,0.08430936,-1.0501773,-0.39160338,-0.37213153,3.0,3.0,3.0,3.0,3.0,3.0,3.0,3.0,3.0,3.0,3.0,3.0,3.0,3.0,3.0,3.0,3.0,3.0,3.0,3.0,3.0,3.0,3.0,3.0,3.0,3.0,3.0,3.0,3.0,3.0,3.0,3.0,3.0,3.0,3.0,3.0,-1.0116193,-0.94197464,0.56062484,-22.23992
1550,-0.3299042821238586,-0.04699509,-0.7280458,-0.48254177,0.99933046,0.034028493,0.011407449,0.007107694,0.06461992,-0.17547859,0.13738981,-0.99822193,-0.42055708,-0.64334196,3.0,3.0,3.0,3.0,3.0,3.0,3.0,3.0,3.0,3.0,3.0,3.0,3.0,3.0,3.0,3.0,3.0,3.0,3.0,3.0,3.0,3.0,3.0,3.0,3.0,3.0,3.0,3.0,3.0,3.0,3.0,3.0,3.0,3.0,3.0,3.0,1.1325207,-1.5981979,0.2549932,-41.662987
1555,-0.3354598446735434,-0.048425216,-0.72414804,-0.48644203,0.99955475,0.02751907,0.010584398,0.004585415,0.07041142,-0.19217041,0.18749228,-0.4876473,0.0545602,-0.080316864,3.0,3.0,3.0,3.0,3.0,3.0,3.0,3.0,3.0,3.0,3.0,3.0,3.0,3.0,3.0,3.0,3.0,3.0,3.0,3.0,3.0,3.0,3.0,3.0,3.0,3.0,3.0,3.0,3.0,3.0,3.0,3.0,3.0,3.0,3.0,3.0,-1.5861905,0.7493372,-0.5487139,-43.860817
1560,-0.322496587452466,-0.049938418,-0.72003335,-0.4899488,0.9997011,0.021204159,0.011808282,0.0029393572,0.075176716,-0.20312913,0.2009221,-0.74488485,0.018262343,-0.035504196,3.0,3.0,3.0,3.0,3.0,3.0,3.0,3.0,3.0,3.0,3.0,3.0,3.0,3.0,3.0,3.0,3.0,3.0,3.0,3.0,3.0,3.0,3.0,3.0,3.0,3.0,3.0,3.0,3.0,3.0,3.0,3.0,3.0,3.0,3.0,3.0,0.5082483,-2.5015397,0.1360991,-41.7281
1565,-0.09207223735862662,-0.05157182,-0.71568215,-0.49444434,0.9998043,0.015892088,0.011380736,0.003040089,0.07969766,-0.21092819,0.189285,-0.5325745,-0.14192359,0.050180532,3.0,3.0,3.0,3.0,3.0,3.0,3.0,3.0,3.0,3.0,3.0,3.0,3.0,3.0,3.0,3.0,3.0,3.0,3.0,3.0,3.0,3.0,3.0,3.0,3.0,3.0,3.0,3.0,3.0,3.0,3.0,3.0,3.0,3.0,3.0,3.0,2.8160162,-1.2858124,0.26061845,-18.966679
1570,-0.2630135485826549,-0.05327508,-0.71122915,-0.49772555,0.9998501,0.011871115,0.011407693,0.0053545106,0.08251756,-0.21464057,0.110509,-0.38330722,-0.0025537107,0.22644383,3.0,3.0,3.0,3.0,3.0,3.0,3.0,3.0,3.0,3.0,3.0,3.0,3.0,3.0,3.0,3.0,3.0,3.0,3.0,3.0,3.0,3.0,3.0,3.0,3.0,3.0,3.0,3.0,3.0,3.0,3.0,3.0,3.0,3.0,3.0,3.0,-0.7998247,-0.98198843,0.57026815,-37.10607
1575,-0.2776329877695206,-0.055075407,-0.7066729,-0.5011406,0.9998947,0.00836673,0.010928387,0.004605551,0.0884475,-0.22070588,0.17762333,-0.4631764,0.076924875,-0.17034972,3.0,3.0,3.0,3.0,3.0,3.0,3.0,3.0,3.0,3.0,3.0,3.0,3.0,3.0,3.0,3.0,3.0,3.0,3.0,3.0,3.0,3.0,3.0,3.0,3.0,3.0,3.0,3.0,3.0,3.0,3.0,3.0,3.0,3.0,3.0,3.0,-3.4051633,-2.6064017,-0.12416214,-38.295082
1580,-0.27327281927542946,-0.05694187,-0.70205975,-0.50342053,0.9999204,0.0035042115,0.011665601,0.003279449,0.09037861,-0.22180884,0.06437936,-0.47154596,0.064609155,-0.0674185,3.0,3.0,3.0,3.0,3.0,3.0,3.0,3.0,3.0,3.0,3.0,3.0,3.0,3.0,3.0,3.0,3.0,3.0,3.0,3.0,3.0,3.0,3.0,3.0,3.0,3.0,3.0,3.0,3.0,3.0,3.0,3.0,3.0,3.0,3.0,3.0,0.9438505,4.0060673,0.18236732,-38.831802
1585,0.00629722187949347,-0.058907542,-0.6974219,-0.50576836,0.9999324,-0.0038164493,0.010821811,0.0018856497,0.09734354,-0.22257486,0.15648778,-0.54533255,-0.3857172,-0.32114983,3.0,3.0,3.0,3.0,3.0,3.0,3.0,3.0,3.0,3.0,3.0,3.0,3.0,3.0,3.0,3.0,3.0,3.0,3.0,3.0,3.0,3.0,3.0,3.0,3.0,3.0,3.0,3.0,3.0,3.0,3.0,3.0,3.0,3.0,3.0,3.0,1.9983482,3.1857224,-0.747234,-9.08992
1590,-0.2391076880909675,-0.06098092,-0.6928093,-0.50872546,0.99990803,-0.010454906,0.008172345,-0.002806722,0.101124205,-0.22025554,0.1456291,-0.64354455,-0.2023527,-0.46121556,3.0,3.0,3.0,3.0,3.0,3.0,3.0,3.0,3.0,3.0,3.0,3.0,3.0,3.0,3.0,3.0,3.0,3.0,3.0,3.0,3.0,3.0,3.0,3.0,3.0,3.0,3.0,3.0,3.0,3.0,3.0,3.0,3.0,3.0,3.0,3.0,2.1117163,-3.2023034,0.76037264,-33.147823
1595,-0.04580496867722619,-0.06315131,-0.6883075,-0.5131709,0.99983174,-0.016177794,0.0047871084,-0.0072027887,0.105612025,-0.21357343,0.22842763,-0.58312553,-0.49714768,-0.33013257,3.0,3.0,3.0,3.0,3.0,3.0,3.0,3.0,3.0,3.0,3.0,3.0,3.0,3.0,3.0,3.0,3.0,3.0,3.0,3.0,3.0,3.0,3.0,3.0,3.0,3.0,3.0,3.0,3.0,3.0,3.0,3.0,3.0,3.0,3.0,3.0,4.1736174,0.69053173,-0.121836305,-13.076149
1600,-0.14596564127336797,-0.065361075,-0.68390685,-0.5167142,0.9996985,-0.021856599,-0.0007221877,-0.011162154,0.106398724,-0.20802873,0.16916063,-0.41947436,-0.6738074,-0.5177966,3.0,3.0,3.0,3.0,3.0,3.0,3.0,3.0,3.0,3.0,3.0,3.0,3.0,3.0,3.0,3.0,3.0,3.0,3.0,3.0,3.0,3.0,3.0,3.0,3.0,3.0,3.0,3.0,3.0,3.0,3.0,3.0,3.0,3.0,3.0,3.0,1.9857779,-1.0898459,0.30031157,-23.513554
1605,-0.3192044941587465,-0.06757201,-0.67974484,-0.5215224,0.99952674,-0.026381921,-0.0028550248,-0.01556128,0.10558318,-0.1940577,0.26945785,-0.64529526,0.10945206,-0.40694642,3.0,3.0,3.0,3.0,3.0,3.0,3.0,3.0,3.0,3.0,3.0,3.0,3.0,3.0,3.0,3.0,3.0,3.0,3.0,3.0,3.0,3.0,3.0,3.0,3.0,3.0,3.0,3.0,3.0,3.0,3.0,3.0,3.0,3.0,3.0,3.0,-2.0703292,-3.3728285,0.056215763,-40.022747
1610,-0.20305421523324865,-0.06975373,-0.67589206,-0.52804184,0.99930567,-0.030821247,-0.002398247,-0.020795673,0.10420587,-0.17888162,0.33608544,-0.18304834,0.1419576,-0.38083547,3.0,3.0,3.0,3.0,3.0,3.0,3.0,3.0,3.0,3.0,3.0,3.0,3.0,3.0,3.0,3.0,3.0,3.0,3.0,3.0,3.0,3.0,3.0,3.0,3.0,3.0,3.0,3.0,3.0,3.0,3.0,3.0,3.0,3.0,3.0,3.0,0.6971779,-0.41827393,0.31561267,-27.739534
1615,-0.3201047588668394,-0.07191498,-0.6723434,-0.5353231,0.99915653,-0.032925088,0.0021288595,-0.024446674,0.10372416,-0.16410944,0.36489582,-0.3028674,0.5563458,-0.27753848,3.0,3.0,3.0,3.0,3.0,3.0,3.0,3.0,3.0,3.0,3.0,3.0,3.0,3.0,3.0,3.0,3.0,3.0,3.0,3.0,3.0,3.0,3.0,3.0,3.0,3.0,3.0,3.0,3.0,3.0,3.0,3.0,3.0,3.0,3.0,3.0,-4.2731905,2.490213,-0.4608618,-38.35215
1620,-0.14128338783268815,-0.07409497,-0.66911817,-0.5432471,0.9989814,-0.03601408,0.006963718,-0.026278706,0.10569918,-0.1473863,0.40661693,-0.25556344,0.47857776,0.053104863,3.0,3.0,3.0,3.0,3.0,3.0,3.0,3.0,3.0,3.0,3.0,3.0,3.0,3.0,3.0,3.0,3.0,3.0,3.0,3.0,3.0,3.0,3.0,3.0,3.0,3.0,3.0,3.0,3.0,3.0,3.0,3.0,3.0,3.0,3.0,3.0,-2.169526,-2.1115944,0.028442144,-19.956244
1625,-0.2972526644575532,-0.07633708,-0.66622496,-0.55157894,0.9988727,-0.03759644,0.010106076,-0.02715992,0.10978491,-0.13039523,0.4327126,-0.04301816,0.11544486,-0.23813741,3.0,3.0,3.0,3.0,3.0,3.0,3.0,3.0,3.0,3.0,3.0,3.0,3.0,3.0,3.0,3.0,3.0,3.0,3.0,3.0,3.0,3.0,3.0,3.0,3.0,3.0,3.0,3.0,3.0,3.0,3.0,3.0,3.0,3.0,3.0,3.0,-2.0837946,2.7172923,-0.83067095,-35.453247
1630,-0.22887516766441263,-0.07867953,-0.6636971,-0.56052274,0.9986639,-0.040057078,0.011973732,-0.030372119,0.114493646,-0.11459255,0.4357635,-0.35435203,0.12860723,-0.27093166,3.0,3.0,3.0,3.0,3.0,3.0,3.0,3.0,3.0,3.0,3.0,3.0,3.0,3.0,3.0,3.0,3.0,3.0,3.0,3.0,3.0,3.0,3.0,3.0,3.0,3.0,3.0,3.0,3.0,3.0,3.0,3.0,3.0,3.0,3.0,3.0,0.256382,-3.580687,-0.08186245,-27.781029
1635,-0.05019822905872984,-0.08109329,-0.66140217,-0.5681755,0.9984005,-0.043508768,0.013041981,-0.033664096,0.11680654,-0.107123874,0.32172486,-0.3182115,0.08102405,-0.34684038,3.0,3.0,3.0,3.0,3.0,3.0,3.0,3.0,3.0,3.0,3.0,3.0,3.0,3.0,3.0,3.0,3.0,3.0,3.0,3.0,3.0,3.0,3.0,3.0,3.0,3.0,3.0,3.0,3.0,3.0,3.0,3.0,3.0,3.0,3.0,3.0,-2.4965596,-4.5811496,-0.3418103,10.2040825
1640,0.039330437982243546,-0.08358627,-0.65935177,-0.57439345,0.9982125,-0.044936456,0.014448698,-0.03665692,0.12170899,-0.092302516,0.28560898,-0.022795223,0.04837854,-0.36478397,3.0,3.0,3.0,3.0,3.0,3.0,3.0,3.0,3.0,3.0,3.0,3.0,3.0,3.0,3.0,3.0,3.0,3.0,3.0,3.0,3.0,3.0,3.0,3.0,3.0,3.0,3.0,3.0,3.0,3.0,3.0,3.0,3.0,3.0,3.0,3.0,0.38478756,-2.2690306,-0.8791933,-1.5915413
1645,0.02580594858131327,-0.0861614,-0.6575428,-0.57905424,0.9980471,-0.04484033,0.014765387,-0.04090643,0.12584601,-0.08062485,0.21114,0.10927925,-0.13204195,-0.56170166,3.0,3.0,3.0,3.0,3.0,3.0,3.0,3.0,3.0,3.0,3.0,3.0,3.0,3.0,3.0,3.0,3.0,3.0,3.0,3.0,3.0,3.0,3.0,3.0,3.0,3.0,3.0,3.0,3.0,3.0,3.0,3.0,3.0,3.0,3.0,3.0,-3.0155158,-0.680521,0.5697943,-2.1021957
1650,-0.2433680305280211,-0.0888702,-0.6561017,-0.5835749,0.997918,-0.042949706,0.010838329,-0.046877813,0.13118787,-0.06569892,0.17477676,0.12952322,-0.429264,-0.52515167,3.0,3.0,3.0,3.0,3.0,3.0,3.0,3.0,3.0,3.0,3.0,3.0,3.0,3.0,3.0,3.0,3.0,3.0,3.0,3.0,3.0,3.0,3.0,3.0,3.0,3.0,3.0,3.0,3.0,3.0,3.0,3.0,3.0,3.0,3.0,3.0,4.1794014,4.5221243,-0.100060046,30.678368
1655,-0.2882189361912181,-0.091663875,-0.6549416,-0.5871039,0.9976205,-0.042346288,0.008045394,-0.053809002,0.13570318,-0.049789775,0.156901,0.108175844,-0.23486482,-0.5760377,3.0,3.0,3.0,3.0,3.0,3.0,3.0,3.0,3.0,3.0,3.0,3.0,3.0,3.0,3.0,3.0,3.0,3.0,3.0,3.0,3.0,3.0,3.0,3.0,3.0,3.0,3.0,3.0,3.0,3.0,3.0,3.0,3.0,3.0,3.0,3.0,-2.7661216,0.314672,0.5467659,-35.08222
1660,-0.24045470023681664,-0.09455066,-0.65416235,-0.59086746,0.99752706,-0.042372484,0.0048696767,-0.05586219,0.14013517,-0.029451074,0.19253308,0.18252482,-0.12993525,0.085541435,3.0,3.0,3.0,3.0,3.0,3.0,3.0,3.0,3.0,3.0,3.0,3.0,3.0,3.0,3.0,3.0,3.0,3.0,3.0,3.0,3.0,3.0,3.0,3.0,3.0,3.0,3.0,3.0,3.0,3.0,3.0,3.0,3.0,3.0,3.0,3.0,-0.3546896,0.31202412,-0.44743687,-31.329098
1665,-0.3847082705358239,-0.097510524,-0.65379673,-0.5952811,0.9977503,-0.038131166,0.004075205,-0.054988842,0.1433107,-0.0098142475,0.22434188,0.40742075,-0.039898735,-0.088576905,3.0,3.0,3.0,3.0,3.0,3.0,3.0,3.0,3.0,3.0,3.0,3.0,3.0,3.0,3.0,3.0,3.0,3.0,3.0,3.0,3.0,3.0,3.0,3.0,3.0,3.0,3.0,3.0,3.0,3.0,3.0,3.0,3.0,3.0,3.0,3.0,-1.9050794,3.6060228,-0.55227137,-44.443676
1670,-0.33562687819736003,-0.100528754,-0.6538027,-0.6002027,0.99787444,-0.034682296,0.003357205,-0.055067994,0.14584234,0.006472461,0.23912378,0.21363503,-0.1670681,0.123474956,3.0,3.0,3.0,3.0,3.0,3.0,3.0,3.0,3.0,3.0,3.0,3.0,3.0,3.0,3.0,3.0,3.0,3.0,3.0,3.0,3.0,3.0,3.0,3.0,3.0,3.0,3.0,3.0,3.0,3.0,3.0,3.0,3.0,3.0,3.0,3.0,2.6975613,1.0779486,0.84508026,-38.250202
1675,-0.0496961267181866,-0.10360037,-0.65416455,-0.6059026,0.9980628,-0.033640817,0.00060802343,-0.052331906,0.14774951,0.020256823,0.23427704,0.055270683,-0.28299806,0.30881745,3.0,3.0,3.0,3.0,3.0,3.0,3.0,3.0,3.0,3.0,3.0,3.0,3.0,3.0,3.0,3.0,3.0,3.0,3.0,3.0,3.0,3.0,3.0,3.0,3.0,3.0,3.0,3.0,3.0,3.0,3.0,3.0,3.0,3.0,3.0,3.0,-1.4208918,-2.5632582,0.10477865,-9.903061
1680,-0.10914061278686975,-0.10668478,-0.65471804,-0.6101925,0.9980987,-0.032682512,-0.0027717315,-0.052184552,0.1481145,0.03159733,0.19989274,0.15998219,-0.44468004,-0.14613046,3.0,3.0,3.0,3.0,3.0,3.0,3.0,3.0,3.0,3.0,3.0,3.0,3.0,3.0,3.0,3.0,3.0,3.0,3.0,3.0,3.0,3.0,3.0,3.0,3.0,3.0,3.0,3.0,3.0,3.0,3.0,3.0,3.0,3.0,3.0,3.0,4.0992546,-3.6224008,-0.049925804,-15.646458
1685,-0.0006255353748761683,-0.10976186,-0.6555031,-0.6137531,0.9981206,-0.03118288,-0.005883863,-0.052424286,0.14720772,0.04289469,0.17004873,0.21612239,-0.27673528,0.024128072,3.0,3.0,3.0,3.0,3.0,3.0,3.0,3.0,3.0,3.0,3.0,3.0,3.0,3.0,3.0,3.0,3.0,3.0,3.0,3.0,3.0,3.0,3.0,3.0,3.0,3.0,3.0,3.0,3.0,3.0,3.0,3.0,3.0,3.0,3.0,3.0,0.29510403,-2.7743578,0.34181523,4.937088
1690,-0.1516762891458473,-0.112804666,-0.6565617,-0.6173888,0.9983537,-0.028366636,-0.008158688,-0.049179483,0.14542137,0.054403733,0.15232544,0.1800345,-0.2791973,0.40668598,3.0,3.0,3.0,3.0,3.0,3.0,3.0,3.0,3.0,3.0,3.0,3.0,3.0,3.0,3.0,3.0,3.0,3.0,3.0,3.0,3.0,3.0,3.0,3.0,3.0,3.0,3.0,3.0,3.0,3.0,3.0,3.0,3.0,3.0,3.0,3.0,1.6026573,-2.673757,0.3403697,-20.254465
1695,-0.07006521185800292,-0.115789756,-0.6578728,-0.62115484,0.99864244,-0.024954032,-0.008723416,-0.044883322,0.14160182,0.06899644,0.20999101,0.4562521,0.040045887,0.37676638,3.0,3.0,3.0,3.0,3.0,3.0,3.0,3.0,3.0,3.0,3.0,3.0,3.0,3.0,3.0,3.0,3.0,3.0,3.0,3.0,3.0,3.0,3.0,3.0,3.0,3.0,3.0,3.0,3.0,3.0,3.0,3.0,3.0,3.0,3.0,3.0,0.7673054,-1.0981944,0.41065407,10.982422
1700,-0.20550000937411342,-0.11869094,-0.6594668,-0.6260739,0.9989871,-0.01711284,-0.0081722,-0.0408072,0.138491,0.07868137,0.20189266,0.7839913,-0.0097671375,0.35706457,3.0,3.0,3.0,3.0,3.0,3.0,3.0,3.0,3.0,3.0,3.0,3.0,3.0,3.0,3.0,3.0,3.0,3.0,3.0,3.0,3.0,3.0,3.0,3.0,3.0,3.0,3.0,3.0,3.0,3.0,3.0,3.0,3.0,3.0,3.0,3.0,2.8969498,3.0186539,-0.4213351,-24.367537
1705,-0.23190849319709936,-0.12155145,-0.6611538,-0.629254,0.99924207,-0.009821721,-0.008293489,-0.03674361,0.13604681,0.08312601,0.15039052,0.50762933,-0.005331909,0.37696362,3.0,3.0,3.0,3.0,3.0,3.0,3.0,3.0,3.0,3.0,3.0,3.0,3.0,3.0,3.0,3.0,3.0,3.0,3.0,3.0,3.0,3.0,3.0,3.0,3.0,3.0,3.0,3.0,3.0,3.0,3.0,3.0,3.0,3.0,3.0,3.0,3.2645245,1.1385489,-0.10067105,-28.237278
1710,-0.249164780551007,-0.124341734,-0.6629347,-0.63246983,0.99944776,-0.005934387,-0.008916859,-0.0314563,0.13192968,0.087439746,0.19147627,0.27724123,-0.1391842,0.7285291,3.0,3.0,3.0,3.0,3.0,3.0,3.0,3.0,3.0,3.0,3.0,3.0,3.0,3.0,3.0,3.0,3.0,3.0,3.0,3.0,3.0,3.0,3.0,3.0,3.0,3.0,3.0,3.0,3.0,3.0,3.0,3.0,3.0,3.0,3.0,3.0,-0.46183062,2.968645,-0.32850397,-29.10376
1715,-0.1620827794411464,-0.12706393,-0.6647717,-0.6352962,0.9996748,-0.002103106,-0.009513879,-0.02356652,0.12978327,0.08859294,0.099024825,0.41281238,-0.013399852,0.80059034,3.0,3.0,3.0,3.0,3.0,3.0,3.0,3.0,3.0,3.0,3.0,3.0,3.0,3.0,3.0,3.0,3.0,3.0,3.0,3.0,3.0,3.0,3.0,3.0,3.0,3.0,3.0,3.0,3.0,3.0,3.0,3.0,3.0,3.0,3.0,3.0,-3.3801365,0.28096104,-0.21237612,-21.353458
1720,-0.29545966433103155,-0.12972601,-0.66662323,-0.63692904,0.99981993,0.001441664,-0.009180156,-0.01654469,0.12607516,0.088970646,0.084823355,0.23611195,-0.06618887,0.6239356,3.0,3.0,3.0,3.0,3.0,3.0,3.0,3.0,3.0,3.0,3.0,3.0,3.0,3.0,3.0,3.0,3.0,3.0,3.0,3.0,3.0,3.0,3.0,3.0,3.0,3.0,3.0,3.0,3.0,3.0,3.0,3.0,3.0,3.0,3.0,3.0,-0.28032827,4.1579094,-0.42890024,-35.391712
1725,-0.06095302057802042,-0.13228679,-0.6684649,-0.63959795,0.9998925,0.0032792154,-0.010481191,-0.009717285,0.12051417,0.08782584,0.16983108,0.020478638,-0.26773363,0.8022298,3.0,3.0,3.0,3.0,3.0,3.0,3.0,3.0,3.0,3.0,3.0,3.0,3.0,3.0,3.0,3.0,3.0,3.0,3.0,3.0,3.0,3.0,3.0,3.0,3.0,3.0,3.0,3.0,3.0,3.0,3.0,3.0,3.0,3.0,3.0,3.0,1.2549572,-2.1735826,-0.1423086,10.352352
1730,-0.14469403800273242,-0.13476625,-0.67028433,-0.64196086,0.99991214,0.004661982,-0.012382812,-0.00078318967,0.11733152,0.086784534,0.10226733,0.2727315,-0.10881703,0.7356001,3.0,3.0,3.0,3.0,3.0,3.0,3.0,3.0,3.0,3.0,3.0,3.0,3.0,3.0,3.0,3.0,3.0,3.0,3.0,3.0,3.0,3.0,3.0,3.0,3.0,3.0,3.0,3.0,3.0,3.0,3.0,3.0,3.0,3.0,3.0,3.0,2.2111158,-4.442879,0.7202928,18.419834
1735,-0.28089746170961516,-0.13712022,-0.67205554,-0.64516073,0.99985236,0.00868261,-0.01274234,0.0075866575,0.10978749,0.08330271,0.19953701,0.2792629,-0.19288492,0.6435337,3.0,3.0,3.0,3.0,3.0,3.0,3.0,3.0,3.0,3.0,3.0,3.0,3.0,3.0,3.0,3.0,3.0,3.0,3.0,3.0,3.0,3.0,3.0,3.0,3.0,3.0,3.0,3.0,3.0,3.0,3.0,3.0,3.0,3.0,3.0,3.0,-0.5048175,-2.022019,0.22629213,32.026894
1740,-0.3107733053670064,-0.13933328,-0.67373836,-0.64961237,0.999689,0.0146663245,-0.01403552,0.014485181,0.10421821,0.07916436,0.20429364,0.5722604,0.07165214,0.68559694,3.0,3.0,3.0,3.0,3.0,3.0,3.0,3.0,3.0,3.0,3.0,3.0,3.0,3.0,3.0,3.0,3.0,3.0,3.0,3.0,3.0,3.0,3.0,3.0,3.0,3.0,3.0,3.0,3.0,3.0,3.0,3.0,3.0,3.0,3.0,3.0,0.27654886,1.8478966,0.52645016,-34.36625
1745,-0.011270530626063688,-0.1414345,-0.67531407,-0.6538179,0.99958557,0.01905532,-0.011544894,0.018229607,0.099592224,0.07401299,0.1681673,0.4594139,0.20335746,0.24622981,3.0,3.0,3.0,3.0,3.0,3.0,3.0,3.0,3.0,3.0,3.0,3.0,3.0,3.0,3.0,3.0,3.0,3.0,3.0,3.0,3.0,3.0,3.0,3.0,3.0,3.0,3.0,3.0,3.0,3.0,3.0,3.0,3.0,3.0,3.0,3.0,-4.276342,4.5670433,-0.39480364,-1.867691
1750,-0.021843003086203266,-0.14345759,-0.6767675,-0.6570259,0.9994551,0.022354629,-0.011069307,0.021617182,0.09600619,0.06775138,0.12105774,0.27554557,0.0055894535,0.35051823,3.0,3.0,3.0,3.0,3.0,3.0,3.0,3.0,3.0,3.0,3.0,3.0,3.0,3.0,3.0,3.0,3.0,3.0,3.0,3.0,3.0,3.0,3.0,3.0,3.0,3.0,3.0,3.0,3.0,3.0,3.0,3.0,3.0,3.0,3.0,3.0,-1.2870979,1.5714545,-0.51728624,-8.3439865
1755,0.02879717431137792,-0.14542815,-0.67811674,-0.6583372,0.9992969,0.02602768,-0.011686299,0.02432521,0.09364197,0.062696464,0.024209565,0.40175304,-0.099312,0.20412838,3.0,3.0,3.0,3.0,3.0,3.0,3.0,3.0,3.0,3.0,3.0,3.0,3.0,3.0,3.0,3.0,3.0,3.0,3.0,3.0,3.0,3.0,3.0,3.0,3.0,3.0,3.0,3.0,3.0,3.0,3.0,3.0,3.0,3.0,3.0,3.0,-0.3660288,4.7222986,-0.65028286,-1.3870735
1760,-0.1833788299974401,-0.14734697,-0.6793475,-0.65767044,0.9991308,0.029455539,-0.012875618,0.02653759,0.09022003,0.054489512,-0.033413265,0.1404134,-0.051092852,0.13502324,3.0,3.0,3.0,3.0,3.0,3.0,3.0,3.0,3.0,3.0,3.0,3.0,3.0,3.0,3.0,3.0,3.0,3.0,3.0,3.0,3.0,3.0,3.0,3.0,3.0,3.0,3.0,3.0,3.0,3.0,3.0,3.0,3.0,3.0,3.0,3.0,-1.133826,1.5252075,0.16921675,-27.054037
1765,-0.25189687446868636,-0.14916487,-0.6803346,-0.6569037,0.99908084,0.02908921,-0.01296599,0.028691836,0.085835665,0.044050034,-0.0631911,-0.13422689,0.12199187,0.08010334,3.0,3.0,3.0,3.0,3.0,3.0,3.0,3.0,3.0,3.0,3.0,3.0,3.0,3.0,3.0,3.0,3.0,3.0,3.0,3.0,3.0,3.0,3.0,3.0,3.0,3.0,3.0,3.0,3.0,3.0,3.0,3.0,3.0,3.0,3.0,3.0,0.21473646,2.0161886,0.29667485,-34.34498
1770,-0.23432671034733807,-0.15085503,-0.68101555,-0.6570865,0.99920285,0.026380649,-0.012869126,0.027056841,0.07881309,0.027059224,0.026505291,-0.11147699,-0.17364618,-0.32534027,3.0,3.0,3.0,3.0,3.0,3.0,3.0,3.0,3.0,3.0,3.0,3.0,3.0,3.0,3.0,3.0,3.0,3.0,3.0,3.0,3.0,3.0,3.0,3.0,3.0,3.0,3.0,3.0,3.0,3.0,3.0,3.0,3.0,3.0,3.0,3.0,1.0069809,0.45467567,-0.3290627,-31.954178
1775,-0.3158225454408461,-0.15242592,-0.68142885,-0.6579217,0.9993882,0.023484964,-0.013115472,0.022353644,0.07226948,0.013485264,0.08106864,-0.45901617,0.1555012,-0.49861658,3.0,3.0,3.0,3.0,3.0,3.0,3.0,3.0,3.0,3.0,3.0,3.0,3.0,3.0,3.0,3.0,3.0,3.0,3.0,3.0,3.0,3.0,3.0,3.0,3.0,3.0,3.0,3.0,3.0,3.0,3.0,3.0,3.0,3.0,3.0,3.0,-2.4987645,-0.8095021,0.37127888,-38.07344
1780,-0.3519915993576168,-0.15384132,-0.68154275,-0.6605618,0.99958426,0.020231383,-0.013422919,0.01555005,0.065427326,0.0010298094,0.14332454,-0.35723257,-0.17397308,-0.4895854,3.0,3.0,3.0,3.0,3.0,3.0,3.0,3.0,3.0,3.0,3.0,3.0,3.0,3.0,3.0,3.0,3.0,3.0,3.0,3.0,3.0,3.0,3.0,3.0,3.0,3.0,3.0,3.0,3.0,3.0,3.0,3.0,3.0,3.0,3.0,3.0,-1.3731251,-1.5274029,0.28313088,-41.345135
1785,-0.12964513053976978,-0.15514828,-0.68147737,-0.6630896,0.999656,0.018285431,-0.016550109,0.008920738,0.061205342,-0.0051177815,0.09061278,-0.08572129,-0.19774917,-0.5236015,3.0,3.0,3.0,3.0,3.0,3.0,3.0,3.0,3.0,3.0,3.0,3.0,3.0,3.0,3.0,3.0,3.0,3.0,3.0,3.0,3.0,3.0,3.0,3.0,3.0,3.0,3.0,3.0,3.0,3.0,3.0,3.0,3.0,3.0,3.0,3.0,1.3537035,1.73212,0.61130846,-19.66483
1790,-0.2814079533736716,-0.15626575,-0.6811952,-0.6672359,0.9997299,0.01576613,-0.017077703,-3.6841393e-05,0.04912421,-0.018214773,0.25122938,-0.26171952,0.0031112677,-0.93682957,3.0,3.0,3.0,3.0,3.0,3.0,3.0,3.0,3.0,3.0,3.0,3.0,3.0,3.0,3.0,3.0,3.0,3.0,3.0,3.0,3.0,3.0,3.0,3.0,3.0,3.0,3.0,3.0,3.0,3.0,3.0,3.0,3.0,3.0,3.0,3.0,0.9685383,-1.4665012,-0.018054843,-32.919525
1795,-0.2970585399575306,-0.15723577,-0.68076795,-0.6714654,0.99974066,0.014018748,-0.016047904,-0.008035826,0.044460922,-0.022308812,0.18253465,-0.06506648,0.19868279,-0.65270734,3.0,3.0,3.0,3.0,3.0,3.0,3.0,3.0,3.0,3.0,3.0,3.0,3.0,3.0,3.0,3.0,3.0,3.0,3.0,3.0,3.0,3.0,3.0,3.0,3.0,3.0,3.0,3.0,3.0,3.0,3.0,3.0,3.0,3.0,3.0,3.0,-3.522777,1.7193213,-0.29712737,-36.009888
1800,-0.2979682007196221,-0.15811211,-0.6802606,-0.67427385,0.99970335,0.012774337,-0.014970051,-0.014352352,0.03968321,-0.02642557,0.13011903,-0.12009043,-0.07058274,-0.6054025,3.0,3.0,3.0,3.0,3.0,3.0,3.0,3.0,3.0,3.0,3.0,3.0,3.0,3.0,3.0,3.0,3.0,3.0,3.0,3.0,3.0,3.0,3.0,3.0,3.0,3.0,3.0,3.0,3.0,3.0,3.0,3.0,3.0,3.0,3.0,3.0,1.301199,-2.1972194,0.4527254,-36.355553
1805,-0.21017264149014064,-0.15885636,-0.67964095,-0.67716056,0.99964327,0.012696262,-0.015269936,-0.017860493,0.03322118,-0.031782318,0.13947517,0.11091606,-0.18016647,-0.47477537,3.0,3.0,3.0,3.0,3.0,3.0,3.0,3.0,3.0,3.0,3.0,3.0,3.0,3.0,3.0,3.0,3.0,3.0,3.0,3.0,3.0,3.0,3.0,3.0,3.0,3.0,3.0,3.0,3.0,3.0,3.0,3.0,3.0,3.0,3.0,3.0,0.05599022,1.670928,0.33578253,-27.973879
1810,-0.257281959871471,-0.15945457,-0.6789042,-0.6805531,0.9995117,0.013499749,-0.016878419,-0.022565978,0.027209876,-0.036529303,0.12816899,0.115680926,-0.18545847,-0.49383584,3.0,3.0,3.0,3.0,3.0,3.0,3.0,3.0,3.0,3.0,3.0,3.0,3.0,3.0,3.0,3.0,3.0,3.0,3.0,3.0,3.0,3.0,3.0,3.0,3.0,3.0,3.0,3.0,3.0,3.0,3.0,3.0,3.0,3.0,3.0,3.0,0.76887894,-3.3040004,-0.4065733,-33.396084
1815,-0.23451812097429892,-0.15992314,-0.67806935,-0.6834956,0.99939084,0.012421835,-0.016493816,-0.028134959,0.018052088,-0.043354835,0.18633513,-0.18737891,0.149196,-0.5051361,3.0,3.0,3.0,3.0,3.0,3.0,3.0,3.0,3.0,3.0,3.0,3.0,3.0,3.0,3.0,3.0,3.0,3.0,3.0,3.0,3.0,3.0,3.0,3.0,3.0,3.0,3.0,3.0,3.0,3.0,3.0,3.0,3.0,3.0,3.0,3.0,-0.94442797,-3.1852088,0.679175,-29.30095
1820,-0.36282905859922787,-0.16017945,-0.6770818,-0.6883649,0.9993013,0.011634734,-0.014799663,-0.03228765,0.009391904,-0.049391475,0.24022654,-0.013295637,0.2148573,-0.27814552,3.0,3.0,3.0,3.0,3.0,3.0,3.0,3.0,3.0,3.0,3.0,3.0,3.0,3.0,3.0,3.0,3.0,3.0,3.0,3.0,3.0,3.0,3.0,3.0,3.0,3.0,3.0,3.0,3.0,3.0,3.0,3.0,3.0,3.0,3.0,3.0,-2.694035,0.69663525,-0.80513227,-42.992188
1825,-0.0952917951647325,-0.16034237,-0.67602926,-0.6919007,0.9992358,0.011385484,-0.012602134,-0.0352047,0.0068228114,-0.051271778,0.12272531,-0.012606767,0.21468316,-0.2778116,3.0,3.0,3.0,3.0,3.0,3.0,3.0,3.0,3.0,3.0,3.0,3.0,3.0,3.0,3.0,3.0,3.0,3.0,3.0,3.0,3.0,3.0,3.0,3.0,3.0,3.0,3.0,3.0,3.0,3.0,3.0,3.0,3.0,3.0,3.0,3.0,-2.7767344,-3.5578988,-0.0472036,-17.277363
1830,-0.30599095569559903,-0.16040741,-0.67489713,-0.69484437,0.99909765,0.011563786,-0.013717557,-0.038496636,0.000445814,-0.05655444,0.16124153,0.10251769,-0.28245634,-0.18781862,3.0,3.0,3.0,3.0,3.0,3.0,3.0,3.0,3.0,3.0,3.0,3.0,3.0,3.0,3.0,3.0,3.0,3.0,3.0,3.0,3.0,3.0,3.0,3.0,3.0,3.0,3.0,3.0,3.0,3.0,3.0,3.0,3.0,3.0,3.0,3.0,3.545908,-1.9048743,-0.40908146,-38.46161
1835,-0.13791965600913247,-0.16037725,-0.67368937,-0.69700474,0.9989514,0.012176892,-0.016039861,-0.04111732,-0.0031086674,-0.059190225,0.0761066,-0.01833981,-0.13183437,-0.3526407,3.0,3.0,3.0,3.0,3.0,3.0,3.0,3.0,3.0,3.0,3.0,3.0,3.0,3.0,3.0,3.0,3.0,3.0,3.0,3.0,3.0,3.0,3.0,3.0,3.0,3.0,3.0,3.0,3.0,3.0,3.0,3.0,3.0,3.0,3.0,3.0,1.3721852,3.1031342,-0.11854339,-22.818102
1840,-0.19270455693058436,-0.16024518,-0.67241096,-0.6980526,0.9988386,0.01181665,-0.016882768,-0.043552507,-0.010519929,-0.06412898,0.09201151,0.03246808,-0.018872146,0.10495464,3.0,3.0,3.0,3.0,3.0,3.0,3.0,3.0,3.0,3.0,3.0,3.0,3.0,3.0,3.0,3.0,3.0,3.0,3.0,3.0,3.0,3.0,3.0,3.0,3.0,3.0,3.0,3.0,3.0,3.0,3.0,3.0,3.0,3.0,3.0,3.0,1.5638828,-1.7566931,-0.9519839,-28.878916
1845,-0.2319343122160788,-0.15997423,-0.6710425,-0.69890326,0.99881184,0.012610055,-0.017481213,-0.043706547,-0.015565584,-0.067319795,0.03189201,0.018164545,0.01840444,-0.21009484,3.0,3.0,3.0,3.0,3.0,3.0,3.0,3.0,3.0,3.0,3.0,3.0,3.0,3.0,3.0,3.0,3.0,3.0,3.0,3.0,3.0,3.0,3.0,3.0,3.0,3.0,3.0,3.0,3.0,3.0,3.0,3.0,3.0,3.0,3.0,3.0,-0.9131193,0.9982147,0.2500683,-32.96808
1850,-0.28907707762827894,-0.15952824,-0.6695631,-0.70036054,0.9988633,0.012045924,-0.01794375,-0.042486656,-0.026079906,-0.073857255,0.11513079,0.09699413,0.08913428,0.36783507,3.0,3.0,3.0,3.0,3.0,3.0,3.0,3.0,3.0,3.0,3.0,3.0,3.0,3.0,3.0,3.0,3.0,3.0,3.0,3.0,3.0,3.0,3.0,3.0,3.0,3.0,3.0,3.0,3.0,3.0,3.0,3.0,3.0,3.0,3.0,3.0,3.6666117,-1.8646038,0.14965892,-37.29939
1855,-0.3520542260783178,-0.15889545,-0.66796887,-0.7026783,0.9990555,0.013693806,-0.014821466,-0.038482077,-0.03340019,-0.07866979,0.119252704,0.2685665,0.17540663,0.23064995,3.0,3.0,3.0,3.0,3.0,3.0,3.0,3.0,3.0,3.0,3.0,3.0,3.0,3.0,3.0,3.0,3.0,3.0,3.0,3.0,3.0,3.0,3.0,3.0,3.0,3.0,3.0,3.0,3.0,3.0,3.0,3.0,3.0,3.0,3.0,3.0,1.3806057,3.0557518,-0.024942994,-43.9742
1860,-0.25578659883879395,-0.15815124,-0.66628766,-0.7042479,0.99911094,0.014381431,-0.011263568,-0.037995834,-0.03780072,-0.08279814,0.070903376,-0.081551015,0.23718356,0.17588614,3.0,3.0,3.0,3.0,3.0,3.0,3.0,3.0,3.0,3.0,3.0,3.0,3.0,3.0,3.0,3.0,3.0,3.0,3.0,3.0,3.0,3.0,3.0,3.0,3.0,3.0,3.0,3.0,3.0,3.0,3.0,3.0,3.0,3.0,3.0,3.0,2.1191368,-1.4977193,-0.4387166,-35.464573
1865,-0.28679943864937574,-0.15730837,-0.6644974,-0.7055486,0.9991533,0.014245125,-0.0095028225,-0.037409347,-0.041676175,-0.08742113,0.03539738,0.010337014,0.19481795,0.053855713,3.0,3.0,3.0,3.0,3.0,3.0,3.0,3.0,3.0,3.0,3.0,3.0,3.0,3.0,3.0,3.0,3.0,3.0,3.0,3.0,3.0,3.0,3.0,3.0,3.0,3.0,3.0,3.0,3.0,3.0,3.0,3.0,3.0,3.0,3.0,3.0,-2.6168916,-3.6923738,-0.7961936,-39.20733
1870,-0.20831027180464004,-0.15639682,-0.6626145,-0.7059965,0.99913645,0.014700825,-0.0064761005,-0.038318872,-0.045210246,-0.09256373,0.020536304,0.18098697,0.35377112,-0.06673625,3.0,3.0,3.0,3.0,3.0,3.0,3.0,3.0,3.0,3.0,3.0,3.0,3.0,3.0,3.0,3.0,3.0,3.0,3.0,3.0,3.0,3.0,3.0,3.0,3.0,3.0,3.0,3.0,3.0,3.0,3.0,3.0,3.0,3.0,3.0,3.0,-2.1142573,1.8182511,0.34831667,-30.59135
1875,-0.14609487738687582,-0.15541613,-0.66060996,-0.7065822,0.9992157,0.015309407,-0.0045003905,-0.036239985,-0.047782887,-0.09787232,0.004387952,0.045153584,0.25425306,0.1707293,3.0,3.0,3.0,3.0,3.0,3.0,3.0,3.0,3.0,3.0,3.0,3.0,3.0,3.0,3.0,3.0,3.0,3.0,3.0,3.0,3.0,3.0,3.0,3.0,3.0,3.0,3.0,3.0,3.0,3.0,3.0,3.0,3.0,3.0,3.0,3.0,2.330388,-1.3614213,-0.5259006,-25.670372
1880,-0.2962726850032918,-0.1544065,-0.6585234,-0.70572263,0.9993011,0.016167052,-0.0024223756,-0.03361721,-0.049030095,-0.10239876,-0.048558407,0.11435127,0.15948696,0.26934698,3.0,3.0,3.0,3.0,3.0,3.0,3.0,3.0,3.0,3.0,3.0,3.0,3.0,3.0,3.0,3.0,3.0,3.0,3.0,3.0,3.0,3.0,3.0,3.0,3.0,3.0,3.0,3.0,3.0,3.0,3.0,3.0,3.0,3.0,3.0,3.0,2.0020347,1.4791079,-0.1695047,-41.434246
1885,0.03915371326066509,-0.15337576,-0.65632564,-0.7042002,0.99938995,0.016282247,-0.00018192943,-0.030896535,-0.049789708,-0.10872119,-0.05413114,0.03204238,0.023883076,0.30100644,3.0,3.0,3.0,3.0,3.0,3.0,3.0,3.0,3.0,3.0,3.0,3.0,3.0,3.0,3.0,3.0,3.0,3.0,3.0,3.0,3.0,3.0,3.0,3.0,3.0,3.0,3.0,3.0,3.0,3.0,3.0,3.0,3.0,3.0,3.0,3.0,3.5131207,0.22813606,-0.24841058,-7.4793816
1890,-0.29823208267618034,-0.15233637,-0.6539592,-0.703701,0.99942625,0.015292198,0.0015671204,-0.03017989,-0.04990148,-0.11756073,0.019807903,-0.03169409,0.10810392,-0.06587728,3.0,3.0,3.0,3.0,3.0,3.0,3.0,3.0,3.0,3.0,3.0,3.0,3.0,3.0,3.0,3.0,3.0,3.0,3.0,3.0,3.0,3.0,3.0,3.0,3.0,3.0,3.0,3.0,3.0,3.0,3.0,3.0,3.0,3.0,3.0,3.0,-1.9542437,3.6130972,0.19018483,-40.684067
1895,-0.31055697536109644,-0.15130089,-0.6514543,-0.70343506,0.99949336,0.013398209,0.0011947197,-0.02884599,-0.04961424,-0.121216044,-0.059134122,-0.18256988,-0.032802023,0.14475273,3.0,3.0,3.0,3.0,3.0,3.0,3.0,3.0,3.0,3.0,3.0,3.0,3.0,3.0,3.0,3.0,3.0,3.0,3.0,3.0,3.0,3.0,3.0,3.0,3.0,3.0,3.0,3.0,3.0,3.0,3.0,3.0,3.0,3.0,3.0,3.0,0.6818218,-4.0700893,0.19795847,-42.726444
1900,-0.1009183590282058,-0.1502745,-0.64884424,-0.702847,0.9996116,0.01145758,0.0024727478,-0.025283214,-0.048899125,-0.1281245,0.0022597401,-0.26341584,0.08980091,0.3867397,3.0,3.0,3.0,3.0,3.0,3.0,3.0,3.0,3.0,3.0,3.0,3.0,3.0,3.0,3.0,3.0,3.0,3.0,3.0,3.0,3.0,3.0,3.0,3.0,3.0,3.0,3.0,3.0,3.0,3.0,3.0,3.0,3.0,3.0,3.0,3.0,2.0630455,-4.370926,-0.40406996,-20.85454
1905,-0.30531159533062324,-0.14926362,-0.64613825,-0.702014,0.9996916,0.009819773,0.002198378,-0.022703294,-0.048316646,-0.13074578,-0.07984826,-0.13061762,-0.05396788,0.21314728,3.0,3.0,3.0,3.0,3.0,3.0,3.0,3.0,3.0,3.0,3.0,3.0,3.0,3.0,3.0,3.0,3.0,3.0,3.0,3.0,3.0,3.0,3.0,3.0,3.0,3.0,3.0,3.0,3.0,3.0,3.0,3.0,3.0,3.0,3.0,3.0,4.7526855,-0.22839117,-0.71724916,-43.299656
1910,-0.10855450384767654,-0.14826183,-0.64339477,-0.6988861,0.999753,0.008469099,0.0016256591,-0.020482503,-0.047943708,-0.1322831,-0.19698647,-0.13035847,-0.05423246,0.21291792,3.0,3.0,3.0,3.0,3.0,3.0,3.0,3.0,3.0,3.0,3.0,3.0,3.0,3.0,3.0,3.0,3.0,3.0,3.0,3.0,3.0,3.0,3.0,3.0,3.0,3.0,3.0,3.0,3.0,3.0,3.0,3.0,3.0,3.0,3.0,3.0,3.246028,-4.0690184,-0.6077473,-25.143682
1915,-0.21669599837136153,-0.14727025,-0.6405972,-0.6948768,0.9998188,0.0077364473,-0.00032842904,-0.017390585,-0.0473517,-0.13620315,-0.1466772,0.1525732,-0.32106036,0.22027266,3.0,3.0,3.0,3.0,3.0,3.0,3.0,3.0,3.0,3.0,3.0,3.0,3.0,3.0,3.0,3.0,3.0,3.0,3.0,3.0,3.0,3.0,3.0,3.0,3.0,3.0,3.0,3.0,3.0,3.0,3.0,3.0,3.0,3.0,3.0,3.0,2.0962644,2.7936072,-0.30094314,-35.20603
1920,-0.17099917313662052,-0.14628197,-0.63772374,-0.6917091,0.99982864,0.0087049,-0.002912528,-0.016074497,-0.047536105,-0.13866542,-0.18405879,0.08869963,-0.2504624,0.12439744,3.0,3.0,3.0,3.0,3.0,3.0,3.0,3.0,3.0,3.0,3.0,3.0,3.0,3.0,3.0,3.0,3.0,3.0,3.0,3.0,3.0,3.0,3.0,3.0,3.0,3.0,3.0,3.0,3.0,3.0,3.0,3.0,3.0,3.0,3.0,3.0,3.6298676,0.2752247,-0.2014234,-31.260582
1925,-0.22237811602443755,-0.14528225,-0.6348078,-0.68700975,0.9998347,0.009215268,-0.0035926877,-0.015255895,-0.048262324,-0.14064151,-0.26456237,0.093290724,-0.024854396,0.16551393,3.0,3.0,3.0,3.0,3.0,3.0,3.0,3.0,3.0,3.0,3.0,3.0,3.0,3.0,3.0,3.0,3.0,3.0,3.0,3.0,3.0,3.0,3.0,3.0,3.0,3.0,3.0,3.0,3.0,3.0,3.0,3.0,3.0,3.0,3.0,3.0,-0.049617767,4.0844746,-0.30787373,-37.92914
1930,-0.27854452152688686,-0.14425166,-0.6318174,-0.68236876,0.9998651,0.009668328,-0.0028011391,-0.012978594,-0.050142385,-0.14515236,-0.21333839,0.1045984,0.13929343,0.11740475,3.0,3.0,3.0,3.0,3.0,3.0,3.0,3.0,3.0,3.0,3.0,3.0,3.0,3.0,3.0,3.0,3.0,3.0,3.0,3.0,3.0,3.0,3.0,3.0,3.0,3.0,3.0,3.0,3.0,3.0,3.0,3.0,3.0,3.0,3.0,3.0,2.4476695,0.17956209,-0.39198947,-43.082745
1935,0.019362072228024385,-0.14319411,-0.62874424,-0.67799133,0.99988365,0.008984948,-0.0010146427,-0.012284917,-0.051209647,-0.14948076,-0.18870325,-0.21723843,0.11208824,0.17668876,3.0,3.0,3.0,3.0,3.0,3.0,3.0,3.0,3.0,3.0,3.0,3.0,3.0,3.0,3.0,3.0,3.0,3.0,3.0,3.0,3.0,3.0,3.0,3.0,3.0,3.0,3.0,3.0,3.0,3.0,3.0,3.0,3.0,3.0,3.0,3.0,-1.2603631,1.1730762,0.17196214,-11.984165
1940,-0.019409146398632143,-0.14211741,-0.625553,-0.67606574,0.9999332,0.006049916,-4.3906402e-05,-0.009848677,-0.05190258,-0.15541252,-0.022004353,-0.2096676,0.085859425,0.15396637,3.0,3.0,3.0,3.0,3.0,3.0,3.0,3.0,3.0,3.0,3.0,3.0,3.0,3.0,3.0,3.0,3.0,3.0,3.0,3.0,3.0,3.0,3.0,3.0,3.0,3.0,3.0,3.0,3.0,3.0,3.0,3.0,3.0,3.0,3.0,3.0,-0.20799685,3.2189388,0.14479613,-13.461267
1945,0.014619376275203766,-0.14103553,-0.62229186,-0.6752258,0.9999701,0.0020264077,5.4858156e-05,-0.0074634063,-0.051958077,-0.15703173,-0.05793284,-0.36626327,0.17713852,0.25127056,3.0,3.0,3.0,3.0,3.0,3.0,3.0,3.0,3.0,3.0,3.0,3.0,3.0,3.0,3.0,3.0,3.0,3.0,3.0,3.0,3.0,3.0,3.0,3.0,3.0,3.0,3.0,3.0,3.0,3.0,3.0,3.0,3.0,3.0,3.0,3.0,0.8266792,-1.3794847,0.46581018,-9.966999
1950,-0.18925423244537087,-0.13995525,-0.61900634,-0.6753492,0.99999183,-0.0027012022,0.0017412915,-0.0024551582,-0.051528864,-0.15780248,0.046424314,-0.76320595,0.15369019,0.35496765,3.0,3.0,3.0,3.0,3.0,3.0,3.0,3.0,3.0,3.0,3.0,3.0,3.0,3.0,3.0,3.0,3.0,3.0,3.0,3.0,3.0,3.0,3.0,3.0,3.0,3.0,3.0,3.0,3.0,3.0,3.0,3.0,3.0,3.0,3.0,3.0,-2.1575384,-4.481768,0.18545246,-28.21058
1955,-0.28451949364325874,-0.13888821,-0.615729,-0.6756369,0.99995625,-0.009160879,0.0017997933,-0.00057859434,-0.05107518,-0.1568823,-0.03309626,-0.6194743,0.0071178954,0.1811149,3.0,3.0,3.0,3.0,3.0,3.0,3.0,3.0,3.0,3.0,3.0,3.0,3.0,3.0,3.0,3.0,3.0,3.0,3.0,3.0,3.0,3.0,3.0,3.0,3.0,3.0,3.0,3.0,3.0,3.0,3.0,3.0,3.0,3.0,3.0,3.0,-2.0891223,-3.574573,-0.0581488,-39.84626
1960,-0.2620721306920453,-0.13783674,-0.6125275,-0.67588013,0.9999146,-0.012888217,0.0021663136,1.5592004e-05,-0.050199483,-0.15201849,0.0065385196,-0.29320586,0.10110353,0.103435144,3.0,3.0,3.0,3.0,3.0,3.0,3.0,3.0,3.0,3.0,3.0,3.0,3.0,3.0,3.0,3.0,3.0,3.0,3.0,3.0,3.0,3.0,3.0,3.0,3.0,3.0,3.0,3.0,3.0,3.0,3.0,3.0,3.0,3.0,3.0,3.0,0.99715805,0.114700794,-0.41124934,-38.048164
1965,-0.31767542520596453,-0.13680463,-0.60943586,-0.6762095,0.99985236,-0.016715502,0.003954707,-0.0005163264,-0.048872698,-0.14508997,0.04689894,-0.2617951,0.06065163,-0.181328,3.0,3.0,3.0,3.0,3.0,3.0,3.0,3.0,3.0,3.0,3.0,3.0,3.0,3.0,3.0,3.0,3.0,3.0,3.0,3.0,3.0,3.0,3.0,3.0,3.0,3.0,3.0,3.0,3.0,3.0,3.0,3.0,3.0,3.0,3.0,3.0,2.7065616,-0.8498473,-0.36369157,-42.808285
1970,-0.3293756406963117,-0.13579895,-0.6064641,-0.6760648,0.9997825,-0.019879887,0.005042293,-0.0037809152,-0.047529995,-0.13971059,-0.010321147,-0.19518174,-0.019475762,-0.49026704,3.0,3.0,3.0,3.0,3.0,3.0,3.0,3.0,3.0,3.0,3.0,3.0,3.0,3.0,3.0,3.0,3.0,3.0,3.0,3.0,3.0,3.0,3.0,3.0,3.0,3.0,3.0,3.0,3.0,3.0,3.0,3.0,3.0,3.0,3.0,3.0,0.5469322,2.917696,-0.38173062,-44.35679
1975,-0.30669308479920354,-0.13484058,-0.6036776,-0.6763418,0.99968505,-0.022798497,0.0059830556,-0.008617387,-0.04487209,-0.12924616,0.03831833,-0.2200966,0.26905924,-0.36994153,3.0,3.0,3.0,3.0,3.0,3.0,3.0,3.0,3.0,3.0,3.0,3.0,3.0,3.0,3.0,3.0,3.0,3.0,3.0,3.0,3.0,3.0,3.0,3.0,3.0,3.0,3.0,3.0,3.0,3.0,3.0,3.0,3.0,3.0,3.0,3.0,-2.641075,-0.7931738,-0.11079574,-41.09432
1980,-0.265142837021145,-0.13393171,-0.60108036,-0.6766555,0.9996659,-0.022101948,0.007141442,-0.011337537,-0.042985767,-0.12246018,-0.019291772,0.14102443,0.11547409,-0.17898595,3.0,3.0,3.0,3.0,3.0,3.0,3.0,3.0,3.0,3.0,3.0,3.0,3.0,3.0,3.0,3.0,3.0,3.0,3.0,3.0,3.0,3.0,3.0,3.0,3.0,3.0,3.0,3.0,3.0,3.0,3.0,3.0,3.0,3.0,3.0,3.0,3.0270767,1.2480874,-0.62868387,-38.31261
1985,-0.33915978087433774,-0.13307105,-0.5986305,-0.67598397,0.99963593,-0.022008138,0.009135078,-0.012654707,-0.040085543,-0.11413883,-0.03553652,0.0057515586,0.3159851,-0.09314429,3.0,3.0,3.0,3.0,3.0,3.0,3.0,3.0,3.0,3.0,3.0,3.0,3.0,3.0,3.0,3.0,3.0,3.0,3.0,3.0,3.0,3.0,3.0,3.0,3.0,3.0,3.0,3.0,3.0,3.0,3.0,3.0,3.0,3.0,3.0,3.0,-3.0135956,-1.494956,0.3192371,-44.846565
1990,-0.29412351279978927,-0.13228849,-0.5963764,-0.67551,0.9995778,-0.02078558,0.01111811,-0.016985785,-0.036361463,-0.1056246,-0.04523454,0.11819261,0.168655,-0.5535866,3.0,3.0,3.0,3.0,3.0,3.0,3.0,3.0,3.0,3.0,3.0,3.0,3.0,3.0,3.0,3.0,3.0,3.0,3.0,3.0,3.0,3.0,3.0,3.0,3.0,3.0,3.0,3.0,3.0,3.0,3.0,3.0,3.0,3.0,3.0,3.0,-3.9579577,1.9705725,-0.8088191,-40.583927
1995,-0.29297322200100595,-0.13159703,-0.5942917,-0.6747988,0.9994072,-0.021793794,0.013888629,-0.02274689,-0.031016618,-0.09649086,-0.029361555,-0.24091548,0.19925494,-0.44751015,3.0,3.0,3.0,3.0,3.0,3.0,3.0,3.0,3.0,3.0,3.0,3.0,3.0,3.0,3.0,3.0,3.0,3.0,3.0,3.0,3.0,3.0,3.0,3.0,3.0,3.0,3.0,3.0,3.0,3.0,3.0,3.0,3.0,3.0,3.0,3.0,1.8309088,-1.4571018,0.18655503,-39.63138
2000,-50.270688292861706,-0.13101162,-0.5923714,-0.6737249,0.99926513,-0.022392182,0.017355891,-0.025818404,-0.026492666,-0.08998183,-0.08375318,0.029405799,0.22669132,-0.4114081,3.0,3.0,3.0,3.0,3.0,3.0,3.0,3.0,3.0,3.0,3.0,3.0,3.0,3.0,3.0,3.0,3.0,3.0,3.0,3.0,3.0,3.0,3.0,3.0,3.0,3.0,3.0,3.0,3.0,3.0,3.0,3.0,3.0,3.0,3.0,3.0,-3.751522,4.227497,-0.80281174,-38.66025
