step,reward,rel_x,rel_y,rel_z,qw,qx,qy,qz,vx,vy,vz,wx,wy,wz,lidar_0,lidar_1,lidar_2,lidar_3,lidar_4,lidar_5,lidar_6,lidar_7,lidar_8,lidar_9,lidar_10,lidar_11,lidar_12,lidar_13,lidar_14,lidar_15,lidar_16,lidar_17,lidar_18,lidar_19,lidar_20,lidar_21,lidar_22,lidar_23,lidar_24,lidar_25,lidar_26,lidar_27,lidar_28,lidar_29,lidar_30,lidar_31,lidar_32,lidar_33,lidar_34,lidar_35,act_vx,act_vy,act_vz,act_yaw
5,0.0434154951147038,-0.16839457,-0.16649175,0.8978864,1.0,0.0,0.0,0.0,0.0,0.0,0.2028851,0.0,0.0,0.0,3.0,3.0,3.0,3.0,3.0,3.0,3.0,3.0,3.0,3.0,3.0,3.0,3.0,3.0,3.0,3.0,3.0,3.0,3.0,3.0,3.0,3.0,3.0,3.0,3.0,3.0,3.0,3.0,3.0,3.0,3.0,3.0,3.0,3.0,3.0,3.0,3.8917818,-1.0380383,0.96588516,-9.937862
10,0.14850797855172518,-0.16839457,-0.16649175,0.890511,0.9999997,-0.00050381303,0.00050390867,-0.00029171203,-2.1684044e-20,3.6140074e-21,0.4538674,-0.12743038,0.12747629,-0.07378958,3.0,3.0,3.0,3.0,3.0,3.0,3.0,3.0,3.0,3.0,3.0,3.0,3.0,3.0,3.0,3.0,3.0,3.0,3.0,3.0,3.0,3.0,3.0,3.0,3.0,3.0,3.0,3.0,3.0,3.0,3.0,3.0,3.0,3.0,3.0,3.0,3.5052776,3.1759062,0.84247875,-0.06128311
15,0.16997612288312183,-0.16840413,-0.16650037,0.878191,0.99998766,-0.0027420383,0.0039960053,-0.0011151977,0.0011114618,0.0009751524,0.67940736,-0.013841298,0.24850191,-0.06449745,3.0,3.0,3.0,3.0,3.0,3.0,3.0,3.0,3.0,3.0,3.0,3.0,3.0,3.0,3.0,3.0,3.0,3.0,3.0,3.0,3.0,3.0,3.0,3.0,3.0,3.0,3.0,3.0,3.0,3.0,3.0,3.0,3.0,3.0,3.0,3.0,3.5670795,3.4672117,0.9462135,-4.773056
20,0.23135859904571254,-0.1684636,-0.16654663,0.8624386,0.9999574,-0.0063567776,0.0060697147,-0.0028351597,0.0043913363,0.003338259,0.81502676,-0.47011504,0.1361977,-0.33447918,3.0,3.0,3.0,3.0,3.0,3.0,3.0,3.0,3.0,3.0,3.0,3.0,3.0,3.0,3.0,3.0,3.0,3.0,3.0,3.0,3.0,3.0,3.0,3.0,3.0,3.0,3.0,3.0,3.0,3.0,3.0,3.0,3.0,3.0,3.0,3.0,2.230163,-0.025287151,0.8638798,-0.50413895
25,0.20192171705952588,-0.16860737,-0.16667049,0.8438616,0.99990755,-0.010329302,0.007694076,-0.0043543703,0.008684169,0.008011535,0.94118375,-0.31885552,0.27708536,-0.14808263,3.0,3.0,3.0,3.0,3.0,3.0,3.0,3.0,3.0,3.0,3.0,3.0,3.0,3.0,3.0,3.0,3.0,3.0,3.0,3.0,3.0,3.0,3.0,3.0,3.0,3.0,3.0,3.0,3.0,3.0,3.0,3.0,3.0,3.0,3.0,3.0,-0.19242239,1.2916112,0.95059705,7.947605
30,0.2666040495236138,-0.16884364,-0.16691288,0.82324934,0.9998651,-0.012857812,0.009134301,-0.0045812847,0.013251379,0.014284912,1.0194873,-0.1978268,0.14275587,-0.30021286,3.0,3.0,3.0,3.0,3.0,3.0,3.0,3.0,3.0,3.0,3.0,3.0,3.0,3.0,3.0,3.0,3.0,3.0,3.0,3.0,3.0,3.0,3.0,3.0,3.0,3.0,3.0,3.0,3.0,3.0,3.0,3.0,3.0,3.0,3.0,3.0,-1.1293263,1.7467713,0.8976985,2.0001755
35,0.23493861502018537,-0.16917835,-0.16729398,0.80137026,0.9998479,-0.014469877,0.008668547,-0.0044323024,0.017918255,0.020988045,1.066451,-0.046958562,-0.2624975,0.022854343,3.0,3.0,3.0,3.0,3.0,3.0,3.0,3.0,3.0,3.0,3.0,3.0,3.0,3.0,3.0,3.0,3.0,3.0,3.0,3.0,3.0,3.0,3.0,3.0,3.0,3.0,3.0,3.0,3.0,3.0,3.0,3.0,3.0,3.0,3.0,3.0,3.1307974,1.1352835,0.833812,6.2349014
40,0.25624117139482117,-0.16959892,-0.16780962,0.7790242,0.9998215,-0.016180888,0.008285394,-0.005155032,0.021684635,0.027369665,1.0783217,-0.16001177,-0.14448245,-0.12823658,3.0,3.0,3.0,3.0,3.0,3.0,3.0,3.0,3.0,3.0,3.0,3.0,3.0,3.0,3.0,3.0,3.0,3.0,3.0,3.0,3.0,3.0,3.0,3.0,3.0,3.0,3.0,3.0,3.0,3.0,3.0,3.0,3.0,3.0,3.0,3.0,1.4057832,-0.8134179,0.8968874,-4.845104
45,0.25911099494854,-0.17008278,-0.16844074,0.7572112,0.9998206,-0.016164374,0.0078116194,-0.0060413824,0.024326274,0.03248149,1.0329703,-0.076862715,0.023518052,-0.2661555,3.0,3.0,3.0,3.0,3.0,3.0,3.0,3.0,3.0,3.0,3.0,3.0,3.0,3.0,3.0,3.0,3.0,3.0,3.0,3.0,3.0,3.0,3.0,3.0,3.0,3.0,3.0,3.0,3.0,3.0,3.0,3.0,3.0,3.0,3.0,3.0,-2.0530548,2.593666,0.7318336,-1.3341217
50,0.22073955799987416,-0.17063063,-0.16920602,0.7355547,0.99978983,-0.019257193,0.005259497,-0.0046708733,0.027667664,0.04007335,1.0541462,-0.19326514,-0.36060503,0.19558078,3.0,3.0,3.0,3.0,3.0,3.0,3.0,3.0,3.0,3.0,3.0,3.0,3.0,3.0,3.0,3.0,3.0,3.0,3.0,3.0,3.0,3.0,3.0,3.0,3.0,3.0,3.0,3.0,3.0,3.0,3.0,3.0,3.0,3.0,3.0,3.0,0.10231066,-2.1754384,0.8557811,7.1536217
55,0.2047915628060153,-0.17122406,-0.17010134,0.7145625,0.99978894,-0.02032824,0.0023871616,-0.0017741547,0.02878378,0.044390302,0.96216494,-0.1272486,-0.29344687,0.32268864,3.0,3.0,3.0,3.0,3.0,3.0,3.0,3.0,3.0,3.0,3.0,3.0,3.0,3.0,3.0,3.0,3.0,3.0,3.0,3.0,3.0,3.0,3.0,3.0,3.0,3.0,3.0,3.0,3.0,3.0,3.0,3.0,3.0,3.0,3.0,3.0,-0.8212414,1.9094038,0.93341506,7.2517967
60,0.1987106181287558,-0.17183597,-0.17113273,0.69444495,0.99975044,-0.02197229,-0.003529453,0.0019700148,0.029404683,0.051275525,0.92623526,-0.12739599,-0.5912459,0.33670828,3.0,3.0,3.0,3.0,3.0,3.0,3.0,3.0,3.0,3.0,3.0,3.0,3.0,3.0,3.0,3.0,3.0,3.0,3.0,3.0,3.0,3.0,3.0,3.0,3.0,3.0,3.0,3.0,3.0,3.0,3.0,3.0,3.0,3.0,3.0,3.0,3.382329,0.93103456,0.79342127,5.610153
65,0.2242998597438176,-0.17243001,-0.17230754,0.67529017,0.99969006,-0.023273684,-0.008234715,0.0032032256,0.027618507,0.059916575,0.91553235,-0.15804766,-0.38404575,-0.05572204,3.0,3.0,3.0,3.0,3.0,3.0,3.0,3.0,3.0,3.0,3.0,3.0,3.0,3.0,3.0,3.0,3.0,3.0,3.0,3.0,3.0,3.0,3.0,3.0,3.0,3.0,3.0,3.0,3.0,3.0,3.0,3.0,3.0,1.9835906,3.0,3.0,-3.3055842,1.2519035,-0.40292704,-1.2125206
70,0.09827815415086277,-0.17297913,-0.17362364,0.6573143,0.99957633,-0.02578104,-0.01303068,0.0035705827,0.025420872,0.06538695,0.82773334,-0.29422286,-0.5110574,0.11035221,3.0,3.0,3.0,3.0,3.0,3.0,3.0,3.0,3.0,3.0,3.0,3.0,3.0,3.0,3.0,3.0,3.0,3.0,3.0,3.0,3.0,3.0,3.0,3.0,3.0,3.0,3.0,3.0,3.0,3.0,3.0,3.0,3.0,1.9129639,1.8708209,3.0,-1.6886406,1.1958528,0.62314725,14.490547
75,0.06137824407269099,-0.17343493,-0.17512332,0.64000314,0.9992352,-0.031569585,-0.021653475,0.007966645,0.01850613,0.07765537,0.8506817,-0.5523246,-1.0589421,0.44936213,3.0,3.0,3.0,3.0,3.0,3.0,3.0,3.0,3.0,3.0,3.0,3.0,3.0,3.0,3.0,3.0,3.0,3.0,3.0,3.0,3.0,3.0,3.0,3.0,3.0,3.0,3.0,3.0,3.0,3.0,3.0,3.0,3.0,1.9049026,1.9282035,3.0,-0.9487734,3.008255,0.33101988,16.582314
80,0.08468329574548539,-0.17371632,-0.17688143,0.6226506,0.99871665,-0.03808874,-0.032005597,0.009481824,0.007953255,0.091282986,0.85321105,-0.8263368,-0.8022362,-0.19478925,3.0,3.0,3.0,3.0,3.0,3.0,3.0,3.0,3.0,3.0,3.0,3.0,3.0,3.0,3.0,3.0,3.0,3.0,3.0,3.0,3.0,3.0,3.0,3.0,3.0,3.0,3.0,3.0,3.0,3.0,3.0,3.0,3.0,1.9046549,1.9587482,3.0,0.38205528,4.034009,0.7752199,14.952587
85,0.08024469184663935,-0.17362508,-0.17908405,0.6035337,0.99800944,-0.048661128,-0.039213784,0.008457702,-0.013060684,0.11605249,0.95784473,-1.0455048,-0.6052005,0.116956644,3.0,3.0,3.0,3.0,3.0,3.0,3.0,3.0,3.0,3.0,3.0,3.0,3.0,3.0,3.0,3.0,3.0,3.0,3.0,3.0,3.0,3.0,3.0,3.0,3.0,3.0,3.0,3.0,3.0,3.0,3.0,3.0,3.0,1.9103992,1.9654683,3.0,-3.3555098,1.769485,0.90193415,17.489498
90,0.10069825052090392,-0.17312138,-0.18178104,0.5832336,0.9970359,-0.059393886,-0.047560826,0.011389927,-0.028222864,0.13435033,0.9396967,-0.96565527,-0.7782525,0.30519867,3.0,3.0,3.0,3.0,3.0,3.0,3.0,3.0,3.0,3.0,3.0,2.888483,2.7738209,2.7482295,2.807635,2.9616413,3.0,3.0,3.0,3.0,3.0,3.0,3.0,3.0,3.0,3.0,3.0,3.0,3.0,3.0,3.0,3.0,3.0,3.0,3.0,3.0,3.4925518,-4.397063,0.92532706,13.21616
95,0.047323236323749074,-0.17240345,-0.1847365,0.5648955,0.9960512,-0.06794957,-0.055059776,0.015274841,-0.038707048,0.14696689,0.8392578,-0.761569,-0.7698075,0.315637,3.0,3.0,3.0,3.0,3.0,3.0,3.0,3.0,3.0,3.0,2.8318152,2.6276941,2.5225132,2.49842,2.5515776,2.6905754,2.940069,3.0,3.0,3.0,3.0,3.0,3.0,3.0,3.0,3.0,3.0,3.0,3.0,3.0,3.0,3.0,3.0,3.0,3.0,3.0,2.6451945,-4.615868,0.5748023,16.98861
100,0.036069858480514,-0.17146167,-0.18795784,0.5487934,0.9950205,-0.07520954,-0.06246422,0.019389346,-0.049802255,0.15998621,0.72929317,-0.6796445,-0.64410096,0.48235178,3.0,3.0,3.0,3.0,3.0,3.0,3.0,3.0,3.0,2.966662,2.640784,2.4463887,2.3450177,2.3193827,2.3653963,2.490476,2.7166755,3.0,3.0,3.0,3.0,3.0,3.0,3.0,3.0,3.0,3.0,3.0,3.0,3.0,3.0,3.0,3.0,3.0,3.0,3.0,3.1368504,-4.97963,0.9531921,16.069511
105,0.1390520049039996,-0.17021646,-0.19152917,0.53456056,0.9941921,-0.07999484,-0.06698014,0.026391493,-0.065779604,0.17825353,0.64604306,-0.40802187,-0.2741401,0.7566363,3.0,3.0,3.0,3.0,3.0,3.0,3.0,3.0,3.0,2.8625534,2.5500827,2.363872,2.2672055,2.2436275,2.2893808,2.411847,2.6326694,2.9982858,3.0,3.0,3.0,3.0,3.0,3.0,3.0,3.0,3.0,3.0,3.0,3.0,3.0,3.0,3.0,3.0,3.0,3.0,-1.3269858,-4.9792986,0.95027757,2.7007637
110,0.08093370632638308,-0.1685498,-0.19557475,0.52155095,0.9936025,-0.08142456,-0.07142086,0.03198572,-0.08717011,0.20205274,0.5921852,-0.069967955,-0.3120152,0.4638449,3.0,3.0,3.0,3.0,3.0,3.0,3.0,3.0,3.0,2.8757062,2.5505097,2.3556948,2.2521021,2.2219043,2.2602742,2.3733737,2.580939,2.925705,3.0,3.0,3.0,3.0,3.0,3.0,3.0,3.0,3.0,3.0,3.0,3.0,3.0,3.0,3.0,3.0,3.0,3.0,-0.055891037,-4.9568157,0.23647082,9.235222
115,0.05316554007402258,-0.16653877,-0.19998972,0.5104772,0.9932219,-0.08126006,-0.074198045,0.037440706,-0.10285282,0.21848962,0.49111897,0.019199086,-0.16562708,0.59800524,3.0,3.0,3.0,3.0,3.0,3.0,3.0,3.0,3.0,2.9317203,2.5904064,2.3851926,2.2741327,2.237928,2.2707732,2.377925,2.5778973,2.9111671,3.0,3.0,3.0,3.0,3.0,3.0,3.0,3.0,3.0,3.0,3.0,3.0,3.0,3.0,3.0,3.0,3.0,3.0,1.2017107,-4.9314003,0.9675112,10.662167
120,-0.03873251232260419,-0.1639515,-0.20499064,0.49995935,0.9935634,-0.076229036,-0.0732665,0.040655795,-0.13749371,0.2532485,0.50810754,0.6949537,0.2563346,0.3976147,3.0,3.0,3.0,3.0,3.0,3.0,3.0,3.0,3.0,3.0,2.7896662,2.5562563,2.4269369,2.3788722,2.4043093,2.5073028,2.7053962,3.0,3.0,3.0,3.0,3.0,3.0,3.0,3.0,3.0,3.0,3.0,3.0,3.0,3.0,3.0,3.0,3.0,3.0,3.0,0.07937193,-1.1955647,0.9197154,21.071175
125,0.015338733588916714,-0.16043562,-0.21088807,0.48771328,0.9941686,-0.068949185,-0.070889175,0.043006223,-0.18314113,0.29645196,0.6003353,0.5388481,0.2008414,0.3201638,3.0,3.0,3.0,3.0,3.0,3.0,3.0,3.0,3.0,3.0,3.0,2.8344474,2.6748738,2.607309,2.6207418,2.7173052,2.9131575,3.0,3.0,3.0,3.0,3.0,3.0,3.0,3.0,3.0,3.0,3.0,3.0,3.0,3.0,3.0,3.0,3.0,3.0,3.0,-1.1698685,0.54882765,0.37577558,16.735714
130,-0.06218821810452682,-0.15626946,-0.21737339,0.4754042,0.994614,-0.062143266,-0.068893254,0.046204742,-0.21141784,0.32111636,0.5867186,0.84161574,0.20525728,0.20481189,3.0,3.0,3.0,3.0,3.0,3.0,3.0,3.0,3.0,3.0,3.0,3.0,2.9435308,2.8514934,2.8489773,2.935583,3.0,3.0,3.0,3.0,3.0,3.0,3.0,3.0,3.0,3.0,3.0,3.0,3.0,3.0,3.0,3.0,3.0,3.0,3.0,3.0,1.1215396,2.8748999,0.7778733,24.01934
135,-0.034683880083780955,-0.1513688,-0.22447051,0.4622901,0.9952746,-0.05747196,-0.0648109,0.043874968,-0.24620987,0.3494479,0.6256559,0.23260567,0.33241978,-0.15297262,3.0,3.0,3.0,3.0,3.0,3.0,3.0,3.0,3.0,3.0,3.0,3.0,3.0,3.0,3.0,3.0,3.0,3.0,3.0,3.0,3.0,3.0,3.0,3.0,3.0,3.0,3.0,3.0,3.0,3.0,3.0,3.0,3.0,3.0,3.0,3.0,-0.9545336,-0.1014204,0.7473645,22.609444
140,-0.02957374369661564,-0.14579846,-0.23210275,0.4485391,0.99579495,-0.055078864,-0.062030613,0.038871292,-0.28547332,0.38071734,0.7144185,-0.04651033,0.23462057,-0.5476768,3.0,3.0,3.0,3.0,3.0,3.0,3.0,3.0,3.0,3.0,3.0,3.0,3.0,3.0,3.0,3.0,3.0,3.0,3.0,3.0,3.0,3.0,3.0,3.0,3.0,3.0,3.0,3.0,3.0,3.0,3.0,3.0,3.0,3.0,3.0,3.0,0.6460142,0.79871655,0.586205,22.499634
145,-0.04668546729005851,-0.13956307,-0.24027002,0.4339444,0.9962505,-0.056782253,-0.058327172,0.029302115,-0.30751714,0.39896938,0.68488735,-0.04096761,0.23504566,-1.1372668,3.0,3.0,3.0,3.0,3.0,3.0,3.0,3.0,3.0,3.0,3.0,3.0,3.0,3.0,3.0,3.0,3.0,3.0,3.0,3.0,3.0,3.0,3.0,3.0,3.0,3.0,3.0,3.0,3.0,3.0,3.0,3.0,3.0,3.0,3.0,3.0,1.1896076,1.6505933,0.89504564,22.577805
150,-0.09061138987573866,-0.13275956,-0.24894513,0.4189091,0.9966787,-0.058381937,-0.054623622,0.015469712,-0.3369178,0.4263845,0.72974306,-0.120836906,0.31338248,-1.6041931,3.0,3.0,3.0,3.0,3.0,3.0,3.0,3.0,3.0,3.0,3.0,3.0,3.0,3.0,3.0,3.0,3.0,3.0,3.0,3.0,3.0,3.0,3.0,3.0,3.0,3.0,3.0,3.0,3.0,3.0,3.0,3.0,3.0,3.0,3.0,3.0,0.030725002,2.6509166,0.4737326,25.598083
155,-0.039366133653149005,1.8745067,-0.2580891,1.4039747,0.9968453,-0.06157301,-0.050077423,0.00068693823,-0.3577265,0.44888982,0.7204689,-0.2025572,0.31275144,-1.2868059,3.0,3.0,3.0,3.0,3.0,3.0,3.0,3.0,3.0,3.0,3.0,3.0,3.0,3.0,3.0,3.0,3.0,3.0,3.0,3.0,3.0,3.0,3.0,3.0,3.0,3.0,3.0,3.0,3.0,3.0,3.0,3.0,3.0,3.0,3.0,3.0,4.9442596,-4.938642,0.9576838,11.00367
160,-0.13493655620505263,1.8821852,-0.26772213,1.3891964,0.9972287,-0.0608528,-0.042058434,-0.00793822,-0.37614286,0.47234765,0.70913005,0.3383569,0.9985253,-0.5795845,3.0,3.0,3.0,3.0,3.0,3.0,3.0,3.0,3.0,3.0,3.0,3.0,3.0,3.0,3.0,3.0,3.0,3.0,3.0,3.0,3.0,3.0,3.0,3.0,3.0,3.0,3.0,3.0,3.0,3.0,3.0,3.0,3.0,3.0,3.0,3.0,3.1118917,-4.8471994,0.8872963,21.5141
165,-0.2015682823727231,1.8902829,-0.2779569,1.37368,0.9980085,-0.05410841,-0.03033224,-0.011458995,-0.3980125,0.5063235,0.79253423,0.67446256,1.0817578,-0.11753499,3.0,3.0,3.0,3.0,3.0,3.0,3.0,3.0,3.0,3.0,3.0,3.0,3.0,3.0,3.0,3.0,3.0,3.0,3.0,3.0,3.0,3.0,3.0,3.0,3.0,3.0,3.0,3.0,3.0,3.0,3.0,3.0,3.0,3.0,3.0,3.0,-0.44097853,-3.6802256,0.76166797,28.960594
170,-0.1725347261298664,1.898777,-0.2888886,1.3560661,0.99869776,-0.046262056,-0.018891687,-0.010279238,-0.41421786,0.53785,0.89441496,0.7324954,1.2846236,0.19234547,3.0,3.0,3.0,3.0,3.0,3.0,3.0,3.0,3.0,3.0,3.0,3.0,3.0,3.0,3.0,3.0,3.0,3.0,3.0,3.0,3.0,3.0,3.0,3.0,3.0,3.0,3.0,3.0,3.0,3.0,3.0,3.0,3.0,3.0,3.0,3.0,-2.6204095,2.300696,0.9525205,26.72026
175,-0.14375186890071306,1.9075365,-0.30043888,1.3361576,0.99911517,-0.04075193,-0.0077417362,-0.0069408226,-0.42335832,0.56403,0.9868539,0.51530546,1.1433275,0.40330896,3.0,3.0,3.0,3.0,3.0,3.0,3.0,3.0,3.0,3.0,3.0,3.0,3.0,3.0,3.0,3.0,3.0,3.0,3.0,3.0,3.0,3.0,3.0,3.0,3.0,3.0,3.0,3.0,3.0,3.0,3.0,3.0,3.0,3.0,3.0,3.0,-3.3486056,-1.7616236,0.9828911,24.56569
180,-0.08853329475046429,1.916391,-0.31244454,1.314832,0.9994468,-0.032911815,0.0042132763,-0.0022714243,-0.42537856,0.5846205,1.0579103,0.6294629,1.2777898,0.40519014,3.0,3.0,3.0,3.0,3.0,3.0,3.0,3.0,3.0,3.0,3.0,3.0,3.0,3.0,3.0,3.0,3.0,3.0,3.0,3.0,3.0,3.0,3.0,3.0,3.0,3.0,3.0,3.0,3.0,3.0,3.0,3.0,3.0,3.0,3.0,3.0,3.5038042,-2.185509,0.9656193,18.954624
185,-0.07341095496886772,1.9252084,-0.32481647,1.2921704,0.99954516,-0.025302252,0.01632639,0.0016494655,-0.420833,0.59978753,1.1128126,0.57459915,1.1030685,0.15805638,3.0,3.0,3.0,3.0,3.0,3.0,3.0,3.0,3.0,3.0,3.0,3.0,3.0,3.0,3.0,3.0,3.0,3.0,3.0,3.0,3.0,3.0,3.0,3.0,3.0,3.0,3.0,3.0,3.0,3.0,3.0,3.0,3.0,3.0,3.0,3.0,3.4993467,-2.8200076,0.9869962,18.189098
190,-0.031826843428728574,1.9338676,-0.33744058,1.2686981,0.9993949,-0.019137137,0.028785018,0.0038792985,-0.41162142,0.6093504,1.129405,0.43713692,1.0044186,0.25814474,3.0,3.0,3.0,3.0,3.0,3.0,3.0,3.0,3.0,3.0,3.0,3.0,3.0,3.0,3.0,3.0,3.0,3.0,3.0,3.0,3.0,3.0,3.0,3.0,3.0,3.0,3.0,3.0,3.0,3.0,3.0,3.0,3.0,3.0,3.0,3.0,-1.5563302,-2.2865856,0.92285275,14.430843
195,-0.08356571261336414,1.9422779,-0.35021925,1.2451123,0.999173,-0.013286747,0.037578486,0.008042694,-0.39779055,0.6157869,1.1352428,0.57845384,0.6597412,0.43209633,3.0,3.0,3.0,3.0,3.0,3.0,3.0,3.0,3.0,3.0,3.0,3.0,3.0,3.0,3.0,3.0,3.0,3.0,3.0,3.0,3.0,3.0,3.0,3.0,3.0,3.0,3.0,3.0,3.0,3.0,3.0,3.0,3.0,3.0,3.0,3.0,2.6413765,-2.2759538,0.9218011,19.974014
200,-0.09011861686929899,1.9503233,-0.36311284,1.2210014,0.9988369,-0.008288238,0.04523906,0.014479215,-0.37784225,0.62062377,1.1735263,0.43168277,0.8004865,0.59189934,3.0,3.0,3.0,3.0,3.0,3.0,3.0,3.0,3.0,3.0,3.0,3.0,3.0,3.0,3.0,3.0,3.0,3.0,3.0,3.0,3.0,3.0,3.0,3.0,3.0,3.0,3.0,3.0,3.0,3.0,3.0,3.0,3.0,3.0,3.0,3.0,3.3182602,-1.78582,0.9784696,20.8956
205,-0.11139906925597971,1.9579281,-0.37607604,1.1963235,0.99828064,-0.003601297,0.054878,0.02027777,-0.3562445,0.6229684,1.1876284,0.55481863,0.9466614,0.47205803,3.0,3.0,3.0,3.0,3.0,3.0,3.0,3.0,3.0,3.0,3.0,3.0,3.0,3.0,3.0,3.0,3.0,3.0,3.0,3.0,3.0,3.0,3.0,3.0,3.0,3.0,3.0,3.0,3.0,3.0,3.0,3.0,3.0,3.0,3.0,3.0,-1.1748788,-0.5272012,0.93327,23.049469
210,-0.08056261171022927,1.965036,-0.38906237,1.171424,0.9976295,0.0020567614,0.0646621,0.023450635,-0.33099186,0.62327087,1.1969457,0.37919372,0.8487116,0.2100246,3.0,3.0,3.0,3.0,3.0,3.0,3.0,3.0,3.0,3.0,3.0,3.0,3.0,3.0,3.0,3.0,3.0,3.0,3.0,3.0,3.0,3.0,3.0,3.0,3.0,3.0,3.0,3.0,3.0,3.0,3.0,3.0,3.0,3.0,3.0,3.0,0.3946104,-1.5602553,0.97978926,20.760124
215,-0.1492346514563828,1.9715612,-0.40202713,1.1462988,0.99706334,0.0063391225,0.07196168,0.025416672,-0.30177107,0.62145513,1.2053044,0.4901327,0.7238334,0.12714821,3.0,3.0,3.0,3.0,3.0,3.0,3.0,3.0,3.0,3.0,3.0,3.0,3.0,3.0,3.0,3.0,3.0,3.0,3.0,3.0,3.0,3.0,3.0,3.0,3.0,3.0,3.0,3.0,3.0,3.0,3.0,3.0,3.0,3.0,3.0,3.0,-0.24761486,-0.15755844,0.99079704,28.068779
220,-0.1088178855893282,1.9774575,-0.41493353,1.1211399,0.996495,0.010221384,0.07954618,0.023783205,-0.27275246,0.61815727,1.1916591,0.16037893,0.6936048,-0.08978525,3.0,3.0,3.0,3.0,3.0,3.0,3.0,3.0,3.0,3.0,3.0,3.0,3.0,3.0,3.0,3.0,3.0,3.0,3.0,3.0,3.0,3.0,3.0,3.0,3.0,3.0,3.0,3.0,3.0,3.0,3.0,3.0,3.0,2.5435832,3.0,3.0,-3.4023376,1.2417622,0.99799204,23.911263
225,-0.12515595494353168,1.9827493,-0.4277561,1.096529,0.9960869,0.012909227,0.083420716,0.026177466,-0.23663598,0.61311716,1.2024165,0.5099911,0.34398562,0.44066474,3.0,3.0,3.0,3.0,3.0,3.0,3.0,3.0,3.0,3.0,3.0,3.0,3.0,3.0,3.0,3.0,3.0,3.0,3.0,3.0,3.0,3.0,3.0,3.0,3.0,3.0,3.0,3.0,3.0,3.0,3.0,3.0,3.0,2.5475416,3.0,3.0,0.8000808,2.9295511,0.97961545,26.274033
230,-0.005305889007697823,1.987206,-0.44045419,1.0713121,0.99550694,0.015731147,0.08810254,0.030925646,-0.19734612,0.6067547,1.2223997,0.12161955,0.5245076,0.34532878,3.0,3.0,3.0,3.0,3.0,3.0,3.0,3.0,3.0,3.0,3.0,3.0,3.0,3.0,3.0,3.0,3.0,3.0,3.0,3.0,3.0,3.0,3.0,3.0,3.0,3.0,3.0,3.0,3.0,3.0,3.0,3.0,3.0,2.5298665,3.0,3.0,-3.0106034,-1.3933253,0.80101895,14.535179
235,-0.018536129054054523,1.9909619,-0.4530284,1.0464928,0.9950202,0.0181529,0.09223534,0.033134393,-0.16098905,0.6002449,1.2128382,0.2403152,0.38409808,0.07069659,3.0,3.0,3.0,3.0,3.0,3.0,3.0,3.0,3.0,3.0,3.0,3.0,3.0,3.0,3.0,3.0,3.0,3.0,3.0,3.0,3.0,3.0,3.0,3.0,3.0,3.0,3.0,3.0,3.0,3.0,3.0,3.0,3.0,2.533085,3.0,3.0,1.4606738,0.1953497,0.96824956,17.23159
240,-0.18343721647719013,1.9937996,-0.46543473,1.0210892,0.9943637,0.02137559,0.0978087,0.03488943,-0.123780355,0.59292775,1.2010412,0.24442278,0.64300454,0.11193357,3.0,3.0,3.0,3.0,3.0,3.0,3.0,3.0,3.0,3.0,3.0,3.0,3.0,3.0,3.0,3.0,3.0,3.0,3.0,3.0,3.0,3.0,3.0,3.0,3.0,3.0,3.0,3.0,3.0,3.0,3.0,3.0,3.0,2.4965842,3.0,3.0,-4.1283245,1.1126175,0.7384598,32.88015
245,-0.05180904979752865,1.9960463,-0.4777132,0.9970085,0.993543,0.022681646,0.10554904,0.034887508,-0.09936516,0.58738244,1.1142442,0.064336926,0.77766967,-0.01995465,3.0,3.0,3.0,3.0,3.0,3.0,3.0,3.0,3.0,3.0,3.0,3.0,3.0,3.0,3.0,3.0,3.0,3.0,3.0,3.0,3.0,3.0,3.0,3.0,3.0,3.0,3.0,3.0,3.0,3.0,3.0,3.0,3.0,2.43605,3.0,3.0,-4.152195,2.041154,0.9715445,18.62072
250,-0.098605472567311,1.9978164,-0.48988375,0.97500885,0.99279904,0.02365399,0.112351544,0.03417185,-0.07352094,0.5817459,1.0246143,0.0014632125,0.5001408,-0.042692635,3.0,3.0,3.0,3.0,3.0,3.0,3.0,3.0,3.0,3.0,3.0,3.0,3.0,3.0,3.0,3.0,3.0,3.0,3.0,3.0,3.0,3.0,3.0,3.0,3.0,3.0,3.0,3.0,3.0,3.0,3.0,3.0,3.0,2.3959563,3.0,3.0,-2.68442,-4.140107,0.88822865,23.541405
255,-0.1228295222712695,1.9988778,-0.50190747,0.95421165,0.99262935,0.024677457,0.11424635,0.032027952,-0.030562276,0.57308763,1.0028088,0.10327894,-0.0732749,-0.1974721,3.0,3.0,3.0,3.0,3.0,3.0,3.0,3.0,3.0,3.0,3.0,3.0,3.0,3.0,3.0,3.0,3.0,3.0,3.0,3.0,3.0,3.0,3.0,3.0,3.0,3.0,3.0,3.0,3.0,3.0,3.0,3.0,3.0,2.4452536,3.0,3.0,2.6132483,3.1890974,0.97597814,27.653015
260,-0.10896483743990115,1.9985998,-0.5136677,0.932005,0.9926023,0.026208047,0.114587724,0.030389251,0.039303157,0.55926627,1.0939288,0.2797234,0.10449811,-0.04607766,3.0,3.0,3.0,3.0,3.0,3.0,3.0,3.0,3.0,3.0,3.0,3.0,3.0,3.0,3.0,3.0,3.0,3.0,3.0,3.0,3.0,3.0,3.0,3.0,3.0,3.0,3.0,3.0,3.0,3.0,3.0,3.0,3.0,2.5231187,3.0,3.0,2.4897242,1.7056508,0.984658,28.081581
265,-0.06766244967113197,1.997126,-0.5251781,0.9090122,0.9922917,0.028087288,0.1172767,0.028538711,0.08803315,0.5486129,1.09402,0.2407656,0.16822195,-0.23276582,3.0,3.0,3.0,3.0,3.0,3.0,3.0,3.0,3.0,3.0,3.0,3.0,3.0,3.0,3.0,3.0,3.0,3.0,3.0,3.0,3.0,3.0,3.0,3.0,3.0,3.0,3.0,3.0,3.0,3.0,3.0,3.0,3.0,2.5540912,3.0,3.0,0.0032572746,0.7295904,0.9288125,24.326424
270,-0.028644236091632913,1.9945216,-0.5364329,0.8855956,0.99210304,0.029506518,0.119293794,0.025098307,0.14436483,0.53565663,1.1217474,-0.045450177,0.17300831,-0.44931147,3.0,3.0,3.0,3.0,3.0,3.0,3.0,3.0,3.0,3.0,3.0,3.0,3.0,3.0,3.0,3.0,3.0,3.0,3.0,3.0,3.0,3.0,3.0,3.0,3.0,3.0,3.0,3.0,3.0,3.0,3.0,3.0,3.0,2.6037154,3.0,3.0,2.887412,-4.11683,0.86472666,21.028946
275,-0.0617999927101652,1.9909161,-0.54744655,0.8623588,0.99171257,0.03146344,0.122461975,0.022788802,0.19355085,0.52360106,1.1157429,0.31215712,0.44198182,-0.09541399,3.0,3.0,3.0,3.0,3.0,3.0,3.0,3.0,3.0,3.0,3.0,3.0,3.0,3.0,3.0,3.0,3.0,3.0,3.0,3.0,3.0,3.0,3.0,3.0,3.0,3.0,3.0,3.0,3.0,3.0,3.0,3.0,3.0,2.6229565,3.0,3.0,-2.331131,3.3578634,0.81397176,24.467499
280,0.030347139890390284,1.9864922,-0.55825,0.8401269,0.9913962,0.033390686,0.12487016,0.020640863,0.23059337,0.51379603,1.056608,0.23579206,0.040999353,-0.18247421,3.0,3.0,3.0,3.0,3.0,3.0,3.0,3.0,3.0,3.0,3.0,3.0,3.0,3.0,3.0,3.0,3.0,3.0,3.0,3.0,3.0,3.0,3.0,3.0,3.0,3.0,3.0,3.0,3.0,3.0,3.0,3.0,3.0,2.651116,3.0,3.0,1.4872165,3.856554,0.93958426,16.03563
285,-0.06397353184532853,1.9810982,-0.5687972,0.81838137,0.99111897,0.03328045,0.12763295,0.016896034,0.27184528,0.5026578,1.0120207,-0.13384141,0.34013554,-0.37417823,3.0,3.0,3.0,3.0,3.0,3.0,3.0,3.0,3.0,3.0,3.0,3.0,3.0,3.0,3.0,3.0,3.0,3.0,3.0,3.0,3.0,3.0,3.0,3.0,3.0,3.0,3.0,3.0,3.0,3.0,3.0,3.0,3.0,2.6913023,3.0,3.0,-3.2456822,1.7440786,0.44759202,25.110283
290,-0.12324486196529158,1.9749314,-0.5791353,0.7979425,0.99100006,0.032299913,0.12931573,0.012371647,0.3237769,0.4892208,1.0040579,-0.2578326,0.19117537,-0.6205526,3.0,3.0,3.0,3.0,3.0,3.0,3.0,3.0,3.0,3.0,3.0,3.0,3.0,3.0,3.0,3.0,3.0,3.0,3.0,3.0,3.0,3.0,3.0,3.0,3.0,3.0,3.0,3.0,3.0,3.0,3.0,3.0,3.0,3.0,3.0,3.0,-1.8695931,-3.2128735,0.9563546,31.811157
295,-0.11407421679634586,1.9674942,-0.5891498,0.77697283,0.9911826,0.032505088,0.12834512,0.0052894494,0.381831,0.47429493,1.0184805,0.06518717,-0.28184992,-0.49692875,3.0,3.0,3.0,3.0,3.0,3.0,3.0,3.0,3.0,3.0,3.0,3.0,3.0,3.0,3.0,3.0,3.0,3.0,3.0,3.0,3.0,3.0,3.0,3.0,3.0,3.0,3.0,3.0,3.0,3.0,3.0,3.0,3.0,3.0,3.0,3.0,3.935771,3.8354015,0.8835604,32.33055
300,-0.10506095027836138,1.9587127,-0.59881413,0.7551702,0.99104625,0.033687994,0.12919846,0.0003865594,0.4421119,0.458271,1.0433786,0.0063991104,0.29435444,-0.49856317,3.0,3.0,3.0,3.0,3.0,3.0,3.0,3.0,3.0,3.0,3.0,3.0,3.0,3.0,3.0,3.0,3.0,3.0,3.0,3.0,3.0,3.0,3.0,3.0,3.0,3.0,3.0,3.0,3.0,3.0,3.0,3.0,3.0,3.0,3.0,3.0,-2.6699817,2.4005547,0.9556726,32.21187
305,-0.1252196276200755,1.949058,-0.6082321,0.73430043,0.9908603,0.03499191,0.13015018,-0.00568696,0.47917813,0.4474778,0.97958094,0.004256345,0.048710227,-0.74459296,3.0,3.0,3.0,3.0,3.0,3.0,3.0,3.0,3.0,3.0,3.0,3.0,3.0,3.0,3.0,3.0,3.0,3.0,3.0,3.0,3.0,3.0,3.0,3.0,3.0,3.0,3.0,3.0,3.0,3.0,3.0,3.0,3.0,3.0,3.0,3.0,0.59751225,-1.5909886,0.89234245,34.6156
310,-0.13398426285689247,1.9383991,-0.6173535,0.7138903,0.990815,0.037014037,0.12937509,-0.013329398,0.5325936,0.43137616,0.97752047,-0.05534224,0.056424636,-0.94810265,3.0,3.0,3.0,3.0,3.0,3.0,3.0,3.0,3.0,3.0,3.0,3.0,3.0,3.0,3.0,3.0,3.0,3.0,3.0,3.0,3.0,3.0,3.0,3.0,3.0,3.0,3.0,3.0,3.0,3.0,3.0,3.0,3.0,3.0,3.0,3.0,-3.8204978,0.49271965,0.6985105,35.326477
315,-0.07375888888561913,1.9268403,-0.62618643,0.6943047,0.99075294,0.037806995,0.12822893,-0.023163775,0.5756986,0.4171129,0.9382084,-0.20540851,-0.11542941,-1.0607076,3.0,3.0,3.0,3.0,3.0,3.0,3.0,3.0,3.0,3.0,3.0,3.0,3.0,3.0,3.0,3.0,3.0,3.0,3.0,3.0,3.0,3.0,3.0,3.0,3.0,3.0,3.0,3.0,3.0,3.0,3.0,3.0,3.0,3.0,3.0,3.0,1.235632,3.4848518,0.9339882,29.894928
320,-0.12408798354699674,1.9142367,-0.6346677,0.6749449,0.99084264,0.036929943,0.12509894,-0.03488974,0.6223167,0.4010855,0.9156488,0.018414795,-0.39445394,-1.0041094,3.0,3.0,3.0,3.0,3.0,3.0,3.0,3.0,3.0,3.0,3.0,3.0,3.0,3.0,3.0,3.0,3.0,3.0,3.0,3.0,3.0,3.0,3.0,3.0,3.0,3.0,3.0,3.0,3.0,3.0,3.0,3.0,3.0,3.0,3.0,3.0,0.54205704,2.9144769,0.54027,35.260933
325,-0.03170444524857552,1.9007668,-0.6428384,0.65637976,0.9911201,0.036716517,0.120158754,-0.043528717,0.67130345,0.38315967,0.9102028,-0.17034136,-0.29276082,-0.73618895,3.0,3.0,3.0,3.0,3.0,3.0,3.0,3.0,3.0,3.0,3.0,3.0,3.0,3.0,3.0,3.0,3.0,3.0,3.0,3.0,3.0,3.0,3.0,3.0,3.0,3.0,3.0,3.0,3.0,3.0,3.0,3.0,3.0,3.0,3.0,3.0,-2.1125412,-0.36182976,0.30195487,27.429672
330,-0.019837033269689275,1.8864315,-0.6506824,0.63848037,0.9913471,0.03730688,0.11546442,-0.05007157,0.6969815,0.3728516,0.81606,-0.008236079,-0.4629469,-0.6215905,3.0,3.0,3.0,3.0,3.0,3.0,3.0,3.0,3.0,3.0,3.0,3.0,3.0,3.0,3.0,3.0,3.0,3.0,3.0,3.0,3.0,3.0,3.0,3.0,3.0,3.0,3.0,3.0,3.0,3.0,3.0,3.0,3.0,3.0,3.0,3.0,-0.5316286,-2.990146,-0.042747557,26.010979
335,0.019219949396649033,1.8714572,-0.6582623,0.62201625,0.9913334,0.03845333,0.112391844,-0.056102462,0.7319436,0.35826835,0.7678173,0.09409848,-0.19613926,-0.5489598,3.0,3.0,3.0,3.0,3.0,3.0,3.0,3.0,3.0,3.0,3.0,3.0,3.0,3.0,3.0,3.0,3.0,3.0,3.0,3.0,3.0,3.0,3.0,3.0,3.0,3.0,3.0,3.0,3.0,3.0,3.0,3.0,3.0,3.0,3.0,3.0,-3.6698656,2.4026155,-0.06933749,22.536232
340,-0.01739170443800475,1.8558656,-0.6655708,0.60698545,0.99149066,0.03935955,0.10866295,-0.059911847,0.76572186,0.34308317,0.71960956,0.037169393,-0.6014279,-0.20494832,3.0,3.0,3.0,3.0,3.0,3.0,3.0,3.0,3.0,3.0,3.0,3.0,3.0,3.0,3.0,3.0,3.0,3.0,3.0,3.0,3.0,3.0,3.0,3.0,3.0,3.0,3.0,3.0,3.0,3.0,3.0,3.0,3.0,3.0,3.0,3.0,-1.9566181,-0.12592459,0.68112934,26.91082
345,-0.029662211500976254,1.8394651,-0.6725069,0.59239286,0.9921773,0.04067794,0.10124524,-0.060653687,0.8064445,0.32375032,0.712586,0.102832556,-0.8688402,0.028775867,3.0,3.0,3.0,3.0,3.0,3.0,3.0,3.0,3.0,3.0,3.0,3.0,3.0,3.0,3.0,3.0,3.0,3.0,3.0,3.0,3.0,3.0,3.0,3.0,3.0,3.0,3.0,3.0,3.0,3.0,3.0,3.0,3.0,3.0,3.0,3.0,-1.2970381,-1.2058811,-0.71348894,28.249886
350,-0.11930033869867052,1.8223567,-0.6790878,0.5784733,0.99294853,0.043644544,0.0933859,-0.058543894,0.83373547,0.3091337,0.6537778,0.46317026,-0.66082567,0.3121003,3.0,3.0,3.0,3.0,3.0,3.0,3.0,3.0,3.0,3.0,3.0,3.0,3.0,3.0,3.0,3.0,3.0,3.0,3.0,3.0,3.0,3.0,3.0,3.0,3.0,3.0,3.0,3.0,3.0,3.0,3.0,3.0,3.0,3.0,3.0,3.0,2.6457767,3.0640097,0.65656686,37.60476
355,-0.04037999104315648,1.8045561,-0.6852793,0.56498396,0.99348474,0.04708465,0.08852777,-0.054166213,0.8627189,0.29199165,0.61457247,0.3638654,-0.50282055,0.44280574,3.0,3.0,3.0,3.0,3.0,3.0,3.0,3.0,3.0,3.0,3.0,3.0,3.0,3.0,3.0,3.0,3.0,3.0,3.0,3.0,3.0,3.0,3.0,3.0,3.0,3.0,3.0,3.0,3.0,3.0,3.0,3.0,3.0,3.0,3.0,3.0,-0.29649305,2.9664278,0.11588669,29.927818
360,0.014681890064029035,1.7861855,-0.6911025,0.552345,0.994082,0.048460398,0.08377545,-0.049339075,0.89611226,0.270009,0.61185807,0.08678036,-0.6684751,0.3833123,3.0,3.0,3.0,3.0,3.0,3.0,3.0,3.0,3.0,3.0,3.0,3.0,3.0,3.0,3.0,3.0,3.0,3.0,3.0,3.0,3.0,3.0,3.0,3.0,3.0,3.0,3.0,3.0,3.0,3.0,3.0,3.0,3.0,3.0,3.0,3.0,2.5415034,-0.7127037,0.5143492,25.446892
365,-0.023190692103380317,1.7672179,-0.69651645,0.54024124,0.9946608,0.051142354,0.07847284,-0.043317206,0.9154358,0.25589508,0.5339572,0.28012738,-0.5521558,0.54550946,3.0,3.0,3.0,3.0,3.0,3.0,3.0,3.0,3.0,3.0,3.0,3.0,3.0,3.0,3.0,3.0,3.0,3.0,3.0,3.0,3.0,3.0,3.0,3.0,3.0,3.0,3.0,3.0,3.0,3.0,3.0,3.0,3.0,3.0,3.0,3.0,1.9631662,-1.0067453,-0.56758916,28.720566
370,0.14046646090368559,1.7478894,-0.7016392,0.52985877,0.99510545,0.052732855,0.07436856,-0.038126986,0.945083,0.23220323,0.53659225,-0.08384848,-0.13911954,0.3047349,3.0,3.0,3.0,3.0,3.0,3.0,3.0,3.0,3.0,3.0,3.0,3.0,3.0,3.0,3.0,3.0,3.0,3.0,3.0,3.0,3.0,3.0,3.0,3.0,3.0,3.0,3.0,3.0,3.0,3.0,3.0,3.0,3.0,3.0,3.0,3.0,-3.85082,-0.7363267,0.45517957,13.545071
375,-0.03519796066474107,1.7280105,-0.70630956,0.51980186,0.99533385,0.05294577,0.0716472,-0.037066042,0.95965546,0.21927397,0.4430793,0.051584583,-0.31135562,0.018486537,3.0,3.0,3.0,3.0,3.0,3.0,3.0,3.0,3.0,3.0,3.0,3.0,3.0,3.0,3.0,3.0,3.0,3.0,3.0,3.0,3.0,3.0,3.0,3.0,3.0,3.0,3.0,3.0,3.0,3.0,3.0,3.0,3.0,3.0,3.0,3.0,-3.6377273,-0.76847124,-0.5052991,31.214943
380,0.08957950318686692,1.7078108,-0.71069056,0.5115111,0.9955037,0.054588027,0.06733419,-0.038191315,0.97456545,0.20551297,0.3568617,0.1532198,-0.43881825,-0.17965454,3.0,3.0,3.0,3.0,3.0,3.0,3.0,3.0,3.0,3.0,3.0,3.0,3.0,3.0,3.0,3.0,3.0,3.0,3.0,3.0,3.0,3.0,3.0,3.0,3.0,3.0,3.0,3.0,3.0,3.0,3.0,3.0,3.0,3.0,3.0,3.0,-3.7568612,-0.1532321,-0.2745222,18.03086
385,0.06563618104399505,1.6873863,-0.71484256,0.5055546,0.99564636,0.056483403,0.06273444,-0.03952704,0.984187,0.19506308,0.23907393,0.15768053,-0.44313377,-0.13937129,3.0,3.0,3.0,3.0,3.0,3.0,3.0,3.0,3.0,3.0,3.0,3.0,3.0,3.0,3.0,3.0,3.0,3.0,3.0,3.0,3.0,3.0,3.0,3.0,3.0,3.0,3.0,3.0,3.0,3.0,3.0,3.0,3.0,3.0,3.0,3.0,-2.1466036,-0.47756863,0.1709156,20.34256
390,-0.04993445666196977,1.6667342,-0.71873623,0.50174016,0.995807,0.058812182,0.056554258,-0.04136576,0.99497366,0.18229575,0.13825944,0.15523095,-0.6260616,-0.1815105,3.0,3.0,3.0,3.0,3.0,3.0,3.0,3.0,3.0,3.0,3.0,3.0,3.0,3.0,3.0,3.0,3.0,3.0,3.0,3.0,3.0,3.0,3.0,3.0,3.0,3.0,3.0,3.0,3.0,3.0,3.0,3.0,3.0,3.0,3.0,3.0,-0.6015258,1.1311588,0.7085787,31.775597
395,0.004605265753419352,1.6457386,-0.7222083,0.4987953,0.9962211,0.05960538,0.048642054,-0.04030638,1.0110636,0.16179664,0.09810039,0.09655604,-0.7366198,0.10255144,3.0,3.0,3.0,3.0,3.0,3.0,3.0,3.0,3.0,3.0,3.0,3.0,3.0,3.0,3.0,3.0,3.0,3.0,3.0,3.0,3.0,3.0,3.0,3.0,3.0,3.0,3.0,3.0,3.0,3.0,3.0,3.0,3.0,3.0,3.0,3.0,0.11983967,-4.010403,0.28839362,25.956581
400,0.06210271966870573,1.6242964,-0.7250409,0.49500552,0.99654824,0.061588302,0.040340513,-0.03835513,1.0350289,0.12665214,0.1736736,0.09142875,-0.72534835,0.061766803,3.0,3.0,3.0,3.0,3.0,3.0,3.0,3.0,3.0,3.0,3.0,3.0,3.0,3.0,3.0,3.0,3.0,3.0,3.0,3.0,3.0,3.0,3.0,3.0,3.0,3.0,3.0,3.0,3.0,3.0,3.0,3.0,3.0,3.0,3.0,3.0,0.6265216,-1.6317663,-0.22340459,21.049667
405,0.0033686613947563337,1.6025665,-0.72735834,0.4914406,0.9967619,0.063370995,0.033354625,-0.03656861,1.0469083,0.10300472,0.15314688,0.23780148,-0.6282934,0.21686667,3.0,3.0,3.0,3.0,3.0,3.0,3.0,3.0,3.0,3.0,3.0,3.0,3.0,3.0,3.0,3.0,3.0,3.0,3.0,3.0,3.0,3.0,3.0,3.0,3.0,3.0,3.0,3.0,3.0,3.0,3.0,3.0,3.0,3.0,3.0,3.0,0.6951132,-0.7824993,-0.56932616,27.251
410,0.0018474532343301653,1.580676,-0.7292772,0.48909,0.99692535,0.06499969,0.02738414,-0.034131497,1.0564497,0.076931186,0.14520767,-0.09544602,-0.63656956,0.24417508,3.0,3.0,3.0,3.0,3.0,3.0,3.0,3.0,3.0,3.0,3.0,3.0,3.0,3.0,3.0,3.0,3.0,3.0,3.0,3.0,3.0,3.0,3.0,3.0,3.0,3.0,3.0,3.0,3.0,3.0,3.0,3.0,3.0,3.0,3.0,3.0,3.6005583,0.34007978,0.3732599,27.904434
415,0.11897774866075372,1.5585097,-0.73041064,0.48509333,0.9970869,0.06473156,0.022414168,-0.03354296,1.0662389,0.046119,0.1726457,0.05655768,-0.45857868,0.06264647,3.0,3.0,3.0,3.0,3.0,3.0,3.0,3.0,3.0,3.0,3.0,3.0,3.0,3.0,3.0,3.0,3.0,3.0,3.0,3.0,3.0,3.0,3.0,3.0,3.0,3.0,3.0,3.0,3.0,3.0,3.0,3.0,3.0,3.0,3.0,3.0,-0.10374212,-1.7071233,0.13870549,17.146023
420,0.057931153385837264,1.536248,-0.7311379,0.48228994,0.99704295,0.06656497,0.016611781,-0.034618787,1.0693319,0.029179016,0.095535815,0.07726232,-0.45691496,-0.22644578,3.0,3.0,3.0,3.0,3.0,3.0,3.0,3.0,3.0,3.0,3.0,3.0,3.0,3.0,3.0,3.0,3.0,3.0,3.0,3.0,3.0,3.0,3.0,3.0,3.0,3.0,3.0,3.0,3.0,3.0,3.0,3.0,3.0,3.0,3.0,3.0,4.63667,3.6121473,-0.7179216,21.916214
425,0.07585319427349152,1.5139375,-0.7314724,0.48083493,0.99708813,0.06557329,0.01252817,-0.03685679,1.0722762,0.004736006,0.071735404,-0.32937592,-0.34531578,-0.05848304,3.0,3.0,3.0,3.0,3.0,3.0,3.0,3.0,3.0,3.0,3.0,3.0,3.0,3.0,3.0,3.0,3.0,3.0,3.0,3.0,3.0,3.0,3.0,3.0,3.0,3.0,3.0,3.0,3.0,3.0,3.0,3.0,3.0,3.0,3.0,3.0,2.1401873,-3.530064,0.06978512,20.951866
430,0.10576296895311671,1.4915608,-0.7311703,0.4788737,0.99727154,0.063558504,0.011057626,-0.03588191,1.0759254,-0.032868978,0.1526873,-0.15032302,-0.024011739,0.09789707,3.0,3.0,3.0,3.0,3.0,3.0,3.0,3.0,3.0,3.0,3.0,3.0,3.0,3.0,3.0,3.0,3.0,3.0,3.0,3.0,3.0,3.0,3.0,3.0,3.0,3.0,3.0,3.0,3.0,3.0,3.0,3.0,3.0,3.0,3.0,3.0,-1.0055902,0.9209318,0.17538881,19.568878
435,0.07079375128987547,1.4690996,-0.7299723,0.47423232,0.997553,0.06069131,0.009482186,-0.03338615,1.0796602,-0.07482025,0.27847883,-0.2787225,-0.15672448,0.23319037,3.0,3.0,3.0,3.0,3.0,3.0,3.0,3.0,3.0,3.0,3.0,3.0,3.0,3.0,3.0,3.0,3.0,3.0,3.0,3.0,3.0,3.0,3.0,3.0,3.0,3.0,3.0,3.0,3.0,3.0,3.0,3.0,3.0,3.0,3.0,3.0,2.4610667,-2.9215395,-0.20093036,23.322144
440,0.09996653290867863,1.4466107,-0.72825074,0.46964076,0.997751,0.058541793,0.007187793,-0.031845286,1.0793105,-0.08778246,0.18170954,-0.16900384,-0.26486114,0.06797723,3.0,3.0,3.0,3.0,3.0,3.0,3.0,3.0,3.0,3.0,3.0,3.0,3.0,3.0,3.0,3.0,3.0,3.0,3.0,3.0,3.0,3.0,3.0,3.0,3.0,3.0,3.0,3.0,3.0,3.0,3.0,3.0,3.0,3.0,3.0,3.0,2.2371454,-3.9953108,0.40625608,20.324013
445,0.21407278950706693,1.4241177,-0.7260969,0.4656526,0.99782723,0.05870495,0.0071163876,-0.02905005,1.0796069,-0.111562125,0.17947924,-0.030724188,0.16732398,0.2144265,3.0,3.0,3.0,3.0,3.0,3.0,3.0,3.0,3.0,3.0,3.0,3.0,3.0,3.0,3.0,3.0,3.0,3.0,3.0,3.0,3.0,3.0,3.0,3.0,3.0,3.0,3.0,3.0,3.0,3.0,3.0,3.0,3.0,3.0,3.0,3.0,-0.20990276,1.0925837,0.5282304,9.526348
450,0.023286759195841722,1.4016261,-0.7235081,0.4622092,0.9980469,0.05665526,0.007071633,-0.025349425,1.0792382,-0.12833096,0.119122796,-0.18840048,-0.02462714,0.32951066,3.0,3.0,3.0,3.0,3.0,3.0,3.0,3.0,3.0,3.0,3.0,3.0,3.0,3.0,3.0,3.0,3.0,3.0,3.0,3.0,3.0,3.0,3.0,3.0,3.0,3.0,3.0,3.0,3.0,3.0,3.0,3.0,3.0,3.0,3.0,3.0,-2.2548618,4.2182903,-0.77454674,27.404846
455,0.03483994006011942,1.3791533,-0.72071445,0.46120206,0.998239,0.05467957,0.00695583,-0.021925498,1.078341,-0.13789238,0.0011906684,-0.1882293,-0.025315622,0.32905167,3.0,3.0,3.0,3.0,3.0,3.0,3.0,3.0,3.0,3.0,3.0,3.0,3.0,3.0,3.0,3.0,3.0,3.0,3.0,3.0,3.0,3.0,3.0,3.0,3.0,3.0,3.0,3.0,3.0,3.0,3.0,3.0,3.0,3.0,3.0,3.0,0.11713505,1.1671572,-0.18798059,25.983948
460,0.03822493391637766,1.3566895,-0.71763676,0.46182853,0.99833894,0.053712264,0.0057389336,-0.020034213,1.0785748,-0.15778027,-0.018206304,-0.07760217,-0.114199646,-0.12345107,3.0,3.0,3.0,3.0,3.0,3.0,3.0,3.0,3.0,3.0,3.0,3.0,3.0,3.0,3.0,3.0,3.0,3.0,3.0,3.0,3.0,3.0,3.0,3.0,3.0,3.0,3.0,3.0,3.0,3.0,3.0,3.0,3.0,3.0,3.0,3.0,0.9052782,-0.33226585,-0.7539074,26.02642
465,0.11405671264860862,1.3342258,-0.7141532,0.46290392,0.9983801,0.052162115,0.005316139,-0.02208984,1.0781679,-0.17537698,-0.055949196,-0.11828566,-0.0464937,-0.3613905,3.0,3.0,3.0,3.0,3.0,3.0,3.0,3.0,3.0,3.0,3.0,3.0,3.0,3.0,3.0,3.0,3.0,3.0,3.0,3.0,3.0,3.0,3.0,3.0,3.0,3.0,3.0,3.0,3.0,3.0,3.0,3.0,3.0,3.0,3.0,3.0,2.0173454,-2.9386163,-0.7940074,17.559467
470,0.03594056756220454,1.3117733,-0.7103194,0.46485925,0.9983414,0.051052466,0.0056921095,-0.025995303,1.0775921,-0.19233361,-0.094243936,-0.05164375,0.16396014,-0.31424844,3.0,3.0,3.0,3.0,3.0,3.0,3.0,3.0,3.0,3.0,3.0,3.0,3.0,3.0,3.0,3.0,3.0,3.0,3.0,3.0,3.0,3.0,3.0,3.0,3.0,3.0,3.0,3.0,3.0,3.0,3.0,3.0,3.0,3.0,3.0,3.0,-1.4883728,2.4414206,0.12196326,25.711792
475,-0.0015569464236035446,1.28932,-0.70599437,0.4662325,0.9983023,0.051317606,0.0063778753,-0.02680314,1.0775254,-0.21326321,-0.09077364,0.110390276,0.053747416,-0.09247681,3.0,3.0,3.0,3.0,3.0,3.0,3.0,3.0,3.0,3.0,3.0,3.0,3.0,3.0,3.0,3.0,3.0,3.0,3.0,3.0,3.0,3.0,3.0,3.0,3.0,3.0,3.0,3.0,3.0,3.0,3.0,3.0,3.0,3.0,3.0,3.0,-0.30037498,4.560231,-0.101236224,29.613602
480,0.05242842113030444,1.2668726,-0.7013292,0.4684765,0.9983344,0.050213676,0.0068755597,-0.027562514,1.0775949,-0.23228742,-0.10695929,-0.24564141,-0.032124754,0.01228175,3.0,3.0,3.0,3.0,3.0,3.0,3.0,3.0,3.0,3.0,3.0,3.0,3.0,3.0,3.0,3.0,3.0,3.0,3.0,3.0,3.0,3.0,3.0,3.0,3.0,3.0,3.0,3.0,3.0,3.0,3.0,3.0,3.0,3.0,3.0,3.0,-1.6146493,-1.2383947,-0.382259,24.264214
485,0.11438722642682059,1.244426,-0.69630605,0.4713744,0.9984721,0.047374442,0.004931119,-0.028014395,1.0773251,-0.24731451,-0.15628487,-0.33062726,-0.1516898,-0.19645464,3.0,3.0,3.0,3.0,3.0,3.0,3.0,3.0,3.0,3.0,3.0,3.0,3.0,3.0,3.0,3.0,3.0,3.0,3.0,3.0,3.0,3.0,3.0,3.0,3.0,3.0,3.0,3.0,3.0,3.0,3.0,3.0,3.0,3.0,3.0,3.0,1.8901496,2.4188747,0.48006058,17.810543
490,0.2710091544060766,1.2219745,-0.69076777,0.47305152,0.99858665,0.04156442,0.004639155,-0.03279519,1.0775903,-0.27439708,-0.06705419,-0.66670215,-0.0174979,-0.38936257,3.0,3.0,3.0,3.0,3.0,3.0,3.0,3.0,3.0,3.0,3.0,3.0,3.0,3.0,3.0,3.0,3.0,3.0,3.0,3.0,3.0,3.0,3.0,3.0,3.0,3.0,3.0,3.0,3.0,3.0,3.0,3.0,3.0,3.0,3.0,3.0,-1.0151014,-1.099776,-0.5714748,1.0926514
495,0.11496543302652357,1.1995375,-0.6849138,0.47526237,0.9986785,0.03551391,0.0026071013,-0.037057556,1.0765514,-0.2857583,-0.12432931,-0.67318195,-0.29215994,-0.30816278,3.0,3.0,3.0,3.0,3.0,3.0,3.0,3.0,3.0,3.0,3.0,3.0,3.0,3.0,3.0,3.0,3.0,3.0,3.0,3.0,3.0,3.0,3.0,3.0,3.0,3.0,3.0,3.0,3.0,3.0,3.0,3.0,3.0,3.0,3.0,3.0,1.6684127,-3.0392969,0.03586495,17.106915
500,0.07511566762945404,1.1771264,-0.67879885,0.47805282,0.9987896,0.031096624,0.00091361086,-0.03809865,1.0750377,-0.297899,-0.14652888,-0.25791764,-0.17415795,-0.13658485,3.0,3.0,3.0,3.0,3.0,3.0,3.0,3.0,3.0,3.0,3.0,3.0,3.0,3.0,3.0,3.0,3.0,3.0,3.0,3.0,3.0,3.0,3.0,3.0,3.0,3.0,3.0,3.0,3.0,3.0,3.0,3.0,3.0,3.0,3.0,3.0,-1.4579,-0.8402839,-0.45138967,21.78373
505,0.16355912957333146,1.1547565,-0.672452,0.48125225,0.99881077,0.02871756,-0.0012967978,-0.039378006,1.072819,-0.3102522,-0.13880819,-0.16963997,-0.27319193,-0.19519232,3.0,3.0,3.0,3.0,3.0,3.0,3.0,3.0,3.0,3.0,3.0,3.0,3.0,3.0,3.0,3.0,3.0,3.0,3.0,3.0,3.0,3.0,3.0,3.0,3.0,3.0,3.0,3.0,3.0,3.0,3.0,3.0,3.0,3.0,3.0,3.0,1.2137861,0.43341827,0.13460064,13.258984
510,0.15111047415907242,1.132441,-0.66585445,0.4842167,0.9988524,0.025997385,-0.0031467,-0.0401025,1.0700157,-0.32001916,-0.15861227,-0.17820004,-0.26270217,-0.19563256,3.0,3.0,3.0,3.0,3.0,3.0,3.0,3.0,3.0,3.0,3.0,3.0,3.0,3.0,3.0,3.0,3.0,3.0,3.0,3.0,3.0,3.0,3.0,3.0,3.0,3.0,3.0,3.0,3.0,3.0,3.0,3.0,3.0,3.0,3.0,3.0,1.2509432,-0.33086014,-0.61498123,13.947449
515,0.05955715059366429,1.1101876,-0.6591077,0.48837304,0.998735,0.023839576,-0.0055101225,-0.043928053,1.0668243,-0.3265012,-0.22321226,-0.16122265,-0.2641117,-0.50270903,3.0,3.0,3.0,3.0,3.0,3.0,3.0,3.0,3.0,3.0,3.0,3.0,3.0,3.0,3.0,3.0,3.0,3.0,3.0,3.0,3.0,3.0,3.0,3.0,3.0,3.0,3.0,3.0,3.0,3.0,3.0,3.0,3.0,3.0,3.0,3.0,2.5873766,-3.5563803,-0.3457452,21.81195
520,0.11821667363943839,1.0880103,-0.6522267,0.49374402,0.99859446,0.022464907,-0.007119048,-0.047473848,1.0626698,-0.3334796,-0.26563838,-0.16139962,-0.094873495,-0.17809568,3.0,3.0,3.0,3.0,3.0,3.0,3.0,3.0,3.0,3.0,3.0,3.0,3.0,3.0,3.0,3.0,3.0,3.0,3.0,3.0,3.0,3.0,3.0,3.0,3.0,3.0,3.0,3.0,3.0,3.0,3.0,3.0,3.0,3.0,3.0,3.0,3.130746,2.3650684,-0.20617199,16.160614
525,0.050437959996661896,1.0659294,-0.6451941,0.49969962,0.99848,0.019715672,-0.006951843,-0.05099638,1.0579883,-0.34026933,-0.29754782,-0.3091601,0.09366834,-0.28565243,3.0,3.0,3.0,3.0,3.0,3.0,3.0,3.0,3.0,3.0,3.0,3.0,3.0,3.0,3.0,3.0,3.0,3.0,3.0,3.0,3.0,3.0,3.0,3.0,3.0,3.0,3.0,3.0,3.0,3.0,3.0,3.0,3.0,3.0,3.0,3.0,-3.0997138,-1.9055586,0.8727093,22.772392
530,0.03534502224681618,1.0439887,-0.6379259,0.50357825,0.9984839,0.016181875,-0.0064460644,-0.052215707,1.0500817,-0.35403436,-0.11603992,-0.41363797,-0.00068243145,0.11898231,3.0,3.0,3.0,3.0,3.0,3.0,3.0,3.0,3.0,3.0,3.0,3.0,3.0,3.0,3.0,3.0,3.0,3.0,3.0,3.0,3.0,3.0,3.0,3.0,3.0,3.0,3.0,3.0,3.0,3.0,3.0,3.0,3.0,3.0,3.0,3.0,-2.8427672,0.67125225,0.45295858,25.706642
535,0.21248139255857035,1.022184,-0.63045186,0.5052345,0.9985826,0.011902899,-0.008844574,-0.05111596,1.0451331,-0.35984063,-0.11371452,-0.33431518,-0.18917777,0.13539673,3.0,3.0,3.0,3.0,3.0,3.0,3.0,3.0,3.0,3.0,3.0,3.0,3.0,3.0,3.0,3.0,3.0,3.0,3.0,3.0,3.0,3.0,3.0,3.0,3.0,3.0,3.0,3.0,3.0,3.0,3.0,3.0,3.0,3.0,3.0,3.0,2.0707488,-1.2058468,-0.1602,7.275303
540,0.12077132631342669,1.0004631,-0.6229268,0.5085667,0.99874574,0.00973788,-0.010372979,-0.0480053,1.0408345,-0.36203623,-0.1893899,-0.14940394,-0.25413677,0.212464,3.0,3.0,3.0,3.0,3.0,3.0,3.0,3.0,3.0,3.0,3.0,3.0,3.0,3.0,3.0,3.0,3.0,3.0,3.0,3.0,3.0,3.0,3.0,3.0,3.0,3.0,3.0,3.0,3.0,3.0,3.0,3.0,3.0,3.0,3.0,3.0,-0.17631292,-2.753595,0.23797917,16.267624
545,0.012531509141315733,0.97886986,-0.6153349,0.51201385,0.9986857,0.010111144,-0.014978507,-0.047960844,1.0337405,-0.36562383,-0.16777484,0.014584729,-0.44318536,5.2722473e-05,3.0,3.0,3.0,3.0,3.0,3.0,3.0,3.0,3.0,3.0,3.0,3.0,3.0,3.0,3.0,3.0,3.0,3.0,3.0,3.0,3.0,3.0,3.0,3.0,3.0,3.0,3.0,3.0,3.0,3.0,3.0,3.0,3.0,3.0,3.0,3.0,4.150872,2.758356,-0.87572104,26.11296
550,0.12519252241132628,0.95739055,-0.6077054,0.5169711,0.9986045,0.01048416,-0.019578144,-0.04791541,1.0290757,-0.36661413,-0.28470647,0.014607306,-0.4426513,5.4071923e-05,3.0,3.0,3.0,3.0,3.0,3.0,3.0,3.0,3.0,3.0,3.0,3.0,3.0,3.0,3.0,3.0,3.0,3.0,3.0,3.0,3.0,3.0,3.0,3.0,3.0,3.0,3.0,3.0,3.0,3.0,3.0,3.0,3.0,3.0,3.0,3.0,4.1677656,2.9070687,-0.3364585,13.199825
555,0.07716376460434615,0.9360625,-0.60003513,0.523282,0.9986163,0.009735787,-0.023179527,-0.046189614,1.0202442,-0.36907744,-0.31997377,-0.05279349,-0.21291547,0.36990526,3.0,3.0,3.0,3.0,3.0,3.0,3.0,3.0,3.0,3.0,3.0,3.0,3.0,3.0,3.0,3.0,3.0,3.0,3.0,3.0,3.0,3.0,3.0,3.0,3.0,3.0,3.0,3.0,3.0,3.0,3.0,3.0,3.0,3.0,3.0,3.0,2.979535,-3.9155598,-0.8995791,17.586166
560,0.0787240036545937,0.91493994,-0.5923141,0.5301731,0.99873805,0.009384118,-0.025381077,-0.04230962,1.0107647,-0.37119606,-0.3626721,-0.051843584,-0.21280919,0.36950564,3.0,3.0,3.0,3.0,3.0,3.0,3.0,3.0,3.0,3.0,3.0,3.0,3.0,3.0,3.0,3.0,3.0,3.0,3.0,3.0,3.0,3.0,3.0,3.0,3.0,3.0,3.0,3.0,3.0,3.0,3.0,3.0,3.0,3.0,3.0,3.0,2.3257356,-1.4790633,-0.85342485,17.141468
565,0.13569417122545363,0.8940699,-0.58453757,0.53708637,0.99885887,0.007561775,-0.025942374,-0.039379727,0.99306655,-0.3753547,-0.2607348,-0.21743137,-0.008075886,0.25303665,3.0,3.0,3.0,3.0,3.0,3.0,3.0,3.0,3.0,3.0,3.0,3.0,3.0,3.0,3.0,3.0,3.0,3.0,3.0,3.0,3.0,3.0,3.0,3.0,3.0,3.0,3.0,3.0,3.0,3.0,3.0,3.0,3.0,3.0,3.0,3.0,-1.6856625,-3.0452962,-0.93564594,11.8218155
570,0.06499915920577576,0.87360126,-0.57667786,0.54126483,0.9990667,0.0064120195,-0.025103467,-0.034560625,0.97330344,-0.3790103,-0.117926665,-0.2358402,-0.013049723,0.65361744,3.0,3.0,3.0,3.0,3.0,3.0,3.0,3.0,3.0,3.0,3.0,3.0,3.0,3.0,3.0,3.0,3.0,3.0,3.0,3.0,3.0,3.0,3.0,3.0,3.0,3.0,3.0,3.0,3.0,3.0,3.0,3.0,3.0,3.0,3.0,3.0,1.2675829,-1.9638042,0.72089934,20.135445
575,0.14135669491233172,0.8535571,-0.568743,0.5420695,0.999304,0.005297953,-0.023980446,-0.028077373,0.9568291,-0.3815496,-0.027870648,-0.032577988,0.08327317,0.46899214,3.0,3.0,3.0,3.0,3.0,3.0,3.0,3.0,3.0,3.0,3.0,3.0,3.0,3.0,3.0,3.0,3.0,3.0,3.0,3.0,3.0,3.0,3.0,3.0,3.0,3.0,3.0,3.0,3.0,3.0,3.0,3.0,3.0,3.0,3.0,3.0,-0.015291214,-1.2863564,-0.73188186,12.858982
580,0.08775184418728477,0.83377224,-0.56077737,0.54251087,0.9994577,0.0039947527,-0.023491815,-0.02272553,0.94268984,-0.3833165,0.03059337,-0.3568272,0.072348475,0.48318943,3.0,3.0,3.0,3.0,3.0,3.0,3.0,3.0,3.0,3.0,3.0,3.0,3.0,3.0,3.0,3.0,3.0,3.0,3.0,3.0,3.0,3.0,3.0,3.0,3.0,3.0,3.0,3.0,3.0,3.0,3.0,3.0,3.0,3.0,3.0,3.0,0.86779594,-4.326887,-0.0003734231,17.99825
585,0.15222068064836752,0.81425536,-0.552784,0.54223907,0.9995362,0.0025953331,-0.022793593,-0.020025218,0.93258333,-0.38387513,0.009693838,-0.25146523,-0.078804255,0.3715424,3.0,3.0,3.0,3.0,3.0,3.0,3.0,3.0,3.0,3.0,3.0,3.0,3.0,3.0,3.0,3.0,3.0,3.0,3.0,3.0,3.0,3.0,3.0,3.0,3.0,3.0,3.0,3.0,3.0,3.0,3.0,3.0,3.0,3.0,3.0,3.0,3.907176,-3.9537191,-0.13480824,10.376072
590,0.1440458623642834,0.7949523,-0.54478496,0.54225904,0.9996193,0.0029576514,-0.022971546,-0.014995437,0.9230643,-0.3839386,-0.019821784,0.11702053,-0.065414585,0.43519425,3.0,3.0,3.0,3.0,3.0,3.0,3.0,3.0,3.0,3.0,3.0,3.0,3.0,3.0,3.0,3.0,3.0,3.0,3.0,3.0,3.0,3.0,3.0,3.0,3.0,3.0,3.0,3.0,3.0,3.0,3.0,3.0,3.0,3.0,3.0,3.0,2.6546907,0.93935776,0.21001005,12.062035
595,0.14249248181842394,0.77584946,-0.53678256,0.5428461,0.99966615,0.003281704,-0.021832287,-0.013420267,0.9132426,-0.38420978,-0.04175242,0.06000744,0.18492678,-0.05206807,3.0,3.0,3.0,3.0,3.0,3.0,3.0,3.0,3.0,3.0,3.0,3.0,3.0,3.0,3.0,3.0,3.0,3.0,3.0,3.0,3.0,3.0,3.0,3.0,3.0,3.0,3.0,3.0,3.0,3.0,3.0,3.0,3.0,3.0,3.0,3.0,-1.8889725,-1.5794756,-0.8512636,11.867409
600,0.10677213641311395,0.7569346,-0.5287735,0.5441559,0.9996663,0.0031393315,-0.0216691,-0.013707831,0.90459067,-0.3845567,-0.08146209,-0.07308461,0.024988238,-0.15763082,3.0,3.0,3.0,3.0,3.0,3.0,3.0,3.0,3.0,3.0,3.0,3.0,3.0,3.0,3.0,3.0,3.0,3.0,3.0,3.0,3.0,3.0,3.0,3.0,3.0,3.0,3.0,3.0,3.0,3.0,3.0,3.0,3.0,3.0,3.0,3.0,1.8038459,-0.869977,0.62983084,15.697865
605,0.20730465204534881,0.7382701,-0.520748,0.54467046,0.99964,0.0042594564,-0.021689117,-0.015208929,0.89226645,-0.38536593,-0.036820963,0.21952587,0.07328389,-0.03752644,3.0,3.0,3.0,3.0,3.0,3.0,3.0,3.0,3.0,3.0,3.0,3.0,3.0,3.0,3.0,3.0,3.0,3.0,3.0,3.0,3.0,3.0,3.0,3.0,3.0,3.0,3.0,3.0,3.0,3.0,3.0,3.0,3.0,3.0,3.0,3.0,3.9670448,2.124092,-0.07848197,2.674118
610,0.06149197484507163,0.7198524,-0.51269925,0.5444341,0.99965066,0.004119115,-0.019210238,-0.017681098,0.87794375,-0.3872242,0.06261304,-0.1256452,0.24386755,-0.24078642,3.0,3.0,3.0,3.0,3.0,3.0,3.0,3.0,3.0,3.0,3.0,3.0,3.0,3.0,3.0,3.0,3.0,3.0,3.0,3.0,3.0,3.0,3.0,3.0,3.0,3.0,3.0,3.0,3.0,3.0,3.0,3.0,3.0,3.0,3.0,3.0,-1.1180844,-2.066666,0.1567154,20.452782
615,0.14466603735511896,0.7016902,-0.5046181,0.54281074,0.9995649,0.0026737785,-0.018121671,-0.023118779,0.86706144,-0.38842615,0.10828376,-0.16043563,-0.078949094,-0.6109474,3.0,3.0,3.0,3.0,3.0,3.0,3.0,3.0,3.0,3.0,3.0,3.0,3.0,3.0,3.0,3.0,3.0,3.0,3.0,3.0,3.0,3.0,3.0,3.0,3.0,3.0,3.0,3.0,3.0,3.0,3.0,3.0,3.0,3.0,3.0,3.0,4.028389,-2.9319758,0.6106174,11.263496
620,0.22711213792776613,0.6837717,-0.49651667,0.53956205,0.99951535,0.0018051299,-0.016061397,-0.026604787,0.857597,-0.3888309,0.12914005,-0.042684205,0.16916282,-0.37465125,3.0,3.0,3.0,3.0,3.0,3.0,3.0,3.0,3.0,3.0,3.0,3.0,3.0,3.0,3.0,3.0,3.0,3.0,3.0,3.0,3.0,3.0,3.0,3.0,3.0,3.0,3.0,3.0,3.0,3.0,3.0,3.0,3.0,3.0,3.0,3.0,1.1602039,-1.3668272,0.70824826,4.181713
625,0.17040657649678698,0.66604656,-0.48841286,0.53559583,0.9994595,0.0022152099,-0.013403814,-0.029935341,0.8487317,-0.38887873,0.15816323,0.05162968,0.25426686,-0.31846902,3.0,3.0,3.0,3.0,3.0,3.0,3.0,3.0,3.0,3.0,3.0,3.0,3.0,3.0,3.0,3.0,3.0,3.0,3.0,3.0,3.0,3.0,3.0,3.0,3.0,3.0,3.0,3.0,3.0,3.0,3.0,3.0,3.0,3.0,3.0,3.0,-0.62539864,4.052392,0.12046111,9.007664
630,0.22639032639287726,0.6484255,-0.4803137,0.53325003,0.9994285,0.001271254,-0.012009794,-0.031572007,0.8443619,-0.38860974,0.06572264,-0.084408775,0.13677108,-0.15461689,3.0,3.0,3.0,3.0,3.0,3.0,3.0,3.0,3.0,3.0,3.0,3.0,3.0,3.0,3.0,3.0,3.0,3.0,3.0,3.0,3.0,3.0,3.0,3.0,3.0,3.0,3.0,3.0,3.0,3.0,3.0,3.0,3.0,3.0,3.0,3.0,0.93569994,-0.9224453,0.12800252,3.2887115
635,0.2061182512960288,0.6309255,-0.47221893,0.5312396,0.9994461,0.0016451516,-0.009648833,-0.031807587,0.8363604,-0.38861006,0.15925263,0.119717754,0.0618976,-0.043204498,3.0,3.0,3.0,3.0,3.0,3.0,3.0,3.0,3.0,3.0,3.0,3.0,3.0,3.0,3.0,3.0,3.0,3.0,3.0,3.0,3.0,3.0,3.0,3.0,3.0,3.0,3.0,3.0,3.0,3.0,3.0,3.0,3.0,3.0,3.0,3.0,0.5794573,-1.8446474,-0.27270812,5.9449997
640,0.11712730684367234,0.61356264,-0.46412402,0.5281401,0.9993463,0.0018464816,-0.008053129,-0.035195004,0.8313419,-0.38856912,0.14987572,-0.07629015,0.19082594,-0.46457195,3.0,3.0,3.0,3.0,3.0,3.0,3.0,3.0,3.0,3.0,3.0,3.0,3.0,3.0,3.0,3.0,3.0,3.0,3.0,3.0,3.0,3.0,3.0,3.0,3.0,3.0,3.0,3.0,3.0,3.0,3.0,3.0,3.0,3.0,3.0,3.0,0.05494356,-1.1112187,0.032929182,14.305866
645,0.12476005299787932,0.5962875,-0.4560309,0.52587765,0.99912685,0.0024862462,-0.007745154,-0.04097987,0.8276395,-0.38845646,0.09228789,0.009361054,0.09760636,-0.63802177,3.0,3.0,3.0,3.0,3.0,3.0,3.0,3.0,3.0,3.0,3.0,3.0,3.0,3.0,3.0,3.0,3.0,3.0,3.0,3.0,3.0,3.0,3.0,3.0,3.0,3.0,3.0,3.0,3.0,3.0,3.0,3.0,3.0,3.0,3.0,3.0,-2.970336,0.82037544,-0.56206393,11.873795
650,0.18679922438555702,0.579117,-0.4479312,0.5229453,0.99891037,0.0005462623,-0.00737843,-0.046080273,0.8217541,-0.3889827,0.18286844,-0.16426528,-0.04440761,-0.5215995,3.0,3.0,3.0,3.0,3.0,3.0,3.0,3.0,3.0,3.0,3.0,3.0,3.0,3.0,3.0,3.0,3.0,3.0,3.0,3.0,3.0,3.0,3.0,3.0,3.0,3.0,3.0,3.0,3.0,3.0,3.0,3.0,3.0,3.0,3.0,3.0,-3.6341727,-0.2188983,0.12746966,6.5410347
655,0.1132156722775372,0.5620413,-0.4398344,0.51986593,0.9987482,-2.0195615e-05,-0.008866611,-0.049228735,0.81828177,-0.3883693,0.11664408,0.02320807,-0.071294196,-0.20902151,3.0,3.0,3.0,3.0,3.0,3.0,3.0,3.0,3.0,3.0,3.0,3.0,3.0,3.0,3.0,3.0,3.0,3.0,3.0,3.0,3.0,3.0,3.0,3.0,3.0,3.0,3.0,3.0,3.0,3.0,3.0,3.0,3.0,3.0,3.0,3.0,2.781845,-0.5530286,-0.6018748,13.940029
660,0.13861122790838137,0.545058,-0.43175268,0.51735175,0.9984976,0.00091701257,-0.010324972,-0.053805806,0.812487,-0.38769814,0.15103742,-0.06359696,0.047613997,-0.7058318,3.0,3.0,3.0,3.0,3.0,3.0,3.0,3.0,3.0,3.0,3.0,3.0,3.0,3.0,3.0,3.0,3.0,3.0,3.0,3.0,3.0,3.0,3.0,3.0,3.0,3.0,3.0,3.0,3.0,3.0,3.0,3.0,3.0,3.0,3.0,3.0,0.19731522,2.4055724,0.78709877,11.581638
665,0.15223448944737566,0.52821195,-0.4236812,0.51364744,0.9980937,-0.00025984415,-0.010830822,-0.060757827,0.80624354,-0.38717335,0.18723693,-0.096968,-0.25117496,-0.71147734,3.0,3.0,3.0,3.0,3.0,3.0,3.0,3.0,3.0,3.0,3.0,3.0,3.0,3.0,3.0,3.0,3.0,3.0,3.0,3.0,3.0,3.0,3.0,3.0,3.0,3.0,3.0,3.0,3.0,3.0,3.0,3.0,3.0,3.0,3.0,3.0,1.5392017,0.7195182,0.45214927,10.260197
670,0.17851445891020076,0.51150364,-0.41562948,0.50891787,0.9975356,-0.0012831751,-0.013391489,-0.06886023,0.7996814,-0.38598752,0.22322187,-0.12594612,-0.20598195,-1.0071424,3.0,3.0,3.0,3.0,3.0,3.0,3.0,3.0,3.0,3.0,3.0,3.0,3.0,3.0,3.0,3.0,3.0,3.0,3.0,3.0,3.0,3.0,3.0,3.0,3.0,3.0,3.0,3.0,3.0,3.0,3.0,3.0,3.0,3.0,3.0,3.0,-2.3340726,-2.6350145,-0.008000255,6.0019684
675,0.17306086422619954,0.4949067,-0.4076032,0.5050585,0.99673396,-0.00048813634,-0.01566021,-0.07922092,0.7949802,-0.38483775,0.14462371,0.10302802,-0.20273726,-0.9793595,3.0,3.0,3.0,3.0,3.0,3.0,3.0,3.0,3.0,3.0,3.0,3.0,3.0,3.0,3.0,3.0,3.0,3.0,3.0,3.0,3.0,3.0,3.0,3.0,3.0,3.0,3.0,3.0,3.0,3.0,3.0,3.0,3.0,3.0,3.0,3.0,-2.7765477,3.7634792,-0.54088795,4.136303
680,0.22707177128532724,0.47845253,-0.39960226,0.5016953,0.99612623,0.002713397,-0.018070968,-0.0860152,0.7858374,-0.38361427,0.18316595,0.28143093,-0.09003053,-0.37825412,3.0,3.0,3.0,3.0,3.0,3.0,3.0,3.0,3.0,3.0,3.0,3.0,3.0,3.0,3.0,3.0,3.0,3.0,3.0,3.0,3.0,3.0,3.0,3.0,3.0,3.0,3.0,3.0,3.0,3.0,3.0,3.0,3.0,3.0,3.0,3.0,1.9186411,-0.44075966,0.33084178,1.7974014
685,0.19480284788431246,0.46221167,-0.3916111,0.49726087,0.9958777,0.0054868045,-0.01844731,-0.08864101,0.7769498,-0.38355082,0.18911925,0.2569693,-0.12458013,-0.17057915,3.0,3.0,3.0,3.0,3.0,3.0,3.0,3.0,3.0,3.0,3.0,3.0,3.0,3.0,3.0,3.0,3.0,3.0,3.0,3.0,3.0,3.0,3.0,3.0,3.0,3.0,3.0,3.0,3.0,3.0,3.0,3.0,3.0,3.0,3.0,3.0,4.041089,-0.8537741,-0.7949274,-3.6350327
690,0.19476894273820028,0.44614083,-0.38360643,0.49323383,0.9958256,0.0073529375,-0.019167053,-0.08893774,0.76727974,-0.38489702,0.20522694,-0.038008545,-0.08339384,0.21027477,3.0,3.0,3.0,3.0,3.0,3.0,3.0,3.0,3.0,3.0,3.0,3.0,3.0,3.0,3.0,3.0,3.0,3.0,3.0,3.0,3.0,3.0,3.0,3.0,3.0,3.0,3.0,3.0,3.0,3.0,3.0,3.0,3.0,3.0,3.0,3.0,-1.935945,-1.5704198,-0.45283997,5.1834755
695,0.1839858607983189,0.4302431,-0.37557474,0.48969778,0.99592,0.0088083865,-0.020774955,-0.087373815,0.7603746,-0.38591272,0.14280899,0.28461587,-0.100170106,0.28594705,3.0,3.0,3.0,3.0,3.0,3.0,3.0,3.0,3.0,3.0,3.0,3.0,3.0,3.0,3.0,3.0,3.0,3.0,3.0,3.0,3.0,3.0,3.0,3.0,3.0,3.0,3.0,3.0,3.0,3.0,3.0,3.0,3.0,3.0,3.0,3.0,1.7790451,-2.5055554,-0.22769374,-4.47876
700,0.19348081291464192,0.41452459,-0.36750564,0.48676598,0.99630564,0.012045369,-0.019567056,-0.082747005,0.7506457,-0.3884033,0.13769722,0.14307642,0.23347467,0.6311651,3.0,3.0,3.0,3.0,3.0,3.0,3.0,3.0,3.0,3.0,3.0,3.0,3.0,3.0,3.0,3.0,3.0,3.0,3.0,3.0,3.0,3.0,3.0,3.0,3.0,3.0,3.0,3.0,3.0,3.0,3.0,3.0,3.0,3.0,3.0,3.0,-3.1665964,-1.5762205,-0.39218473,0.789711
705,0.15952676102423446,0.39906734,-0.35933277,0.48230818,0.9967946,0.014173204,-0.01777402,-0.07670575,0.7344239,-0.39607674,0.31256816,0.3235571,-0.007108086,0.5080941,3.0,3.0,3.0,3.0,3.0,3.0,3.0,3.0,3.0,3.0,3.0,3.0,3.0,3.0,3.0,3.0,3.0,3.0,3.0,3.0,3.0,3.0,3.0,3.0,3.0,3.0,3.0,3.0,3.0,3.0,3.0,3.0,3.0,3.0,3.0,3.0,-2.0830107,-2.9388952,0.5471171,-9.560181
710,0.18586449776014413,0.38393533,-0.35098296,0.4743046,0.9971097,0.021142466,-0.01784199,-0.07075897,0.7223631,-0.40318415,0.39328775,0.7771252,0.024158427,0.77163416,3.0,3.0,3.0,3.0,3.0,3.0,3.0,3.0,3.0,3.0,3.0,3.0,3.0,3.0,3.0,3.0,3.0,3.0,3.0,3.0,3.0,3.0,3.0,3.0,3.0,3.0,3.0,3.0,3.0,3.0,3.0,3.0,3.0,3.0,3.0,3.0,-0.622993,2.284789,0.73966575,-7.2669716
715,0.16931080678376603,0.3690414,-0.34244633,0.46507204,0.99762404,0.029197514,-0.018346395,-0.059642572,0.7090431,-0.41578078,0.49688262,0.753961,-0.15300941,1.3322283,3.0,3.0,3.0,3.0,3.0,3.0,3.0,3.0,3.0,3.0,3.0,3.0,3.0,3.0,3.0,3.0,3.0,3.0,3.0,3.0,3.0,3.0,3.0,3.0,3.0,3.0,3.0,3.0,3.0,3.0,3.0,3.0,3.0,3.0,3.0,3.0,2.0127144,-2.3065948,-0.46272874,-8.4049
720,0.13302859223771146,0.3543681,-0.33367464,0.45519847,0.99816936,0.035830982,-0.020381505,-0.04425613,0.70194143,-0.423594,0.43862316,0.5564102,-0.3036222,1.5194485,3.0,3.0,3.0,3.0,3.0,3.0,3.0,3.0,3.0,3.0,3.0,3.0,3.0,3.0,3.0,3.0,3.0,3.0,3.0,3.0,3.0,3.0,3.0,3.0,3.0,3.0,3.0,3.0,3.0,3.0,3.0,3.0,3.0,3.0,3.0,3.0,-2.6398804,-1.8438175,0.96371937,-12.11121
725,0.1717417263221816,0.33994457,-0.32456362,0.44440123,0.9983659,0.04312367,-0.024647925,-0.028255232,0.6877942,-0.44365266,0.5238986,0.5990358,-0.6115935,1.7325664,3.0,3.0,3.0,3.0,3.0,3.0,3.0,3.0,3.0,3.0,3.0,3.0,3.0,3.0,3.0,3.0,3.0,3.0,3.0,3.0,3.0,3.0,3.0,3.0,3.0,3.0,3.0,3.0,3.0,3.0,3.0,3.0,3.0,3.0,3.0,3.0,-2.0039315,-2.688066,0.874032,-8.668903
730,0.2042537958995546,0.32583153,-0.31500039,0.43222177,0.99808097,0.051586084,-0.031369034,-0.013756925,0.67001086,-0.4699608,0.623431,0.6449449,-0.54248095,1.0370291,3.0,3.0,3.0,3.0,3.0,3.0,3.0,3.0,3.0,3.0,3.0,3.0,3.0,3.0,3.0,3.0,3.0,3.0,3.0,3.0,3.0,3.0,3.0,3.0,3.0,3.0,3.0,3.0,3.0,3.0,3.0,3.0,3.0,3.0,3.0,3.0,2.135085,1.403585,0.92164576,-8.058418
735,0.20857184642896204,0.3121351,-0.30482385,0.41796112,0.99768746,0.057134956,-0.036234733,-0.0065102023,0.64999646,-0.49927482,0.70577854,0.50667244,-0.58990294,0.47883284,3.0,3.0,3.0,3.0,3.0,3.0,3.0,3.0,3.0,3.0,3.0,3.0,3.0,3.0,3.0,3.0,3.0,3.0,3.0,3.0,3.0,3.0,3.0,3.0,3.0,3.0,3.0,3.0,3.0,3.0,3.0,3.0,3.0,3.0,3.0,3.0,0.9890027,-2.5322504,-0.20996648,-8.985359
740,0.16969683449416145,0.29871812,-0.2942613,0.40434244,0.9971666,0.0632009,-0.040785644,-0.0009805247,0.63880974,-0.5139997,0.63257563,0.4830803,-0.31701767,0.38631037,3.0,3.0,3.0,3.0,3.0,3.0,3.0,3.0,3.0,3.0,3.0,3.0,3.0,3.0,3.0,3.0,3.0,3.0,3.0,3.0,3.0,3.0,3.0,3.0,3.0,3.0,3.0,3.0,3.0,3.0,3.0,3.0,3.0,3.0,3.0,3.0,2.796268,-3.0952766,-0.17225051,-11.972176
745,0.1734035464998142,0.2855327,-0.28339365,0.39241114,0.99667263,0.068816245,-0.043563124,0.0031976243,0.6258167,-0.53168845,0.56877196,0.65723234,-0.19178864,0.5488333,3.0,3.0,3.0,3.0,3.0,3.0,3.0,3.0,3.0,3.0,3.0,3.0,3.0,3.0,3.0,3.0,3.0,3.0,3.0,3.0,3.0,3.0,3.0,3.0,3.0,3.0,3.0,3.0,3.0,3.0,3.0,3.0,3.0,3.0,3.0,3.0,-4.1871176,2.6841903,0.7641847,-10.700188
750,0.20161598307825074,0.2728273,-0.271823,0.37949485,0.9961112,0.072935864,-0.04830146,0.010479376,0.602599,-0.56587946,0.614158,0.4204543,-0.5953007,0.55922985,3.0,3.0,3.0,3.0,3.0,3.0,3.0,3.0,3.0,3.0,3.0,3.0,3.0,3.0,3.0,3.0,3.0,3.0,3.0,3.0,3.0,3.0,3.0,3.0,3.0,3.0,3.0,3.0,3.0,3.0,3.0,3.0,3.0,3.0,3.0,3.0,-0.26220417,-2.1730688,0.8584033,-9.644539
755,0.2689462524504947,0.26061732,-0.25953415,0.3658233,0.9954572,0.07763292,-0.053707566,0.012393525,0.57795143,-0.6011672,0.6503855,0.26869723,-0.29581448,-0.06272773,3.0,3.0,3.0,3.0,3.0,3.0,3.0,3.0,3.0,3.0,3.0,3.0,3.0,3.0,3.0,3.0,3.0,3.0,3.0,3.0,3.0,3.0,3.0,3.0,3.0,3.0,3.0,3.0,3.0,3.0,3.0,3.0,3.0,3.0,3.0,3.0,-0.59214115,2.463296,0.5504987,-3.0745735
760,-65.48354235404693,0.2489352,-0.24651061,0.3516215,0.99520963,0.07946641,-0.05517358,0.014098078,0.5462574,-0.6454271,0.7283425,0.1348292,0.0775409,0.1264489,3.0,3.0,3.0,3.0,3.0,3.0,3.0,3.0,3.0,3.0,3.0,3.0,3.0,3.0,3.0,3.0,3.0,3.0,3.0,3.0,3.0,3.0,3.0,3.0,3.0,3.0,3.0,3.0,3.0,3.0,3.0,3.0,3.0,3.0,3.0,3.0,0.34903097,2.7528124,0.66149867,-0.0792923
765,-0.25559590806244115,0.23771058,1.7671355,0.33769923,0.995267,0.07962365,-0.05317636,0.01661368,0.5346825,-0.66018814,0.62069225,-0.00022002454,0.17428848,0.24273111,3.0,3.0,3.0,3.0,3.0,3.0,3.0,3.0,3.0,3.0,3.0,3.0,3.0,3.0,3.0,3.0,3.0,3.0,3.0,3.0,3.0,3.0,3.0,3.0,3.0,3.0,3.0,3.0,3.0,3.0,3.0,3.0,3.0,3.0,3.0,3.0,2.586361,4.9081907,-0.20151651,24.645828
770,-0.22877564909768078,0.22669926,1.7810571,0.32621953,0.9953622,0.079513505,-0.05085576,0.01858383,0.52431387,-0.6739168,0.5064813,-0.062145412,0.25595328,0.14929223,3.0,3.0,3.0,3.0,3.0,3.0,3.0,3.0,3.0,3.0,3.0,3.0,3.0,3.0,3.0,3.0,3.0,3.0,3.0,3.0,3.0,3.0,3.0,3.0,3.0,3.0,3.0,3.0,3.0,3.0,3.0,3.0,3.0,3.0,3.0,3.0,4.2011614,4.9493084,-0.15901405,20.65232
775,-0.32043109551112303,0.21601035,1.7954497,0.31597638,0.9958892,0.07657409,-0.045326624,0.016929273,0.5053587,-0.7026368,0.48521417,-0.43978858,0.7332307,-0.33255938,3.0,3.0,3.0,3.0,3.0,3.0,3.0,3.0,3.0,3.0,3.0,3.0,3.0,3.0,3.0,3.0,3.0,3.0,3.0,3.0,3.0,3.0,3.0,3.0,3.0,3.0,3.0,3.0,3.0,3.0,3.0,3.0,3.0,3.0,3.0,3.0,-0.9505453,4.846648,0.9482784,28.27575
780,-0.27721609921709084,0.20580207,1.8106154,0.3049404,0.99682677,0.06737955,-0.039641708,0.014998592,0.48040566,-0.74399185,0.5580018,-1.1919289,0.5368845,-0.06874245,3.0,3.0,3.0,3.0,3.0,3.0,3.0,3.0,3.0,3.0,3.0,3.0,3.0,3.0,3.0,3.0,3.0,3.0,3.0,3.0,3.0,3.0,3.0,3.0,3.0,3.0,3.0,3.0,3.0,3.0,3.0,3.0,3.0,3.0,3.0,3.0,4.1319027,2.2298603,0.80749273,22.307625
785,-0.32625754154420344,0.19610253,1.8266245,0.29199076,0.99800754,0.05353843,-0.03173052,0.010382619,0.4568057,-0.7826471,0.65651524,-1.3510497,0.6746275,-0.44517562,3.0,3.0,3.0,3.0,3.0,3.0,3.0,3.0,3.0,3.0,3.0,3.0,3.0,3.0,3.0,3.0,3.0,3.0,3.0,3.0,3.0,3.0,3.0,3.0,3.0,3.0,3.0,3.0,3.0,3.0,3.0,3.0,3.0,3.0,3.0,3.0,3.4957457,-1.5728321,0.23127031,26.201447
790,-0.2864580731312004,0.18672492,1.843134,0.2787724,0.99891436,0.039470725,-0.024542572,0.0031317126,0.44532937,-0.79944766,0.6299776,-1.4591035,0.87425655,-0.92183614,3.0,3.0,3.0,3.0,3.0,3.0,3.0,3.0,3.0,3.0,3.0,3.0,3.0,3.0,3.0,3.0,3.0,3.0,3.0,3.0,3.0,3.0,3.0,3.0,3.0,3.0,3.0,3.0,3.0,3.0,3.0,3.0,3.0,3.0,3.0,3.0,-0.33357143,3.0770597,0.91801715,20.967712
795,-0.25620397838123454,0.17763779,1.86006,0.26447695,0.999548,0.02503704,-0.01643687,-0.0026030738,0.43142292,-0.8187243,0.70530736,-1.1738149,0.772996,-0.52469146,3.0,3.0,3.0,3.0,3.0,3.0,3.0,3.0,3.0,3.0,3.0,3.0,3.0,3.0,3.0,3.0,3.0,3.0,3.0,3.0,3.0,3.0,3.0,3.0,3.0,3.0,3.0,3.0,3.0,3.0,3.0,3.0,3.0,3.0,3.0,3.0,3.7043095,-0.022669792,0.7895744,18.289467
800,-0.23754055998020568,0.16876902,1.8772638,0.24894185,0.99984956,0.011796521,-0.008619808,-0.009347283,0.4231599,-0.8284978,0.7438148,-1.137419,0.7446165,-0.61234176,3.0,3.0,3.0,3.0,3.0,3.0,3.0,3.0,3.0,3.0,3.0,3.0,3.0,3.0,3.0,3.0,3.0,3.0,3.0,3.0,3.0,3.0,3.0,3.0,3.0,3.0,3.0,3.0,3.0,3.0,3.0,3.0,3.0,3.0,3.0,3.0,-0.06830168,1.5118032,-0.21843684,16.379047
805,-0.24534992004495157,0.16000316,1.8945591,0.23337756,0.99992394,0.0007589894,-0.0015975293,-0.012204603,0.41936886,-0.83099866,0.7553628,-0.9930899,0.53557974,-0.0035110016,3.0,3.0,3.0,3.0,3.0,3.0,3.0,3.0,3.0,3.0,3.0,3.0,3.0,3.0,3.0,3.0,3.0,3.0,3.0,3.0,3.0,3.0,3.0,3.0,3.0,3.0,3.0,3.0,3.0,3.0,3.0,3.0,3.0,3.0,3.0,3.0,2.7559862,-3.0923514,0.729193,17.308655
810,-0.16708242537095763,0.15128103,1.9118552,0.2181233,0.9998889,-0.008506493,0.005648771,-0.010857252,0.4186803,-0.82899445,0.7309881,-1.0146786,0.8422974,-0.03488323,3.0,3.0,3.0,3.0,3.0,3.0,3.0,3.0,3.0,3.0,3.0,3.0,3.0,3.0,3.0,3.0,3.0,3.0,3.0,3.0,3.0,3.0,3.0,3.0,3.0,3.0,3.0,3.0,3.0,3.0,3.0,3.0,3.0,3.0,3.0,3.0,-4.2327986,-1.8598223,-0.06974906,8.072994
815,-0.3038717281473437,0.1425432,1.9290719,0.20364496,0.9996607,-0.018212719,0.013900011,-0.01239482,0.4209179,-0.82336086,0.7059005,-1.0227275,0.93364185,-0.31841552,3.0,3.0,3.0,3.0,3.0,3.0,3.0,3.0,3.0,3.0,3.0,3.0,3.0,3.0,3.0,3.0,3.0,3.0,3.0,3.0,3.0,3.0,3.0,3.0,3.0,3.0,3.0,3.0,3.0,3.0,3.0,3.0,3.0,3.0,3.0,3.0,0.531991,-0.8630085,0.4696988,22.679352
820,-0.29564202714924326,0.13370183,1.9461056,0.18879117,0.9992623,-0.026777465,0.024493974,-0.012568703,0.42677647,-0.8138704,0.70613664,-0.75301826,0.9164241,-0.023424026,3.0,3.0,3.0,3.0,3.0,3.0,3.0,3.0,3.0,3.0,3.0,3.0,3.0,3.0,3.0,3.0,3.0,3.0,3.0,3.0,3.0,3.0,3.0,3.0,3.0,3.0,3.0,3.0,3.0,3.0,3.0,3.0,3.0,3.0,3.0,3.0,-0.32099628,-1.9563246,0.8467417,22.380707
825,-0.27808789495882963,0.124640025,1.9628508,0.17306001,0.9988223,-0.03411494,0.03163723,-0.013759487,0.44036868,-0.79720736,0.77570677,-0.8343228,0.57354975,0.17190357,3.0,3.0,3.0,3.0,3.0,3.0,3.0,3.0,3.0,3.0,3.0,3.0,3.0,3.0,3.0,3.0,3.0,3.0,3.0,3.0,3.0,3.0,3.0,3.0,3.0,3.0,3.0,3.0,3.0,3.0,3.0,3.0,3.0,3.0,3.0,3.0,3.8975163,-0.71304035,-0.5668674,20.824936
830,-0.3274666546357195,0.11536417,1.9793229,0.15777902,0.9983917,-0.041627813,0.03596648,-0.0136959525,0.44915828,-0.78552645,0.7131703,-0.60071516,0.28250536,-0.139637,3.0,3.0,3.0,3.0,3.0,3.0,3.0,3.0,3.0,3.0,3.0,3.0,3.0,3.0,3.0,3.0,3.0,3.0,3.0,3.0,3.0,3.0,3.0,3.0,3.0,3.0,3.0,3.0,3.0,3.0,3.0,3.0,3.0,3.0,3.0,3.0,2.0906906,1.532877,-0.5928875,26.672195
835,-0.23049461940509441,0.10583596,1.9954647,0.14304088,0.9980152,-0.04887632,0.037775394,-0.012236115,0.4645173,-0.76543254,0.7245534,-0.80161744,0.079127945,0.4355923,3.0,3.0,3.0,3.0,3.0,3.0,3.0,3.0,3.0,3.0,3.0,3.0,3.0,3.0,3.0,3.0,3.0,3.0,3.0,3.0,3.0,3.0,3.0,3.0,3.0,3.0,3.0,3.0,3.0,3.0,3.0,3.0,3.0,3.0,3.0,3.0,0.21657658,-2.547457,0.0680511,16.716362
840,-0.2767432581913962,0.09608463,2.0112867,0.12942299,0.9975857,-0.05738911,0.038240008,-0.008181009,0.47047737,-0.75523126,0.6069061,-0.8040918,0.070721395,0.3885939,3.0,3.0,3.0,3.0,3.0,3.0,3.0,3.0,3.0,3.0,3.0,3.0,3.0,3.0,3.0,3.0,3.0,3.0,3.0,3.0,3.0,3.0,3.0,3.0,3.0,3.0,3.0,3.0,3.0,3.0,3.0,3.0,3.0,3.0,3.0,3.0,3.4705782,-3.1450937,-0.7147813,20.948189
845,-0.1653486481610295,0.08615431,2.0267959,0.11756047,0.9970877,-0.065671936,0.038244892,-0.006371384,0.4815131,-0.7358479,0.55403405,-0.8706283,0.073395245,0.059359398,3.0,3.0,3.0,3.0,3.0,3.0,3.0,3.0,3.0,3.0,3.0,3.0,3.0,3.0,3.0,3.0,3.0,3.0,3.0,3.0,3.0,3.0,3.0,3.0,3.0,3.0,3.0,3.0,3.0,3.0,3.0,3.0,3.0,3.0,3.0,3.0,1.9545503,-3.624795,0.9513513,9.980392
850,-0.08847505995911335,0.075919315,2.041752,0.10585093,0.9965443,-0.07243108,0.04031675,-0.0052675297,0.49632096,-0.70812726,0.54714316,-0.72146034,0.24765314,-0.0720894,3.0,3.0,3.0,3.0,3.0,3.0,3.0,3.0,3.0,3.0,3.0,3.0,3.0,3.0,3.0,3.0,3.0,3.0,3.0,3.0,3.0,3.0,3.0,3.0,3.0,3.0,3.0,3.0,3.0,3.0,3.0,3.0,3.0,3.0,3.0,3.0,0.82489586,-1.4342208,0.71551156,3.3169746
855,-0.19722895877701013,0.06529775,2.0559752,0.09350068,0.99585927,-0.079299346,0.04399112,-0.006380354,0.51837784,-0.6666619,0.6138503,-0.6817115,0.10176747,-0.25558898,3.0,3.0,3.0,3.0,3.0,3.0,3.0,3.0,3.0,3.0,3.0,3.0,3.0,3.0,3.0,3.0,3.0,3.0,3.0,3.0,3.0,3.0,3.0,3.0,3.0,3.0,3.0,3.0,3.0,3.0,3.0,3.0,3.0,3.0,3.0,3.0,-2.9209514,1.1055555,0.13469243,15.0109825
860,-0.15996554100672664,0.05431009,2.069494,0.08107465,0.9951934,-0.08621762,0.044860594,-0.012004824,0.5339132,-0.63604796,0.58971655,-0.66367334,-0.03387513,-0.72875094,3.0,3.0,3.0,3.0,3.0,3.0,3.0,3.0,3.0,3.0,3.0,3.0,3.0,3.0,3.0,3.0,3.0,3.0,3.0,3.0,3.0,3.0,3.0,3.0,3.0,3.0,3.0,3.0,3.0,3.0,3.0,3.0,3.0,3.0,3.0,3.0,3.7860126,-1.2096353,0.8962939,11.171776
865,-0.13225987451327684,0.042766254,2.0819309,0.06675395,0.9942635,-0.09284722,0.049123265,-0.020156484,0.56817734,-0.5698733,0.75463694,-0.865723,0.5253495,-0.9343448,3.0,3.0,3.0,3.0,3.0,3.0,3.0,3.0,3.0,3.0,3.0,3.0,3.0,3.0,3.0,3.0,3.0,3.0,3.0,3.0,3.0,3.0,3.0,3.0,3.0,3.0,3.0,3.0,3.0,3.0,3.0,3.0,3.0,3.0,3.0,3.0,1.7866755,-1.7120111,0.9395325,9.245762
870,-0.32670372979988227,0.030660462,2.0932858,0.050885934,0.9930513,-0.09941994,0.05739147,-0.025904926,0.5859764,-0.5354475,0.7277168,-0.6697563,0.7449913,-0.4964442,3.0,3.0,3.0,3.0,3.0,3.0,3.0,3.0,3.0,3.0,3.0,3.0,3.0,3.0,3.0,3.0,3.0,3.0,3.0,3.0,3.0,3.0,3.0,3.0,3.0,3.0,3.0,3.0,3.0,3.0,3.0,3.0,3.0,3.0,3.0,3.0,2.471147,-1.0820227,-0.43666613,29.749222
875,-0.257811753622992,0.018276045,2.1041253,0.03678653,0.99195266,-0.10484111,0.06395882,-0.030782446,0.6058147,-0.5014289,0.6844185,-0.27838588,0.36047333,-0.34514955,3.0,3.0,3.0,3.0,3.0,3.0,3.0,3.0,3.0,3.0,3.0,3.0,3.0,3.0,3.0,3.0,3.0,3.0,3.0,3.0,3.0,3.0,3.0,3.0,3.0,3.0,3.0,3.0,3.0,3.0,3.0,3.0,3.0,3.0,3.0,3.0,-0.8956175,-2.4463983,-0.18112814,24.4654
880,-0.26598400140528755,0.005456408,2.114239,0.023566037,0.9913263,-0.10807695,0.06678492,-0.03363568,0.62158746,-0.4750673,0.59993243,-0.36487862,0.20511751,-0.21430622,3.0,3.0,3.0,3.0,3.0,3.0,3.0,3.0,3.0,3.0,3.0,3.0,3.0,3.0,3.0,3.0,3.0,3.0,3.0,3.0,3.0,3.0,3.0,3.0,3.0,3.0,3.0,3.0,3.0,3.0,3.0,3.0,3.0,3.0,3.0,3.0,3.3897705,-1.660013,-0.0069030523,25.71685
885,-0.13693951497170712,-0.007638519,2.1238892,0.012539249,0.99069935,-0.11185266,0.06895599,-0.035338502,0.63314456,-0.45542142,0.4813785,-0.37072027,0.20529823,-0.1494201,3.0,3.0,3.0,3.0,3.0,3.0,3.0,3.0,3.0,3.0,3.0,3.0,3.0,3.0,3.0,3.0,3.0,3.0,3.0,3.0,3.0,3.0,3.0,3.0,3.0,3.0,3.0,3.0,3.0,3.0,3.0,3.0,3.0,3.0,3.0,3.0,-3.1529474,0.08363247,0.6388235,13.13781
890,-0.15668827486496445,-0.021120261,2.1329114,0.0030355358,0.9903691,-0.115247175,0.06859485,-0.034378976,0.6551178,-0.42004597,0.43029365,-0.4319886,-0.09328281,0.2749432,3.0,3.0,3.0,3.0,3.0,3.0,3.0,3.0,3.0,3.0,3.0,3.0,3.0,3.0,3.0,3.0,3.0,3.0,3.0,3.0,3.0,3.0,3.0,3.0,3.0,3.0,3.0,3.0,3.0,3.0,3.0,3.0,3.0,3.0,3.0,3.0,-0.049024105,-2.1854222,0.762022,15.856979
895,-0.0334989734979174,-0.035222948,2.1409225,-0.006520573,0.99026054,-0.119311884,0.06446515,-0.031511486,0.69199586,-0.3593833,0.48271957,-0.38897523,-0.3450409,0.4211698,3.0,3.0,3.0,3.0,3.0,3.0,3.0,3.0,3.0,3.0,3.0,3.0,3.0,3.0,3.0,3.0,3.0,3.0,3.0,3.0,3.0,3.0,3.0,3.0,3.0,3.0,3.0,3.0,3.0,3.0,3.0,3.0,3.0,3.0,3.0,3.0,-1.214107,-3.2614164,0.5396415,2.5513
900,-0.036453140777059946,-0.049857214,2.1479979,-0.015685175,0.9904077,-0.121881545,0.058337778,-0.028881734,0.71172005,-0.32197192,0.42927885,-0.11862096,-0.7180914,0.2675499,3.0,3.0,3.0,3.0,3.0,3.0,3.0,3.0,3.0,3.0,3.0,3.0,3.0,3.0,3.0,3.0,3.0,3.0,3.0,3.0,3.0,3.0,3.0,3.0,3.0,3.0,3.0,3.0,3.0,3.0,3.0,3.0,3.0,3.0,3.0,3.0,1.4949512,1.3515687,0.6167606,4.942169
905,0.0005757433568528286,-0.06507323,2.153921,-0.025216868,0.99057496,-0.12312048,0.052363362,-0.029337987,0.74007225,-0.26340976,0.45862347,0.04974357,-0.7973416,-0.14163655,3.0,3.0,3.0,3.0,3.0,3.0,3.0,3.0,3.0,3.0,3.0,3.0,3.0,3.0,3.0,3.0,3.0,3.0,3.0,3.0,3.0,3.0,3.0,3.0,3.0,3.0,3.0,3.0,3.0,3.0,3.0,3.0,3.0,3.0,3.0,3.0,-0.5907812,1.2681894,-0.83569247,-1.674778
910,-0.024865886035174478,-0.08077354,2.1587532,-0.034815587,0.9909174,-0.122458525,0.045322277,-0.03213241,0.76047677,-0.2152194,0.44527766,0.069389515,-0.6111218,-0.17672737,3.0,3.0,3.0,3.0,3.0,3.0,3.0,3.0,3.0,3.0,3.0,3.0,3.0,3.0,3.0,3.0,3.0,3.0,3.0,3.0,3.0,3.0,3.0,3.0,3.0,3.0,3.0,3.0,3.0,3.0,3.0,3.0,3.0,3.0,3.0,3.0,-0.29387283,2.3537354,0.01597941,5.635536
915,-0.03141742405882006,-0.09696185,2.1623366,-0.04514144,0.99131966,-0.12148167,0.039531972,-0.031060811,0.78635675,-0.1468387,0.5146641,0.0875381,-0.50712174,0.3698189,3.0,3.0,3.0,3.0,3.0,3.0,3.0,3.0,3.0,3.0,3.0,3.0,3.0,3.0,3.0,3.0,3.0,3.0,3.0,3.0,3.0,3.0,3.0,3.0,3.0,3.0,3.0,3.0,3.0,3.0,3.0,3.0,3.0,3.0,3.0,3.0,-1.3128483,1.5998416,0.8375366,7.942234
920,-0.055977476003121564,-0.113606684,2.164613,-0.056457598,0.99158823,-0.1233144,0.030553287,-0.024754206,0.80627334,-0.08486891,0.5590233,-0.27179953,-0.9679836,0.8883516,3.0,3.0,3.0,3.0,3.0,3.0,3.0,3.0,3.0,3.0,3.0,3.0,3.0,3.0,3.0,3.0,3.0,3.0,3.0,3.0,3.0,3.0,3.0,3.0,3.0,3.0,3.0,3.0,3.0,3.0,3.0,3.0,3.0,3.0,3.0,3.0,3.40487,1.1416016,-0.4627149,9.372452
925,-0.06569229539567129,-0.1305603,2.165728,-0.06812935,0.9917568,-0.12548767,0.019951932,-0.016528156,0.81745297,-0.03639037,0.5458494,-0.22024013,-0.9295092,0.888361,3.0,3.0,3.0,3.0,3.0,3.0,3.0,3.0,3.0,3.0,3.0,3.0,3.0,3.0,3.0,3.0,3.0,3.0,3.0,3.0,3.0,3.0,3.0,3.0,3.0,3.0,3.0,3.0,3.0,3.0,3.0,3.0,3.0,3.0,3.0,3.0,1.2190094,-2.3014975,-0.20750535,11.618557
930,0.004565886493541393,-0.1476196,2.1662154,-0.07798997,0.9917301,-0.12772386,0.009151013,-0.008618962,0.8195115,-0.014679871,0.4249751,-0.21187164,-0.9294294,0.88681513,3.0,3.0,3.0,3.0,3.0,3.0,3.0,3.0,3.0,3.0,3.0,3.0,3.0,3.0,3.0,3.0,3.0,3.0,3.0,3.0,3.0,3.0,3.0,3.0,3.0,3.0,3.0,3.0,3.0,3.0,3.0,3.0,3.0,3.0,3.0,3.0,1.5171852,-0.72544,-0.27141625,4.965069
935,-0.07843335228741129,-0.16470699,2.1661196,-0.085817024,0.9916841,-0.12869439,-0.0003413604,0.00057071255,0.82021207,0.015478074,0.33517292,-0.047411155,-0.729629,1.0611506,3.0,3.0,3.0,3.0,3.0,3.0,3.0,3.0,3.0,3.0,3.0,3.0,3.0,3.0,3.0,3.0,3.0,3.0,3.0,3.0,3.0,3.0,3.0,3.0,3.0,3.0,3.0,3.0,3.0,3.0,3.0,3.0,3.0,3.0,3.0,3.0,2.0353103,1.8253078,-0.7695614,13.825172
940,-0.00016456418160476494,-0.18177061,2.1652975,-0.09213394,0.99139285,-0.13039312,-0.008305187,0.008296936,0.81782866,0.06079434,0.3021174,-0.21142879,-0.6850641,0.5513248,3.0,3.0,3.0,3.0,3.0,3.0,3.0,3.0,3.0,3.0,3.0,3.0,3.0,3.0,3.0,3.0,3.0,3.0,3.0,3.0,3.0,3.0,3.0,3.0,3.0,3.0,3.0,3.0,3.0,3.0,3.0,3.0,3.0,3.0,3.0,3.0,0.73041916,-0.02985382,-0.3346008,7.8365555
945,0.029137075661415143,-0.19875664,2.1635838,-0.09754497,0.99122167,-0.13063172,-0.0153095415,0.013436374,0.8132827,0.0983518,0.23793286,0.11760335,-0.46463245,0.6353064,3.0,3.0,3.0,3.0,3.0,3.0,3.0,3.0,3.0,3.0,3.0,3.0,3.0,3.0,3.0,3.0,3.0,3.0,3.0,3.0,3.0,3.0,3.0,3.0,3.0,3.0,3.0,3.0,3.0,3.0,3.0,3.0,3.0,3.0,3.0,3.0,-1.9081397,-0.8489475,-0.77395153,5.4253807
950,0.0664899928432082,-0.21562332,2.1610956,-0.10159735,0.9912524,-0.1286912,-0.020782858,0.02062126,0.80547893,0.14303552,0.2018551,0.26568067,-0.6098696,0.76685625,3.0,3.0,3.0,3.0,3.0,3.0,3.0,3.0,3.0,3.0,3.0,3.0,3.0,3.0,3.0,3.0,3.0,3.0,3.0,3.0,3.0,3.0,3.0,3.0,3.0,3.0,3.0,3.0,3.0,3.0,3.0,3.0,3.0,3.0,3.0,3.0,-0.73955345,-0.25881004,0.938725,2.578022
955,0.0882814551306862,-0.23221466,2.157144,-0.10694339,0.9911692,-0.12697884,-0.02716985,0.02686547,0.79339933,0.20198078,0.22223486,0.13701251,-0.5065884,0.6538183,3.0,3.0,3.0,3.0,3.0,3.0,3.0,3.0,3.0,3.0,3.0,3.0,3.0,3.0,3.0,3.0,3.0,3.0,3.0,3.0,3.0,3.0,3.0,3.0,3.0,3.0,3.0,3.0,3.0,3.0,3.0,3.0,3.0,3.0,3.0,3.0,-1.5438821,0.005803108,0.46071005,-1.2021561
960,0.10343893351182376,-0.24849351,2.1519778,-0.11273676,0.9912042,-0.12446,-0.034757312,0.028564297,0.7752279,0.26927322,0.27962676,0.33852997,-0.7973059,0.122690454,3.0,3.0,3.0,3.0,3.0,3.0,3.0,3.0,3.0,3.0,3.0,3.0,3.0,3.0,3.0,3.0,3.0,3.0,3.0,3.0,3.0,3.0,3.0,3.0,3.0,3.0,3.0,3.0,3.0,3.0,3.0,3.0,3.0,3.0,3.0,3.0,-0.17578506,1.0906386,-0.29098046,-0.8451309
965,0.05968047045571426,-0.26454535,2.146108,-0.11705566,0.9912759,-0.12116132,-0.043242097,0.028673595,0.7671387,0.28999555,0.15912475,0.33706504,-0.7964556,0.12251752,3.0,3.0,3.0,3.0,3.0,3.0,3.0,3.0,3.0,3.0,3.0,3.0,3.0,3.0,3.0,3.0,3.0,3.0,3.0,3.0,3.0,3.0,3.0,3.0,3.0,3.0,3.0,3.0,3.0,3.0,3.0,3.0,3.0,3.0,3.0,3.0,-0.25222158,2.388969,-0.20369995,-5.821785
970,0.0905443412102783,-0.28031528,2.139566,-0.11987199,0.99102575,-0.1200543,-0.051473986,0.028378395,0.75208247,0.32443607,0.09681413,0.16634579,-0.7041151,-0.021023888,3.0,3.0,3.0,3.0,3.0,3.0,3.0,3.0,3.0,3.0,3.0,3.0,3.0,3.0,3.0,3.0,3.0,3.0,3.0,3.0,3.0,3.0,3.0,3.0,3.0,3.0,3.0,3.0,3.0,3.0,3.0,3.0,3.0,3.0,3.0,3.0,1.45926,-1.4923322,-0.53941303,-3.5445251
975,0.12080835860022532,-0.29576096,2.132374,-0.121143885,0.99093944,-0.11869817,-0.057224058,0.025983484,0.72864,0.36999634,0.082498915,0.2868774,-0.30434123,-0.18756323,3.0,3.0,3.0,3.0,3.0,3.0,3.0,3.0,3.0,3.0,3.0,3.0,3.0,3.0,3.0,3.0,3.0,3.0,3.0,3.0,3.0,3.0,3.0,3.0,3.0,3.0,3.0,3.0,3.0,3.0,3.0,3.0,3.0,3.0,3.0,3.0,-1.0957999,2.039802,0.5547018,-1.5635033
980,0.009643285806649665,-0.31044617,2.1237361,-0.124199174,0.9912454,-0.11640259,-0.057668116,0.023608293,0.69685,0.4289648,0.1258854,0.27021116,0.031806383,-0.2658272,3.0,3.0,3.0,3.0,3.0,3.0,3.0,3.0,3.0,3.0,3.0,3.0,3.0,3.0,3.0,3.0,3.0,3.0,3.0,3.0,3.0,3.0,3.0,3.0,3.0,3.0,3.0,3.0,3.0,3.0,3.0,3.0,3.0,3.0,3.0,3.0,-1.3636327,3.0616531,-0.14517868,14.704254
985,0.10093136283705106,-0.32458356,2.114109,-0.12722474,0.99136823,-0.11588663,-0.05717921,0.022132155,0.66967326,0.47800672,0.13215335,0.120846316,0.18367182,-0.055231147,3.0,3.0,3.0,3.0,3.0,3.0,3.0,3.0,3.0,3.0,3.0,3.0,3.0,3.0,3.0,3.0,3.0,3.0,3.0,3.0,3.0,3.0,3.0,3.0,3.0,3.0,3.0,3.0,3.0,3.0,3.0,3.0,3.0,3.0,3.0,3.0,-1.1830056,-3.2046247,-0.32666123,-6.2229652
990,0.03114281476922931,-0.33839074,2.1039069,-0.12850054,0.9916463,-0.114535354,-0.05509505,0.02199583,0.6580466,0.49771774,0.01505132,0.1388736,0.22763531,0.009477444,3.0,3.0,3.0,3.0,3.0,3.0,3.0,3.0,3.0,3.0,3.0,3.0,3.0,3.0,3.0,3.0,3.0,3.0,3.0,3.0,3.0,3.0,3.0,3.0,3.0,3.0,3.0,3.0,3.0,3.0,3.0,3.0,3.0,3.0,3.0,3.0,1.6222138,-2.22192,0.06560445,14.22987
995,0.11486718835604445,-0.3519159,2.093209,-0.12772146,0.99202466,-0.112004146,-0.05342372,0.022092294,0.6435801,0.52355516,-0.074107684,0.30213037,0.10497041,-0.040917795,3.0,3.0,3.0,3.0,3.0,3.0,3.0,3.0,3.0,3.0,3.0,3.0,3.0,3.0,3.0,3.0,3.0,3.0,3.0,3.0,3.0,3.0,3.0,3.0,3.0,3.0,3.0,3.0,3.0,3.0,3.0,3.0,3.0,3.0,3.0,3.0,0.31821966,2.7741175,-0.45759642,-5.9661026
1000,0.1290050272627061,-0.3651779,2.082046,-0.12479882,0.9923487,-0.110068515,-0.051151786,0.022639021,0.63238907,0.5430882,-0.18815187,0.1800585,0.2279681,0.03684348,3.0,3.0,3.0,3.0,3.0,3.0,3.0,3.0,3.0,3.0,3.0,3.0,3.0,3.0,3.0,3.0,3.0,3.0,3.0,3.0,3.0,3.0,3.0,3.0,3.0,3.0,3.0,3.0,3.0,3.0,3.0,3.0,3.0,3.0,3.0,3.0,1.1522751,1.8746576,-0.19768298,5.3606186
1005,0.09945709675609457,-0.37812978,2.0703118,-0.12026256,0.99254495,-0.10965063,-0.04847798,0.021935781,0.613793,0.57858527,-0.22863059,0.08183345,0.07089266,-0.07571213,3.0,3.0,3.0,3.0,3.0,3.0,3.0,3.0,3.0,3.0,3.0,3.0,3.0,3.0,3.0,3.0,3.0,3.0,3.0,3.0,3.0,3.0,3.0,3.0,3.0,3.0,3.0,3.0,3.0,3.0,3.0,3.0,3.0,3.0,3.0,3.0,-0.62734985,1.9393039,-0.3940724,9.551533
1010,0.13067550336887113,-0.39063898,2.057703,-0.115502305,0.99259734,-0.108442366,-0.050415356,0.021190085,0.5868314,0.6328723,-0.18367401,0.2850647,-0.35596985,-0.16526602,3.0,3.0,3.0,3.0,3.0,3.0,3.0,3.0,3.0,3.0,3.0,3.0,3.0,3.0,3.0,3.0,3.0,3.0,3.0,3.0,3.0,3.0,3.0,3.0,3.0,3.0,3.0,3.0,3.0,3.0,3.0,3.0,3.0,3.0,3.0,3.0,-0.8599243,-1.716569,0.479056,6.8993225
1015,0.08218216840900736,-0.40244806,2.043705,-0.11289232,0.993138,-0.10246206,-0.0533269,0.018292403,0.5601853,0.6838425,-0.14968148,0.6394888,-0.1456547,-0.18515398,3.0,3.0,3.0,3.0,3.0,3.0,3.0,3.0,3.0,3.0,3.0,3.0,3.0,3.0,3.0,3.0,3.0,3.0,3.0,3.0,3.0,3.0,3.0,3.0,3.0,3.0,3.0,3.0,3.0,3.0,3.0,3.0,3.0,3.0,3.0,3.0,-0.34598923,2.8163967,-0.65953547,12.03952
1020,0.1803673211018325,-0.41381544,2.0289402,-0.1098141,0.9936287,-0.097507566,-0.054062948,0.01647705,0.53518283,0.7264224,-0.1399567,0.46852395,0.00529149,0.007624936,3.0,3.0,3.0,3.0,3.0,3.0,3.0,3.0,3.0,3.0,3.0,3.0,3.0,3.0,3.0,3.0,3.0,3.0,3.0,3.0,3.0,3.0,3.0,3.0,3.0,3.0,3.0,3.0,3.0,3.0,3.0,3.0,3.0,3.0,3.0,3.0,-0.7655921,1.5540466,-0.4327312,3.433979
1025,0.156331665335188,-0.424744,2.0134566,-0.10620448,0.9940988,-0.09245887,-0.05346767,0.018977957,0.5186351,0.7522843,-0.20534562,0.40896985,0.064472005,0.39166757,3.0,3.0,3.0,3.0,3.0,3.0,3.0,3.0,3.0,3.0,3.0,3.0,3.0,3.0,3.0,3.0,3.0,3.0,3.0,3.0,3.0,3.0,3.0,3.0,3.0,3.0,3.0,3.0,3.0,3.0,3.0,3.0,3.0,3.0,3.0,3.0,-0.3230629,2.3787203,-0.4575199,-6.1883316
1030,0.08981640417147285,-0.43534032,1.997474,-0.10113566,0.9941386,-0.08976052,-0.05487059,0.024914796,0.50040025,0.7794126,-0.25513512,0.14143918,-0.18224975,0.6727398,3.0,3.0,3.0,3.0,3.0,3.0,3.0,3.0,3.0,3.0,3.0,3.0,3.0,3.0,3.0,3.0,3.0,3.0,3.0,3.0,3.0,3.0,3.0,3.0,3.0,3.0,3.0,3.0,3.0,3.0,3.0,3.0,3.0,3.0,3.0,3.0,1.5410872,-2.8759618,-0.3142768,13.1661
1035,0.10100181382597628,-0.4455655,1.980963,-0.094890945,0.9940132,-0.08772155,-0.05725827,0.031050596,0.48171407,0.8051475,-0.30729604,0.2041313,-0.15410358,0.53450775,3.0,3.0,3.0,3.0,3.0,3.0,3.0,3.0,3.0,3.0,3.0,3.0,3.0,3.0,3.0,3.0,3.0,3.0,3.0,3.0,3.0,3.0,3.0,3.0,3.0,3.0,3.0,3.0,3.0,3.0,3.0,3.0,3.0,3.0,3.0,3.0,1.3916626,-0.96909857,-0.17926615,13.175213
1040,0.06554478785367135,-0.45528358,1.9637656,-0.0884678,0.9940971,-0.08275177,-0.059607808,0.037013534,0.4602571,0.83315146,-0.34188902,0.48930892,-0.19291371,0.6053454,3.0,3.0,3.0,3.0,3.0,3.0,3.0,3.0,3.0,3.0,3.0,3.0,3.0,3.0,3.0,3.0,3.0,3.0,3.0,3.0,3.0,3.0,3.0,3.0,3.0,3.0,3.0,3.0,3.0,3.0,3.0,3.0,3.0,3.0,3.0,3.0,-0.66903067,0.16288233,-0.46994793,16.9558
1045,0.12249603502311096,-0.4644968,1.9459697,-0.08164093,0.9942246,-0.07796342,-0.061833546,0.04019599,0.4219438,0.87781656,-0.25577047,0.29840934,-0.049690153,0.15195633,3.0,3.0,3.0,3.0,3.0,3.0,3.0,3.0,3.0,3.0,3.0,3.0,3.0,3.0,3.0,3.0,3.0,3.0,3.0,3.0,3.0,3.0,3.0,3.0,3.0,3.0,3.0,3.0,3.0,3.0,3.0,3.0,3.0,3.0,3.0,3.0,0.70066357,2.148376,0.20094538,13.093124
1050,0.22028112168359232,-0.47272557,1.9270569,-0.077965826,0.9945598,-0.073838465,-0.06359474,0.036802005,0.380477,0.9235384,-0.14989384,0.71776485,-0.43744886,-0.47044462,3.0,3.0,3.0,3.0,3.0,3.0,3.0,3.0,3.0,3.0,3.0,3.0,3.0,3.0,3.0,3.0,3.0,3.0,3.0,3.0,3.0,3.0,3.0,3.0,3.0,3.0,3.0,3.0,3.0,3.0,3.0,3.0,3.0,3.0,3.0,3.0,0.4211235,3.083373,-0.13441879,0.042015076
1055,0.06796563378426956,-0.48029777,1.9074637,-0.07487137,0.9949344,-0.06809196,-0.065536484,0.0342639,0.35110262,0.95233,-0.14102705,0.49015948,-0.21134295,0.02670818,3.0,3.0,3.0,3.0,3.0,3.0,3.0,3.0,3.0,3.0,3.0,3.0,3.0,3.0,3.0,3.0,3.0,3.0,3.0,3.0,3.0,3.0,3.0,3.0,3.0,3.0,3.0,3.0,3.0,3.0,3.0,3.0,3.0,3.0,3.0,3.0,0.14897633,1.4833541,0.23038924,19.850266
1060,0.014583217115367808,-0.48704073,1.8870944,-0.07349747,0.9952585,-0.064103924,-0.06623674,0.031046992,0.31120107,0.98872083,-0.05851991,0.48345947,-0.20939866,-0.32451215,3.0,3.0,3.0,3.0,3.0,3.0,3.0,3.0,3.0,3.0,3.0,3.0,3.0,3.0,3.0,3.0,3.0,3.0,3.0,3.0,3.0,3.0,3.0,3.0,3.0,3.0,3.0,3.0,3.0,3.0,3.0,3.0,3.0,3.0,3.0,3.0,-1.5362406,1.2028961,-0.6857749,25.640182
1065,0.1890826056115193,-0.49335918,1.8663745,-0.07087139,0.9954814,-0.059640996,-0.06858222,0.02749934,0.296282,0.999775,-0.15900809,0.35517472,-0.31518683,-0.18782733,3.0,3.0,3.0,3.0,3.0,3.0,3.0,3.0,3.0,3.0,3.0,3.0,3.0,3.0,3.0,3.0,3.0,3.0,3.0,3.0,3.0,3.0,3.0,3.0,3.0,3.0,3.0,3.0,3.0,3.0,3.0,3.0,3.0,3.0,3.0,3.0,2.4897194,-2.6833189,-0.52052766,7.982502
1070,0.25042820335416854,-0.49929568,1.8453821,-0.06661338,0.99556166,-0.0550282,-0.07223399,0.024721097,0.27136093,1.0173645,-0.1938405,0.6353656,-0.23943508,-0.09209548,3.0,3.0,3.0,3.0,3.0,3.0,3.0,3.0,3.0,3.0,3.0,3.0,3.0,3.0,3.0,3.0,3.0,3.0,3.0,3.0,3.0,3.0,3.0,3.0,3.0,3.0,3.0,3.0,3.0,3.0,3.0,3.0,3.0,3.0,3.0,3.0,1.9334402,-0.5832138,-0.8876167,-1.6488762
1075,0.13457408486833483,-0.5046164,1.8239757,-0.062217023,0.99578017,-0.050161947,-0.073316984,0.02302786,0.2435237,1.034841,-0.21472499,0.3297374,0.043055207,-0.30991092,3.0,3.0,3.0,3.0,3.0,3.0,3.0,3.0,3.0,3.0,3.0,3.0,3.0,3.0,3.0,3.0,3.0,3.0,3.0,3.0,3.0,3.0,3.0,3.0,3.0,3.0,3.0,3.0,3.0,3.0,3.0,3.0,3.0,3.0,3.0,3.0,-2.9793053,-1.8770795,-0.71992415,14.817101
1080,0.2309945813234936,-0.50915307,1.8020949,-0.058728077,0.9960452,-0.046251778,-0.0734662,0.018907547,0.20227413,1.0593766,-0.14695573,0.513111,-0.1205912,-0.45048276,3.0,3.0,3.0,3.0,3.0,3.0,3.0,3.0,3.0,3.0,3.0,3.0,3.0,3.0,3.0,3.0,3.0,3.0,3.0,3.0,3.0,3.0,3.0,3.0,3.0,3.0,3.0,3.0,3.0,3.0,3.0,3.0,3.0,3.0,3.0,3.0,-1.856616,-0.076348305,0.3224945,5.574112
1085,0.2156323220931668,-0.51276135,1.779686,-0.057111327,0.9962432,-0.03917258,-0.07659432,0.009918166,0.16277462,1.0808061,-0.091281325,0.804663,-0.37711167,-0.9049832,3.0,3.0,3.0,3.0,3.0,3.0,3.0,3.0,3.0,3.0,3.0,3.0,3.0,3.0,3.0,3.0,3.0,3.0,3.0,3.0,3.0,3.0,3.0,3.0,3.0,3.0,3.0,3.0,3.0,3.0,3.0,3.0,3.0,3.0,3.0,3.0,3.7506351,-2.1199555,-0.1148653,5.119972
1090,-0.034852856513374775,-0.5158154,1.7570277,-0.054801617,0.9964378,-0.030271763,-0.07869506,0.0015658531,0.1390946,1.0902779,-0.14534217,0.94266975,-0.18628436,-0.68003106,3.0,3.0,3.0,3.0,3.0,3.0,3.0,3.0,3.0,3.0,3.0,3.0,3.0,3.0,3.0,3.0,3.0,3.0,3.0,3.0,3.0,3.0,3.0,3.0,3.0,3.0,3.0,3.0,3.0,3.0,3.0,3.0,3.0,3.0,3.0,3.0,-0.3355856,0.30814457,-0.3367989,32.233047
1095,0.027440938746916166,-0.51839465,1.7342227,-0.05119775,0.9964973,-0.021702027,-0.080644235,-0.004323623,0.10948797,1.0985798,-0.16628805,0.642462,-0.16903274,-0.21290803,3.0,3.0,3.0,3.0,3.0,3.0,3.0,3.0,3.0,3.0,3.0,3.0,3.0,3.0,3.0,3.0,3.0,3.0,3.0,3.0,3.0,3.0,3.0,3.0,3.0,3.0,3.0,3.0,3.0,3.0,3.0,3.0,3.0,3.0,3.0,3.0,-1.0882621,3.5175066,0.32654715,27.102394
1100,0.22463500729933267,-0.5200403,1.7111855,-0.049068045,0.9962497,-0.015532038,-0.08478395,-0.007548243,0.06761978,1.1078551,-0.115192026,0.64150107,-0.4347613,-0.277274,3.0,3.0,3.0,3.0,3.0,3.0,3.0,3.0,3.0,3.0,3.0,3.0,3.0,3.0,3.0,3.0,3.0,3.0,3.0,3.0,3.0,3.0,3.0,3.0,3.0,3.0,3.0,3.0,3.0,3.0,3.0,3.0,3.0,3.0,3.0,3.0,-0.98609877,-1.5912695,0.6423168,7.480606
1105,0.188172574522122,-0.52091134,1.6880267,-0.047256127,0.99601,-0.008289133,-0.08830168,-0.009905966,0.025042182,1.1132888,-0.07300957,0.7253386,-0.3258761,-0.1322844,3.0,3.0,3.0,3.0,3.0,3.0,3.0,3.0,3.0,3.0,3.0,3.0,3.0,3.0,3.0,3.0,3.0,3.0,3.0,3.0,3.0,3.0,3.0,3.0,3.0,3.0,3.0,3.0,3.0,3.0,3.0,3.0,3.0,3.0,3.0,3.0,-0.0016551018,-0.53633595,-0.09625381,11.64555
1110,0.172280490208503,-0.52106595,1.6648201,-0.045242283,0.9959511,0.0017094318,-0.08909506,-0.0118562635,-9.86056e-06,1.1136391,-0.13686852,0.9932154,-0.06031814,-0.06048647,3.0,3.0,3.0,3.0,3.0,3.0,3.0,3.0,3.0,3.0,3.0,3.0,3.0,3.0,3.0,3.0,3.0,3.0,3.0,3.0,3.0,3.0,3.0,3.0,3.0,3.0,3.0,3.0,3.0,3.0,3.0,3.0,3.0,3.0,3.0,3.0,0.9629698,1.8557625,-0.5715535,12.826462
1115,0.2327028047260361,-0.52072847,1.6416513,-0.041710693,0.9957222,0.0130670285,-0.09027667,-0.01472128,-0.0275508,1.1107924,-0.18826786,1.1635008,-0.13477126,-0.32186398,3.0,3.0,3.0,3.0,3.0,3.0,3.0,3.0,3.0,3.0,3.0,3.0,3.0,3.0,3.0,3.0,3.0,3.0,3.0,3.0,3.0,3.0,3.0,3.0,3.0,3.0,3.0,3.0,3.0,3.0,3.0,3.0,3.0,3.0,3.0,3.0,2.7249355,3.7719183,0.17065716,4.738949
1120,0.25470827026848936,-0.519707,1.6185967,-0.03769063,0.99545294,0.023367222,-0.08985606,-0.021291189,-0.06648234,1.1027318,-0.1791127,0.9714223,0.13340265,-0.6664432,3.0,3.0,3.0,3.0,3.0,3.0,3.0,3.0,3.0,3.0,3.0,3.0,3.0,3.0,3.0,3.0,3.0,3.0,3.0,3.0,3.0,3.0,3.0,3.0,3.0,3.0,3.0,3.0,3.0,3.0,3.0,3.0,3.0,3.0,3.0,3.0,0.46741295,-0.4566412,0.20412576,4.483158
1125,0.20092723804898432,-0.5174814,1.5958571,-0.036025845,0.9952731,0.03282923,-0.08790215,-0.025038663,-0.13760425,1.0819533,0.008488136,0.8750089,0.15722641,-0.17213364,3.0,3.0,3.0,3.0,3.0,3.0,3.0,3.0,3.0,3.0,3.0,3.0,3.0,3.0,3.0,3.0,3.0,3.0,3.0,3.0,3.0,3.0,3.0,3.0,3.0,3.0,3.0,3.0,3.0,3.0,3.0,3.0,3.0,3.0,3.0,3.0,0.43958426,1.3883343,0.07989776,10.300842
1130,0.211658489328221,-0.5137955,1.5736328,-0.03824643,0.9951576,0.040837813,-0.08533819,-0.026664196,-0.2078115,1.0541534,0.19961853,0.969387,0.06538834,-0.22628932,3.0,3.0,3.0,3.0,3.0,3.0,3.0,3.0,3.0,3.0,3.0,3.0,3.0,3.0,3.0,3.0,3.0,3.0,3.0,3.0,3.0,3.0,3.0,3.0,3.0,3.0,3.0,3.0,3.0,3.0,3.0,3.0,3.0,3.0,3.0,3.0,0.71827793,-0.5339999,0.8910558,8.803612
1135,0.07016975105481654,-0.50849634,1.5521358,-0.045412797,0.99466306,0.049179498,-0.08586952,-0.029209958,-0.28476524,1.0161293,0.43690163,0.52939856,-0.31553373,-0.09140222,3.0,3.0,3.0,3.0,3.0,3.0,3.0,3.0,3.0,3.0,3.0,3.0,3.0,3.0,3.0,3.0,3.0,3.0,3.0,3.0,3.0,3.0,3.0,3.0,3.0,3.0,3.0,3.0,3.0,3.0,3.0,3.0,3.0,3.0,3.0,3.0,-2.1387086,0.26473522,0.52162695,23.25457
1140,0.16864391454424643,-0.501836,1.5313828,-0.056073125,0.99374896,0.05474633,-0.09135023,-0.033481624,-0.34218407,0.9830222,0.5546054,0.51218927,-0.45239058,-0.69544303,3.0,3.0,3.0,3.0,3.0,3.0,3.0,3.0,3.0,3.0,3.0,3.0,3.0,3.0,3.0,3.0,3.0,3.0,3.0,3.0,3.0,3.0,3.0,3.0,3.0,3.0,3.0,3.0,3.0,3.0,3.0,3.0,3.0,3.0,3.0,3.0,-3.8826537,-0.60915565,0.7239034,11.661034
1145,0.11410810476168992,-0.49403995,1.5113003,-0.06860872,0.99257976,0.05865258,-0.09878724,-0.039828982,-0.39524466,0.95135576,0.62843513,0.07334572,-0.7479562,-0.38588044,3.0,3.0,3.0,3.0,3.0,3.0,3.0,3.0,3.0,3.0,3.0,3.0,3.0,3.0,3.0,3.0,3.0,3.0,3.0,3.0,3.0,3.0,3.0,3.0,3.0,3.0,3.0,3.0,3.0,3.0,3.0,3.0,3.0,3.0,3.0,3.0,-2.6840117,1.0849929,0.8415477,17.315617
1150,0.0727919480619556,-0.48507997,1.4918971,-0.08269468,0.99168164,0.056175932,-0.10822608,-0.041217804,-0.44928956,0.9207087,0.68520147,-0.315043,-1.0339189,-0.19214235,3.0,3.0,3.0,3.0,3.0,3.0,3.0,3.0,3.0,3.0,3.0,3.0,3.0,3.0,3.0,3.0,3.0,3.0,3.0,3.0,3.0,3.0,3.0,3.0,3.0,3.0,3.0,3.0,3.0,3.0,3.0,3.0,3.0,3.0,3.0,3.0,-0.72123146,1.6975822,0.5626085,20.740677
1155,0.232969286909823,-0.4753772,1.472902,-0.09596838,0.99088866,0.051741417,-0.11761134,-0.04037391,-0.4737879,0.9074403,0.59091467,-0.45033073,-0.87312675,0.032787308,3.0,3.0,3.0,3.0,3.0,3.0,3.0,3.0,3.0,3.0,3.0,3.0,3.0,3.0,3.0,3.0,3.0,3.0,3.0,3.0,3.0,3.0,3.0,3.0,3.0,3.0,3.0,3.0,3.0,3.0,3.0,3.0,3.0,3.0,3.0,3.0,1.5382204,-3.1698332,0.63686705,-3.352108
1160,0.20497848684701842,-0.4650516,1.4542017,-0.10761928,0.99032396,0.04803175,-0.124406815,-0.038396772,-0.5049964,0.893338,0.51587623,-0.4378571,-0.56710184,0.01719583,3.0,3.0,3.0,3.0,3.0,3.0,3.0,3.0,3.0,3.0,3.0,3.0,3.0,3.0,3.0,3.0,3.0,3.0,3.0,3.0,3.0,3.0,3.0,3.0,3.0,3.0,3.0,3.0,3.0,3.0,3.0,3.0,3.0,3.0,3.0,3.0,0.7146745,-3.8376367,0.79285157,7.0616837
1165,0.2108725039111275,-0.45353642,1.4359574,-0.119690835,0.99011904,0.04615697,-0.12802058,-0.03383093,-0.5681577,0.86978024,0.55788964,-0.2048512,-0.31575614,0.47733024,3.0,3.0,3.0,3.0,3.0,3.0,3.0,3.0,3.0,3.0,3.0,3.0,3.0,3.0,3.0,3.0,3.0,3.0,3.0,3.0,3.0,3.0,3.0,3.0,3.0,3.0,3.0,3.0,3.0,3.0,3.0,3.0,3.0,3.0,3.0,3.0,-0.4781375,3.4133234,0.15409577,6.741688
1170,0.20773376144822314,-0.44088098,1.4181236,-0.13186489,0.9901222,0.044772867,-0.12973864,-0.028658325,-0.6320889,0.8474258,0.5959152,-0.038586587,-0.2120392,0.3126162,3.0,3.0,3.0,3.0,3.0,3.0,3.0,3.0,3.0,3.0,3.0,3.0,3.0,3.0,3.0,3.0,3.0,3.0,3.0,3.0,3.0,3.0,3.0,3.0,3.0,3.0,3.0,3.0,3.0,3.0,3.0,3.0,3.0,3.0,3.0,3.0,-2.5352316,-0.31307793,0.5048442,7.552952
1175,0.09324545247225019,-0.42686626,1.4007586,-0.1448991,0.98986274,0.04408596,-0.13206829,-0.028038712,-0.702196,0.82347035,0.6537044,-0.3304386,-0.1279413,-0.12583567,3.0,3.0,3.0,3.0,3.0,3.0,3.0,3.0,3.0,3.0,3.0,3.0,3.0,3.0,3.0,3.0,3.0,3.0,3.0,3.0,3.0,3.0,3.0,3.0,3.0,3.0,3.0,3.0,3.0,3.0,3.0,3.0,3.0,3.0,3.0,3.0,-3.2204332,-3.626466,0.686,18.39109
1180,0.1292474914074705,-0.41115972,1.3839548,-0.15993355,0.989524,0.042017583,-0.13502555,-0.029065853,-0.7721806,0.80037916,0.707678,-0.14638186,-0.31692168,-0.15214375,3.0,3.0,3.0,3.0,3.0,3.0,3.0,3.0,3.0,3.0,3.0,3.0,3.0,3.0,3.0,3.0,3.0,3.0,3.0,3.0,3.0,3.0,3.0,3.0,3.0,3.0,3.0,3.0,3.0,3.0,3.0,3.0,3.0,3.0,3.0,3.0,1.5740972,3.801157,0.6463442,14.567516
1185,0.10079858512200568,-0.3947916,1.3673826,-0.17317377,0.9890782,0.04043728,-0.13838275,-0.030648159,-0.7945379,0.7922891,0.58673495,-0.1372848,-0.31365943,-0.18553607,3.0,3.0,3.0,3.0,3.0,3.0,3.0,3.0,3.0,3.0,3.0,3.0,3.0,3.0,3.0,3.0,3.0,3.0,3.0,3.0,3.0,3.0,3.0,3.0,3.0,3.0,3.0,3.0,3.0,3.0,3.0,3.0,3.0,3.0,3.0,3.0,0.90818644,2.8608494,0.96667933,17.609974
1190,0.08333206212574568,-0.37754518,1.3510797,-0.18530914,0.9890947,0.038355347,-0.13883442,-0.030750366,-0.84776324,0.7768261,0.571522,-0.104140416,0.084530175,0.19626898,3.0,3.0,3.0,3.0,3.0,3.0,3.0,3.0,3.0,3.0,3.0,3.0,3.0,3.0,3.0,3.0,3.0,3.0,3.0,3.0,3.0,3.0,3.0,3.0,3.0,3.0,3.0,3.0,3.0,3.0,3.0,3.0,3.0,3.0,3.0,3.0,2.0637178,2.725861,0.4031651,19.532867
1195,0.2524656124952757,-0.3594192,1.3350319,-0.19633041,0.98937726,0.037246745,-0.13742864,-0.02930309,-0.90156746,0.761923,0.5587265,-0.06308689,0.1630012,-0.04803172,3.0,3.0,3.0,3.0,3.0,3.0,3.0,3.0,3.0,3.0,3.0,3.0,3.0,3.0,3.0,3.0,3.0,3.0,3.0,3.0,3.0,3.0,3.0,3.0,3.0,3.0,3.0,3.0,3.0,3.0,3.0,3.0,3.0,3.0,3.0,3.0,1.3746839,-1.1670942,0.9554465,1.7070122
1200,0.19163538152832937,-0.33981428,1.3193808,-0.20836797,0.989919,0.03670609,-0.13391311,-0.027934385,-0.96564966,0.74447006,0.58532923,-0.11276526,0.37921602,0.089660704,3.0,3.0,3.0,3.0,3.0,3.0,3.0,3.0,3.0,3.0,3.0,3.0,3.0,3.0,3.0,3.0,3.0,3.0,3.0,3.0,3.0,3.0,3.0,3.0,3.0,3.0,3.0,3.0,3.0,3.0,3.0,3.0,3.0,3.0,3.0,3.0,-1.0372167,1.4744368,0.9508698,7.557392
1205,0.15292531713211577,-0.31859794,1.304164,-0.22204956,0.9906423,0.036748014,-0.12851948,-0.027570989,-1.0540805,0.72079176,0.7087754,0.06798671,0.35743442,-0.049036134,3.0,3.0,3.0,3.0,3.0,3.0,3.0,3.0,3.0,3.0,3.0,3.0,3.0,3.0,3.0,3.0,3.0,3.0,3.0,3.0,3.0,3.0,3.0,3.0,3.0,3.0,3.0,3.0,3.0,3.0,3.0,3.0,3.0,3.0,3.0,3.0,4.0293417,3.0893888,0.870098,9.8587
1210,0.14852489476913017,-0.29629782,1.2892606,-0.23563233,0.99116635,0.037205797,-0.12386055,-0.029385468,-1.089066,0.70968074,0.6442332,0.18333414,0.6639627,-0.27110633,3.0,3.0,3.0,3.0,3.0,3.0,3.0,3.0,3.0,3.0,3.0,3.0,3.0,3.0,3.0,3.0,3.0,3.0,3.0,3.0,3.0,3.0,3.0,3.0,3.0,3.0,3.0,3.0,3.0,3.0,3.0,3.0,3.0,3.0,3.0,3.0,-0.37533712,-0.96995306,0.6771405,10.320839
1215,0.20158554556405528,-0.27302766,1.2746599,-0.24887827,0.99199605,0.03853227,-0.116630845,-0.02926379,-1.1393737,0.69356984,0.6475296,-0.14962174,0.48051333,0.25917095,3.0,3.0,3.0,3.0,3.0,3.0,3.0,3.0,3.0,3.0,3.0,3.0,3.0,3.0,3.0,3.0,3.0,3.0,3.0,3.0,3.0,3.0,3.0,3.0,3.0,3.0,3.0,3.0,3.0,3.0,3.0,3.0,3.0,3.0,3.0,3.0,-0.633265,-2.7476807,0.5088248,3.9139175
1220,0.14065264070120315,-0.24867152,1.2604226,-0.26250172,0.9927928,0.037323836,-0.110457316,-0.0277227,-1.1879481,0.67680925,0.6557866,-0.05675281,0.7759319,-0.014309906,3.0,3.0,3.0,3.0,3.0,3.0,3.0,3.0,3.0,3.0,3.0,3.0,3.0,3.0,3.0,3.0,3.0,3.0,3.0,3.0,3.0,3.0,3.0,3.0,3.0,3.0,3.0,3.0,3.0,3.0,3.0,3.0,3.0,3.0,3.0,3.0,-1.3981056,0.10707426,0.93082285,-9.471977
1225,0.17844338616544436,-0.22318454,1.2465774,-0.27697077,0.99375105,0.038013157,-0.10212018,-0.024193678,-1.2370656,0.65929836,0.6785829,-0.04788336,0.9121767,0.5144214,3.0,3.0,3.0,3.0,3.0,3.0,3.0,3.0,3.0,3.0,3.0,3.0,3.0,3.0,3.0,3.0,3.0,3.0,3.0,3.0,3.0,3.0,3.0,3.0,3.0,3.0,3.0,3.0,3.0,3.0,3.0,3.0,3.0,3.0,3.0,3.0,-3.697854,-2.210369,-0.2713592,-1.8807602
1230,0.17604163566940337,-0.19721241,1.2329406,-0.28965846,0.99481374,0.038100556,-0.09223494,-0.019665586,-1.2542005,0.6509067,0.56961054,0.09797381,1.0325379,0.38004032,3.0,3.0,3.0,3.0,3.0,3.0,3.0,3.0,3.0,3.0,3.0,3.0,3.0,3.0,3.0,3.0,3.0,3.0,3.0,3.0,3.0,3.0,3.0,3.0,3.0,3.0,3.0,3.0,3.0,3.0,3.0,3.0,3.0,3.0,3.0,3.0,-2.8856835,1.417747,-0.22529846,3.2808342
1235,0.14614517206345634,-0.17088898,1.2194875,-0.30018243,0.9957703,0.038922172,-0.08166766,-0.01603122,-1.2737181,0.6404403,0.48639664,-0.076680265,0.8833318,0.49424422,3.0,3.0,3.0,3.0,3.0,3.0,3.0,3.0,3.0,3.0,3.0,3.0,3.0,3.0,3.0,3.0,3.0,3.0,3.0,3.0,3.0,3.0,3.0,3.0,3.0,3.0,3.0,3.0,3.0,3.0,3.0,3.0,3.0,3.0,3.0,3.0,-2.3287117,-0.78332376,-0.40421814,6.9711456
1240,0.12187355114050155,-0.14419581,1.2062495,-0.30890372,0.9965169,0.038912963,-0.07278294,-0.011938485,-1.2858192,0.632213,0.37184352,-0.009310741,0.82885253,0.40796024,3.0,3.0,3.0,3.0,3.0,3.0,3.0,3.0,3.0,3.0,3.0,3.0,3.0,3.0,3.0,3.0,3.0,3.0,3.0,3.0,3.0,3.0,3.0,3.0,3.0,3.0,3.0,3.0,3.0,3.0,3.0,3.0,3.0,3.0,3.0,3.0,-0.5464339,0.11097145,-0.5343933,9.817535
1245,0.12955880073171494,-0.11707717,1.1932869,-0.3165897,0.99715954,0.03891927,-0.063709475,-0.009962203,-1.3131511,0.6148598,0.37581357,0.12748511,0.7632406,0.056752596,3.0,3.0,3.0,3.0,3.0,3.0,3.0,3.0,3.0,3.0,3.0,3.0,3.0,3.0,3.0,3.0,3.0,3.0,3.0,3.0,3.0,3.0,3.0,3.0,3.0,3.0,3.0,3.0,3.0,3.0,3.0,3.0,3.0,3.0,3.0,3.0,1.454032,-1.8498139,0.68286836,7.6929245
1250,0.13873650328885337,-0.089239426,1.1808021,-0.32584706,0.9976485,0.041522425,-0.05351979,-0.01044363,-1.3436323,0.5933408,0.43133813,0.30389568,0.95610356,-0.108979955,3.0,3.0,3.0,3.0,3.0,3.0,3.0,3.0,3.0,3.0,3.0,3.0,3.0,3.0,3.0,3.0,3.0,3.0,3.0,3.0,3.0,3.0,3.0,3.0,3.0,3.0,3.0,3.0,3.0,3.0,3.0,3.0,3.0,3.0,3.0,3.0,1.7760634,1.5639791,-0.004032016,5.154209
1255,0.1628250988788122,-0.06114877,1.1685611,-0.33352938,0.9980092,0.0439033,-0.043666117,-0.011974859,-1.3531822,0.58196765,0.34674686,0.12854251,1.0444367,-0.19119178,3.0,3.0,3.0,3.0,3.0,3.0,3.0,3.0,3.0,3.0,3.0,3.0,3.0,3.0,3.0,3.0,3.0,3.0,3.0,3.0,3.0,3.0,3.0,3.0,3.0,3.0,3.0,3.0,3.0,3.0,3.0,3.0,3.0,3.0,3.0,3.0,-2.0070827,0.32744503,0.7628846,-0.007858276
1260,0.06027280143663441,-0.03267221,1.156761,-0.3417467,0.9984566,0.042750258,-0.033427116,-0.011809452,-1.3696359,0.5618385,0.35959655,-0.10702355,1.0169672,0.08333329,3.0,3.0,3.0,3.0,3.0,3.0,3.0,3.0,3.0,3.0,3.0,3.0,3.0,3.0,3.0,3.0,3.0,3.0,3.0,3.0,3.0,3.0,3.0,3.0,3.0,3.0,3.0,3.0,3.0,3.0,3.0,3.0,3.0,3.0,3.0,3.0,-0.2392931,-2.7202468,0.6465473,10.967323
1265,0.047236845727808396,-0.0039733024,1.1453208,-0.34960312,0.9988272,0.042377517,-0.022021739,-0.007962435,-1.3793501,0.54443157,0.34469816,-0.10086247,1.0162168,0.47544816,3.0,3.0,3.0,3.0,3.0,3.0,3.0,3.0,3.0,3.0,3.0,3.0,3.0,3.0,3.0,3.0,3.0,3.0,3.0,3.0,3.0,3.0,3.0,3.0,3.0,3.0,3.0,3.0,3.0,3.0,3.0,3.0,3.0,3.0,3.0,3.0,-2.0190005,0.4147792,-0.30650914,11.719879
1270,0.09328730599735893,0.024807913,1.134162,-0.3562253,0.99904746,0.04172929,-0.0115335295,-0.0054555964,-1.3844782,0.5252707,0.35332984,-0.016784187,0.98205465,0.013139541,3.0,3.0,3.0,3.0,3.0,3.0,3.0,3.0,3.0,3.0,3.0,3.0,3.0,3.0,3.0,3.0,3.0,3.0,3.0,3.0,3.0,3.0,3.0,3.0,3.0,3.0,3.0,3.0,3.0,3.0,3.0,3.0,3.0,3.0,3.0,3.0,0.5466037,-3.5223036,-0.030802846,-5.229656
1275,0.10449195257421945,0.05365987,1.1233958,-0.36297533,0.99904025,0.043529574,-0.002047484,-0.0044298237,-1.3844863,0.51265275,0.285716,0.20841084,0.8706906,0.14323089,3.0,3.0,3.0,3.0,3.0,3.0,3.0,3.0,3.0,3.0,3.0,3.0,3.0,3.0,3.0,3.0,3.0,3.0,3.0,3.0,3.0,3.0,3.0,3.0,3.0,3.0,3.0,3.0,3.0,3.0,3.0,3.0,3.0,3.0,3.0,3.0,1.706655,3.1450186,-0.33457655,3.1691437
1280,0.0847186767052854,0.0824707,1.1128467,-0.36771178,0.99892604,0.04567887,0.0071023745,-0.0031218976,-1.3816292,0.5016791,0.19314045,0.14339535,0.8119523,0.090774305,3.0,3.0,3.0,3.0,3.0,3.0,3.0,3.0,3.0,3.0,3.0,3.0,3.0,3.0,3.0,3.0,3.0,3.0,3.0,3.0,3.0,3.0,3.0,3.0,3.0,3.0,3.0,3.0,3.0,3.0,3.0,3.0,3.0,3.0,3.0,3.0,1.155066,3.8983068,-0.42248684,5.0944595
1285,0.09441058330260205,0.11119656,1.1025463,-0.37068748,0.9987908,0.046084363,0.016703058,-0.0037726094,-1.3768935,0.4903469,0.10078031,0.01673096,0.9510099,-0.048192564,3.0,3.0,3.0,3.0,3.0,3.0,3.0,3.0,3.0,3.0,3.0,3.0,3.0,3.0,3.0,3.0,3.0,3.0,3.0,3.0,3.0,3.0,3.0,3.0,3.0,3.0,3.0,3.0,3.0,3.0,3.0,3.0,3.0,3.0,3.0,3.0,-3.2919526,-1.3971493,-0.72453177,-3.3358078
1290,0.06356155831688654,0.13980503,1.0924523,-0.37140888,0.998586,0.04598737,0.026297867,-0.0044253757,-1.3698446,0.4792232,0.0056642364,-0.09854692,0.8154051,0.09332065,3.0,3.0,3.0,3.0,3.0,3.0,3.0,3.0,3.0,3.0,3.0,3.0,3.0,3.0,3.0,3.0,3.0,3.0,3.0,3.0,3.0,3.0,3.0,3.0,3.0,3.0,3.0,3.0,3.0,3.0,3.0,3.0,3.0,3.0,3.0,3.0,-1.6368625,1.9558411,0.23665118,7.1730804
1295,0.07241209454522521,0.16812128,1.0828117,-0.37256286,0.9985452,0.043567985,0.031660773,-0.002613622,-1.354279,0.45619005,0.04166448,-0.13626853,0.48264074,0.20201614,3.0,3.0,3.0,3.0,3.0,3.0,3.0,3.0,3.0,3.0,3.0,3.0,3.0,3.0,3.0,3.0,3.0,3.0,3.0,3.0,3.0,3.0,3.0,3.0,3.0,3.0,3.0,3.0,3.0,3.0,3.0,3.0,3.0,3.0,3.0,3.0,0.8874264,1.5474377,0.5810076,5.340065
1300,0.016291857888943204,0.1961381,1.0735476,-0.37348047,0.99847496,0.040105246,0.037884973,-0.0020083168,-1.3411424,0.44112277,-0.000118042306,-0.39568204,0.5383196,0.025892133,3.0,3.0,3.0,3.0,3.0,3.0,3.0,3.0,3.0,3.0,3.0,3.0,3.0,3.0,3.0,3.0,3.0,3.0,3.0,3.0,3.0,3.0,3.0,3.0,3.0,3.0,3.0,3.0,3.0,3.0,3.0,3.0,3.0,3.0,3.0,3.0,-0.8129225,-2.3954387,-0.25159413,10.518444
1305,0.08221109589511105,0.22391722,1.0645022,-0.37259325,0.9984646,0.037169956,0.041061357,-0.00092132774,-1.3277003,0.42925158,-0.06584578,-0.23689069,0.18319683,0.06101012,3.0,3.0,3.0,3.0,3.0,3.0,3.0,3.0,3.0,3.0,3.0,3.0,3.0,3.0,3.0,3.0,3.0,3.0,3.0,3.0,3.0,3.0,3.0,3.0,3.0,3.0,3.0,3.0,3.0,3.0,3.0,3.0,3.0,3.0,3.0,3.0,-0.107129574,0.25573158,-0.13279492,4.4026413
1310,-0.01416198222108557,0.25121194,1.0558676,-0.37266555,0.9983639,0.03488512,0.04529971,-0.0006683526,-1.2993138,0.405656,0.03719234,-0.18789606,0.3772329,0.10060152,3.0,3.0,3.0,3.0,3.0,3.0,3.0,3.0,3.0,3.0,3.0,3.0,3.0,3.0,3.0,3.0,3.0,3.0,3.0,3.0,3.0,3.0,3.0,3.0,3.0,3.0,3.0,3.0,3.0,3.0,3.0,3.0,3.0,3.0,3.0,3.0,-2.1002502,-3.1699839,-0.70461804,11.592949
1315,-0.03283008467112526,0.2781319,1.0475148,-0.3721599,0.9982394,0.032538716,0.049591236,-0.00021112419,-1.2843496,0.3957487,-0.034438785,-0.36004606,0.5442018,-0.059962455,3.0,3.0,3.0,3.0,3.0,3.0,3.0,3.0,3.0,3.0,3.0,3.0,3.0,3.0,3.0,3.0,3.0,3.0,3.0,3.0,3.0,3.0,3.0,3.0,3.0,3.0,3.0,3.0,3.0,3.0,3.0,3.0,3.0,3.0,3.0,3.0,-1.0858071,-2.8559744,-0.61108506,12.9557495
1320,0.05467728721528413,0.30474794,1.0393509,-0.3699875,0.998069,0.029297834,0.054762766,-0.0009787347,-1.2729651,0.3893827,-0.15114741,-0.30174765,0.4874673,-0.037507683,3.0,3.0,3.0,3.0,3.0,3.0,3.0,3.0,3.0,3.0,3.0,3.0,3.0,3.0,3.0,3.0,3.0,3.0,3.0,3.0,3.0,3.0,3.0,3.0,3.0,3.0,3.0,3.0,3.0,3.0,3.0,3.0,3.0,3.0,3.0,3.0,1.0455341,-4.036788,-0.7061051,2.243267
1325,0.023859640597974907,0.33111668,1.0313119,-0.36537734,0.9978638,0.026202029,0.05982297,-0.0015730908,-1.260587,0.38353074,-0.2666861,-0.2881516,0.49030524,0.01765485,3.0,3.0,3.0,3.0,3.0,3.0,3.0,3.0,3.0,3.0,3.0,3.0,3.0,3.0,3.0,3.0,3.0,3.0,3.0,3.0,3.0,3.0,3.0,3.0,3.0,3.0,3.0,3.0,3.0,3.0,3.0,3.0,3.0,3.0,3.0,3.0,-0.43729925,-3.1199434,0.21052289,6.7486725
1330,-0.024342053037324965,0.35689205,1.0235339,-0.36108777,0.9976224,0.02441043,0.06444431,-0.0008048245,-1.2298422,0.37035558,-0.23517898,-0.131513,0.45318356,0.07983784,3.0,3.0,3.0,3.0,3.0,3.0,3.0,3.0,3.0,3.0,3.0,3.0,3.0,3.0,3.0,3.0,3.0,3.0,3.0,3.0,3.0,3.0,3.0,3.0,3.0,3.0,3.0,3.0,3.0,3.0,3.0,3.0,3.0,3.0,3.0,3.0,-0.62582254,-2.001998,-0.8987284,11.804317
1335,0.055378384785364373,0.3823401,1.0158813,-0.35474673,0.9973485,0.023153488,0.06899095,-0.00042676253,-1.215234,0.36513445,-0.3459821,-0.059517216,0.37015674,-0.046296347,3.0,3.0,3.0,3.0,3.0,3.0,3.0,3.0,3.0,3.0,3.0,3.0,3.0,3.0,3.0,3.0,3.0,3.0,3.0,3.0,3.0,3.0,3.0,3.0,3.0,3.0,3.0,3.0,3.0,3.0,3.0,3.0,3.0,3.0,3.0,3.0,-0.4166956,-2.9620328,-0.6280209,3.0460548
1340,0.03481526845074828,0.40744394,1.0083451,-0.34631643,0.9970507,0.023698576,0.072994195,-0.0003351619,-1.1977998,0.35937685,-0.44183472,0.033828676,0.48446888,2.3624234e-06,3.0,3.0,3.0,3.0,3.0,3.0,3.0,3.0,3.0,3.0,3.0,3.0,3.0,3.0,3.0,3.0,3.0,3.0,3.0,3.0,3.0,3.0,3.0,3.0,3.0,3.0,3.0,3.0,3.0,3.0,3.0,3.0,3.0,3.0,3.0,3.0,-0.46445417,-1.0534763,-0.7952972,5.97007
1345,0.008969001108757951,0.43214852,1.0009379,-0.3360587,0.996731,0.024602836,0.07695286,0.00054186693,-1.1763308,0.3525455,-0.5168572,0.2824394,0.41745564,0.21512213,3.0,3.0,3.0,3.0,3.0,3.0,3.0,3.0,3.0,3.0,3.0,3.0,3.0,3.0,3.0,3.0,3.0,3.0,3.0,3.0,3.0,3.0,3.0,3.0,3.0,3.0,3.0,3.0,3.0,3.0,3.0,3.0,3.0,3.0,3.0,3.0,2.495689,-1.3187149,-0.97196186,-7.8755226
1350,0.04938946527787014,0.45635977,0.99368787,-0.32445198,0.9962281,0.028116813,0.08199385,0.0040041953,-1.1466067,0.34293172,-0.5471487,0.25825256,0.3917014,0.2388065,3.0,3.0,3.0,3.0,3.0,3.0,3.0,3.0,3.0,3.0,3.0,3.0,3.0,3.0,3.0,3.0,3.0,3.0,3.0,3.0,3.0,3.0,3.0,3.0,3.0,3.0,3.0,3.0,3.0,3.0,3.0,3.0,3.0,3.0,3.0,3.0,2.474946,0.0052404404,-0.8546303,-2.976162
1355,0.009058385890781812,0.47980717,0.9866917,-0.31297705,0.9956642,0.029501444,0.08803993,0.0056083486,-1.1093032,0.33034942,-0.542048,0.057206396,0.63654214,0.073709354,3.0,3.0,3.0,3.0,3.0,3.0,3.0,3.0,3.0,3.0,3.0,3.0,3.0,3.0,3.0,3.0,3.0,3.0,3.0,3.0,3.0,3.0,3.0,3.0,3.0,3.0,3.0,3.0,3.0,3.0,3.0,3.0,3.0,3.0,3.0,3.0,-0.744432,1.1239185,-0.018992186,-6.7709427
1360,0.021336803493208142,0.50228727,0.9800164,-0.30254558,0.9952992,0.029294305,0.092141174,0.005596006,-1.0697415,0.31743434,-0.5351306,0.006312784,0.37166083,0.040380493,3.0,3.0,3.0,3.0,3.0,3.0,3.0,3.0,3.0,3.0,3.0,3.0,3.0,3.0,3.0,3.0,3.0,3.0,3.0,3.0,3.0,3.0,3.0,3.0,3.0,3.0,3.0,3.0,3.0,3.0,3.0,3.0,3.0,3.0,3.0,3.0,-1.5175593,-3.2714846,0.15143943,4.3847504
1365,0.04678836892117259,0.52383286,0.97363424,-0.2926924,0.9949456,0.029570505,0.09577988,0.0059203203,-1.0230469,0.30292392,-0.49951643,0.1256311,0.26161885,0.08117998,3.0,3.0,3.0,3.0,3.0,3.0,3.0,3.0,3.0,3.0,3.0,3.0,3.0,3.0,3.0,3.0,3.0,3.0,3.0,3.0,3.0,3.0,3.0,3.0,3.0,3.0,3.0,3.0,3.0,3.0,3.0,3.0,3.0,3.0,3.0,3.0,0.2927761,-2.9045856,-0.5913849,-0.26114655
1370,-0.015296296858379896,0.5447214,0.9674526,-0.28179523,0.9943707,0.03200947,0.10067725,0.008148672,-0.9839297,0.29093277,-0.5141298,0.0123549,0.438952,0.018456236,3.0,3.0,3.0,3.0,3.0,3.0,3.0,3.0,3.0,3.0,3.0,3.0,3.0,3.0,3.0,3.0,3.0,3.0,3.0,3.0,3.0,3.0,3.0,3.0,3.0,3.0,3.0,3.0,3.0,3.0,3.0,3.0,3.0,3.0,3.0,3.0,-3.690415,-3.7778158,-0.2593062,-6.8310165
1375,0.047508711576980805,0.5646222,0.9615769,-0.2713417,0.9939757,0.035072595,0.10366901,0.0059173414,-0.9352833,0.27583593,-0.49021804,0.44866806,0.33595845,-0.2181982,3.0,3.0,3.0,3.0,3.0,3.0,3.0,3.0,3.0,3.0,3.0,3.0,3.0,3.0,3.0,3.0,3.0,3.0,3.0,3.0,3.0,3.0,3.0,3.0,3.0,3.0,3.0,3.0,3.0,3.0,3.0,3.0,3.0,3.0,3.0,3.0,1.327765,0.06534624,0.45591497,0.51250076
1380,0.019277097886208544,0.5833339,0.9560861,-0.26214883,0.99342823,0.039691918,0.10728847,0.0037550076,-0.880467,0.25747186,-0.44286093,0.30069762,0.46297094,-0.32561922,3.0,3.0,3.0,3.0,3.0,3.0,3.0,3.0,3.0,3.0,3.0,3.0,3.0,3.0,3.0,3.0,3.0,3.0,3.0,3.0,3.0,3.0,3.0,3.0,3.0,3.0,3.0,3.0,3.0,3.0,3.0,3.0,3.0,3.0,3.0,3.0,0.27047062,3.747282,-0.56788886,-1.6229439
1385,-0.03140192800004005,0.6013177,0.9508528,-0.2519271,0.9929704,0.0418557,0.110714905,-0.00036102024,-0.84055746,0.24281193,-0.47284397,0.18739006,0.3621803,-0.37824515,3.0,3.0,3.0,3.0,3.0,3.0,3.0,3.0,3.0,3.0,3.0,3.0,3.0,3.0,3.0,3.0,3.0,3.0,3.0,3.0,3.0,3.0,3.0,3.0,3.0,3.0,3.0,3.0,3.0,3.0,3.0,3.0,3.0,3.0,3.0,3.0,-0.4187398,3.1240454,-0.12460047,8.60981
1390,-0.02958033546054896,0.6181963,0.94603264,-0.24226047,0.99269384,0.04419594,0.11215596,-0.005171085,-0.78668797,0.22234239,-0.44442108,0.25236177,0.16867147,-0.43651584,3.0,3.0,3.0,3.0,3.0,3.0,3.0,3.0,3.0,3.0,3.0,3.0,3.0,3.0,3.0,3.0,3.0,3.0,3.0,3.0,3.0,3.0,3.0,3.0,3.0,3.0,3.0,3.0,3.0,3.0,3.0,3.0,3.0,3.0,3.0,3.0,-2.9707036,2.7570443,-0.7620825,7.9443207
1395,0.02559247108083422,0.63399094,0.94163835,-0.23298371,0.99237895,0.045567352,0.11407872,-0.009676767,-0.7374964,0.20259017,-0.43910918,-0.055992182,0.06504878,-0.25665057,3.0,3.0,3.0,3.0,3.0,3.0,3.0,3.0,3.0,3.0,3.0,3.0,3.0,3.0,3.0,3.0,3.0,3.0,3.0,3.0,3.0,3.0,3.0,3.0,3.0,3.0,3.0,3.0,3.0,3.0,3.0,3.0,3.0,3.0,3.0,3.0,-1.899529,3.115981,-0.13246572,-0.9865074
1400,0.025814989605960396,0.6487973,0.9376442,-0.22363517,0.9924738,0.043601565,0.113822035,-0.011800374,-0.6892643,0.18305792,-0.43958908,-0.21094519,-0.0369493,-0.33862898,3.0,3.0,3.0,3.0,3.0,3.0,3.0,3.0,3.0,3.0,3.0,3.0,3.0,3.0,3.0,3.0,3.0,3.0,3.0,3.0,3.0,3.0,3.0,3.0,3.0,3.0,3.0,3.0,3.0,3.0,3.0,3.0,3.0,3.0,3.0,3.0,0.31906557,0.41669893,0.14710295,-3.2848892
1405,-0.01911747399375755,0.66214854,0.9342275,-0.21622789,0.9924618,0.04162025,0.114044674,-0.016768808,-0.6102456,0.15212838,-0.30655006,-0.045792162,0.0962316,-0.478184,3.0,3.0,3.0,3.0,3.0,3.0,3.0,3.0,3.0,3.0,3.0,3.0,3.0,3.0,3.0,3.0,3.0,3.0,3.0,3.0,3.0,3.0,3.0,3.0,3.0,3.0,3.0,3.0,3.0,3.0,3.0,3.0,3.0,3.0,3.0,3.0,-0.24473286,4.131831,0.09601045,6.1564407
1410,0.015174411403422489,0.67372286,0.93149316,-0.21217261,0.9924565,0.040087286,0.11350188,-0.023247631,-0.51793075,0.11692405,-0.11448544,-0.047457147,0.0898769,-0.4691169,3.0,3.0,3.0,3.0,3.0,3.0,3.0,3.0,3.0,3.0,3.0,3.0,3.0,3.0,3.0,3.0,3.0,3.0,3.0,3.0,3.0,3.0,3.0,3.0,3.0,3.0,3.0,3.0,3.0,3.0,3.0,3.0,3.0,3.0,3.0,3.0,2.0503607,2.8660827,0.69393444,-0.31407547
1415,-0.002917317673553424,0.6838356,0.92931306,-0.21014737,0.99215436,0.039222453,0.1150978,-0.029048935,-0.47476485,0.100637875,-0.13372748,-0.2026632,0.23981501,-0.5836112,3.0,3.0,3.0,3.0,3.0,3.0,3.0,3.0,3.0,3.0,3.0,3.0,3.0,3.0,3.0,3.0,3.0,3.0,3.0,3.0,3.0,3.0,3.0,3.0,3.0,3.0,3.0,3.0,3.0,3.0,3.0,3.0,3.0,3.0,3.0,3.0,-2.2700334,1.2399635,-0.0855903,-4.7965508
1420,-0.026855101420119147,0.69303614,0.9274719,-0.20774099,0.9918367,0.037480745,0.11712954,-0.03370065,-0.4127157,0.077830985,-0.074534796,-0.17841312,0.36769572,-0.35466212,3.0,3.0,3.0,3.0,3.0,3.0,3.0,3.0,3.0,3.0,3.0,3.0,3.0,3.0,3.0,3.0,3.0,3.0,3.0,3.0,3.0,3.0,3.0,3.0,3.0,3.0,3.0,3.0,3.0,3.0,3.0,3.0,3.0,3.0,3.0,3.0,-3.3253765,1.5723791,-0.28877556,-7.3213997
1425,-0.0005509729471368657,0.7013208,0.92596066,-0.20492853,0.99138886,0.035635732,0.120370276,-0.037271556,-0.37838736,0.0658567,-0.13733163,-0.30840442,0.19215088,-0.12619533,3.0,3.0,3.0,3.0,3.0,3.0,3.0,3.0,3.0,3.0,3.0,3.0,3.0,3.0,3.0,3.0,3.0,3.0,3.0,3.0,3.0,3.0,3.0,3.0,3.0,3.0,3.0,3.0,3.0,3.0,3.0,3.0,3.0,3.0,3.0,3.0,-4.220809,0.79800224,-0.7718884,-4.519184
1430,0.003837700771084876,0.7087007,0.92475724,-0.20156027,0.9914317,0.033974826,0.12036544,-0.03769698,-0.34248564,0.053888537,-0.19582212,-0.21782836,-0.10283436,-0.040675953,3.0,3.0,3.0,3.0,3.0,3.0,3.0,3.0,3.0,3.0,3.0,3.0,3.0,3.0,3.0,3.0,3.0,3.0,3.0,3.0,3.0,3.0,3.0,3.0,3.0,3.0,3.0,3.0,3.0,3.0,3.0,3.0,3.0,3.0,3.0,3.0,0.93465376,3.4360418,-0.16040307,-5.426655
1435,-6.41513531478427e-05,0.7150969,0.92387104,-0.19794235,0.99140364,0.030581366,0.12021478,-0.04161766,-0.2864714,0.036061417,-0.1714517,-0.44743875,0.08075527,-0.4389758,3.0,3.0,3.0,3.0,3.0,3.0,3.0,3.0,3.0,3.0,3.0,3.0,3.0,3.0,3.0,3.0,3.0,3.0,3.0,3.0,3.0,3.0,3.0,3.0,3.0,3.0,3.0,3.0,3.0,3.0,3.0,3.0,3.0,3.0,3.0,3.0,-0.90566397,-0.03550625,0.067335606,6.311592
1440,0.009187135192694929,0.72010493,0.9234057,-0.19576246,0.99158263,0.026884846,0.11888366,-0.04367759,-0.20632191,0.0123905465,-0.045729004,-0.35067725,0.07937137,-0.034251146,3.0,3.0,3.0,3.0,3.0,3.0,3.0,3.0,3.0,3.0,3.0,3.0,3.0,3.0,3.0,3.0,3.0,3.0,3.0,3.0,3.0,3.0,3.0,3.0,3.0,3.0,3.0,3.0,3.0,3.0,3.0,3.0,3.0,3.0,3.0,3.0,0.72553205,0.97668695,0.026164055,-6.0528793
1445,0.017210103166021312,0.72365075,0.92334986,-0.19537386,0.99162793,0.020352805,0.1196382,-0.04411874,-0.14498654,-0.0035474498,0.0036942926,-0.65127534,0.06496205,0.08326487,3.0,3.0,3.0,3.0,3.0,3.0,3.0,3.0,3.0,3.0,3.0,3.0,3.0,3.0,3.0,3.0,3.0,3.0,3.0,3.0,3.0,3.0,3.0,3.0,3.0,3.0,3.0,3.0,3.0,3.0,3.0,3.0,3.0,3.0,3.0,3.0,1.0226345,-3.107162,-0.17912155,-3.9649315
1450,0.051070039488754757,0.72606087,0.9235528,-0.1954057,0.9917326,0.013723105,0.11997708,-0.04340149,-0.09628386,-0.013525647,-0.00063824584,-0.6314172,0.016619101,0.18848723,3.0,3.0,3.0,3.0,3.0,3.0,3.0,3.0,3.0,3.0,3.0,3.0,3.0,3.0,3.0,3.0,3.0,3.0,3.0,3.0,3.0,3.0,3.0,3.0,3.0,3.0,3.0,3.0,3.0,3.0,3.0,3.0,3.0,3.0,3.0,3.0,2.2027721,0.2410698,-0.30086422,0.18349075
1455,0.026145104444504394,0.7274343,0.9239286,-0.19542411,0.9918453,0.005637429,0.120094605,-0.042289484,-0.041502845,-0.021278465,0.018799523,-0.74300724,-0.15249659,0.22397989,3.0,3.0,3.0,3.0,3.0,3.0,3.0,3.0,3.0,3.0,3.0,3.0,3.0,3.0,3.0,3.0,3.0,3.0,3.0,3.0,3.0,3.0,3.0,3.0,3.0,3.0,3.0,3.0,3.0,3.0,3.0,3.0,3.0,3.0,3.0,3.0,3.420599,-2.9098244,-0.38677704,-2.1252022
1460,-0.007321062580789017,0.72756535,0.9244313,-0.19625495,0.9917379,-0.002176293,0.121049814,-0.04240419,0.026963957,-0.026134023,0.0936498,-0.64955735,0.22931024,-0.09044386,3.0,3.0,3.0,3.0,3.0,3.0,3.0,3.0,3.0,3.0,3.0,3.0,3.0,3.0,3.0,3.0,3.0,3.0,3.0,3.0,3.0,3.0,3.0,3.0,3.0,3.0,3.0,3.0,3.0,3.0,3.0,3.0,3.0,3.0,3.0,3.0,-1.8466372,-3.087654,-0.38857114,-8.321976
1465,0.031079175605864165,0.72660786,0.9249821,-0.19724861,0.9915697,-0.0073660733,0.121493414,-0.044437215,0.06517939,-0.02647345,0.043128915,-0.26416165,-0.19900751,-0.04040135,3.0,3.0,3.0,3.0,3.0,3.0,3.0,3.0,3.0,3.0,3.0,3.0,3.0,3.0,3.0,3.0,3.0,3.0,3.0,3.0,3.0,3.0,3.0,3.0,3.0,3.0,3.0,3.0,3.0,3.0,3.0,3.0,3.0,3.0,3.0,3.0,3.1441078,4.172351,-0.4664982,-4.025833
1470,0.05949589429200691,0.7248802,0.92552584,-0.19708548,0.9915007,-0.0115348,0.12078849,-0.046941422,0.104776315,-0.025448363,-0.001102279,-0.66134894,0.16533674,-0.38122147,3.0,3.0,3.0,3.0,3.0,3.0,3.0,3.0,3.0,3.0,3.0,3.0,3.0,3.0,3.0,3.0,3.0,3.0,3.0,3.0,3.0,3.0,3.0,3.0,3.0,3.0,3.0,3.0,3.0,3.0,3.0,3.0,3.0,3.0,3.0,3.0,-0.041465282,1.8622646,0.5092548,-2.9602242
1475,0.015628701621727303,0.7220907,0.92602843,-0.19696856,0.9913105,-0.019549286,0.12022078,-0.049682695,0.14222936,-0.023497682,-0.053448256,-0.7920357,-0.02283628,-0.16635914,3.0,3.0,3.0,3.0,3.0,3.0,3.0,3.0,3.0,3.0,3.0,3.0,3.0,3.0,3.0,3.0,3.0,3.0,3.0,3.0,3.0,3.0,3.0,3.0,3.0,3.0,3.0,3.0,3.0,3.0,3.0,3.0,3.0,3.0,3.0,3.0,2.8476439,-4.465198,0.2056154,-6.7276955
1480,-0.03473439039389714,0.7183459,0.9264324,-0.19646373,0.9911937,-0.024260877,0.12046306,-0.04934638,0.19409174,-0.01757797,-0.047891296,-0.3728762,-0.015738646,0.14853202,3.0,3.0,3.0,3.0,3.0,3.0,3.0,3.0,3.0,3.0,3.0,3.0,3.0,3.0,3.0,3.0,3.0,3.0,3.0,3.0,3.0,3.0,3.0,3.0,3.0,3.0,3.0,3.0,3.0,3.0,3.0,3.0,3.0,3.0,3.0,3.0,1.6228256,-1.9976931,-0.736518,-14.898159
1485,0.02993663946913125,0.71391356,0.9267389,-0.19448765,0.9909496,-0.029518355,0.12121935,-0.049532335,0.22261801,-0.013081817,-0.13654205,-0.530856,0.12801561,0.012967473,3.0,3.0,3.0,3.0,3.0,3.0,3.0,3.0,3.0,3.0,3.0,3.0,3.0,3.0,3.0,3.0,3.0,3.0,3.0,3.0,3.0,3.0,3.0,3.0,3.0,3.0,3.0,3.0,3.0,3.0,3.0,3.0,3.0,3.0,3.0,3.0,2.2874146,-1.257447,-0.25517803,-8.731102
1490,0.035621939751919046,0.7088757,0.9269351,-0.19069763,0.9906234,-0.03327034,0.12334413,-0.048421085,0.2509483,-0.007536415,-0.22702955,-0.24197008,0.14232734,0.2140221,3.0,3.0,3.0,3.0,3.0,3.0,3.0,3.0,3.0,3.0,3.0,3.0,3.0,3.0,3.0,3.0,3.0,3.0,3.0,3.0,3.0,3.0,3.0,3.0,3.0,3.0,3.0,3.0,3.0,3.0,3.0,3.0,3.0,3.0,3.0,3.0,-2.7395904,2.3700285,-0.75291246,-8.913555
1495,0.019770142045887368,0.7030811,0.92696565,-0.18564618,0.9904864,-0.036982104,0.123885855,-0.04713132,0.29680115,0.002833882,-0.25075394,-0.24860902,0.13586377,0.22017945,3.0,3.0,3.0,3.0,3.0,3.0,3.0,3.0,3.0,3.0,3.0,3.0,3.0,3.0,3.0,3.0,3.0,3.0,3.0,3.0,3.0,3.0,3.0,3.0,3.0,3.0,3.0,3.0,3.0,3.0,3.0,3.0,3.0,3.0,3.0,3.0,-0.85889053,-2.1385794,-0.3765322,-11.780239
1500,0.015458157236167558,0.69660777,0.92683315,-0.17901613,0.9903447,-0.039695486,0.12480134,-0.04545566,0.32382613,0.009776638,-0.34853217,-0.17781238,-0.0074705123,0.058378372,3.0,3.0,3.0,3.0,3.0,3.0,3.0,3.0,3.0,3.0,3.0,3.0,3.0,3.0,3.0,3.0,3.0,3.0,3.0,3.0,3.0,3.0,3.0,3.0,3.0,3.0,3.0,3.0,3.0,3.0,3.0,3.0,3.0,3.0,3.0,3.0,0.14972591,-1.7440553,-0.26347804,-13.401569
1505,0.08686396305489738,0.6891525,0.9264383,-0.17195998,0.990465,-0.040797945,0.12386663,-0.04440415,0.3710818,0.022575757,-0.36841753,-0.14305401,-0.04158007,0.076307215,3.0,3.0,3.0,3.0,3.0,3.0,3.0,3.0,3.0,3.0,3.0,3.0,3.0,3.0,3.0,3.0,3.0,3.0,3.0,3.0,3.0,3.0,3.0,3.0,3.0,3.0,3.0,3.0,3.0,3.0,3.0,3.0,3.0,3.0,3.0,3.0,-0.47306395,-0.09600258,0.387455,-7.2501144
1510,0.05383474024830695,0.68070567,0.9257668,-0.1645394,0.9906124,-0.041557383,0.12233453,-0.044657923,0.41474652,0.034918264,-0.40065777,-0.068258636,-0.17176242,-0.039537143,3.0,3.0,3.0,3.0,3.0,3.0,3.0,3.0,3.0,3.0,3.0,3.0,3.0,3.0,3.0,3.0,3.0,3.0,3.0,3.0,3.0,3.0,3.0,3.0,3.0,3.0,3.0,3.0,3.0,3.0,3.0,3.0,3.0,3.0,3.0,3.0,-1.8268287,0.74193,-0.92957836,-10.987511
1515,0.03983007945844888,0.6715304,0.92488235,-0.15577829,0.99108714,-0.041779183,0.11884977,-0.043306556,0.45602307,0.04710721,-0.43914902,0.09462685,-0.47480512,0.22709285,3.0,3.0,3.0,3.0,3.0,3.0,3.0,3.0,3.0,3.0,3.0,3.0,3.0,3.0,3.0,3.0,3.0,3.0,3.0,3.0,3.0,3.0,3.0,3.0,3.0,3.0,3.0,3.0,3.0,3.0,3.0,3.0,3.0,3.0,3.0,3.0,0.1849289,-1.4885461,-0.7411647,-12.515709
1520,0.06621714123055716,0.6612916,0.92367464,-0.14712512,0.9919651,-0.039840475,0.113280185,-0.03981939,0.52492267,0.06829732,-0.35758623,0.35315964,-0.6335519,0.48314002,3.0,3.0,3.0,3.0,3.0,3.0,3.0,3.0,3.0,3.0,3.0,3.0,3.0,3.0,3.0,3.0,3.0,3.0,3.0,3.0,3.0,3.0,3.0,3.0,3.0,3.0,3.0,3.0,3.0,3.0,3.0,3.0,3.0,3.0,3.0,3.0,2.199112,0.6657152,-0.41391194,-9.942036
1525,0.06767941111952214,0.6496744,0.9220402,-0.14008552,0.99279225,-0.037536107,0.108325444,-0.03493101,0.57970506,0.085324116,-0.32227713,0.41875178,-0.3551852,0.63392764,3.0,3.0,3.0,3.0,3.0,3.0,3.0,3.0,3.0,3.0,3.0,3.0,3.0,3.0,3.0,3.0,3.0,3.0,3.0,3.0,3.0,3.0,3.0,3.0,3.0,3.0,3.0,3.0,3.0,3.0,3.0,3.0,3.0,3.0,3.0,3.0,3.552166,-2.459346,-0.46463364,-9.964203
1530,0.08338059310470072,0.63723373,0.92014986,-0.13249552,0.9934011,-0.033264223,0.1062237,-0.027645126,0.6061612,0.09345032,-0.4035257,0.32439053,-0.23852095,0.5505547,3.0,3.0,3.0,3.0,3.0,3.0,3.0,3.0,3.0,3.0,3.0,3.0,3.0,3.0,3.0,3.0,3.0,3.0,3.0,3.0,3.0,3.0,3.0,3.0,3.0,3.0,3.0,3.0,3.0,3.0,3.0,3.0,3.0,3.0,3.0,3.0,1.6589408,0.56268454,-0.78120244,-9.936409
1535,0.030748213888442816,0.62416375,0.9180766,-0.123621635,0.99405265,-0.031713545,0.102319755,-0.01960363,0.6370709,0.10231138,-0.4606854,0.20058987,-0.38625172,0.83500725,3.0,3.0,3.0,3.0,3.0,3.0,3.0,3.0,3.0,3.0,3.0,3.0,3.0,3.0,3.0,3.0,3.0,3.0,3.0,3.0,3.0,3.0,3.0,3.0,3.0,3.0,3.0,3.0,3.0,3.0,3.0,3.0,3.0,3.0,3.0,3.0,0.7273536,-0.63147306,-0.67221135,-15.322681
1540,0.03446162854283602,0.6104562,0.915818,-0.113630064,0.9947936,-0.028094938,0.09740687,-0.010407362,0.67619526,0.1137151,-0.46999466,0.5969815,-0.5592344,0.7064798,3.0,3.0,3.0,3.0,3.0,3.0,3.0,3.0,3.0,3.0,3.0,3.0,3.0,3.0,3.0,3.0,3.0,3.0,3.0,3.0,3.0,3.0,3.0,3.0,3.0,3.0,3.0,3.0,3.0,3.0,3.0,3.0,3.0,3.0,3.0,3.0,2.5610313,0.31478643,-0.8085046,-14.975019
1545,0.013234309634158559,0.5960241,0.91335267,-0.10310817,0.99544376,-0.024112232,0.092147246,-0.0043851635,0.7028782,0.12110224,-0.5320392,0.4187059,-0.46882868,0.49487713,3.0,3.0,3.0,3.0,3.0,3.0,3.0,3.0,3.0,3.0,3.0,3.0,3.0,3.0,3.0,3.0,3.0,3.0,3.0,3.0,3.0,3.0,3.0,3.0,3.0,3.0,3.0,3.0,3.0,3.0,3.0,3.0,3.0,3.0,3.0,3.0,-1.368922,-1.8050475,-0.63327605,-18.11142
1550,-0.003618168034803443,0.5808772,0.9107001,-0.09226479,0.9958925,-0.022036416,0.08782048,-9.130567e-06,0.74108917,0.13090032,-0.5231785,0.18504049,-0.47150275,0.3818391,3.0,3.0,3.0,3.0,3.0,3.0,3.0,3.0,3.0,3.0,3.0,3.0,3.0,3.0,3.0,3.0,3.0,3.0,3.0,3.0,3.0,3.0,3.0,3.0,3.0,3.0,3.0,3.0,3.0,3.0,3.0,3.0,3.0,3.0,3.0,3.0,-1.2390351,-3.249774,-0.35604125,-20.362896
1555,0.054064893325385804,0.5649766,0.90785736,-0.08153287,0.9964934,-0.019423652,0.081385545,0.00016528169,0.78221405,0.14112969,-0.48320526,0.09980998,-0.50982225,-0.18478057,3.0,3.0,3.0,3.0,3.0,3.0,3.0,3.0,3.0,3.0,3.0,3.0,3.0,3.0,3.0,3.0,3.0,3.0,3.0,3.0,3.0,3.0,3.0,3.0,3.0,3.0,3.0,3.0,3.0,3.0,3.0,3.0,3.0,3.0,3.0,3.0,1.1947813,-1.2823954,-0.6940885,-15.268711
1560,0.08321648721581709,0.5483414,0.90483594,-0.071115404,0.9969971,-0.017459866,0.07543763,-0.0010055276,0.8174718,0.14951184,-0.45855606,0.24550296,-0.6340885,-0.08156425,3.0,3.0,3.0,3.0,3.0,3.0,3.0,3.0,3.0,3.0,3.0,3.0,3.0,3.0,3.0,3.0,3.0,3.0,3.0,3.0,3.0,3.0,3.0,3.0,3.0,3.0,3.0,3.0,3.0,3.0,3.0,3.0,3.0,3.0,3.0,3.0,3.2205496,-0.5681381,0.2317555,-12.091183
1565,0.06603114064861221,0.53081673,0.90160704,-0.06237269,0.99742115,-0.014984821,0.07017373,-0.0014566618,0.8537752,0.15776996,-0.41167045,0.056622177,-0.4747196,-0.022213722,3.0,3.0,3.0,3.0,3.0,3.0,3.0,3.0,3.0,3.0,3.0,3.0,3.0,3.0,3.0,3.0,3.0,3.0,3.0,3.0,3.0,3.0,3.0,3.0,3.0,3.0,3.0,3.0,3.0,3.0,3.0,3.0,3.0,3.0,3.0,3.0,-1.5256333,-3.1560886,0.2794943,-14.455915
1570,0.09094219370118323,0.5124647,0.8982019,-0.05538673,0.99780023,-0.010411835,0.065447144,-0.0017045067,0.89392436,0.16607852,-0.31772554,0.5338578,-0.37030882,0.052436624,3.0,3.0,3.0,3.0,3.0,3.0,3.0,3.0,3.0,3.0,3.0,3.0,3.0,3.0,3.0,3.0,3.0,3.0,3.0,3.0,3.0,3.0,3.0,3.0,3.0,3.0,3.0,3.0,3.0,3.0,3.0,3.0,3.0,3.0,3.0,3.0,3.500516,4.2619686,-0.57460165,-10.87653
1575,0.07323938800237334,0.49369037,0.89471877,-0.047506865,0.9980173,-0.0060093803,0.062619515,-0.0020423708,0.9050326,0.16767181,-0.4251743,0.4191199,-0.27315578,-0.057132307,3.0,3.0,3.0,3.0,3.0,3.0,3.0,3.0,3.0,3.0,3.0,3.0,3.0,3.0,3.0,3.0,3.0,3.0,3.0,3.0,3.0,3.0,3.0,3.0,3.0,3.0,3.0,3.0,3.0,3.0,3.0,3.0,3.0,3.0,3.0,3.0,-0.7749753,1.1869965,-0.1177361,-14.202133
1580,0.0499121707750152,0.47458458,0.8912031,-0.03825675,0.9983447,-0.00264944,0.057439607,-0.0012291948,0.92320746,0.16916229,-0.47019783,0.40537953,-0.6273487,-0.10439303,3.0,3.0,3.0,3.0,3.0,3.0,3.0,3.0,3.0,3.0,3.0,3.0,3.0,3.0,3.0,3.0,3.0,3.0,3.0,3.0,3.0,3.0,3.0,3.0,3.0,3.0,3.0,3.0,3.0,3.0,3.0,3.0,3.0,3.0,3.0,3.0,3.32973,-3.0870595,-0.4748578,-15.366365
1585,0.10908895850741693,0.45512724,0.88767266,-0.028031478,0.9985795,0.0019715368,0.05320406,-0.002104562,0.93894804,0.16942112,-0.5218331,0.36904788,-0.34822157,-0.18252973,3.0,3.0,3.0,3.0,3.0,3.0,3.0,3.0,3.0,3.0,3.0,3.0,3.0,3.0,3.0,3.0,3.0,3.0,3.0,3.0,3.0,3.0,3.0,3.0,3.0,3.0,3.0,3.0,3.0,3.0,3.0,3.0,3.0,3.0,3.0,3.0,0.2507782,0.83638287,-0.18895823,-10.348499
1590,0.10567818049253921,0.4351874,0.8841641,-0.018409094,0.9988545,0.004890986,0.04757248,-0.0016049428,0.97307813,0.16728885,-0.38048348,0.4768099,-0.48067167,0.08764981,3.0,3.0,3.0,3.0,3.0,3.0,3.0,3.0,3.0,3.0,3.0,3.0,3.0,3.0,3.0,3.0,3.0,3.0,3.0,3.0,3.0,3.0,3.0,3.0,3.0,3.0,3.0,3.0,3.0,3.0,3.0,3.0,3.0,3.0,3.0,3.0,-0.47066498,-0.12478304,-0.5926499,-10.246254
1595,0.10436393627631146,0.41481605,0.8806966,-0.009210911,0.9990705,0.009338909,0.042081267,0.00020239736,0.981562,0.16565205,-0.47455713,0.36902958,-0.6028554,0.24401861,3.0,3.0,3.0,3.0,3.0,3.0,3.0,3.0,3.0,3.0,3.0,3.0,3.0,3.0,3.0,3.0,3.0,3.0,3.0,3.0,3.0,3.0,3.0,3.0,3.0,3.0,3.0,3.0,3.0,3.0,3.0,3.0,3.0,3.0,3.0,3.0,-0.6556711,0.8817239,-0.63511443,-9.882992
1600,0.11401189513654983,0.39420015,0.87729305,0.0009403988,0.9993512,0.011785135,0.033712413,0.0046647238,0.99667627,0.16113554,-0.46801105,0.30367723,-1.0351748,0.34111834,3.0,3.0,3.0,3.0,3.0,3.0,3.0,3.0,3.0,3.0,3.0,3.0,3.0,3.0,3.0,3.0,3.0,3.0,3.0,3.0,3.0,3.0,3.0,3.0,3.0,3.0,3.0,3.0,3.0,3.0,3.0,3.0,3.0,3.0,3.0,3.0,2.2724795,3.3420143,0.48271263,-6.7392235
1605,-0.006649875462893862,0.3731586,0.874043,0.00878998,0.99961644,0.013695175,0.022687558,0.00804151,1.0159094,0.15303873,-0.34519383,0.18904887,-1.0871991,0.11360029,3.0,3.0,3.0,3.0,3.0,3.0,3.0,3.0,3.0,3.0,3.0,3.0,3.0,3.0,3.0,3.0,3.0,3.0,3.0,3.0,3.0,3.0,3.0,3.0,3.0,3.0,3.0,3.0,3.0,3.0,3.0,3.0,3.0,3.0,3.0,3.0,3.614767,3.7075624,-0.8139944,-18.855366
1610,0.06160323690812411,0.3519197,0.8709222,0.016203424,0.9997803,0.014319601,0.013279946,0.0076141455,1.0226157,0.14678341,-0.33407032,-0.038115047,-0.6999239,-0.20034744,3.0,3.0,3.0,3.0,3.0,3.0,3.0,3.0,3.0,3.0,3.0,3.0,3.0,3.0,3.0,3.0,3.0,3.0,3.0,3.0,3.0,3.0,3.0,3.0,3.0,3.0,3.0,3.0,3.0,3.0,3.0,3.0,3.0,3.0,3.0,3.0,-2.110012,0.4419937,-0.093615174,-12.838516
1615,0.05096364410009635,0.33055636,0.8679535,0.022673432,0.99984646,0.013621096,0.005566515,0.009516778,1.026246,0.14033706,-0.31792265,-0.12995395,-0.8255789,0.3469112,3.0,3.0,3.0,3.0,3.0,3.0,3.0,3.0,3.0,3.0,3.0,3.0,3.0,3.0,3.0,3.0,3.0,3.0,3.0,3.0,3.0,3.0,3.0,3.0,3.0,3.0,3.0,3.0,3.0,3.0,3.0,3.0,3.0,3.0,3.0,3.0,2.2224436,-1.7660248,-0.79911876,-12.869732
1620,0.05783730328118236,0.30917707,0.86509514,0.02953358,0.9998386,0.013468459,-0.0016177179,0.011782555,1.0259948,0.1347898,-0.32422844,0.024321588,-0.6591417,0.17367095,3.0,3.0,3.0,3.0,3.0,3.0,3.0,3.0,3.0,3.0,3.0,3.0,3.0,3.0,3.0,3.0,3.0,3.0,3.0,3.0,3.0,3.0,3.0,3.0,3.0,3.0,3.0,3.0,3.0,3.0,3.0,3.0,3.0,3.0,3.0,3.0,2.4772072,0.93129826,-0.41239595,-12.102009
1625,0.04519566728710994,0.2878348,0.862352,0.036525324,0.99980795,0.013689579,-0.008468534,0.011180014,1.0230597,0.12930731,-0.3326988,0.054885898,-0.67996764,-0.09753602,3.0,3.0,3.0,3.0,3.0,3.0,3.0,3.0,3.0,3.0,3.0,3.0,3.0,3.0,3.0,3.0,3.0,3.0,3.0,3.0,3.0,3.0,3.0,3.0,3.0,3.0,3.0,3.0,3.0,3.0,3.0,3.0,3.0,3.0,3.0,3.0,-1.1898375,3.3935661,-0.054011405,-12.543003
1630,0.08252832577563118,0.26659983,0.85975236,0.042661473,0.99976695,0.012533272,-0.014342557,0.010160491,1.0171757,0.12288896,-0.30968803,-0.2012055,-0.40411898,-0.1411981,3.0,3.0,3.0,3.0,3.0,3.0,3.0,3.0,3.0,3.0,3.0,3.0,3.0,3.0,3.0,3.0,3.0,3.0,3.0,3.0,3.0,3.0,3.0,3.0,3.0,3.0,3.0,3.0,3.0,3.0,3.0,3.0,3.0,3.0,3.0,3.0,-2.753328,1.6155863,-0.19348162,-8.553818
1635,0.0666661518177426,0.24554642,0.85729074,0.047751103,0.999703,0.009063583,-0.020099277,0.010382973,1.0047723,0.11467492,-0.17320533,-0.28530037,-0.59508514,-0.012921277,3.0,3.0,3.0,3.0,3.0,3.0,3.0,3.0,3.0,3.0,3.0,3.0,3.0,3.0,3.0,3.0,3.0,3.0,3.0,3.0,3.0,3.0,3.0,3.0,3.0,3.0,3.0,3.0,3.0,3.0,3.0,3.0,3.0,3.0,3.0,3.0,1.394845,-3.6009388,0.11798072,-9.019184
1640,0.08524753194432066,0.22474785,0.8549584,0.0510445,0.999598,0.009505073,-0.023602968,0.012504458,0.9954253,0.110918745,-0.1871397,0.1254101,-0.30976704,0.16294913,3.0,3.0,3.0,3.0,3.0,3.0,3.0,3.0,3.0,3.0,3.0,3.0,3.0,3.0,3.0,3.0,3.0,3.0,3.0,3.0,3.0,3.0,3.0,3.0,3.0,3.0,3.0,3.0,3.0,3.0,3.0,3.0,3.0,3.0,3.0,3.0,0.054112434,-0.47235966,0.08811414,-7.929367
1645,0.09126168825314068,0.20412916,0.8526913,0.055388253,0.99944204,0.012526536,-0.028440671,0.012237762,0.9872658,0.10798166,-0.25531244,0.2962877,-0.46051803,-0.022965742,3.0,3.0,3.0,3.0,3.0,3.0,3.0,3.0,3.0,3.0,3.0,3.0,3.0,3.0,3.0,3.0,3.0,3.0,3.0,3.0,3.0,3.0,3.0,3.0,3.0,3.0,3.0,3.0,3.0,3.0,3.0,3.0,3.0,3.0,3.0,3.0,3.1401358,3.4993048,-0.52098817,-4.177437
1650,0.008506044821356834,0.18364412,0.8504724,0.06216895,0.99925375,0.015542154,-0.03327217,0.011970956,0.980514,0.105456725,-0.3722283,0.29575923,-0.460018,-0.022947645,3.0,3.0,3.0,3.0,3.0,3.0,3.0,3.0,3.0,3.0,3.0,3.0,3.0,3.0,3.0,3.0,3.0,3.0,3.0,3.0,3.0,3.0,3.0,3.0,3.0,3.0,3.0,3.0,3.0,3.0,3.0,3.0,3.0,3.0,3.0,3.0,4.4428835,4.0238686,-0.6935313,-12.455055
1655,0.07883664711207442,0.16338928,0.84835094,0.07023474,0.99914086,0.017313924,-0.036261756,0.010143323,0.96371377,0.09794716,-0.35597184,0.21642756,-0.111592114,-0.11129391,3.0,3.0,3.0,3.0,3.0,3.0,3.0,3.0,3.0,3.0,3.0,3.0,3.0,3.0,3.0,3.0,3.0,3.0,3.0,3.0,3.0,3.0,3.0,3.0,3.0,3.0,3.0,3.0,3.0,3.0,3.0,3.0,3.0,3.0,3.0,3.0,0.38484478,3.6221848,0.12612987,-5.617878
1660,0.09003068296034772,0.14369585,0.8464886,0.07517107,0.9990595,0.017166678,-0.037915614,0.0121594705,0.9328113,0.083665796,-0.15660307,0.037376754,-0.18957278,0.05590185,3.0,3.0,3.0,3.0,3.0,3.0,3.0,3.0,3.0,3.0,3.0,3.0,3.0,3.0,3.0,3.0,3.0,3.0,3.0,3.0,3.0,3.0,3.0,3.0,3.0,3.0,3.0,3.0,3.0,3.0,3.0,3.0,3.0,3.0,3.0,3.0,0.7006607,-0.46751785,-0.48002982,-5.0656433
1665,0.10113755902093607,0.12451739,0.8448579,0.07787111,0.99905884,0.01808281,-0.037996013,0.010524242,0.9114748,0.07422596,-0.09970026,0.053343106,0.10067787,-0.26006642,3.0,3.0,3.0,3.0,3.0,3.0,3.0,3.0,3.0,3.0,3.0,3.0,3.0,3.0,3.0,3.0,3.0,3.0,3.0,3.0,3.0,3.0,3.0,3.0,3.0,3.0,3.0,3.0,3.0,3.0,3.0,3.0,3.0,3.0,3.0,3.0,-1.2509,3.066496,-0.088303566,-0.33019257
1670,0.0035767923577075256,0.105719306,0.84339654,0.08022572,0.9990285,0.018286409,-0.03932936,0.007802625,0.89746153,0.068044275,-0.13857591,0.10399615,-0.18404524,-0.3491573,3.0,3.0,3.0,3.0,3.0,3.0,3.0,3.0,3.0,3.0,3.0,3.0,3.0,3.0,3.0,3.0,3.0,3.0,3.0,3.0,3.0,3.0,3.0,3.0,3.0,3.0,3.0,3.0,3.0,3.0,3.0,3.0,3.0,3.0,3.0,3.0,-0.3373866,3.8587341,0.20958018,-11.58688
1675,0.03545592775577604,0.08733513,0.84211963,0.08190909,0.9988855,0.01984703,-0.042360783,0.0062765856,0.8769244,0.058941178,-0.10061351,0.25331923,-0.30254003,-0.17862536,3.0,3.0,3.0,3.0,3.0,3.0,3.0,3.0,3.0,3.0,3.0,3.0,3.0,3.0,3.0,3.0,3.0,3.0,3.0,3.0,3.0,3.0,3.0,3.0,3.0,3.0,3.0,3.0,3.0,3.0,3.0,3.0,3.0,3.0,3.0,3.0,1.282445,1.8327007,0.43783987,-8.130608
1680,0.07138395985533763,0.069497116,0.84108776,0.08166742,0.99884206,0.01735893,-0.04472247,0.0036250548,0.8424341,0.0434219,0.08335327,-0.42322952,-0.28594682,-0.21674985,3.0,3.0,3.0,3.0,3.0,3.0,3.0,3.0,3.0,3.0,3.0,3.0,3.0,3.0,3.0,3.0,3.0,3.0,3.0,3.0,3.0,3.0,3.0,3.0,3.0,3.0,3.0,3.0,3.0,3.0,3.0,3.0,3.0,3.0,3.0,3.0,-2.0126157,-3.5567136,-0.7452854,-0.10643005
1685,-0.024251690653306526,0.052141935,0.84025276,0.08049614,0.9986689,0.014707312,-0.04943574,-0.00046369588,0.827222,0.03817803,0.03213033,-0.11918693,-0.54660016,-0.5303918,3.0,3.0,3.0,3.0,3.0,3.0,3.0,3.0,3.0,3.0,3.0,3.0,3.0,3.0,3.0,3.0,3.0,3.0,3.0,3.0,3.0,3.0,3.0,3.0,3.0,3.0,3.0,3.0,3.0,3.0,3.0,3.0,3.0,3.0,3.0,3.0,2.7118826,-1.1100073,-0.18871415,-12.361084
1690,0.027429651353930565,0.03511965,0.8395143,0.08044053,0.99843466,0.014450631,-0.053874988,-0.0041131577,0.80777127,0.03301835,0.005823896,0.14903007,-0.24981546,-0.118488096,3.0,3.0,3.0,3.0,3.0,3.0,3.0,3.0,3.0,3.0,3.0,3.0,3.0,3.0,3.0,3.0,3.0,3.0,3.0,3.0,3.0,3.0,3.0,3.0,3.0,3.0,3.0,3.0,3.0,3.0,3.0,3.0,3.0,3.0,3.0,3.0,1.0405092,-1.1364486,-0.8202369,-7.738228
1695,0.056948554218080774,0.01843551,0.8388612,0.08168274,0.9982406,0.015297557,-0.057093296,-0.004693022,0.7961545,0.030205986,-0.10324638,0.03920526,-0.34841803,-0.014099321,3.0,3.0,3.0,3.0,3.0,3.0,3.0,3.0,3.0,3.0,3.0,3.0,3.0,3.0,3.0,3.0,3.0,3.0,3.0,3.0,3.0,3.0,3.0,3.0,3.0,3.0,3.0,3.0,3.0,3.0,3.0,3.0,3.0,3.0,3.0,3.0,-1.182446,-2.2084167,-0.08013147,-3.5404015
1700,-0.01442700688509993,0.0021750852,0.8383149,0.08369041,0.9979531,0.016526625,-0.061382934,-0.006969027,0.77228117,0.024156043,-0.112339035,0.07064297,-0.3384427,-0.2993366,3.0,3.0,3.0,3.0,3.0,3.0,3.0,3.0,3.0,3.0,3.0,3.0,3.0,3.0,3.0,3.0,3.0,3.0,3.0,3.0,3.0,3.0,3.0,3.0,3.0,3.0,3.0,3.0,3.0,3.0,3.0,3.0,3.0,3.0,3.0,3.0,-0.87955093,1.0873556,-0.58200836,-10.638512
1705,-0.03408842072900513,-0.013493457,0.8379182,0.08531811,0.99771315,0.016994098,-0.064941496,-0.007890561,0.7355806,0.014837157,-0.0326343,-0.14756814,-0.5021217,0.20762174,3.0,3.0,3.0,3.0,3.0,3.0,3.0,3.0,3.0,3.0,3.0,3.0,3.0,3.0,3.0,3.0,3.0,3.0,3.0,3.0,3.0,3.0,3.0,3.0,3.0,3.0,3.0,3.0,3.0,3.0,3.0,3.0,3.0,3.0,3.0,3.0,1.6268711,-3.143455,-0.26075065,-11.661385
1710,0.012388820478264687,-0.028634245,0.8376518,0.087259784,0.997383,0.01630435,-0.07025096,-0.005110928,0.71808076,0.010835653,-0.114086755,0.06494697,-0.47165194,0.33122545,3.0,3.0,3.0,3.0,3.0,3.0,3.0,3.0,3.0,3.0,3.0,3.0,3.0,3.0,3.0,3.0,3.0,3.0,3.0,3.0,3.0,3.0,3.0,3.0,3.0,3.0,3.0,3.0,3.0,3.0,3.0,3.0,3.0,3.0,3.0,3.0,0.7733989,2.8863807,-0.52332664,-6.29002
1715,0.0293466369073421,-0.043205988,0.8375116,0.08957057,0.9971099,0.016887203,-0.07397749,-0.0037376592,0.68270195,0.0029967765,-0.08037428,0.025625624,-0.117769904,0.09439214,3.0,3.0,3.0,3.0,3.0,3.0,3.0,3.0,3.0,3.0,3.0,3.0,3.0,3.0,3.0,3.0,3.0,3.0,3.0,3.0,3.0,3.0,3.0,3.0,3.0,3.0,3.0,3.0,3.0,3.0,3.0,3.0,3.0,3.0,3.0,3.0,-3.3220787,2.2707229,-0.95373374,4.1082954
1720,-0.023001873101649375,-0.05708061,0.8375243,0.09154765,0.9970051,0.015387964,-0.07573593,-0.0028385858,0.6544142,-0.0030602983,-0.10217542,-0.11668442,-0.23391347,-0.07824148,3.0,3.0,3.0,3.0,3.0,3.0,3.0,3.0,3.0,3.0,3.0,3.0,3.0,3.0,3.0,3.0,3.0,3.0,3.0,3.0,3.0,3.0,3.0,3.0,3.0,3.0,3.0,3.0,3.0,3.0,3.0,3.0,3.0,3.0,3.0,3.0,-0.93961,-1.4221001,-0.49227005,-10.304367
1725,-0.009993675456269946,-0.07040121,0.83764744,0.09426121,0.99679106,0.013424333,-0.07884872,-0.0031966101,0.629318,-0.00777545,-0.148974,-0.23200974,-0.34136614,-0.03657073,3.0,3.0,3.0,3.0,3.0,3.0,3.0,3.0,3.0,3.0,3.0,3.0,3.0,3.0,3.0,3.0,3.0,3.0,3.0,3.0,3.0,3.0,3.0,3.0,3.0,3.0,3.0,3.0,3.0,3.0,3.0,3.0,3.0,3.0,3.0,3.0,1.0493155,-1.4801273,-0.38158762,-8.287392
1730,0.0450777847864529,-0.08330386,0.8378414,0.09868109,0.9965688,0.011436648,-0.08192977,-0.002705789,0.6115481,-0.010434258,-0.24785851,-0.13888626,-0.22930577,0.124563545,3.0,3.0,3.0,3.0,3.0,3.0,3.0,3.0,3.0,3.0,3.0,3.0,3.0,3.0,3.0,3.0,3.0,3.0,3.0,3.0,3.0,3.0,3.0,3.0,3.0,3.0,3.0,3.0,3.0,3.0,3.0,3.0,3.0,3.0,3.0,3.0,0.21717596,-2.168055,-0.4929909,-1.6119118
1735,-0.030281057419471652,-0.09562836,0.8381142,0.10395372,0.99636763,0.011229879,-0.08436603,-0.0027841926,0.5735194,-0.015501352,-0.22901367,-0.018228313,-0.092368916,0.02720509,3.0,3.0,3.0,3.0,3.0,3.0,3.0,3.0,3.0,3.0,3.0,3.0,3.0,3.0,3.0,3.0,3.0,3.0,3.0,3.0,3.0,3.0,3.0,3.0,3.0,3.0,3.0,3.0,3.0,3.0,3.0,3.0,3.0,3.0,3.0,3.0,-2.3269901,-0.7323508,0.16082025,-10.397556
1740,-0.006562105465994741,-0.106818765,0.83853537,0.10689453,0.99635106,0.010974058,-0.08444459,-0.005760347,0.51752776,-0.022753514,-0.11034313,-0.15159808,0.25372285,-0.47986558,3.0,3.0,3.0,3.0,3.0,3.0,3.0,3.0,3.0,3.0,3.0,3.0,3.0,3.0,3.0,3.0,3.0,3.0,3.0,3.0,3.0,3.0,3.0,3.0,3.0,3.0,3.0,3.0,3.0,3.0,3.0,3.0,3.0,3.0,3.0,3.0,-2.1072435,-1.9226575,0.52560973,-6.958622
1745,-0.01188042498855936,-0.11690609,0.839095,0.10773177,0.9963893,0.010602934,-0.08337748,-0.012004635,0.46610126,-0.02896399,-0.016598081,0.052421108,0.072234645,-0.6001529,3.0,3.0,3.0,3.0,3.0,3.0,3.0,3.0,3.0,3.0,3.0,3.0,3.0,3.0,3.0,3.0,3.0,3.0,3.0,3.0,3.0,3.0,3.0,3.0,3.0,3.0,3.0,3.0,3.0,3.0,3.0,3.0,3.0,3.0,3.0,3.0,0.80182266,1.399066,-0.3187766,-7.765789
1750,0.04105891797453387,-0.12627955,0.83973545,0.10867048,0.996412,0.011330967,-0.08196561,-0.01778651,0.4270485,-0.033275418,0.008046741,0.21576935,0.24144012,-0.46465695,3.0,3.0,3.0,3.0,3.0,3.0,3.0,3.0,3.0,3.0,3.0,3.0,3.0,3.0,3.0,3.0,3.0,3.0,3.0,3.0,3.0,3.0,3.0,3.0,3.0,3.0,3.0,3.0,3.0,3.0,3.0,3.0,3.0,3.0,3.0,3.0,-1.6260653,0.6185751,0.35129178,2.3007774
1755,0.03710619939810328,-0.13449235,0.8405078,0.10697773,0.99641347,0.011777294,-0.08116149,-0.02083975,0.3729266,-0.03954321,0.1270251,0.24809638,0.03843634,-0.34517542,3.0,3.0,3.0,3.0,3.0,3.0,3.0,3.0,3.0,3.0,3.0,3.0,3.0,3.0,3.0,3.0,3.0,3.0,3.0,3.0,3.0,3.0,3.0,3.0,3.0,3.0,3.0,3.0,3.0,3.0,3.0,3.0,3.0,3.0,3.0,3.0,0.14402103,0.4775362,-0.829035,-3.5450172
1760,0.023213575113324558,-0.14191546,0.84137535,0.10480699,0.99642956,0.014139602,-0.07986392,-0.023449877,0.3389224,-0.04404924,0.12790263,0.008136862,0.20935076,0.004317542,3.0,3.0,3.0,3.0,3.0,3.0,3.0,3.0,3.0,3.0,3.0,3.0,3.0,3.0,3.0,3.0,3.0,3.0,3.0,3.0,3.0,3.0,3.0,3.0,3.0,3.0,3.0,3.0,3.0,3.0,3.0,3.0,3.0,3.0,3.0,3.0,-1.2368226,0.15871525,-0.8949966,-5.2354965
1765,0.02723461790248019,-0.148738,0.8423284,0.10324744,0.9964921,0.015207875,-0.078706004,-0.024034021,0.31368685,-0.04787122,0.07844746,0.2844978,-0.08432422,-0.029914679,3.0,3.0,3.0,3.0,3.0,3.0,3.0,3.0,3.0,3.0,3.0,3.0,3.0,3.0,3.0,3.0,3.0,3.0,3.0,3.0,3.0,3.0,3.0,3.0,3.0,3.0,3.0,3.0,3.0,3.0,3.0,3.0,3.0,3.0,3.0,3.0,0.9813733,1.7623291,0.29548132,-4.356106
1770,0.038140076525290084,-0.15488303,0.8433899,0.10174181,0.9965457,0.017708432,-0.07750018,-0.024017356,0.28086683,-0.05344564,0.07865824,0.420856,0.012013325,0.06465407,3.0,3.0,3.0,3.0,3.0,3.0,3.0,3.0,3.0,3.0,3.0,3.0,3.0,3.0,3.0,3.0,3.0,3.0,3.0,3.0,3.0,3.0,3.0,3.0,3.0,3.0,3.0,3.0,3.0,3.0,3.0,3.0,3.0,3.0,3.0,3.0,2.762786,0.49971628,-0.5680777,-1.694664
1775,0.002821817853625494,-0.16042735,0.8445686,0.100726545,0.9965362,0.021462487,-0.07647594,-0.024626462,0.2451682,-0.06137544,0.099668525,0.28407288,0.20820436,-0.1679405,3.0,3.0,3.0,3.0,3.0,3.0,3.0,3.0,3.0,3.0,3.0,3.0,3.0,3.0,3.0,3.0,3.0,3.0,3.0,3.0,3.0,3.0,3.0,3.0,3.0,3.0,3.0,3.0,3.0,3.0,3.0,3.0,3.0,3.0,3.0,3.0,-1.2551093,2.6382685,0.77801454,-6.4082108
1780,0.029766591870701145,-0.16503271,0.84597325,0.09799045,0.9966937,0.023126474,-0.07355014,-0.025636265,0.20537433,-0.071649775,0.15157567,0.044453677,0.27916902,0.00064242055,3.0,3.0,3.0,3.0,3.0,3.0,3.0,3.0,3.0,3.0,3.0,3.0,3.0,3.0,3.0,3.0,3.0,3.0,3.0,3.0,3.0,3.0,3.0,3.0,3.0,3.0,3.0,3.0,3.0,3.0,3.0,3.0,3.0,3.0,3.0,3.0,-3.1668906,-0.1753273,0.3721094,-3.330597
1785,0.04253564911833885,-0.16881064,0.84760773,0.09406375,0.9967704,0.024645692,-0.071775466,-0.026262779,0.17290689,-0.08087901,0.16306737,0.203587,0.13375957,-0.14348902,3.0,3.0,3.0,3.0,3.0,3.0,3.0,3.0,3.0,3.0,3.0,3.0,3.0,3.0,3.0,3.0,3.0,3.0,3.0,3.0,3.0,3.0,3.0,3.0,3.0,3.0,3.0,3.0,3.0,3.0,3.0,3.0,3.0,3.0,3.0,3.0,-1.6909134,1.9063263,0.6180229,1.9710388
1790,0.04582376658513715,-0.17203864,0.84940684,0.09068067,0.99672496,0.024831181,-0.07201754,-0.027133048,0.14985275,-0.08790159,0.11501959,0.023224862,-0.021882098,-0.082656704,3.0,3.0,3.0,3.0,3.0,3.0,3.0,3.0,3.0,3.0,3.0,3.0,3.0,3.0,3.0,3.0,3.0,3.0,3.0,3.0,3.0,3.0,3.0,3.0,3.0,3.0,3.0,3.0,3.0,3.0,3.0,3.0,3.0,3.0,3.0,3.0,1.3648081,1.487731,0.44287968,-2.3325577
1795,0.03424147337153395,-0.1746366,0.85139984,0.0872607,0.9968912,0.023048475,-0.06955865,-0.028953966,0.10884032,-0.10047284,0.19167264,-0.04981732,0.3192611,-0.055500913,3.0,3.0,3.0,3.0,3.0,3.0,3.0,3.0,3.0,3.0,3.0,3.0,3.0,3.0,3.0,3.0,3.0,3.0,3.0,3.0,3.0,3.0,3.0,3.0,3.0,3.0,3.0,3.0,3.0,3.0,3.0,3.0,3.0,3.0,3.0,3.0,-3.350842,1.483141,-0.87387586,0.14922714
1800,-0.0014554818928373403,-0.1767323,0.8535429,0.084610544,0.9970326,0.023057917,-0.06690087,-0.030309346,0.093185894,-0.10505051,0.09869431,0.17939821,0.109274566,-0.2894412,3.0,3.0,3.0,3.0,3.0,3.0,3.0,3.0,3.0,3.0,3.0,3.0,3.0,3.0,3.0,3.0,3.0,3.0,3.0,3.0,3.0,3.0,3.0,3.0,3.0,3.0,3.0,3.0,3.0,3.0,3.0,3.0,3.0,3.0,3.0,3.0,0.09891319,0.6479826,-0.27869266,-7.0156136
1805,0.015326669400653387,-0.17828874,0.8558512,0.08227695,0.997059,0.02347514,-0.06478312,-0.033546735,0.056442678,-0.11655135,0.16531274,-0.03678094,0.39047667,-0.19118075,3.0,3.0,3.0,3.0,3.0,3.0,3.0,3.0,3.0,3.0,3.0,3.0,3.0,3.0,3.0,3.0,3.0,3.0,3.0,3.0,3.0,3.0,3.0,3.0,3.0,3.0,3.0,3.0,3.0,3.0,3.0,3.0,3.0,3.0,3.0,3.0,-1.6616807,3.507801,0.091267705,3.601696
1810,-0.02412777714033347,-0.17917788,0.8583697,0.0792133,0.99712694,0.022468492,-0.06302768,-0.03550489,0.032624938,-0.12403594,0.1426681,0.053272195,0.047706056,-0.30597684,3.0,3.0,3.0,3.0,3.0,3.0,3.0,3.0,3.0,3.0,3.0,3.0,3.0,3.0,3.0,3.0,3.0,3.0,3.0,3.0,3.0,3.0,3.0,3.0,3.0,3.0,3.0,3.0,3.0,3.0,3.0,3.0,3.0,3.0,3.0,3.0,1.2140827,1.0975981,-0.70919955,-9.172871
1815,0.041631212715773885,-0.17947689,0.86107296,0.07583361,0.99699885,0.023161504,-0.06297593,-0.038611826,0.0051193857,-0.13264707,0.15228087,0.044075005,0.046798352,-0.24179582,3.0,3.0,3.0,3.0,3.0,3.0,3.0,3.0,3.0,3.0,3.0,3.0,3.0,3.0,3.0,3.0,3.0,3.0,3.0,3.0,3.0,3.0,3.0,3.0,3.0,3.0,3.0,3.0,3.0,3.0,3.0,3.0,3.0,3.0,3.0,3.0,0.9959264,-0.7133522,-0.7282702,2.461197
1820,0.010885501432373712,-0.17937379,0.8639031,0.073581405,0.99688166,0.02511262,-0.06256867,-0.0410056,-0.0111440355,-0.13783906,0.07476687,0.27774015,-0.00039789052,-0.24773829,3.0,3.0,3.0,3.0,3.0,3.0,3.0,3.0,3.0,3.0,3.0,3.0,3.0,3.0,3.0,3.0,3.0,3.0,3.0,3.0,3.0,3.0,3.0,3.0,3.0,3.0,3.0,3.0,3.0,3.0,3.0,3.0,3.0,3.0,3.0,3.0,2.2906437,3.5138512,-0.7040448,3.4788895
1825,0.0188053176680502,-0.17897011,0.86683476,0.073235236,0.9967377,0.027193759,-0.061783552,-0.044240214,-0.026036277,-0.14313263,-0.0129895955,0.14433216,0.17325777,-0.3341352,3.0,3.0,3.0,3.0,3.0,3.0,3.0,3.0,3.0,3.0,3.0,3.0,3.0,3.0,3.0,3.0,3.0,3.0,3.0,3.0,3.0,3.0,3.0,3.0,3.0,3.0,3.0,3.0,3.0,3.0,3.0,3.0,3.0,3.0,3.0,3.0,1.0335402,4.2320747,0.6225109,1.0627937
1830,0.01679846330858445,-0.1778857,0.8700256,0.07177243,0.9967603,0.02728655,-0.06017801,-0.04585735,-0.067888774,-0.15942366,0.1155326,-0.07463554,0.07931244,-0.06677973,3.0,3.0,3.0,3.0,3.0,3.0,3.0,3.0,3.0,3.0,3.0,3.0,3.0,3.0,3.0,3.0,3.0,3.0,3.0,3.0,3.0,3.0,3.0,3.0,3.0,3.0,3.0,3.0,3.0,3.0,3.0,3.0,3.0,3.0,3.0,3.0,-0.030637264,0.13771534,0.19608426,5.2817574
1835,-0.02586441399080084,-0.17612192,0.8734833,0.06906,0.9971278,0.023571413,-0.057319216,-0.043532457,-0.10076683,-0.17216885,0.18196674,-0.57914346,0.20841421,0.40464804,3.0,3.0,3.0,3.0,3.0,3.0,3.0,3.0,3.0,3.0,3.0,3.0,3.0,3.0,3.0,3.0,3.0,3.0,3.0,3.0,3.0,3.0,3.0,3.0,3.0,3.0,3.0,3.0,3.0,3.0,3.0,3.0,3.0,3.0,3.0,3.0,-4.309703,-3.6770658,0.24910796,6.1071053
1840,0.023498015607196013,-0.17362075,0.8772141,0.06439335,0.99730146,0.021140125,-0.056896627,-0.041299887,-0.12811258,-0.18180056,0.21161994,-0.20359331,0.06148555,0.12974253,3.0,3.0,3.0,3.0,3.0,3.0,3.0,3.0,3.0,3.0,3.0,3.0,3.0,3.0,3.0,3.0,3.0,3.0,3.0,3.0,3.0,3.0,3.0,3.0,3.0,3.0,3.0,3.0,3.0,3.0,3.0,3.0,3.0,3.0,3.0,3.0,1.875413,0.30856848,0.45215857,-3.812992
1845,0.00909320624571644,-0.17066528,0.88109267,0.06005279,0.99734765,0.01846344,-0.055988178,-0.042685404,-0.14907774,-0.18833555,0.19003254,-0.3475289,-0.026459074,-0.062273767,3.0,3.0,3.0,3.0,3.0,3.0,3.0,3.0,3.0,3.0,3.0,3.0,3.0,3.0,3.0,3.0,3.0,3.0,3.0,3.0,3.0,3.0,3.0,3.0,3.0,3.0,3.0,3.0,3.0,3.0,3.0,3.0,3.0,3.0,3.0,3.0,3.2436123,-1.412153,0.5208007,4.053898
1850,0.004566396498683692,-0.16726857,0.8850981,0.056069378,0.99750936,0.017869368,-0.05477144,-0.040691484,-0.1699639,-0.19411555,0.17149012,0.050288845,0.039844427,0.11653628,3.0,3.0,3.0,3.0,3.0,3.0,3.0,3.0,3.0,3.0,3.0,3.0,3.0,3.0,3.0,3.0,3.0,3.0,3.0,3.0,3.0,3.0,3.0,3.0,3.0,3.0,3.0,3.0,3.0,3.0,3.0,3.0,3.0,3.0,3.0,3.0,2.5022116,2.7663016,-0.76943517,4.8324356
1855,-0.002307080906286854,-0.1634899,0.88920766,0.052889064,0.9977555,0.017933689,-0.05262914,-0.037315823,-0.19161168,-0.20014629,0.16465478,-0.122356065,0.16164711,0.55544597,3.0,3.0,3.0,3.0,3.0,3.0,3.0,3.0,3.0,3.0,3.0,3.0,3.0,3.0,3.0,3.0,3.0,3.0,3.0,3.0,3.0,3.0,3.0,3.0,3.0,3.0,3.0,3.0,3.0,3.0,3.0,3.0,3.0,3.0,3.0,3.0,-1.9558129,-1.613828,0.6396997,5.296318
1860,-0.026753990217454296,-0.15912282,0.89348906,0.04848344,0.99803674,0.018358883,-0.05091164,-0.0315218,-0.2225726,-0.20947054,0.2529784,-0.07323917,0.31636962,0.4198166,3.0,3.0,3.0,3.0,3.0,3.0,3.0,3.0,3.0,3.0,3.0,3.0,3.0,3.0,3.0,3.0,3.0,3.0,3.0,3.0,3.0,3.0,3.0,3.0,3.0,3.0,3.0,3.0,3.0,3.0,3.0,3.0,3.0,3.0,3.0,3.0,-1.5854523,0.27928782,0.43808484,8.252502
1865,-0.030690268999174063,-0.15410066,0.8979741,0.042005982,0.9982899,0.016245645,-0.04895258,-0.027513709,-0.25383374,-0.21915045,0.35660714,-0.018900568,0.1736556,0.37110046,3.0,3.0,3.0,3.0,3.0,3.0,3.0,3.0,3.0,3.0,3.0,3.0,3.0,3.0,3.0,3.0,3.0,3.0,3.0,3.0,3.0,3.0,3.0,3.0,3.0,3.0,3.0,3.0,3.0,3.0,3.0,3.0,3.0,3.0,3.0,3.0,0.67649937,0.39759684,0.4494599,8.93145
1870,-0.061874484904857883,-0.14844808,0.90264595,0.0333952,0.9985258,0.012099595,-0.046711475,-0.024857389,-0.2826705,-0.22746527,0.4500051,-0.492263,0.05809344,0.1725037,3.0,3.0,3.0,3.0,3.0,3.0,3.0,3.0,3.0,3.0,3.0,3.0,3.0,3.0,3.0,3.0,3.0,3.0,3.0,3.0,3.0,3.0,3.0,3.0,3.0,3.0,3.0,3.0,3.0,3.0,3.0,3.0,3.0,3.0,3.0,3.0,-1.2920542,-1.6094751,0.48750877,11.557468
1875,-0.02975630342330672,-0.14236379,0.9074282,0.024466174,0.9985492,0.007433294,-0.047896244,-0.023454763,-0.2969657,-0.23043068,0.4000829,-0.6588615,-0.21267281,0.2997047,3.0,3.0,3.0,3.0,3.0,3.0,3.0,3.0,3.0,3.0,3.0,3.0,3.0,3.0,3.0,3.0,3.0,3.0,3.0,3.0,3.0,3.0,3.0,3.0,3.0,3.0,3.0,3.0,3.0,3.0,3.0,3.0,3.0,3.0,3.0,3.0,0.476058,-3.1100874,0.7130364,7.2250824
1880,-0.0026608087819568887,-0.13592568,0.9122612,0.016022926,0.998635,0.0038294215,-0.048822373,-0.018160706,-0.3138678,-0.23234446,0.3747876,-0.28522462,-0.028997231,0.5190869,3.0,3.0,3.0,3.0,3.0,3.0,3.0,3.0,3.0,3.0,3.0,3.0,3.0,3.0,3.0,3.0,3.0,3.0,3.0,3.0,3.0,3.0,3.0,3.0,3.0,3.0,3.0,3.0,3.0,3.0,3.0,3.0,3.0,3.0,3.0,3.0,0.19939852,0.651515,-0.59560215,5.2992096
1885,-0.02978906553259645,-0.12924062,0.917106,0.009232719,0.9987012,0.0011673624,-0.049158283,-0.013339554,-0.32679248,-0.23267484,0.30590063,-0.22517358,-0.081419066,0.41300645,3.0,3.0,3.0,3.0,3.0,3.0,3.0,3.0,3.0,3.0,3.0,3.0,3.0,3.0,3.0,3.0,3.0,3.0,3.0,3.0,3.0,3.0,3.0,3.0,3.0,3.0,3.0,3.0,3.0,3.0,3.0,3.0,3.0,3.0,3.0,3.0,0.21441698,3.1360655,0.037697315,7.605831
1890,-0.05063450733143494,-0.12229889,0.9219504,0.0040126117,0.998737,-0.0017908134,-0.04909299,-0.0105403885,-0.33851746,-0.2323756,0.22402108,-0.39577022,0.13021262,0.08003978,3.0,3.0,3.0,3.0,3.0,3.0,3.0,3.0,3.0,3.0,3.0,3.0,3.0,3.0,3.0,3.0,3.0,3.0,3.0,3.0,3.0,3.0,3.0,3.0,3.0,3.0,3.0,3.0,3.0,3.0,3.0,3.0,3.0,3.0,3.0,3.0,-2.0432158,-1.5887687,0.41828918,10.044331
1895,-0.008577256107910589,-0.1150268,0.926779,-0.00037291765,0.99871266,-0.0044807927,-0.04908101,-0.012000078,-0.35296357,-0.23138864,0.16996677,-0.30259815,0.065199055,-0.23290774,3.0,3.0,3.0,3.0,3.0,3.0,3.0,3.0,3.0,3.0,3.0,3.0,3.0,3.0,3.0,3.0,3.0,3.0,3.0,3.0,3.0,3.0,3.0,3.0,3.0,3.0,3.0,3.0,3.0,3.0,3.0,3.0,3.0,3.0,3.0,3.0,-2.5627134,0.6392412,0.6742673,5.606289
1900,-0.023737907588636704,-0.10731361,0.9315584,-0.005062233,0.9985829,-0.008636329,-0.050232906,-0.015307449,-0.37771544,-0.2283122,0.2208897,-0.49970683,-0.18530105,-0.3368222,3.0,3.0,3.0,3.0,3.0,3.0,3.0,3.0,3.0,3.0,3.0,3.0,3.0,3.0,3.0,3.0,3.0,3.0,3.0,3.0,3.0,3.0,3.0,3.0,3.0,3.0,3.0,3.0,3.0,3.0,3.0,3.0,3.0,3.0,3.0,3.0,3.0236416,1.6802483,0.28450227,6.3971977
1905,0.017436125472554832,-0.099250786,0.93627334,-0.009100389,0.9984512,-0.013874267,-0.050270554,-0.019382462,-0.39138657,-0.22514538,0.15747282,-0.43080425,-0.0036739937,-0.4355387,3.0,3.0,3.0,3.0,3.0,3.0,3.0,3.0,3.0,3.0,3.0,3.0,3.0,3.0,3.0,3.0,3.0,3.0,3.0,3.0,3.0,3.0,3.0,3.0,3.0,3.0,3.0,3.0,3.0,3.0,3.0,3.0,3.0,3.0,3.0,3.0,-1.724566,0.0347929,-0.39397037,-2.672985
1910,-0.013777119767788691,-0.090969875,0.94091874,-0.011152843,0.9983049,-0.018796045,-0.04992686,-0.023266425,-0.40547964,-0.22001886,0.09846815,-0.5401938,0.19266981,-0.24343576,3.0,3.0,3.0,3.0,3.0,3.0,3.0,3.0,3.0,3.0,3.0,3.0,3.0,3.0,3.0,3.0,3.0,3.0,3.0,3.0,3.0,3.0,3.0,3.0,3.0,3.0,3.0,3.0,3.0,3.0,3.0,3.0,3.0,3.0,3.0,3.0,-2.6011488,-3.1145983,0.1425265,-4.944195
1915,-0.021989375530202346,-0.08227322,0.94539505,-0.013222139,0.99827194,-0.02131273,-0.048380356,-0.025657179,-0.42784315,-0.21003953,0.12555602,0.019025892,0.12624912,-0.23126215,3.0,3.0,3.0,3.0,3.0,3.0,3.0,3.0,3.0,3.0,3.0,3.0,3.0,3.0,3.0,3.0,3.0,3.0,3.0,3.0,3.0,3.0,3.0,3.0,3.0,3.0,3.0,3.0,3.0,3.0,3.0,3.0,3.0,3.0,3.0,3.0,1.4316883,2.4506326,-0.60116446,7.525543
1920,0.043432658783526215,-0.073248215,0.9497116,-0.01452083,0.99827164,-0.021536617,-0.0467117,-0.02842318,-0.43909317,-0.2041689,0.045182258,-0.09919184,0.26954,-0.42301983,3.0,3.0,3.0,3.0,3.0,3.0,3.0,3.0,3.0,3.0,3.0,3.0,3.0,3.0,3.0,3.0,3.0,3.0,3.0,3.0,3.0,3.0,3.0,3.0,3.0,3.0,3.0,3.0,3.0,3.0,3.0,3.0,3.0,3.0,3.0,3.0,-0.22110939,1.0018253,-0.05354172,0.42915344
1925,0.02769443122171511,-0.063867666,0.95383966,-0.015531933,0.9982546,-0.024086786,-0.043494955,-0.031870585,-0.45754653,-0.19405332,0.050561916,-0.16578132,0.1890586,-0.42448437,3.0,3.0,3.0,3.0,3.0,3.0,3.0,3.0,3.0,3.0,3.0,3.0,3.0,3.0,3.0,3.0,3.0,3.0,3.0,3.0,3.0,3.0,3.0,3.0,3.0,3.0,3.0,3.0,3.0,3.0,3.0,3.0,3.0,3.0,3.0,3.0,2.3196087,1.4850216,-0.12390995,0.730484
1930,0.004913348394009566,-0.05411085,0.9577396,-0.016748792,0.99821615,-0.024689997,-0.041672148,-0.0349057,-0.47888508,-0.18041374,0.10446662,-0.035112213,0.3560897,-0.25055534,3.0,3.0,3.0,3.0,3.0,3.0,3.0,3.0,3.0,3.0,3.0,3.0,3.0,3.0,3.0,3.0,3.0,3.0,3.0,3.0,3.0,3.0,3.0,3.0,3.0,3.0,3.0,3.0,3.0,3.0,3.0,3.0,3.0,3.0,3.0,3.0,-1.4629169,2.1509118,-0.35720843,-4.748871
1935,0.03482999989308225,-0.04383595,0.9612964,-0.020155976,0.99834216,-0.025389899,-0.03699193,-0.036053363,-0.5035819,-0.16353804,0.21635427,-0.02706059,0.62648106,0.13242026,3.0,3.0,3.0,3.0,3.0,3.0,3.0,3.0,3.0,3.0,3.0,3.0,3.0,3.0,3.0,3.0,3.0,3.0,3.0,3.0,3.0,3.0,3.0,3.0,3.0,3.0,3.0,3.0,3.0,3.0,3.0,3.0,3.0,3.0,3.0,3.0,-1.6092155,0.7111292,0.4036467,-1.3779678
1940,0.006447048126176365,-0.033131566,0.9645378,-0.025136119,0.9985395,-0.029166322,-0.033380244,-0.03088683,-0.5167011,-0.15299708,0.20253047,-0.40562633,0.34297815,0.5119569,3.0,3.0,3.0,3.0,3.0,3.0,3.0,3.0,3.0,3.0,3.0,3.0,3.0,3.0,3.0,3.0,3.0,3.0,3.0,3.0,3.0,3.0,3.0,3.0,3.0,3.0,3.0,3.0,3.0,3.0,3.0,3.0,3.0,3.0,3.0,3.0,-2.1028547,-4.4095154,-0.757998,-0.5732193
1945,0.003186325874199661,-0.022280866,0.9676317,-0.028274784,0.9986407,-0.0323132,-0.031176353,-0.026469935,-0.52586365,-0.14296997,0.15407716,-0.12990773,0.033779353,0.21775544,3.0,3.0,3.0,3.0,3.0,3.0,3.0,3.0,3.0,3.0,3.0,3.0,3.0,3.0,3.0,3.0,3.0,3.0,3.0,3.0,3.0,3.0,3.0,3.0,3.0,3.0,3.0,3.0,3.0,3.0,3.0,3.0,3.0,3.0,3.0,3.0,2.9776773,0.28304005,-0.7735777,-5.5793877
1950,0.04126535495820201,-0.011232687,0.9704964,-0.03060137,0.9986205,-0.03439325,-0.030101115,-0.025847564,-0.53345555,-0.13354512,0.08701142,-0.12583302,0.029165832,-0.08770146,3.0,3.0,3.0,3.0,3.0,3.0,3.0,3.0,3.0,3.0,3.0,3.0,3.0,3.0,3.0,3.0,3.0,3.0,3.0,3.0,3.0,3.0,3.0,3.0,3.0,3.0,3.0,3.0,3.0,3.0,3.0,3.0,3.0,3.0,3.0,3.0,2.209993,-1.864521,0.26335287,-0.1364479
1955,0.021528713253545967,-2.4168416e-05,0.9731519,-0.03163497,0.9986911,-0.034215093,-0.028485475,-0.025180526,-0.5399328,-0.12468405,0.0064720795,0.06548128,0.10521375,-0.0064348495,3.0,3.0,3.0,3.0,3.0,3.0,3.0,3.0,3.0,3.0,3.0,3.0,3.0,3.0,3.0,3.0,3.0,3.0,3.0,3.0,3.0,3.0,3.0,3.0,3.0,3.0,3.0,3.0,3.0,3.0,3.0,3.0,3.0,3.0,3.0,3.0,2.8179522,4.075138,-0.30161917,-0.8025322
1960,0.012379318106529105,0.011303624,0.9756359,-0.03081751,0.99870104,-0.034412872,-0.026483176,-0.026656901,-0.5478712,-0.1135269,-0.039665624,-0.1779266,0.37163544,-0.40205917,3.0,3.0,3.0,3.0,3.0,3.0,3.0,3.0,3.0,3.0,3.0,3.0,3.0,3.0,3.0,3.0,3.0,3.0,3.0,3.0,3.0,3.0,3.0,3.0,3.0,3.0,3.0,3.0,3.0,3.0,3.0,3.0,3.0,3.0,3.0,3.0,-1.7582619,-0.9552345,-0.6828306,4.716011
1965,0.0009485695851990106,0.022773346,0.977908,-0.028726794,0.9986446,-0.035619088,-0.022600383,-0.030487288,-0.5526589,-0.10538453,-0.13170445,0.04190989,0.36385202,-0.34559894,3.0,3.0,3.0,3.0,3.0,3.0,3.0,3.0,3.0,3.0,3.0,3.0,3.0,3.0,3.0,3.0,3.0,3.0,3.0,3.0,3.0,3.0,3.0,3.0,3.0,3.0,3.0,3.0,3.0,3.0,3.0,3.0,3.0,3.0,3.0,3.0,-1.783714,0.08184528,-0.47021568,-6.277046
1970,0.013250562074587954,0.03436381,0.9799532,-0.025477508,0.9986304,-0.035246756,-0.018807802,-0.033783138,-0.55887187,-0.09305578,-0.16779532,0.025933273,0.38413498,-0.31015092,3.0,3.0,3.0,3.0,3.0,3.0,3.0,3.0,3.0,3.0,3.0,3.0,3.0,3.0,3.0,3.0,3.0,3.0,3.0,3.0,3.0,3.0,3.0,3.0,3.0,3.0,3.0,3.0,3.0,3.0,3.0,3.0,3.0,3.0,3.0,3.0,-3.8026047,-1.1826622,0.072202206,-3.7905502
1975,0.006210486452641703,0.046134714,0.9816127,-0.023307417,0.9984801,-0.03542304,-0.015787108,-0.03915953,-0.56755316,-0.07355812,-0.10060397,-0.1534636,0.25157154,-0.48063838,3.0,3.0,3.0,3.0,3.0,3.0,3.0,3.0,3.0,3.0,3.0,3.0,3.0,3.0,3.0,3.0,3.0,3.0,3.0,3.0,3.0,3.0,3.0,3.0,3.0,3.0,3.0,3.0,3.0,3.0,3.0,3.0,3.0,3.0,3.0,3.0,-1.4384639,-2.056657,-0.34692562,-5.700798
1980,0.04577397727790067,0.058003426,0.98300385,-0.020590356,0.99831575,-0.036348797,-0.0139516285,-0.043009132,-0.57153624,-0.060904223,-0.1323297,-0.100942135,0.19347173,-0.42059132,3.0,3.0,3.0,3.0,3.0,3.0,3.0,3.0,3.0,3.0,3.0,3.0,3.0,3.0,3.0,3.0,3.0,3.0,3.0,3.0,3.0,3.0,3.0,3.0,3.0,3.0,3.0,3.0,3.0,3.0,3.0,3.0,3.0,3.0,3.0,3.0,-1.0197783,-0.85457325,0.13582885,2.2706451
1985,0.02381759394710005,0.06997751,0.9840468,-0.018335998,0.99813706,-0.03631785,-0.013163305,-0.047224738,-0.57637167,-0.044225447,-0.11109446,0.029477954,0.030615402,-0.5879145,3.0,3.0,3.0,3.0,3.0,3.0,3.0,3.0,3.0,3.0,3.0,3.0,3.0,3.0,3.0,3.0,3.0,3.0,3.0,3.0,3.0,3.0,3.0,3.0,3.0,3.0,3.0,3.0,3.0,3.0,3.0,3.0,3.0,3.0,3.0,3.0,3.8154764,2.5076509,0.32875192,1.4701996
1990,0.025138363069296066,0.08204537,0.98473775,-0.016565558,0.9977886,-0.037150096,-0.010007713,-0.0541994,-0.58033496,-0.028067367,-0.09876918,-0.09840449,0.26503736,-0.49347174,3.0,3.0,3.0,3.0,3.0,3.0,3.0,3.0,3.0,3.0,3.0,3.0,3.0,3.0,3.0,3.0,3.0,3.0,3.0,3.0,3.0,3.0,3.0,3.0,3.0,3.0,3.0,3.0,3.0,3.0,3.0,3.0,3.0,3.0,3.0,3.0,-0.070002556,-2.440229,-0.36354113,-4.1362877
1995,0.028924857273341015,0.094160184,0.98514277,-0.014321392,0.99760556,-0.03816048,-0.0068431906,-0.057272136,-0.5830483,-0.008470772,-0.04530406,-0.12753467,0.27437106,-0.11331925,3.0,3.0,3.0,3.0,3.0,3.0,3.0,3.0,3.0,3.0,3.0,3.0,3.0,3.0,3.0,3.0,3.0,3.0,3.0,3.0,3.0,3.0,3.0,3.0,3.0,3.0,3.0,3.0,3.0,3.0,3.0,3.0,3.0,3.0,3.0,3.0,-1.1763775,-2.9905403,0.36650395,4.1130104
2000,-49.963404424614865,0.106321044,0.9851359,-0.013213751,0.99773085,-0.037219215,-0.0052809888,-0.0558572,-0.58375496,0.003410022,-0.09466341,0.1446666,0.1909707,0.1802596,3.0,3.0,3.0,3.0,3.0,3.0,3.0,3.0,3.0,3.0,3.0,3.0,3.0,3.0,3.0,3.0,3.0,3.0,3.0,3.0,3.0,3.0,3.0,3.0,3.0,3.0,3.0,3.0,3.0,3.0,3.0,3.0,3.0,3.0,3.0,3.0,-0.43678236,3.3473911,-0.76601505,2.9548454
