step,reward,rel_x,rel_y,rel_z,qw,qx,qy,qz,vx,vy,vz,wx,wy,wz,lidar_0,lidar_1,lidar_2,lidar_3,lidar_4,lidar_5,lidar_6,lidar_7,lidar_8,lidar_9,lidar_10,lidar_11,lidar_12,lidar_13,lidar_14,lidar_15,lidar_16,lidar_17,lidar_18,lidar_19,lidar_20,lidar_21,lidar_22,lidar_23,lidar_24,lidar_25,lidar_26,lidar_27,lidar_28,lidar_29,lidar_30,lidar_31,lidar_32,lidar_33,lidar_34,lidar_35,act_vx,act_vy,act_vz,act_yaw
5,0.06728496044497492,-0.18583648,-0.12757859,0.8978864,1.0,0.0,0.0,0.0,0.0,0.0,0.2028851,0.0,0.0,0.0,3.0,3.0,3.0,3.0,3.0,3.0,3.0,3.0,3.0,3.0,3.0,3.0,3.0,3.0,3.0,3.0,3.0,3.0,3.0,3.0,3.0,3.0,3.0,3.0,3.0,3.0,3.0,3.0,3.0,3.0,3.0,3.0,3.0,3.0,3.0,3.0,-3.420382,3.8154106,0.9882014,-6.576252
10,0.15643226654088005,-0.1858365,-0.1275786,0.8904956,1.0,-3.2176784e-05,3.217774e-05,-5.1246872e-05,3.6745143e-06,3.6744286e-06,0.4557983,0.003867006,-0.0038680546,-0.013417391,3.0,3.0,3.0,3.0,3.0,3.0,3.0,3.0,3.0,3.0,3.0,3.0,3.0,3.0,3.0,3.0,3.0,3.0,3.0,3.0,3.0,3.0,3.0,3.0,3.0,3.0,3.0,3.0,3.0,3.0,3.0,3.0,3.0,3.0,3.0,3.0,-2.1677756,-3.1574507,0.97821236,-2.199932
15,0.21627457613859347,-0.18583634,-0.1275771,0.87802756,0.9999977,0.0016917068,-5.057312e-05,0.0013465238,-4.1633633e-05,-0.00025672183,0.68643427,0.112718515,-0.061022162,0.37736997,3.0,3.0,3.0,3.0,3.0,3.0,3.0,3.0,3.0,3.0,3.0,3.0,3.0,3.0,3.0,3.0,3.0,3.0,3.0,3.0,3.0,3.0,3.0,3.0,3.0,3.0,3.0,3.0,3.0,3.0,3.0,3.0,3.0,3.0,3.0,3.0,-1.5575588,0.5996032,0.99499583,-1.2207794
20,0.1635160360402934,-0.18583351,-0.12755565,0.86136556,0.9999541,0.003931039,-0.0010164256,0.008675981,-0.00027899776,-0.0016002125,0.8637693,0.29332224,-0.2183124,0.7701328,3.0,3.0,3.0,3.0,3.0,3.0,3.0,3.0,3.0,3.0,3.0,3.0,3.0,3.0,3.0,3.0,3.0,3.0,3.0,3.0,3.0,3.0,3.0,3.0,3.0,3.0,3.0,3.0,3.0,3.0,3.0,3.0,3.0,3.0,3.0,3.0,0.53515434,-0.974628,0.95734715,9.770805
25,0.23592742293828933,-0.18582015,-0.12748663,0.84189105,0.99990255,0.008769219,-0.0013955465,0.010772997,-0.0009686782,-0.00480743,0.97575414,0.46014342,-0.022903543,-0.16572896,3.0,3.0,3.0,3.0,3.0,3.0,3.0,3.0,3.0,3.0,3.0,3.0,3.0,3.0,3.0,3.0,3.0,3.0,3.0,3.0,3.0,3.0,3.0,3.0,3.0,3.0,3.0,3.0,3.0,3.0,3.0,3.0,3.0,3.0,3.0,3.0,2.884738,0.8237753,0.99879396,-4.488579
30,0.23258587182522922,-0.18579236,-0.12731953,0.8203919,0.99986154,0.013842878,0.0023764044,0.008926834,-0.0014064466,-0.010426042,1.064432,0.6064239,0.42850482,-0.2337603,3.0,3.0,3.0,3.0,3.0,3.0,3.0,3.0,3.0,3.0,3.0,3.0,3.0,3.0,3.0,3.0,3.0,3.0,3.0,3.0,3.0,3.0,3.0,3.0,3.0,3.0,3.0,3.0,3.0,3.0,3.0,3.0,3.0,3.0,3.0,3.0,1.1912022,-2.1194248,0.9937029,6.411709
35,0.19358470226861435,-0.18578339,-0.12700687,0.7974368,0.9997454,0.019348692,0.009485082,0.006688589,0.00064111897,-0.018337118,1.1207403,0.46505046,0.5861573,-0.33321172,3.0,3.0,3.0,3.0,3.0,3.0,3.0,3.0,3.0,3.0,3.0,3.0,3.0,3.0,3.0,3.0,3.0,3.0,3.0,3.0,3.0,3.0,3.0,3.0,3.0,3.0,3.0,3.0,3.0,3.0,3.0,3.0,3.0,3.0,3.0,3.0,1.1422324,-0.99594784,0.956084,11.545338
40,0.14853503943809615,-0.1858583,-0.12650582,0.7736387,0.9995689,0.024049103,0.0163317,0.004121309,0.006008177,-0.028210718,1.1573594,0.33580974,0.72452414,-0.49546346,3.0,3.0,3.0,3.0,3.0,3.0,3.0,3.0,3.0,3.0,3.0,3.0,3.0,3.0,3.0,3.0,3.0,3.0,3.0,3.0,3.0,3.0,3.0,3.0,3.0,3.0,3.0,3.0,3.0,3.0,3.0,3.0,3.0,3.0,3.0,3.0,-3.10323,-1.4155846,0.9773605,16.162926
45,0.18188025369448657,-0.18607552,-0.12578511,0.74936223,0.99936706,0.028056191,0.02157937,-0.0035603545,0.013867722,-0.03923042,1.1735045,0.49868545,0.28991887,-0.690014,3.0,3.0,3.0,3.0,3.0,3.0,3.0,3.0,3.0,3.0,3.0,3.0,3.0,3.0,3.0,3.0,3.0,3.0,3.0,3.0,3.0,3.0,3.0,3.0,3.0,3.0,3.0,3.0,3.0,3.0,3.0,3.0,3.0,3.0,3.0,3.0,3.2782059,1.2714171,0.95831895,13.070129
50,0.24116387316392057,-0.18649186,-0.124803625,0.72457916,0.9990718,0.03282523,0.02540599,-0.011514197,0.024002057,-0.052230798,1.1941712,0.67139685,0.3194457,-0.52840143,3.0,3.0,3.0,3.0,3.0,3.0,3.0,3.0,3.0,3.0,3.0,3.0,3.0,3.0,3.0,3.0,3.0,3.0,3.0,3.0,3.0,3.0,3.0,3.0,3.0,3.0,3.0,3.0,3.0,3.0,3.0,3.0,3.0,3.0,3.0,3.0,2.8474207,-3.176688,0.93797255,6.806984
55,0.17111138818165106,-0.1871388,-0.1235217,0.69938725,0.9985045,0.041520774,0.03161374,-0.016287645,0.03562703,-0.06765748,1.2112104,0.8340726,0.7114144,-0.62534446,3.0,3.0,3.0,3.0,3.0,3.0,3.0,3.0,3.0,3.0,3.0,3.0,3.0,3.0,3.0,3.0,3.0,3.0,3.0,3.0,3.0,3.0,3.0,3.0,3.0,3.0,3.0,3.0,3.0,3.0,2.9140596,2.885514,2.9461715,3.0,3.0,3.0,-0.24234009,0.97479916,0.9703667,14.281456
60,0.14056153620891665,-0.18801276,-0.12193281,0.67460287,0.99786925,0.049293127,0.03620386,-0.022726111,0.046035066,-0.081905216,1.1695064,0.73942775,0.3739561,-0.79925305,3.0,3.0,3.0,3.0,3.0,3.0,3.0,3.0,3.0,3.0,3.0,3.0,3.0,3.0,3.0,3.0,3.0,3.0,3.0,3.0,3.0,3.0,3.0,3.0,3.0,3.0,3.0,3.0,3.0,2.7960966,2.688829,2.6675448,2.7288592,2.8827085,3.0,3.0,-1.9747808,2.6049304,0.9458175,16.14886
65,0.2653100416518193,-0.18910053,-0.12004213,0.65098387,0.99725676,0.055226635,0.03852381,-0.030739097,0.05636143,-0.096809566,1.1089694,0.44531354,0.10894531,-0.69892067,3.0,3.0,3.0,3.0,3.0,3.0,3.0,3.0,3.0,3.0,3.0,3.0,3.0,3.0,3.0,3.0,3.0,3.0,3.0,3.0,3.0,3.0,3.0,3.0,3.0,3.0,3.0,3.0,2.906615,2.7113812,2.6151836,2.6019278,2.669508,2.8289404,3.0,3.0,-1.7578709,1.6321473,0.9120884,-2.322071
70,0.1685189928495296,-0.19043823,-0.11777359,0.62822914,0.9967522,0.060986776,0.03989004,-0.034270257,0.06850807,-0.11565318,1.0683621,0.61718595,0.17293029,-0.22344728,3.0,3.0,3.0,3.0,3.0,3.0,3.0,3.0,3.0,3.0,3.0,3.0,3.0,3.0,3.0,3.0,3.0,3.0,3.0,3.0,3.0,3.0,3.0,3.0,3.0,3.0,3.0,3.0,2.8256,2.649759,2.5679774,2.566747,2.6458726,2.818391,3.0,3.0,-2.8147693,2.8241243,0.68770504,11.609165
75,0.19438992152527534,-0.19196612,-0.11519728,0.60720676,0.99640036,0.066047825,0.04029847,-0.0346413,0.076598145,-0.12919101,0.96979684,0.38920042,-0.08547546,0.081835896,3.0,3.0,3.0,3.0,3.0,3.0,3.0,3.0,3.0,3.0,3.0,3.0,3.0,3.0,3.0,3.0,3.0,3.0,3.0,3.0,3.0,3.0,3.0,3.0,3.0,3.0,3.0,3.0,2.7737534,2.6170423,2.550442,2.5630927,2.6570039,2.8478808,3.0,3.0,-0.64600897,-1.3788648,0.8430972,8.720402
80,0.11653973959221764,-0.1937203,-0.112221114,0.58747274,0.99615294,0.07061286,0.038035486,-0.035304505,0.08967456,-0.15324101,0.93918735,0.24495003,-0.16837937,-0.1290818,3.0,3.0,3.0,3.0,3.0,3.0,3.0,3.0,3.0,3.0,3.0,3.0,3.0,3.0,3.0,3.0,3.0,3.0,3.0,3.0,3.0,3.0,3.0,3.0,3.0,3.0,3.0,2.989398,2.7515604,2.622592,2.580056,2.6171286,2.7397416,2.9690554,3.0,3.0,3.3803024,-2.1084504,0.80285907,15.903954
85,0.10388735475842481,-0.19583687,-0.108525366,0.5670058,0.9958596,0.07433343,0.039697535,-0.034092702,0.10908574,-0.19280939,1.0045727,0.23416193,0.29744995,0.1299688,3.0,3.0,3.0,3.0,3.0,3.0,3.0,3.0,3.0,3.0,3.0,3.0,3.0,3.0,3.0,3.0,3.0,3.0,3.0,3.0,3.0,3.0,3.0,3.0,3.0,3.0,3.0,2.9790883,2.7448776,2.6185737,2.5782757,2.6175258,2.7426107,2.9751866,3.0,3.0,0.09001446,1.5200615,0.7930949,17.947266
90,0.15629613093241707,-0.19826165,-0.10419884,0.5466007,0.99564356,0.0769826,0.040190767,-0.033944838,0.12333647,-0.22166058,0.9886738,0.47519857,-0.20011526,-0.19549799,3.0,3.0,3.0,3.0,3.0,3.0,3.0,3.0,3.0,3.0,3.0,3.0,3.0,3.0,3.0,3.0,3.0,3.0,3.0,3.0,3.0,3.0,3.0,3.0,3.0,3.0,3.0,3.0,2.7801692,2.6569655,2.6204605,2.6648166,2.7971537,3.0,3.0,3.0,4.257576,2.1857429,0.76307833,11.14386
95,0.0730331573568832,-0.20100816,-0.09921094,0.5262163,0.99525124,0.07952105,0.040935088,-0.038415056,0.13887596,-0.25445628,0.9902966,0.25032118,0.07284066,-0.42711526,3.0,3.0,3.0,3.0,3.0,3.0,3.0,3.0,3.0,3.0,3.0,3.0,3.0,3.0,3.0,3.0,3.0,3.0,3.0,3.0,3.0,3.0,3.0,3.0,3.0,3.0,3.0,3.0,2.820227,2.6958816,2.6594312,2.7050486,2.8400578,3.0,3.0,3.0,2.315341,0.8840046,0.82831156,20.429932
100,0.12278177198065665,-0.20410895,-0.09346641,0.5054232,0.9948852,0.08096325,0.043455377,-0.041953146,0.15473981,-0.2882852,0.9924357,-0.032244697,0.19295762,-0.17460085,3.0,3.0,3.0,3.0,3.0,3.0,3.0,3.0,3.0,3.0,3.0,3.0,3.0,3.0,3.0,3.0,3.0,3.0,3.0,3.0,3.0,3.0,3.0,3.0,3.0,3.0,3.0,3.0,2.887966,2.7498918,2.7027936,2.7391064,2.8646343,3.0,3.0,3.0,3.7432537,-2.9880784,0.49028683,15.096611
105,0.13058101893698876,-0.20756385,-0.086983174,0.48443905,0.9947163,0.08277619,0.04596766,-0.039681744,0.17113757,-0.32203528,0.9905693,0.26633757,0.23111863,0.34489194,3.0,3.0,3.0,3.0,3.0,3.0,3.0,3.0,3.0,3.0,3.0,3.0,3.0,3.0,3.0,3.0,3.0,3.0,3.0,3.0,3.0,3.0,3.0,3.0,3.0,3.0,3.0,3.0,2.9359312,2.789188,2.7355778,2.766462,2.8867662,3.0,3.0,3.0,-0.58780956,2.853074,0.48417318,13.57716
110,0.16633205040593202,-0.21129324,-0.079950064,0.46444887,0.99466807,0.08398231,0.048544083,-0.035012424,0.18669438,-0.35260764,0.9653949,0.17288277,0.3592217,0.56739515,3.0,3.0,3.0,3.0,3.0,3.0,3.0,3.0,3.0,3.0,3.0,3.0,3.0,3.0,3.0,3.0,3.0,3.0,3.0,3.0,3.0,3.0,3.0,3.0,3.0,3.0,3.0,3.0,2.9923446,2.8360093,2.7753386,2.8005197,2.9155607,3.0,3.0,3.0,1.674057,-0.77925587,0.47843635,9.004143
115,99.97425545106564,-0.21530694,-0.072372906,0.445538,0.9944418,0.08633563,0.052712776,-0.029205492,0.19733155,-0.37216672,0.8751303,0.32831177,0.28143325,0.4643311,3.0,3.0,3.0,3.0,3.0,3.0,3.0,3.0,3.0,3.0,3.0,3.0,3.0,3.0,3.0,3.0,3.0,3.0,3.0,3.0,3.0,3.0,3.0,3.0,3.0,3.0,3.0,3.0,2.9946392,2.8282416,2.7587738,2.7749305,2.8792782,3.0,3.0,3.0,0.6827998,1.1795902,0.67045367,26.595177
120,0.00976668195355701,1.7804462,-0.064383395,1.4285091,0.99413943,0.088228956,0.057244577,-0.0250096,0.20771585,-0.390042,0.7729073,0.21062379,0.36209896,0.5243868,3.0,3.0,3.0,3.0,3.0,3.0,3.0,3.0,3.0,3.0,3.0,3.0,3.0,3.0,3.0,3.0,3.0,3.0,3.0,3.0,3.0,3.0,3.0,3.0,3.0,3.0,3.0,3.0,3.0,2.820906,2.7402093,2.7450898,2.8363216,3.0,3.0,3.0,-4.9627695,4.6212997,0.9854617,-19.99649
125,0.03222711811020848,1.7759506,-0.055985495,1.4134386,0.9942233,0.08797349,0.05916556,-0.016736962,0.2216351,-0.41235068,0.6933323,-0.10246238,-0.061933275,1.002665,3.0,3.0,3.0,3.0,3.0,3.0,3.0,3.0,3.0,3.0,3.0,3.0,3.0,3.0,3.0,3.0,3.0,3.0,3.0,3.0,3.0,3.0,3.0,3.0,3.0,3.0,3.0,3.0,3.0,2.8786182,2.792148,2.7931135,2.881668,3.0,3.0,3.0,-4.8448067,3.5895042,0.9591806,-16.393581
130,0.03739607968467043,1.7711291,-0.047082495,1.3997804,0.9948538,0.08393891,0.05664504,-0.0033881045,0.23931262,-0.43925047,0.642,-0.5011091,-0.6023444,1.5128936,3.0,3.0,3.0,3.0,3.0,3.0,3.0,3.0,3.0,3.0,3.0,3.0,3.0,3.0,3.0,3.0,3.0,3.0,3.0,3.0,3.0,3.0,3.0,3.0,3.0,3.0,3.0,3.0,3.0,3.0,2.9870021,2.9942358,3.0,3.0,3.0,3.0,-3.392324,3.146741,0.90187573,-14.554325
135,0.14939128397625584,1.7657682,-0.037372876,1.3856,0.9960069,0.073808685,0.049125966,0.0104462635,0.2728395,-0.48911467,0.74237746,-1.0209267,-0.8633971,1.0294582,3.0,3.0,3.0,3.0,3.0,3.0,3.0,3.0,3.0,3.0,3.0,3.0,3.0,3.0,3.0,3.0,3.0,3.0,3.0,3.0,3.0,3.0,3.0,3.0,3.0,3.0,3.0,3.0,3.0,3.0,3.0,3.0,3.0,3.0,3.0,3.0,1.9513617,0.39963531,0.8932111,-5.9708824
140,0.20659491194819002,1.7596042,-0.026486263,1.3678705,0.9968012,0.06374325,0.044602033,0.018298909,0.31067324,-0.5435719,0.9233472,-0.60384595,-0.3638957,0.7312228,3.0,3.0,3.0,3.0,3.0,3.0,3.0,3.0,3.0,3.0,3.0,3.0,3.0,3.0,3.0,3.0,3.0,3.0,3.0,3.0,3.0,3.0,3.0,3.0,3.0,3.0,3.0,3.0,3.0,3.0,3.0,3.0,3.0,3.0,3.0,3.0,1.4997473,0.958786,0.97160375,-4.2174835
145,0.13665585825514126,1.752778,-0.014682374,1.3472884,0.9972536,0.056689516,0.041977257,0.022572165,0.33991325,-0.5828356,1.0442034,-0.44119313,-0.16077079,0.59458154,3.0,3.0,3.0,3.0,3.0,3.0,3.0,3.0,3.0,3.0,3.0,3.0,3.0,3.0,3.0,3.0,3.0,3.0,3.0,3.0,3.0,3.0,3.0,3.0,3.0,3.0,3.0,3.0,3.0,3.0,3.0,3.0,3.0,3.0,3.0,3.0,-1.8683696,2.7799501,0.99585986,-13.284718
150,0.250910231018765,1.7455033,-0.0022961837,1.3257905,0.9974041,0.05084097,0.041559298,0.029548343,0.35542953,-0.60218537,1.0250924,-0.49771145,-0.0156111345,0.7326191,3.0,3.0,3.0,3.0,3.0,3.0,3.0,3.0,3.0,3.0,3.0,3.0,3.0,3.0,3.0,3.0,3.0,3.0,3.0,3.0,3.0,3.0,3.0,3.0,3.0,3.0,3.0,3.0,3.0,3.0,3.0,3.0,3.0,3.0,3.0,3.0,-1.1842961,-1.149447,0.70086694,0.24161911
155,0.24256209078614388,1.737871,0.010504843,1.3042796,0.9974531,0.04642361,0.041345842,0.034967117,0.37358907,-0.6224054,1.0375261,-0.36088976,0.014359919,0.55934066,3.0,3.0,3.0,3.0,3.0,3.0,3.0,3.0,3.0,3.0,3.0,3.0,3.0,3.0,3.0,3.0,3.0,3.0,3.0,3.0,3.0,3.0,3.0,3.0,3.0,3.0,3.0,3.0,3.0,3.0,3.0,3.0,3.0,3.0,3.0,3.0,-1.7255199,-2.786605,0.90467215,-1.4532623
160,0.2502659822978453,1.7298912,0.023672549,1.2828548,0.9975577,0.04293306,0.041468374,0.036273517,0.38799033,-0.63693285,1.0068148,-0.40713075,0.062735364,-0.03265179,3.0,3.0,3.0,3.0,3.0,3.0,3.0,3.0,3.0,3.0,3.0,3.0,3.0,3.0,3.0,3.0,3.0,3.0,3.0,3.0,3.0,3.0,3.0,3.0,3.0,3.0,3.0,3.0,3.0,3.0,3.0,3.0,3.0,3.0,3.0,3.0,2.6394024,-1.3712878,0.9637079,-1.2502975
165,0.24119496508504268,1.7215137,0.037218142,1.2609602,0.99751496,0.041106325,0.044114936,0.036442902,0.41045925,-0.6577254,1.066893,-0.19088818,0.26932505,0.16984937,3.0,3.0,3.0,3.0,3.0,3.0,3.0,3.0,3.0,3.0,3.0,3.0,3.0,3.0,3.0,3.0,3.0,3.0,3.0,3.0,3.0,3.0,3.0,3.0,3.0,3.0,3.0,3.0,3.0,3.0,3.0,3.0,3.0,3.0,3.0,3.0,-1.2528086,4.274065,0.92719936,-1.5186005
170,0.24983262711000764,1.71275,0.05109551,1.2388887,0.99748427,0.039221276,0.045921434,0.037122555,0.42915103,-0.6729528,1.0716846,-0.30155626,0.24727242,-0.0675901,3.0,3.0,3.0,3.0,3.0,3.0,3.0,3.0,3.0,3.0,3.0,3.0,3.0,3.0,3.0,3.0,3.0,3.0,3.0,3.0,3.0,3.0,3.0,3.0,3.0,3.0,3.0,3.0,3.0,3.0,3.0,3.0,3.0,3.0,3.0,3.0,1.8168411,1.1716228,0.6893296,3.3345795
175,0.2277492654917746,1.7035857,0.06528127,1.2167003,0.9974695,0.03534482,0.04965943,0.036596354,0.44675803,-0.6857421,1.0561246,-0.37791416,0.32414222,0.15091449,3.0,3.0,3.0,3.0,3.0,3.0,3.0,3.0,3.0,3.0,3.0,3.0,3.0,3.0,3.0,3.0,3.0,3.0,3.0,3.0,3.0,3.0,3.0,3.0,3.0,3.0,3.0,3.0,3.0,3.0,3.0,3.0,3.0,3.0,3.0,3.0,-2.4418526,1.3244553,0.8473065,5.168827
180,0.24311551836837003,1.6940051,0.07973295,1.1945181,0.99733007,0.0301208,0.05345188,0.039603136,0.4699528,-0.69940114,1.0815941,-0.39475235,0.23196498,0.4766346,3.0,3.0,3.0,3.0,3.0,3.0,3.0,3.0,3.0,3.0,3.0,3.0,3.0,3.0,3.0,3.0,3.0,3.0,3.0,3.0,3.0,3.0,3.0,3.0,3.0,3.0,3.0,3.0,3.0,3.0,3.0,3.0,3.0,3.0,3.0,3.0,2.8360891,2.7721672,0.6771909,-2.269352
185,0.24514821813082704,1.6839907,0.09440494,1.1724336,0.9970454,0.026273312,0.057780515,0.043262098,0.48741487,-0.7069976,1.0402501,-0.33090004,0.27128905,0.39829567,3.0,3.0,3.0,3.0,3.0,3.0,3.0,3.0,3.0,3.0,3.0,3.0,3.0,3.0,3.0,3.0,3.0,3.0,3.0,3.0,3.0,3.0,3.0,3.0,3.0,3.0,3.0,3.0,3.0,3.0,3.0,3.0,3.0,3.0,3.0,3.0,2.4415731,-3.8971126,0.9405873,-0.589077
190,0.1633650054894022,1.6735404,0.10924197,1.1507416,0.9966881,0.02421767,0.060392357,0.04877566,0.5083006,-0.71430504,1.0168941,-0.322311,0.0077754,0.5257214,3.0,3.0,3.0,3.0,3.0,3.0,3.0,3.0,3.0,3.0,3.0,3.0,3.0,3.0,3.0,3.0,3.0,3.0,3.0,3.0,3.0,3.0,3.0,3.0,3.0,3.0,3.0,3.0,3.0,3.0,3.0,3.0,3.0,3.0,3.0,3.0,2.0258193,-1.286828,0.9825231,12.456352
195,0.23896127867599626,1.6626028,0.12423014,1.129227,0.99650174,0.019508384,0.06222214,0.052270044,0.5337833,-0.72181964,1.0238358,-0.71295536,0.13661343,0.116942264,3.0,3.0,3.0,3.0,3.0,3.0,3.0,3.0,3.0,3.0,3.0,3.0,3.0,3.0,3.0,3.0,3.0,3.0,3.0,3.0,3.0,3.0,3.0,3.0,3.0,3.0,3.0,3.0,3.0,3.0,3.0,3.0,3.0,3.0,3.0,3.0,1.070569,-2.6593142,0.9028449,4.1103554
200,0.1956681236678084,1.6511497,0.13933957,1.1077583,0.99633646,0.0149408,0.06502013,0.053505644,0.55722463,-0.72644365,1.0094271,-0.40126985,0.24364045,0.22695318,3.0,3.0,3.0,3.0,3.0,3.0,3.0,3.0,3.0,3.0,3.0,3.0,3.0,3.0,3.0,3.0,3.0,3.0,3.0,3.0,3.0,3.0,3.0,3.0,3.0,3.0,3.0,3.0,3.0,3.0,3.0,3.0,3.0,3.0,3.0,3.0,-0.12007332,3.6371613,0.85513806,8.923275
205,0.26330097128490265,1.6391652,0.15452093,1.0863644,0.99612874,0.009837012,0.06809197,0.05471982,0.5870178,-0.7298547,1.0355573,-0.563571,0.22270736,0.091859594,3.0,3.0,3.0,3.0,3.0,3.0,3.0,3.0,3.0,3.0,3.0,3.0,3.0,3.0,3.0,3.0,3.0,3.0,3.0,3.0,3.0,3.0,3.0,3.0,3.0,3.0,3.0,3.0,3.0,3.0,3.0,3.0,3.0,3.0,3.0,3.0,-0.6933265,-0.57303715,0.7599064,2.9671783
210,0.22097502754353887,1.6265335,0.16974056,1.0643563,0.9958496,0.005083282,0.07144679,0.056152135,0.62097174,-0.7308103,1.0822203,-0.3465532,0.41644663,0.29912922,3.0,3.0,3.0,3.0,3.0,3.0,3.0,3.0,3.0,3.0,3.0,3.0,3.0,3.0,3.0,3.0,3.0,3.0,3.0,3.0,3.0,3.0,3.0,3.0,3.0,3.0,3.0,3.0,3.0,3.0,3.0,3.0,3.0,3.0,3.0,3.0,0.47396755,2.5609803,0.9214684,8.100243
215,0.278409008958507,1.6131744,0.18495084,1.0413607,0.9954798,0.0011630261,0.07508063,0.058150105,0.65540516,-0.7293107,1.1211884,-0.21786907,0.30442873,0.15086903,3.0,3.0,3.0,3.0,3.0,3.0,3.0,3.0,3.0,3.0,3.0,3.0,3.0,3.0,3.0,3.0,3.0,3.0,3.0,3.0,3.0,3.0,3.0,3.0,3.0,3.0,3.0,3.0,3.0,3.0,3.0,3.0,3.0,3.0,3.0,3.0,0.34905195,2.4651537,0.9614322,3.080639
220,0.2390295283398125,1.5990484,0.2001026,1.0173544,0.9953337,-0.0035382353,0.07810334,0.056553245,0.6911917,-0.7257921,1.1591744,-0.45505694,0.17737259,-0.29959428,3.0,3.0,3.0,3.0,3.0,3.0,3.0,3.0,3.0,3.0,3.0,3.0,3.0,3.0,3.0,3.0,3.0,3.0,3.0,3.0,3.0,3.0,3.0,3.0,3.0,3.0,3.0,3.0,3.0,3.0,3.0,3.0,3.0,3.0,3.0,3.0,3.922162,-4.6519847,0.66865575,5.614586
225,0.2794564969520747,1.5842497,0.21516077,0.99314344,0.99491787,-0.006234161,0.08378581,0.05549291,0.7225032,-0.7207328,1.1592653,-0.3182486,0.60573524,0.07821229,3.0,3.0,3.0,3.0,3.0,3.0,3.0,3.0,3.0,3.0,3.0,3.0,3.0,3.0,3.0,3.0,3.0,3.0,3.0,3.0,3.0,3.0,3.0,3.0,3.0,3.0,3.0,3.0,3.0,3.0,3.0,3.0,3.0,3.0,3.0,3.0,-0.3727436,-3.0449176,0.88123214,2.86055
230,0.23015060881127292,1.568778,0.23009948,0.9689846,0.9943762,-0.008656582,0.09004786,0.055067822,0.75645757,-0.7145029,1.160478,-0.4578813,0.552801,-0.0002872803,3.0,3.0,3.0,3.0,3.0,3.0,3.0,3.0,3.0,3.0,3.0,3.0,3.0,3.0,3.0,3.0,3.0,3.0,3.0,3.0,3.0,3.0,3.0,3.0,3.0,3.0,3.0,3.0,3.0,3.0,3.0,3.0,3.0,3.0,3.0,3.0,1.2084155,-0.57528734,0.95496416,9.655979
235,0.27617579869351494,1.5525969,0.2448989,0.94496334,0.993922,-0.012035137,0.09639659,0.05178742,0.78938925,-0.7076262,1.1419839,-0.4338122,0.51491463,-0.44201404,3.0,3.0,3.0,3.0,3.0,3.0,3.0,3.0,3.0,3.0,3.0,3.0,3.0,3.0,3.0,3.0,3.0,3.0,3.0,3.0,3.0,3.0,3.0,3.0,3.0,3.0,3.0,3.0,3.0,3.0,3.0,3.0,3.0,3.0,3.0,3.0,0.38541508,-2.9521565,0.98734045,4.0324326
240,0.29535317876128464,1.5356998,0.25953847,0.92132396,0.99391836,-0.013837635,0.099550664,0.04499428,0.82837707,-0.69885176,1.1433856,-0.4184387,0.18689021,-0.80680096,3.0,3.0,3.0,3.0,3.0,3.0,3.0,3.0,3.0,3.0,3.0,3.0,3.0,3.0,3.0,3.0,3.0,3.0,3.0,3.0,3.0,3.0,3.0,3.0,3.0,3.0,3.0,3.0,3.0,3.0,3.0,3.0,3.0,3.0,3.0,3.0,0.7944536,-3.0201342,0.9233372,0.8761368
245,0.3003052986471385,1.5180303,0.27399853,0.89792067,0.99419254,-0.014540987,0.098709434,0.04032595,0.86412823,-0.6902849,1.1239913,0.17203078,-0.10512823,-0.18915264,3.0,3.0,3.0,3.0,3.0,3.0,3.0,3.0,3.0,3.0,3.0,3.0,3.0,3.0,3.0,3.0,3.0,3.0,3.0,3.0,3.0,3.0,3.0,3.0,3.0,3.0,3.0,3.0,3.0,3.0,3.0,3.0,3.0,3.0,3.0,3.0,0.13965845,3.9940596,0.86843514,-1.5993385
250,0.30057438596564046,1.4995369,0.2882629,0.8744907,0.9946994,-0.014904883,0.095017985,0.036365967,0.905469,-0.6805672,1.1366961,-0.024272714,-0.24024309,-0.33983567,3.0,3.0,3.0,3.0,3.0,3.0,3.0,3.0,3.0,3.0,3.0,3.0,3.0,3.0,3.0,3.0,3.0,3.0,3.0,3.0,3.0,3.0,3.0,3.0,3.0,3.0,3.0,3.0,3.0,3.0,3.0,3.0,3.0,3.0,3.0,3.0,0.11023283,2.013702,0.82639194,-4.058609
255,0.2817569226600369,1.4803088,0.30234605,0.8513484,0.99501354,-0.015767679,0.092073746,0.034954756,0.93846685,-0.6720894,1.1150868,-0.09420827,-0.07339916,-0.08897731,3.0,3.0,3.0,3.0,3.0,3.0,3.0,3.0,3.0,3.0,3.0,3.0,3.0,3.0,3.0,3.0,3.0,3.0,3.0,3.0,3.0,3.0,3.0,3.0,3.0,3.0,3.0,3.0,3.0,3.0,3.0,3.0,3.0,3.0,3.0,3.0,-3.2711387,-3.826666,0.89955604,4.71706
260,0.29647330801270794,1.4605707,0.3162856,0.829554,0.99512774,-0.016457902,0.09114013,0.033813562,0.95528644,-0.6666876,1.0105106,0.0014482702,-0.18048523,-0.21721594,3.0,3.0,3.0,3.0,3.0,3.0,3.0,3.0,3.0,3.0,3.0,3.0,3.0,3.0,3.0,3.0,3.0,3.0,3.0,3.0,3.0,3.0,3.0,3.0,3.0,3.0,3.0,3.0,3.0,3.0,3.0,3.0,3.0,3.0,3.0,3.0,-1.8984776,-3.500757,0.8550947,1.40028
265,0.3107436679083976,1.4402785,0.33006772,0.80880094,0.99558026,-0.01669491,0.08734055,0.030213488,0.9884763,-0.657689,0.99809986,-0.18294217,-0.40330946,-0.38457507,3.0,3.0,3.0,3.0,3.0,3.0,3.0,3.0,3.0,3.0,3.0,3.0,3.0,3.0,3.0,3.0,3.0,3.0,3.0,3.0,3.0,3.0,3.0,3.0,3.0,3.0,3.0,3.0,3.0,3.0,3.0,3.0,3.0,3.0,3.0,3.0,2.4165635,-0.5690074,0.90892756,1.4665604
270,0.2953623638355376,1.419294,0.3436599,0.7882116,0.99600464,-0.016758466,0.08361453,0.02650425,1.0172609,-0.6494271,0.9683963,0.06684424,-0.56277156,-0.48768517,3.0,3.0,3.0,3.0,3.0,3.0,3.0,3.0,3.0,3.0,3.0,3.0,3.0,3.0,3.0,3.0,3.0,3.0,3.0,3.0,3.0,3.0,3.0,3.0,3.0,3.0,3.0,3.0,3.0,3.0,3.0,3.0,3.0,3.0,3.0,3.0,1.486237,2.5034041,0.94050574,-2.9868774
275,0.2965211273109879,1.3976263,0.35705715,0.7676307,0.9965985,-0.017886091,0.0784468,0.017824464,1.0498501,-0.64004076,0.9702454,-0.23602486,-0.60111773,-0.8621941,3.0,3.0,3.0,3.0,3.0,3.0,3.0,3.0,3.0,3.0,3.0,3.0,3.0,3.0,3.0,3.0,3.0,3.0,3.0,3.0,3.0,3.0,3.0,3.0,3.0,3.0,3.0,3.0,3.0,3.0,3.0,3.0,3.0,3.0,3.0,3.0,3.4901485,0.13386297,0.99169123,1.7492676
280,0.27618105548541255,1.375158,0.37021756,0.74603873,0.9968363,-0.021260303,0.07626226,0.007029161,1.0943024,-0.62662894,1.0619558,-0.13908516,0.006280249,-0.7790497,3.0,3.0,3.0,3.0,3.0,3.0,3.0,3.0,3.0,3.0,3.0,3.0,3.0,3.0,3.0,3.0,3.0,3.0,3.0,3.0,3.0,3.0,3.0,3.0,3.0,3.0,3.0,3.0,3.0,3.0,3.0,3.0,3.0,3.0,3.0,3.0,-3.9451563,1.1873732,0.49466157,6.056278
285,0.3114022611457902,1.3521577,0.38318846,0.7249833,0.99684733,-0.022387868,0.07611894,0.00034933168,1.1148818,-0.61863476,1.005063,-0.04912574,0.055417642,-0.41609284,3.0,3.0,3.0,3.0,3.0,3.0,3.0,3.0,3.0,3.0,3.0,3.0,3.0,3.0,3.0,3.0,3.0,3.0,3.0,3.0,3.0,3.0,3.0,3.0,3.0,3.0,3.0,3.0,3.0,3.0,3.0,3.0,3.0,3.0,3.0,3.0,-2.4099815,-2.6396856,0.67917275,1.9673958
290,0.2817109556777395,1.3287728,0.39600444,0.70539695,0.9968412,-0.023148108,0.07590139,-0.0032822879,1.1286647,-0.6125331,0.9040892,-0.17808008,-0.15719202,-0.22594382,3.0,3.0,3.0,3.0,3.0,3.0,3.0,3.0,3.0,3.0,3.0,3.0,3.0,3.0,3.0,3.0,3.0,3.0,3.0,3.0,3.0,3.0,3.0,3.0,3.0,3.0,3.0,3.0,3.0,3.0,3.0,3.0,3.0,3.0,3.0,3.0,-4.3947463,-3.0684023,0.669835,-3.318924
295,0.2573856277422775,1.3050983,0.40869114,0.68788993,0.9969601,-0.024692655,0.07365582,-0.0059748613,1.1444322,-0.6056219,0.81727856,-0.2039056,-0.375857,-0.17694466,3.0,3.0,3.0,3.0,3.0,3.0,3.0,3.0,3.0,3.0,3.0,3.0,3.0,3.0,3.0,3.0,3.0,3.0,3.0,3.0,3.0,3.0,3.0,3.0,3.0,3.0,3.0,3.0,3.0,3.0,3.0,3.0,3.0,3.0,3.0,3.0,-4.4970965,-1.9039452,0.6099714,5.969719
300,0.2711740438429484,1.2810376,0.42120954,0.67175364,0.9973066,-0.025621895,0.06802696,-0.009769995,1.1648649,-0.59661555,0.7675753,-0.12936863,-0.75080365,-0.3393745,3.0,3.0,3.0,3.0,3.0,3.0,3.0,3.0,3.0,3.0,3.0,3.0,3.0,3.0,3.0,3.0,3.0,3.0,3.0,3.0,3.0,3.0,3.0,3.0,3.0,3.0,3.0,3.0,3.0,3.0,3.0,3.0,3.0,3.0,3.0,3.0,-4.0602107,1.9860401,0.98310137,-3.4239464
305,0.2813496979409334,1.2562956,0.43343386,0.6546191,0.99792814,-0.028474158,0.05643364,-0.011996051,1.203258,-0.5794069,0.86964864,-0.37669468,-1.1557399,-0.4513679,3.0,3.0,3.0,3.0,3.0,3.0,3.0,3.0,3.0,3.0,3.0,3.0,3.0,3.0,3.0,3.0,3.0,3.0,3.0,3.0,3.0,3.0,3.0,3.0,3.0,3.0,3.0,3.0,3.0,3.0,3.0,3.0,3.0,3.0,3.0,3.0,0.085363865,0.47191668,0.85914445,-5.1318398
310,0.26207199746425774,1.2309376,0.44532752,0.6362146,0.99842376,-0.03125241,0.04455293,-0.013721283,1.2259369,-0.564751,0.8959813,-0.057364706,-1.1429887,-0.13323899,3.0,3.0,3.0,3.0,3.0,3.0,3.0,3.0,3.0,3.0,3.0,3.0,3.0,3.0,3.0,3.0,3.0,3.0,3.0,3.0,3.0,3.0,3.0,3.0,3.0,3.0,3.0,3.0,3.0,3.0,3.0,3.0,3.0,3.0,3.0,3.0,3.7572575,1.8513398,0.94540215,-6.8670845
315,0.24813388243773965,1.2050722,0.45683125,0.61615354,0.9986126,-0.033889618,0.03581862,-0.018477658,1.2494638,-0.5447681,0.98877156,-0.313708,-0.9517007,-0.32009417,3.0,3.0,3.0,3.0,3.0,3.0,3.0,3.0,3.0,3.0,3.0,3.0,3.0,3.0,3.0,3.0,3.0,3.0,3.0,3.0,3.0,3.0,3.0,3.0,3.0,3.0,3.0,3.0,3.0,3.0,3.0,3.0,3.0,3.0,3.0,3.0,2.3984423,-3.7595272,0.95413876,9.404221
320,0.32574143600017236,1.178891,0.46799773,0.59560525,0.9987518,-0.03489246,0.029320251,-0.020436682,1.2592757,-0.5318401,0.9583677,-0.17650472,-0.51759946,-0.25303808,3.0,3.0,3.0,3.0,3.0,3.0,3.0,3.0,3.0,3.0,3.0,3.0,3.0,3.0,3.0,3.0,3.0,3.0,3.0,3.0,3.0,3.0,3.0,3.0,3.0,3.0,3.0,3.0,3.0,3.0,3.0,3.0,3.0,3.0,3.0,3.0,-2.534211,1.1162987,0.7759781,1.0772552
325,0.30781535130007387,1.1525383,0.47888404,0.57563245,0.9988614,-0.035699446,0.022988785,-0.021748267,1.2690256,-0.5154115,0.97085005,-0.061142106,-0.5900432,-0.26902178,3.0,3.0,3.0,3.0,3.0,3.0,3.0,3.0,3.0,3.0,3.0,3.0,3.0,3.0,3.0,3.0,3.0,3.0,3.0,3.0,3.0,3.0,3.0,3.0,3.0,3.0,3.0,3.0,3.0,3.0,3.0,3.0,3.0,3.0,3.0,3.0,3.3828697,2.361569,0.83908474,-2.7088852
330,0.29383422865911063,1.1259838,0.48938027,0.5547951,0.998635,-0.038685992,0.02121142,-0.027958117,1.278034,-0.4959431,1.0192345,-0.16429941,0.09501044,-0.46478888,3.0,3.0,3.0,3.0,3.0,3.0,3.0,3.0,3.0,3.0,3.0,3.0,3.0,3.0,3.0,3.0,3.0,3.0,3.0,3.0,3.0,3.0,3.0,3.0,3.0,3.0,3.0,3.0,3.0,3.0,3.0,3.0,3.0,3.0,3.0,3.0,-3.7892456,3.1427097,0.7744489,4.697937
335,0.3316945238758732,1.099308,0.49954963,0.53420407,0.99845785,-0.040588338,0.020678183,-0.031732146,1.2823689,-0.48226327,0.9748011,-0.02841343,-0.0006433383,-0.2923158,3.0,3.0,3.0,3.0,3.0,3.0,3.0,3.0,3.0,3.0,3.0,3.0,3.0,3.0,3.0,3.0,3.0,3.0,3.0,3.0,3.0,3.0,3.0,3.0,3.0,3.0,3.0,3.0,3.0,3.0,3.0,3.0,3.0,3.0,3.0,3.0,0.69374657,-2.5313141,0.71192956,-0.59191895
340,0.3385125069993311,1.0725464,0.50943524,0.51462066,0.9984258,-0.041229438,0.020218022,-0.03220765,1.2859224,-0.469535,0.91453004,-0.1684872,-0.082837105,0.08410116,3.0,3.0,3.0,3.0,3.0,3.0,3.0,3.0,3.0,3.0,3.0,3.0,3.0,3.0,3.0,3.0,3.0,3.0,3.0,3.0,3.0,3.0,3.0,3.0,3.0,3.0,3.0,3.0,3.0,3.0,3.0,3.0,3.0,3.0,3.0,3.0,0.9247017,-1.0191107,0.8029938,0.66708755
345,0.31039207327531937,1.0456749,0.5189819,0.49539918,0.99854594,-0.040292226,0.01816762,-0.030861696,1.2923511,-0.45055762,0.93024963,-0.0068195174,0.002159548,-0.058659833,3.0,3.0,3.0,3.0,3.0,3.0,3.0,3.0,3.0,3.0,3.0,3.0,3.0,3.0,3.0,3.0,3.0,3.0,3.0,3.0,3.0,3.0,3.0,3.0,3.0,3.0,3.0,3.0,3.0,3.0,3.0,3.0,3.0,3.0,3.0,3.0,-3.3875072,0.50933933,0.8693757,-3.3373222
350,0.292612072422383,1.0187004,0.5281766,0.4763563,0.99858195,-0.041467734,0.01722888,-0.028596167,1.2970059,-0.43370968,0.9209111,-0.13557974,-0.0876232,0.47185567,3.0,3.0,3.0,3.0,3.0,3.0,3.0,3.0,3.0,3.0,3.0,3.0,3.0,3.0,3.0,3.0,3.0,3.0,3.0,3.0,3.0,3.0,3.0,3.0,3.0,3.0,3.0,3.0,3.0,3.0,3.0,3.0,3.0,3.0,3.0,3.0,1.8727617,-1.8468359,0.7396928,4.648815
355,0.310095983815646,0.991653,0.5370631,0.45807377,0.99871963,-0.042494956,0.016523117,-0.021916144,1.298462,-0.42316434,0.83154655,-0.10954205,-0.057417825,0.6557612,3.0,3.0,3.0,3.0,3.0,3.0,3.0,3.0,3.0,3.0,3.0,3.0,3.0,3.0,3.0,3.0,3.0,3.0,3.0,3.0,3.0,3.0,3.0,3.0,3.0,3.0,3.0,3.0,3.0,3.0,3.0,3.0,3.0,3.0,3.0,3.0,-1.0530229,0.9613123,0.24209142,1.5387573
360,0.28890670244588457,0.9645823,0.5457338,0.44174907,0.99880666,-0.044542473,0.014217961,-0.014108451,1.3012061,-0.4083597,0.788122,-0.18561734,-0.41999495,0.77007276,3.0,3.0,3.0,3.0,3.0,3.0,3.0,3.0,3.0,3.0,3.0,3.0,3.0,3.0,3.0,3.0,3.0,3.0,3.0,3.0,3.0,3.0,3.0,3.0,3.0,3.0,3.0,3.0,3.0,3.0,3.0,3.0,3.0,3.0,3.0,3.0,-3.4451663,0.24563217,0.91149235,0.7447891
365,0.28638923201745886,0.9374202,0.55395406,0.42481503,0.9989181,-0.045664474,0.0070444006,-0.0052683693,1.3048697,-0.38570288,0.8237289,0.16320623,-0.5325609,0.9943698,3.0,3.0,3.0,3.0,3.0,3.0,3.0,3.0,3.0,3.0,3.0,3.0,3.0,3.0,3.0,3.0,3.0,3.0,3.0,3.0,3.0,3.0,3.0,3.0,3.0,3.0,3.0,3.0,3.0,3.0,3.0,3.0,3.0,3.0,3.0,3.0,1.2349987,2.482407,0.34148586,-1.433773
370,0.2307094314436905,0.9102538,0.5618722,0.40905693,0.99900305,-0.04444177,0.00147875,0.0039562304,1.3032131,-0.37660712,0.70870215,0.12323019,-0.49317724,0.9075657,3.0,3.0,3.0,3.0,3.0,3.0,3.0,3.0,3.0,3.0,3.0,3.0,3.0,3.0,3.0,3.0,3.0,3.0,3.0,3.0,3.0,3.0,3.0,3.0,3.0,3.0,3.0,3.0,3.0,3.0,3.0,3.0,3.0,3.0,3.0,3.0,-3.7644684,3.806466,0.8228072,-6.1085052
375,0.2194571324896336,0.8831299,0.569392,0.3933309,0.99882495,-0.045105945,-0.008111448,0.01576004,1.3004814,-0.35352516,0.7516978,0.0813393,-1.0684128,1.0349109,3.0,3.0,3.0,3.0,3.0,3.0,3.0,3.0,3.0,3.0,3.0,3.0,3.0,3.0,3.0,3.0,3.0,3.0,3.0,3.0,3.0,3.0,3.0,3.0,3.0,3.0,3.0,3.0,3.0,3.0,3.0,3.0,3.0,3.0,3.0,3.0,2.6283064,0.8244853,0.9081305,7.876274
380,0.2705948230103277,0.8561393,0.5763963,0.37636268,0.99857557,-0.046757452,-0.015505703,0.020496722,1.2920015,-0.32693815,0.8304865,-0.24132448,-0.49697918,0.20115408,3.0,3.0,3.0,3.0,3.0,3.0,3.0,3.0,3.0,3.0,3.0,3.0,3.0,3.0,3.0,3.0,3.0,3.0,3.0,3.0,3.0,3.0,3.0,3.0,3.0,3.0,3.0,3.0,3.0,3.0,3.0,3.0,3.0,3.0,3.0,3.0,-2.299252,-0.5177679,0.9041016,4.6187477
385,0.2821629464326601,0.829373,0.58287483,0.35815147,0.99841005,-0.048467234,-0.020604964,0.020092042,1.2805469,-0.302839,0.87510765,-0.25082877,-0.50931096,0.1388384,3.0,3.0,3.0,3.0,3.0,3.0,3.0,3.0,3.0,3.0,3.0,3.0,3.0,3.0,3.0,3.0,3.0,3.0,3.0,3.0,3.0,3.0,3.0,3.0,3.0,3.0,3.0,3.0,3.0,3.0,3.0,3.0,3.0,3.0,3.0,3.0,-0.6040492,-3.5720687,-0.12693924,0.22470856
390,0.2720714293838515,0.80283636,0.58894205,0.34007996,0.9982151,-0.04995132,-0.024646625,0.021541357,1.2685016,-0.28224608,0.87448287,-0.25182158,-0.471807,0.3949076,3.0,3.0,3.0,3.0,3.0,3.0,3.0,3.0,3.0,3.0,3.0,3.0,3.0,3.0,3.0,3.0,3.0,3.0,3.0,3.0,3.0,3.0,3.0,3.0,3.0,3.0,3.0,3.0,3.0,3.0,3.0,3.0,3.0,3.0,3.0,3.0,2.035905,-3.2975984,0.59495974,0.9313431
395,0.269403334088546,0.77656645,0.5945807,0.32208645,0.9979586,-0.052024618,-0.027767401,0.0245167,1.2555296,-0.26242086,0.860942,-0.20823824,-0.18815361,0.3880471,3.0,3.0,3.0,3.0,3.0,3.0,3.0,3.0,3.0,3.0,3.0,3.0,3.0,3.0,3.0,3.0,3.0,3.0,3.0,3.0,3.0,3.0,3.0,3.0,3.0,3.0,3.0,3.0,3.0,3.0,3.0,3.0,3.0,3.0,3.0,3.0,-1.9098239,-3.440599,-0.19410944,-1.030983
400,0.22847725646910194,0.7505085,0.59992486,0.30560255,0.99769235,-0.053896938,-0.030098397,0.02826922,1.247156,-0.25182554,0.7516024,-0.09513015,-0.29454747,0.28277442,3.0,3.0,3.0,3.0,3.0,3.0,3.0,3.0,3.0,3.0,3.0,3.0,3.0,3.0,3.0,3.0,3.0,3.0,3.0,3.0,3.0,3.0,3.0,3.0,3.0,3.0,3.0,3.0,3.0,3.0,3.0,3.0,3.0,3.0,3.0,3.0,-0.9873848,-2.764409,0.729285,6.6266594
405,0.2561408123436736,0.7246827,0.6049584,0.290573,0.99755377,-0.053397033,-0.03411417,0.029521432,1.2338588,-0.23400714,0.7090223,-0.020408398,-0.22757617,0.04109081,3.0,3.0,3.0,3.0,3.0,3.0,3.0,3.0,3.0,3.0,3.0,3.0,3.0,3.0,3.0,3.0,3.0,3.0,3.0,3.0,3.0,3.0,3.0,3.0,3.0,3.0,3.0,3.0,3.0,3.0,3.0,3.0,3.0,3.0,3.0,3.0,-2.0802145,1.79286,0.097139955,-2.8288765
410,0.1891412411423537,0.69912475,0.6096593,0.27677116,0.9975528,-0.05243145,-0.036857,0.027944826,1.2200439,-0.21733664,0.6576262,0.27078602,-0.30629343,-0.36660278,3.0,3.0,3.0,3.0,3.0,3.0,3.0,3.0,3.0,3.0,3.0,3.0,3.0,3.0,3.0,3.0,3.0,3.0,3.0,3.0,3.0,3.0,3.0,3.0,3.0,3.0,3.0,3.0,3.0,3.0,3.0,3.0,3.0,3.0,3.0,3.0,0.7721081,2.0331469,0.83192563,9.310032
415,0.16973785212803472,0.67404765,0.6137646,0.26160672,0.99766487,-0.05044275,-0.03758345,0.026603919,1.1926298,-0.18358666,0.7756114,0.40248248,-0.121836595,-0.17455496,3.0,3.0,3.0,3.0,3.0,3.0,3.0,3.0,3.0,3.0,3.0,3.0,3.0,3.0,3.0,3.0,3.0,3.0,3.0,3.0,3.0,3.0,3.0,3.0,3.0,3.0,3.0,3.0,3.0,3.0,3.0,3.0,3.0,3.0,3.0,3.0,2.6750374,1.1044497,0.7547523,11.395222
420,0.2644825392989072,0.64948916,0.61725813,0.24472454,0.9978659,-0.047674645,-0.03861576,0.022351382,1.168462,-0.15599619,0.8470388,0.19565807,-0.0053311177,-0.52501166,3.0,3.0,3.0,3.0,3.0,3.0,3.0,3.0,3.0,3.0,3.0,3.0,3.0,3.0,3.0,3.0,3.0,3.0,3.0,3.0,3.0,3.0,3.0,3.0,3.0,3.0,3.0,3.0,3.0,3.0,3.0,3.0,3.0,3.0,3.0,3.0,-0.7162471,-0.69357014,0.76071405,-1.4905205
425,0.15779832324243592,0.62542665,0.6202112,0.22651894,0.99814314,-0.04480064,-0.03890351,0.013772652,1.1452065,-0.13149175,0.9018139,0.3629417,0.116951376,-0.85346127,3.0,3.0,3.0,3.0,3.0,3.0,3.0,3.0,3.0,3.0,3.0,3.0,3.0,3.0,3.0,3.0,3.0,3.0,3.0,3.0,3.0,3.0,3.0,3.0,3.0,3.0,3.0,3.0,3.0,3.0,3.0,3.0,3.0,3.0,3.0,3.0,-1.1115341,0.1771779,0.7162349,11.465286
430,0.22212124645575876,0.60182047,0.6226992,0.2075122,0.9983277,-0.04118829,-0.040281706,0.004765722,1.1245855,-0.111152194,0.9246565,0.30269977,-0.08873525,-0.7807192,3.0,3.0,3.0,3.0,3.0,3.0,3.0,3.0,3.0,3.0,3.0,3.0,3.0,3.0,3.0,3.0,3.0,3.0,3.0,3.0,3.0,3.0,3.0,3.0,3.0,3.0,3.0,3.0,3.0,3.0,3.0,3.0,3.0,3.0,3.0,3.0,1.4408183,-2.554965,0.7228402,3.5879326
435,0.15004323067997727,0.57860416,0.6248266,0.18855235,0.99863434,-0.035178736,-0.038617246,-0.0007829965,1.108363,-0.09697625,0.89145494,0.7410967,0.11409117,-0.52732193,3.0,3.0,3.0,3.0,3.0,3.0,3.0,3.0,3.0,3.0,3.0,3.0,3.0,3.0,3.0,3.0,3.0,3.0,3.0,3.0,3.0,3.0,3.0,3.0,3.0,3.0,3.0,3.0,3.0,3.0,3.0,3.0,3.0,3.0,3.0,3.0,3.468999,3.203022,0.37195086,9.786213
440,0.13161627102531914,0.55570465,0.62669784,0.17042367,0.99888957,-0.029650563,-0.035774868,-0.007787572,1.091283,-0.0836614,0.8809515,0.51224405,0.36306494,-0.52540857,3.0,3.0,3.0,3.0,3.0,3.0,3.0,3.0,3.0,3.0,3.0,3.0,3.0,3.0,3.0,3.0,3.0,3.0,3.0,3.0,3.0,3.0,3.0,3.0,3.0,3.0,3.0,3.0,3.0,3.0,3.0,3.0,3.0,3.0,3.0,3.0,0.33599854,3.3842545,0.6312442,11.805058
445,0.14727197562109778,0.53317314,0.6282911,0.15215842,0.9990113,-0.026047282,-0.033572003,-0.013073621,1.0735795,-0.07061598,0.89673424,0.20898694,0.11934946,-0.5384707,3.0,3.0,3.0,3.0,3.0,3.0,3.0,3.0,3.0,3.0,3.0,3.0,3.0,3.0,3.0,3.0,3.0,3.0,3.0,3.0,3.0,3.0,3.0,3.0,3.0,3.0,3.0,3.0,3.0,3.0,3.0,3.0,3.0,3.0,3.0,3.0,2.0838299,0.85551834,0.4438541,10.194504
450,0.18162475820086119,0.5109594,0.62966114,0.13414845,0.9990402,-0.023417532,-0.031850673,-0.018863969,1.0591723,-0.060862996,0.87755775,0.13902424,0.14393626,-0.4623415,3.0,3.0,3.0,3.0,3.0,3.0,3.0,3.0,3.0,3.0,3.0,3.0,3.0,3.0,3.0,3.0,3.0,3.0,3.0,3.0,3.0,3.0,3.0,3.0,3.0,3.0,3.0,3.0,3.0,3.0,3.0,3.0,3.0,3.0,3.0,3.0,-1.7575645,-0.0043172836,0.5077474,6.179798
455,0.21076351380874095,0.4890378,0.6308375,0.116562404,0.9989995,-0.02155832,-0.032104664,-0.022462359,1.046966,-0.053079095,0.83237,0.3607895,-0.096219815,-0.33700702,3.0,3.0,3.0,3.0,3.0,3.0,3.0,3.0,3.0,3.0,3.0,3.0,3.0,3.0,3.0,3.0,3.0,3.0,3.0,3.0,3.0,3.0,3.0,3.0,3.0,3.0,3.0,3.0,3.0,3.0,3.0,3.0,3.0,3.0,3.0,3.0,2.4272165,0.513957,0.5108119,0.8047981
460,0.15715541781160508,0.46735564,0.63186944,0.10014178,0.99890983,-0.017918898,-0.032919627,-0.027827004,1.0344721,-0.045846898,0.79250765,0.5624893,-0.3190808,-0.52348465,3.0,3.0,3.0,3.0,3.0,3.0,3.0,3.0,3.0,3.0,3.0,3.0,3.0,3.0,3.0,3.0,3.0,3.0,3.0,3.0,3.0,3.0,3.0,3.0,3.0,3.0,3.0,3.0,3.0,3.0,3.0,3.0,3.0,3.0,3.0,3.0,4.034356,2.6770935,0.8390565,4.438225
465,0.14024631696291884,0.4460109,0.6327179,0.08339923,0.99868906,-0.01303664,-0.035350204,-0.03464883,1.018567,-0.037957937,0.79940736,0.6048649,-0.23488231,-0.58914965,3.0,3.0,3.0,3.0,3.0,3.0,3.0,3.0,3.0,3.0,3.0,3.0,3.0,3.0,3.0,3.0,3.0,3.0,3.0,3.0,3.0,3.0,3.0,3.0,3.0,3.0,3.0,3.0,3.0,3.0,3.0,3.0,3.0,3.0,3.0,3.0,3.6857328,3.8801765,0.6323428,5.1098595
470,0.19696850437350696,0.42498755,0.6334384,0.066852875,0.9984145,-0.008844334,-0.037705023,-0.040847726,1.001967,-0.032298975,0.80140376,0.37537634,-0.26175615,-0.56992763,3.0,3.0,3.0,3.0,3.0,3.0,3.0,3.0,3.0,3.0,3.0,3.0,3.0,3.0,3.0,3.0,3.0,3.0,3.0,3.0,3.0,3.0,3.0,3.0,3.0,3.0,3.0,3.0,3.0,3.0,3.0,3.0,3.0,3.0,3.0,3.0,-0.99317837,-0.02879858,0.47299707,0.52288055
475,0.1345981979717428,0.4043045,0.6340651,0.05050129,0.9981698,-0.005743503,-0.039225888,-0.045666076,0.9858731,-0.028598027,0.78258157,0.23096034,0.047258627,-0.2890252,3.0,3.0,3.0,3.0,3.0,3.0,3.0,3.0,3.0,3.0,3.0,3.0,3.0,3.0,3.0,3.0,3.0,3.0,3.0,3.0,3.0,3.0,3.0,3.0,3.0,3.0,3.0,3.0,3.0,3.0,3.0,3.0,3.0,3.0,3.0,3.0,-2.689807,-0.34341717,0.5682938,6.7594833
480,0.1657844073807854,0.3839263,0.634634,0.035008386,0.99791574,-0.0024776491,-0.039639138,-0.050860636,0.9742835,-0.0267949,0.7013273,0.28414902,0.0041231234,-0.5617611,3.0,3.0,3.0,3.0,3.0,3.0,3.0,3.0,3.0,3.0,3.0,3.0,3.0,3.0,3.0,3.0,3.0,3.0,3.0,3.0,3.0,3.0,3.0,3.0,3.0,3.0,3.0,3.0,3.0,3.0,3.0,3.0,3.0,3.0,3.0,3.0,2.7281475,-0.08898115,-0.03434968,-0.42723846
485,0.14446124410002528,0.3638356,0.63517237,0.02063399,0.99767476,0.0008984767,-0.03946011,-0.055562366,0.9572703,-0.025266618,0.6880686,0.31025776,0.032884683,-0.2854762,3.0,3.0,3.0,3.0,3.0,3.0,3.0,3.0,3.0,3.0,3.0,3.0,3.0,3.0,3.0,3.0,3.0,3.0,3.0,3.0,3.0,3.0,3.0,3.0,3.0,3.0,3.0,3.0,3.0,3.0,3.0,3.0,3.0,3.0,3.0,3.0,3.538393,-2.301948,-0.06943464,-1.457695
490,0.1196943893731893,0.3440555,0.6356958,0.00707314,0.9975382,0.0035052449,-0.03935081,-0.057937477,0.94087714,-0.025114113,0.6689137,0.24902628,-0.00074556516,-0.033081047,3.0,3.0,3.0,3.0,3.0,3.0,3.0,3.0,3.0,3.0,3.0,3.0,3.0,3.0,3.0,3.0,3.0,3.0,3.0,3.0,3.0,3.0,3.0,3.0,3.0,3.0,3.0,3.0,3.0,3.0,3.0,3.0,3.0,3.0,3.0,3.0,0.346601,1.3156462,-0.468109,-6.2822495
495,0.1467503152557139,0.32456225,0.6362215,-0.0054018837,0.9975225,0.00579496,-0.038894624,-0.058331568,0.9321132,-0.025377212,0.55350685,0.22979905,0.027312392,-0.07326574,3.0,3.0,3.0,3.0,3.0,3.0,3.0,3.0,3.0,3.0,3.0,3.0,3.0,3.0,3.0,3.0,3.0,3.0,3.0,3.0,3.0,3.0,3.0,3.0,3.0,3.0,3.0,3.0,3.0,3.0,3.0,3.0,3.0,3.0,3.0,3.0,-2.635817,-0.079628944,-0.066761136,-1.4933586
500,0.11931454327276428,0.30530202,0.63676375,-0.016138824,0.9974504,0.008182868,-0.03958972,-0.058807485,0.91703326,-0.026801597,0.5203567,0.22946021,-0.13921764,0.14529644,3.0,3.0,3.0,3.0,3.0,3.0,3.0,3.0,3.0,3.0,3.0,3.0,3.0,3.0,3.0,3.0,3.0,3.0,3.0,3.0,3.0,3.0,3.0,3.0,3.0,3.0,3.0,3.0,3.0,3.0,3.0,3.0,3.0,3.0,3.0,3.0,2.7974424,-3.141039,0.57461095,-2.3402672
505,0.10164841185454188,0.2864135,0.6373522,-0.026878837,0.99771786,0.010522663,-0.03881912,-0.054234967,0.89914984,-0.029528199,0.5195116,-0.02127304,0.17260183,0.50103647,3.0,3.0,3.0,3.0,3.0,3.0,3.0,3.0,3.0,3.0,3.0,3.0,3.0,3.0,3.0,3.0,3.0,3.0,3.0,3.0,3.0,3.0,3.0,3.0,3.0,3.0,3.0,3.0,3.0,3.0,3.0,3.0,3.0,3.0,3.0,3.0,-3.288357,-3.8716583,0.43060803,-1.5762863
510,0.12675972525554793,0.26795578,0.63802254,-0.038363177,0.9977354,0.011946697,-0.038742643,-0.05366962,0.878642,-0.03371625,0.5539718,-0.005506449,0.06843811,-0.074006535,3.0,3.0,3.0,3.0,3.0,3.0,3.0,3.0,3.0,3.0,3.0,3.0,3.0,3.0,3.0,3.0,3.0,3.0,3.0,3.0,3.0,3.0,3.0,3.0,3.0,3.0,3.0,3.0,3.0,3.0,3.0,3.0,3.0,3.0,3.0,3.0,-1.6036344,-1.7337961,-0.4489758,1.5497093
515,0.06818954603194713,0.24983475,0.63876593,-0.049448363,0.9977796,0.013022282,-0.037780095,-0.053281292,0.8617125,-0.037586015,0.54637873,0.10273231,-0.026278196,0.18301916,3.0,3.0,3.0,3.0,3.0,3.0,3.0,3.0,3.0,3.0,3.0,3.0,3.0,3.0,3.0,3.0,3.0,3.0,3.0,3.0,3.0,3.0,3.0,3.0,3.0,3.0,3.0,3.0,3.0,3.0,3.0,3.0,3.0,3.0,3.0,3.0,0.8153877,-2.0397549,0.252576,7.3432655
520,0.09753701560528216,0.2319968,0.63957626,-0.059523493,0.99793935,0.015175123,-0.037042137,-0.050146174,0.85300434,-0.039696727,0.4362759,0.1982419,0.05660604,0.30971107,3.0,3.0,3.0,3.0,3.0,3.0,3.0,3.0,3.0,3.0,3.0,3.0,3.0,3.0,3.0,3.0,3.0,3.0,3.0,3.0,3.0,3.0,3.0,3.0,3.0,3.0,3.0,3.0,3.0,3.0,3.0,3.0,3.0,3.0,3.0,3.0,0.8659277,1.7706752,-0.44476807,3.3839874
525,0.044117222458722516,0.21435305,0.6404414,-0.067504525,0.99815154,0.016607778,-0.03691121,-0.04533524,0.84331125,-0.04262425,0.34145927,0.1139492,-0.003399625,0.5297826,3.0,3.0,3.0,3.0,3.0,3.0,3.0,3.0,3.0,3.0,3.0,3.0,3.0,3.0,3.0,3.0,3.0,3.0,3.0,3.0,3.0,3.0,3.0,3.0,3.0,3.0,3.0,3.0,3.0,3.0,3.0,3.0,3.0,3.0,3.0,3.0,-0.6522713,2.0200782,-0.12895817,-8.216137
530,0.06680907458048954,0.19694756,0.6413883,-0.07400837,0.99839365,0.017181028,-0.036704727,-0.039593432,0.8252207,-0.04948063,0.35934225,-0.18883474,-0.059360188,0.70804507,3.0,3.0,3.0,3.0,3.0,3.0,3.0,3.0,3.0,3.0,3.0,3.0,3.0,3.0,3.0,3.0,3.0,3.0,3.0,3.0,3.0,3.0,3.0,3.0,3.0,3.0,3.0,3.0,3.0,3.0,3.0,3.0,3.0,3.0,3.0,3.0,-2.9247687,-3.9107456,0.32329214,-0.3079872
535,0.028327594202307876,0.1799672,0.6425007,-0.0815402,0.9985798,0.01637138,-0.038123816,-0.03342042,0.81060404,-0.05497123,0.3316292,-0.06262611,-0.18414985,0.5323801,3.0,3.0,3.0,3.0,3.0,3.0,3.0,3.0,3.0,3.0,3.0,3.0,3.0,3.0,3.0,3.0,3.0,3.0,3.0,3.0,3.0,3.0,3.0,3.0,3.0,3.0,3.0,3.0,3.0,3.0,3.0,3.0,3.0,3.0,3.0,3.0,-0.27579927,-0.871943,0.7023779,8.289009
540,0.06986217628795435,0.16345209,0.64378446,-0.09047065,0.9985826,0.016160946,-0.03995149,-0.03123284,0.78438556,-0.06461548,0.4456194,-0.036520407,-0.16245541,0.104206994,3.0,3.0,3.0,3.0,3.0,3.0,3.0,3.0,3.0,3.0,3.0,3.0,3.0,3.0,3.0,3.0,3.0,3.0,3.0,3.0,3.0,3.0,3.0,3.0,3.0,3.0,3.0,3.0,3.0,3.0,3.0,3.0,3.0,3.0,3.0,3.0,-0.22293997,2.6523361,0.80276406,-2.586914
545,0.011151127223439583,0.1473791,0.645222,-0.10031116,0.99864256,0.015527991,-0.041898698,-0.026764983,0.76682836,-0.07041383,0.44078514,0.02793047,-0.09303027,0.40709695,3.0,3.0,3.0,3.0,3.0,3.0,3.0,3.0,3.0,3.0,3.0,3.0,3.0,3.0,3.0,3.0,3.0,3.0,3.0,3.0,3.0,3.0,3.0,3.0,3.0,3.0,3.0,3.0,3.0,3.0,3.0,3.0,3.0,3.0,3.0,3.0,4.125905,1.12784,-0.19867349,7.667507
550,0.0033356150055255662,0.13161767,0.6467557,-0.10927388,0.99864626,0.016158897,-0.042800415,-0.024751866,0.745933,-0.0770611,0.4667809,-0.018294849,0.011043193,-0.02153614,3.0,3.0,3.0,3.0,3.0,3.0,3.0,3.0,3.0,3.0,3.0,3.0,3.0,3.0,3.0,3.0,3.0,3.0,3.0,3.0,3.0,3.0,3.0,3.0,3.0,3.0,3.0,3.0,3.0,3.0,3.0,3.0,3.0,3.0,3.0,3.0,2.8263607,1.0912485,0.73659134,-8.774059
555,0.027335426417866182,0.1163381,0.64844465,-0.11929802,0.99869764,0.014426125,-0.040976066,-0.026754865,0.72392243,-0.084064715,0.505635,-0.21455638,0.25637344,-0.2487654,3.0,3.0,3.0,3.0,3.0,3.0,3.0,3.0,3.0,3.0,3.0,3.0,3.0,3.0,3.0,3.0,3.0,3.0,3.0,3.0,3.0,3.0,3.0,3.0,3.0,3.0,3.0,3.0,3.0,3.0,3.0,3.0,3.0,3.0,3.0,3.0,0.07035732,-1.8924558,0.6620133,4.862648
560,0.05003701514313104,0.1015615,0.6502884,-0.13076353,0.99869597,0.013297827,-0.04048397,-0.028117169,0.7031408,-0.09023079,0.5371072,-0.085251346,0.07748201,0.09701732,3.0,3.0,3.0,3.0,3.0,3.0,3.0,3.0,3.0,3.0,3.0,3.0,3.0,3.0,3.0,3.0,3.0,3.0,3.0,3.0,3.0,3.0,3.0,3.0,3.0,3.0,3.0,3.0,3.0,3.0,3.0,3.0,3.0,3.0,3.0,3.0,1.797987,-0.79711866,0.18655384,2.1787148
565,0.02889821042662777,0.087045714,0.6522017,-0.1408524,0.99877363,0.011743015,-0.04031792,-0.026226489,0.6913827,-0.093225986,0.4631685,-0.26018393,-0.070650525,0.2712134,3.0,3.0,3.0,3.0,3.0,3.0,3.0,3.0,3.0,3.0,3.0,3.0,3.0,3.0,3.0,3.0,3.0,3.0,3.0,3.0,3.0,3.0,3.0,3.0,3.0,3.0,3.0,3.0,3.0,3.0,3.0,3.0,3.0,3.0,3.0,3.0,3.958538,-0.08199215,-0.20700037,1.8010597
570,0.05235187970596737,0.07281774,0.6541841,-0.14993392,0.99881977,0.010553707,-0.0407758,-0.024186574,0.6773763,-0.096369185,0.4166503,-0.13504468,0.095466614,0.07931899,3.0,3.0,3.0,3.0,3.0,3.0,3.0,3.0,3.0,3.0,3.0,3.0,3.0,3.0,3.0,3.0,3.0,3.0,3.0,3.0,3.0,3.0,3.0,3.0,3.0,3.0,3.0,3.0,3.0,3.0,3.0,3.0,3.0,3.0,3.0,3.0,0.11740494,0.2431097,-0.28694826,2.069893
575,0.005662333280551782,0.05884516,0.656219,-0.1576036,0.9989072,0.008511644,-0.039085817,-0.024172096,0.66473264,-0.09885245,0.3544703,-0.2776711,0.27448022,-0.13069808,3.0,3.0,3.0,3.0,3.0,3.0,3.0,3.0,3.0,3.0,3.0,3.0,3.0,3.0,3.0,3.0,3.0,3.0,3.0,3.0,3.0,3.0,3.0,3.0,3.0,3.0,3.0,3.0,3.0,3.0,3.0,3.0,3.0,3.0,3.0,3.0,-1.223598,-1.5772154,-0.58475256,5.810707
580,-0.0011645991471093409,0.04512701,0.6582982,-0.16395226,0.9989537,0.0060686395,-0.037097264,-0.026047023,0.65284795,-0.10061493,0.29151917,-0.17175183,0.0576838,-0.23074228,3.0,3.0,3.0,3.0,3.0,3.0,3.0,3.0,3.0,3.0,3.0,3.0,3.0,3.0,3.0,3.0,3.0,3.0,3.0,3.0,3.0,3.0,3.0,3.0,3.0,3.0,3.0,3.0,3.0,3.0,3.0,3.0,3.0,3.0,3.0,3.0,-0.81395435,0.18441248,0.35302806,-6.746006
585,0.04432884026337073,0.031760227,0.66042084,-0.17044228,0.9989649,0.004383672,-0.037490897,-0.025382824,0.63222,-0.102744915,0.3501384,0.06742397,0.013248381,0.20430228,3.0,3.0,3.0,3.0,3.0,3.0,3.0,3.0,3.0,3.0,3.0,3.0,3.0,3.0,3.0,3.0,3.0,3.0,3.0,3.0,3.0,3.0,3.0,3.0,3.0,3.0,3.0,3.0,3.0,3.0,3.0,3.0,3.0,3.0,3.0,3.0,-0.963644,-0.17374086,0.26992536,1.4804039
590,0.011918853523952902,0.018813437,0.66258025,-0.17798775,0.99895024,0.0043258853,-0.03941987,-0.022929758,0.61417156,-0.10432619,0.37063128,-0.19156137,-0.1452739,0.18742062,3.0,3.0,3.0,3.0,3.0,3.0,3.0,3.0,3.0,3.0,3.0,3.0,3.0,3.0,3.0,3.0,3.0,3.0,3.0,3.0,3.0,3.0,3.0,3.0,3.0,3.0,3.0,3.0,3.0,3.0,3.0,3.0,3.0,3.0,3.0,3.0,-0.23432922,-3.5666406,0.76318204,1.9671364
595,0.005748525295535725,0.00637763,0.66478264,-0.18752216,0.9989091,0.0030829972,-0.04046664,-0.023098633,0.584973,-0.106570974,0.5184739,-0.33986357,-0.037000597,0.035928752,3.0,3.0,3.0,3.0,3.0,3.0,3.0,3.0,3.0,3.0,3.0,3.0,3.0,3.0,3.0,3.0,3.0,3.0,3.0,3.0,3.0,3.0,3.0,3.0,3.0,3.0,3.0,3.0,3.0,3.0,3.0,3.0,3.0,3.0,3.0,3.0,-0.5748768,-0.5607228,0.06531358,3.7945747
600,-0.002318333265626679,-0.0057046264,0.66700524,-0.1969183,0.9989104,-0.0008299634,-0.040482637,-0.023202877,0.57658845,-0.10667783,0.40620413,-0.39853403,0.036544267,-0.061716262,3.0,3.0,3.0,3.0,3.0,3.0,3.0,3.0,3.0,3.0,3.0,3.0,3.0,3.0,3.0,3.0,3.0,3.0,3.0,3.0,3.0,3.0,3.0,3.0,3.0,3.0,3.0,3.0,3.0,3.0,3.0,3.0,3.0,3.0,3.0,3.0,-3.5801246,-3.2644281,-0.78868306,0.070194244
605,0.014357587691097864,-0.017595623,0.6692194,-0.204194,0.998861,-0.004411674,-0.04079353,-0.024353696,0.5659678,-0.10583547,0.32283035,-0.25181103,-0.11054164,-0.21802351,3.0,3.0,3.0,3.0,3.0,3.0,3.0,3.0,3.0,3.0,3.0,3.0,3.0,3.0,3.0,3.0,3.0,3.0,3.0,3.0,3.0,3.0,3.0,3.0,3.0,3.0,3.0,3.0,3.0,3.0,3.0,3.0,3.0,3.0,3.0,3.0,1.8969007,-0.9565668,-0.56790346,2.8758125
610,-0.006115549976020929,-0.029279022,0.67140913,-0.2095627,0.9988025,-0.0063468493,-0.04124194,-0.025541551,0.55754113,-0.10460032,0.21194817,-0.16447654,-0.021329347,-0.09729087,3.0,3.0,3.0,3.0,3.0,3.0,3.0,3.0,3.0,3.0,3.0,3.0,3.0,3.0,3.0,3.0,3.0,3.0,3.0,3.0,3.0,3.0,3.0,3.0,3.0,3.0,3.0,3.0,3.0,3.0,3.0,3.0,3.0,3.0,3.0,3.0,-0.47697926,-1.4813619,0.104566455,6.170265
615,0.0009861896883271506,-0.040699013,0.6735534,-0.21366985,0.99872917,-0.0069240252,-0.041493658,-0.02775474,0.5384929,-0.101157025,0.22749342,0.00034869532,0.21244702,-0.15946892,3.0,3.0,3.0,3.0,3.0,3.0,3.0,3.0,3.0,3.0,3.0,3.0,3.0,3.0,3.0,3.0,3.0,3.0,3.0,3.0,3.0,3.0,3.0,3.0,3.0,3.0,3.0,3.0,3.0,3.0,3.0,3.0,3.0,3.0,3.0,3.0,-1.0966654,1.3588805,-0.65626466,5.0956917
620,-0.005170423747411737,-0.051815685,0.6756408,-0.21698397,0.9987566,-0.006832062,-0.039492566,-0.029646488,0.5297879,-0.09943266,0.12106338,0.10600905,0.10281423,-0.27404988,3.0,3.0,3.0,3.0,3.0,3.0,3.0,3.0,3.0,3.0,3.0,3.0,3.0,3.0,3.0,3.0,3.0,3.0,3.0,3.0,3.0,3.0,3.0,3.0,3.0,3.0,3.0,3.0,3.0,3.0,3.0,3.0,3.0,3.0,3.0,3.0,-2.787716,0.7034726,-0.4107411,-5.8103905
625,0.012607950006087998,-0.06268586,0.6776785,-0.21897219,0.9987339,-0.007220963,-0.039538756,-0.030252244,0.51216686,-0.09587014,0.13302773,-0.049821716,0.009597195,0.2516428,3.0,3.0,3.0,3.0,3.0,3.0,3.0,3.0,3.0,3.0,3.0,3.0,3.0,3.0,3.0,3.0,3.0,3.0,3.0,3.0,3.0,3.0,3.0,3.0,3.0,3.0,3.0,3.0,3.0,3.0,3.0,3.0,3.0,3.0,3.0,3.0,-0.45317936,0.882339,0.36547327,4.251957
630,-0.010915794552147515,-0.07307928,0.6796152,-0.22257785,0.99877703,-0.009398645,-0.041058518,-0.02589063,0.4890592,-0.09067492,0.21067603,-0.19830109,-0.11778383,0.31203455,3.0,3.0,3.0,3.0,3.0,3.0,3.0,3.0,3.0,3.0,3.0,3.0,3.0,3.0,3.0,3.0,3.0,3.0,3.0,3.0,3.0,3.0,3.0,3.0,3.0,3.0,3.0,3.0,3.0,3.0,3.0,3.0,3.0,3.0,3.0,3.0,-1.3682103,-0.58584785,-0.13042557,6.089432
635,-0.0043449112859345745,-0.08300379,0.6814366,-0.22752492,0.998769,-0.010718486,-0.042272154,-0.023636099,0.46538216,-0.0845598,0.28441492,-0.09155553,0.094072975,0.2919495,3.0,3.0,3.0,3.0,3.0,3.0,3.0,3.0,3.0,3.0,3.0,3.0,3.0,3.0,3.0,3.0,3.0,3.0,3.0,3.0,3.0,3.0,3.0,3.0,3.0,3.0,3.0,3.0,3.0,3.0,3.0,3.0,3.0,3.0,3.0,3.0,-1.1241417,0.61855793,-0.5570452,-5.1219254
640,-0.034577528177120585,-0.0925321,0.683152,-0.2327947,0.9987913,-0.0102068735,-0.04271848,-0.022066446,0.44831568,-0.07979862,0.27625865,0.25675994,-0.2611005,-0.06971691,3.0,3.0,3.0,3.0,3.0,3.0,3.0,3.0,3.0,3.0,3.0,3.0,3.0,3.0,3.0,3.0,3.0,3.0,3.0,3.0,3.0,3.0,3.0,3.0,3.0,3.0,3.0,3.0,3.0,3.0,3.0,3.0,3.0,3.0,3.0,3.0,4.5089045,1.0893488,0.6061871,6.467434
645,0.007096793799245715,-0.10160851,0.6847452,-0.23901054,0.9986915,-0.009833175,-0.04283757,-0.026143605,0.4276139,-0.07445778,0.30773628,-0.018247858,0.07065175,-0.5231881,3.0,3.0,3.0,3.0,3.0,3.0,3.0,3.0,3.0,3.0,3.0,3.0,3.0,3.0,3.0,3.0,3.0,3.0,3.0,3.0,3.0,3.0,3.0,3.0,3.0,3.0,3.0,3.0,3.0,3.0,3.0,3.0,3.0,3.0,3.0,3.0,0.45466518,1.3674407,0.35865605,-3.050232
650,-0.0012711712797099234,-0.11027514,0.68623346,-0.24563318,0.99860835,-0.010277174,-0.041462693,-0.030928915,0.40723354,-0.06904791,0.33790454,0.12442955,0.22871375,-0.30959147,3.0,3.0,3.0,3.0,3.0,3.0,3.0,3.0,3.0,3.0,3.0,3.0,3.0,3.0,3.0,3.0,3.0,3.0,3.0,3.0,3.0,3.0,3.0,3.0,3.0,3.0,3.0,3.0,3.0,3.0,3.0,3.0,3.0,3.0,3.0,3.0,-1.3621962,0.1342907,-0.09242427,4.315529
655,-0.008645261073075804,-0.11859044,0.6876254,-0.25209877,0.99858356,-0.010329708,-0.040048398,-0.03347169,0.39360726,-0.065288305,0.29423794,-0.09244544,0.052484207,-0.156144,3.0,3.0,3.0,3.0,3.0,3.0,3.0,3.0,3.0,3.0,3.0,3.0,3.0,3.0,3.0,3.0,3.0,3.0,3.0,3.0,3.0,3.0,3.0,3.0,3.0,3.0,3.0,3.0,3.0,3.0,3.0,3.0,3.0,3.0,3.0,3.0,-0.8733225,-1.856482,0.8031573,5.0841713
660,0.0032016267962103884,-0.12644704,0.68888587,-0.25990692,0.99857247,-0.011745649,-0.040198408,-0.03315318,0.36922392,-0.058160618,0.38976625,-0.19416219,0.0042787446,0.28655195,3.0,3.0,3.0,3.0,3.0,3.0,3.0,3.0,3.0,3.0,3.0,3.0,3.0,3.0,3.0,3.0,3.0,3.0,3.0,3.0,3.0,3.0,3.0,3.0,3.0,3.0,3.0,3.0,3.0,3.0,3.0,3.0,3.0,3.0,3.0,3.0,0.40767574,-3.484099,-0.47817314,1.6734734
665,-0.08151640857988131,-0.13394015,0.690031,-0.2678878,0.9986212,-0.013482327,-0.04085523,-0.030078426,0.3480782,-0.050929174,0.44361466,0.022638505,-0.17040782,0.14062208,3.0,3.0,3.0,3.0,3.0,3.0,3.0,3.0,3.0,3.0,3.0,3.0,3.0,3.0,3.0,3.0,3.0,3.0,3.0,3.0,3.0,3.0,3.0,3.0,3.0,3.0,3.0,3.0,3.0,3.0,3.0,3.0,3.0,3.0,3.0,3.0,3.0641441,2.9184675,-0.12012178,11.579548
670,-0.013207202291796317,-0.14107622,0.6910515,-0.2759222,0.99866074,-0.01241408,-0.04188622,-0.027714614,0.33879483,-0.047699574,0.3471097,0.13053353,-0.045893524,0.29553849,3.0,3.0,3.0,3.0,3.0,3.0,3.0,3.0,3.0,3.0,3.0,3.0,3.0,3.0,3.0,3.0,3.0,3.0,3.0,3.0,3.0,3.0,3.0,3.0,3.0,3.0,3.0,3.0,3.0,3.0,3.0,3.0,3.0,3.0,3.0,3.0,2.595706,3.2643118,-0.42036796,-4.28833
675,0.044941911810453525,-0.14801502,0.6920073,-0.2819695,0.9987258,-0.0116323205,-0.041559666,-0.026158495,0.329593,-0.04480316,0.24822743,0.070437245,0.03502978,0.08248011,3.0,3.0,3.0,3.0,3.0,3.0,3.0,3.0,3.0,3.0,3.0,3.0,3.0,3.0,3.0,3.0,3.0,3.0,3.0,3.0,3.0,3.0,3.0,3.0,3.0,3.0,3.0,3.0,3.0,3.0,3.0,3.0,3.0,3.0,3.0,3.0,-0.6214547,-1.0453808,-0.13807863,0.6176529
680,-0.029345723823248238,-0.15467696,0.69287986,-0.28699544,0.9987129,-0.010647083,-0.041360028,-0.027358744,0.31042057,-0.03919655,0.270072,-0.08770076,0.22780564,-0.18050581,3.0,3.0,3.0,3.0,3.0,3.0,3.0,3.0,3.0,3.0,3.0,3.0,3.0,3.0,3.0,3.0,3.0,3.0,3.0,3.0,3.0,3.0,3.0,3.0,3.0,3.0,3.0,3.0,3.0,3.0,3.0,3.0,3.0,3.0,3.0,3.0,-1.1614146,-0.35077286,-0.007974148,8.225723
685,0.02172399936595163,-0.16101521,0.6936603,-0.2915781,0.9987347,-0.01157427,-0.039114486,-0.029411066,0.3005557,-0.036402047,0.18184167,-0.13077739,0.27496615,-0.14758833,3.0,3.0,3.0,3.0,3.0,3.0,3.0,3.0,3.0,3.0,3.0,3.0,3.0,3.0,3.0,3.0,3.0,3.0,3.0,3.0,3.0,3.0,3.0,3.0,3.0,3.0,3.0,3.0,3.0,3.0,3.0,3.0,3.0,3.0,3.0,3.0,-2.7249756,1.4134283,0.048417926,-2.1333275
690,-0.025222258818077756,-0.16703795,0.69433916,-0.29583484,0.99862117,-0.011901568,-0.04019992,-0.031592514,0.2817686,-0.030045018,0.21594432,0.16041748,-0.30708635,-0.3687627,3.0,3.0,3.0,3.0,3.0,3.0,3.0,3.0,3.0,3.0,3.0,3.0,3.0,3.0,3.0,3.0,3.0,3.0,3.0,3.0,3.0,3.0,3.0,3.0,3.0,3.0,3.0,3.0,3.0,3.0,3.0,3.0,3.0,3.0,3.0,3.0,3.034892,3.075262,0.95192313,6.214554
695,0.019131992569992776,-0.1725767,0.6948552,-0.30189717,0.99837923,-0.01220946,-0.041196287,-0.037319284,0.26097557,-0.023221249,0.26801184,-0.07893595,-0.01789608,-0.6359514,3.0,3.0,3.0,3.0,3.0,3.0,3.0,3.0,3.0,3.0,3.0,3.0,3.0,3.0,3.0,3.0,3.0,3.0,3.0,3.0,3.0,3.0,3.0,3.0,3.0,3.0,3.0,3.0,3.0,3.0,3.0,3.0,3.0,3.0,3.0,3.0,2.7004776,0.20556688,0.469723,0.9053383
700,0.007446910463889948,-0.17771702,0.6952389,-0.30852428,0.99833715,-0.012628963,-0.03955231,-0.03998873,0.24072053,-0.016308434,0.3094491,0.14526203,0.10436162,-0.24551338,3.0,3.0,3.0,3.0,3.0,3.0,3.0,3.0,3.0,3.0,3.0,3.0,3.0,3.0,3.0,3.0,3.0,3.0,3.0,3.0,3.0,3.0,3.0,3.0,3.0,3.0,3.0,3.0,3.0,3.0,3.0,3.0,3.0,3.0,3.0,3.0,0.5457611,1.6507883,-0.28885204,-4.5315475
705,-0.013664676714487019,-0.18261571,0.69553775,-0.31386554,0.998271,-0.011586781,-0.039185863,-0.042252313,0.22919331,-0.012276541,0.2502753,0.12225766,-0.15907663,-0.23909484,3.0,3.0,3.0,3.0,3.0,3.0,3.0,3.0,3.0,3.0,3.0,3.0,3.0,3.0,3.0,3.0,3.0,3.0,3.0,3.0,3.0,3.0,3.0,3.0,3.0,3.0,3.0,3.0,3.0,3.0,3.0,3.0,3.0,3.0,3.0,3.0,-0.275764,-1.8382072,-0.003301382,-7.2530212
710,0.018594982041312352,-0.18728337,0.6957585,-0.3178576,0.9980542,-0.010127685,-0.04158539,-0.045341983,0.2190273,-0.009052781,0.17162144,-0.0027063938,-0.322005,-0.15628152,3.0,3.0,3.0,3.0,3.0,3.0,3.0,3.0,3.0,3.0,3.0,3.0,3.0,3.0,3.0,3.0,3.0,3.0,3.0,3.0,3.0,3.0,3.0,3.0,3.0,3.0,3.0,3.0,3.0,3.0,3.0,3.0,3.0,3.0,3.0,3.0,4.183628,0.89107704,0.55374,1.4084549
715,0.03989923889995156,-0.19156979,0.69586605,-0.32221794,0.99790335,-0.010665591,-0.04161334,-0.048409954,0.19890222,-0.0031464486,0.20903169,-0.05738477,0.077314116,-0.20618115,3.0,3.0,3.0,3.0,3.0,3.0,3.0,3.0,3.0,3.0,3.0,3.0,3.0,3.0,3.0,3.0,3.0,3.0,3.0,3.0,3.0,3.0,3.0,3.0,3.0,3.0,3.0,3.0,3.0,3.0,3.0,3.0,3.0,3.0,3.0,3.0,-1.3990772,-2.4950118,-0.50956005,-0.37794876
720,-0.03271395410994474,-0.1955641,0.69588625,-0.32580155,0.99771863,-0.010789449,-0.042198513,-0.051579107,0.18422975,0.0013199787,0.18033038,-0.14853488,-0.1977784,-0.21456698,3.0,3.0,3.0,3.0,3.0,3.0,3.0,3.0,3.0,3.0,3.0,3.0,3.0,3.0,3.0,3.0,3.0,3.0,3.0,3.0,3.0,3.0,3.0,3.0,3.0,3.0,3.0,3.0,3.0,3.0,3.0,3.0,3.0,3.0,3.0,3.0,1.2820964,-2.433641,0.5267072,-9.536579
725,-0.009568888017858088,-0.19910131,0.6957666,-0.33059528,0.99768966,-0.011055706,-0.042630356,-0.051727608,0.16398495,0.0075086732,0.2167401,-0.16470307,-0.08577513,0.035225186,3.0,3.0,3.0,3.0,3.0,3.0,3.0,3.0,3.0,3.0,3.0,3.0,3.0,3.0,3.0,3.0,3.0,3.0,3.0,3.0,3.0,3.0,3.0,3.0,3.0,3.0,3.0,3.0,3.0,3.0,3.0,3.0,3.0,3.0,3.0,3.0,2.2872357,0.44002914,0.85715246,-7.212639
730,0.013318635777485738,-0.20228462,0.6955379,-0.3353003,0.99764097,-0.012950977,-0.043328848,-0.051646303,0.14777574,0.012615103,0.20231985,-0.26841787,0.054825924,-0.13845785,3.0,3.0,3.0,3.0,3.0,3.0,3.0,3.0,3.0,3.0,3.0,3.0,3.0,3.0,3.0,3.0,3.0,3.0,3.0,3.0,3.0,3.0,3.0,3.0,3.0,3.0,3.0,3.0,3.0,3.0,3.0,3.0,3.0,3.0,3.0,3.0,-1.9812818,-1.4755583,0.73800373,-4.7293396
735,-0.04909513572270775,-0.20506309,0.6951699,-0.34044546,0.99760485,-0.014212208,-0.0425488,-0.052651934,0.12793413,0.01965607,0.22817111,-0.04477903,0.13849363,-0.06111667,3.0,3.0,3.0,3.0,3.0,3.0,3.0,3.0,3.0,3.0,3.0,3.0,3.0,3.0,3.0,3.0,3.0,3.0,3.0,3.0,3.0,3.0,3.0,3.0,3.0,3.0,3.0,3.0,3.0,3.0,3.0,3.0,3.0,3.0,3.0,3.0,-1.1024439,1.7635102,-0.67518914,-12.276821
740,0.027669022565358872,-0.2075925,0.69470733,-0.34425527,0.9976945,-0.015100426,-0.041330993,-0.05166677,0.11634924,0.024224598,0.161701,-0.06530575,0.1523529,0.24418506,3.0,3.0,3.0,3.0,3.0,3.0,3.0,3.0,3.0,3.0,3.0,3.0,3.0,3.0,3.0,3.0,3.0,3.0,3.0,3.0,3.0,3.0,3.0,3.0,3.0,3.0,3.0,3.0,3.0,3.0,3.0,3.0,3.0,3.0,3.0,3.0,0.099442005,-4.0737677,-0.11438066,-3.2845268
745,-0.015454281565422195,-0.2098609,0.69413733,-0.3469734,0.9978823,-0.014088276,-0.040092018,-0.04924532,0.10261818,0.03001295,0.12597038,0.22256647,0.19319656,0.3442605,3.0,3.0,3.0,3.0,3.0,3.0,3.0,3.0,3.0,3.0,3.0,3.0,3.0,3.0,3.0,3.0,3.0,3.0,3.0,3.0,3.0,3.0,3.0,3.0,3.0,3.0,3.0,3.0,3.0,3.0,3.0,3.0,3.0,3.0,3.0,3.0,-2.0998569,3.4507198,-0.827126,-8.798363
750,0.04961028014856174,-0.21191244,0.6934779,-0.34812713,0.9981611,-0.011736304,-0.038015552,-0.04573375,0.09575572,0.032680828,0.008341353,0.22160414,0.19390427,0.34376195,3.0,3.0,3.0,3.0,3.0,3.0,3.0,3.0,3.0,3.0,3.0,3.0,3.0,3.0,3.0,3.0,3.0,3.0,3.0,3.0,3.0,3.0,3.0,3.0,3.0,3.0,3.0,3.0,3.0,3.0,3.0,3.0,3.0,3.0,3.0,3.0,-3.1087708,1.7508101,-0.6744659,-2.3903694
755,-0.06815889069471874,-0.2138244,0.6927683,-0.34684345,0.99842507,-0.009401638,-0.03592893,-0.042049542,0.08918274,0.03491762,-0.108462825,0.21901123,0.19521765,0.36438277,3.0,3.0,3.0,3.0,3.0,3.0,3.0,3.0,3.0,3.0,3.0,3.0,3.0,3.0,3.0,3.0,3.0,3.0,3.0,3.0,3.0,3.0,3.0,3.0,3.0,3.0,3.0,3.0,3.0,3.0,3.0,3.0,3.0,3.0,3.0,3.0,-4.5011477,2.3360963,-0.7248648,-16.432009
760,-0.02079422471518101,-0.21560451,0.692018,-0.34311694,0.9986673,-0.0070795896,-0.03383355,-0.0383252,0.082998075,0.036688723,-0.22579004,0.21798657,0.19595964,0.36386526,3.0,3.0,3.0,3.0,3.0,3.0,3.0,3.0,3.0,3.0,3.0,3.0,3.0,3.0,3.0,3.0,3.0,3.0,3.0,3.0,3.0,3.0,3.0,3.0,3.0,3.0,3.0,3.0,3.0,3.0,3.0,3.0,3.0,3.0,3.0,3.0,-4.371758,2.9710608,-0.8339576,-12.470692
765,-0.027210527242897714,-0.21721672,0.6912255,-0.33759275,0.9988915,-0.006591393,-0.03334355,-0.032565903,0.073806636,0.038852733,-0.2931775,-0.13438928,-0.07999454,0.7326457,3.0,3.0,3.0,3.0,3.0,3.0,3.0,3.0,3.0,3.0,3.0,3.0,3.0,3.0,3.0,3.0,3.0,3.0,3.0,3.0,3.0,3.0,3.0,3.0,3.0,3.0,3.0,3.0,3.0,3.0,3.0,3.0,3.0,3.0,3.0,3.0,-4.5179086,1.7845345,-0.26985693,-13.154781
770,0.06946771616148201,-0.2185374,0.69036436,-0.33215272,0.99897397,-0.00941886,-0.037755553,-0.023170274,0.053844314,0.043796133,-0.20413168,-0.15434709,-0.7240272,0.7267385,3.0,3.0,3.0,3.0,3.0,3.0,3.0,3.0,3.0,3.0,3.0,3.0,3.0,3.0,3.0,3.0,3.0,3.0,3.0,3.0,3.0,3.0,3.0,3.0,3.0,3.0,3.0,3.0,3.0,3.0,3.0,3.0,3.0,3.0,3.0,3.0,3.3645163,-0.50299454,-0.5575229,0.116931915
775,0.04208243334567399,-0.21934351,0.68936753,-0.3294059,0.9988675,-0.009459447,-0.04431407,-0.014509719,0.024590554,0.051537503,-0.040349778,0.18479277,-0.38224092,1.0566328,3.0,3.0,3.0,3.0,3.0,3.0,3.0,3.0,3.0,3.0,3.0,3.0,3.0,3.0,3.0,3.0,3.0,3.0,3.0,3.0,3.0,3.0,3.0,3.0,3.0,3.0,3.0,3.0,3.0,3.0,3.0,3.0,3.0,3.0,3.0,3.0,2.4353533,3.68091,0.1747762,1.1621628
780,0.0657269823713614,-0.21953756,0.68822104,-0.329602,0.9988839,-0.009751416,-0.04532627,-0.009018967,-0.0028048244,0.05770014,0.062477183,-0.11696652,0.0006097477,0.17775251,3.0,3.0,3.0,3.0,3.0,3.0,3.0,3.0,3.0,3.0,3.0,3.0,3.0,3.0,3.0,3.0,3.0,3.0,3.0,3.0,3.0,3.0,3.0,3.0,3.0,3.0,3.0,3.0,3.0,3.0,3.0,3.0,3.0,3.0,3.0,3.0,1.1173973,-0.8828821,0.7262666,-2.7392807
785,0.07630328992242572,-0.21911107,0.6869378,-0.3324135,0.9989598,-0.008368216,-0.04430586,-0.0068030204,-0.02884529,0.06341353,0.14632016,0.121541664,0.17381757,0.033727907,3.0,3.0,3.0,3.0,3.0,3.0,3.0,3.0,3.0,3.0,3.0,3.0,3.0,3.0,3.0,3.0,3.0,3.0,3.0,3.0,3.0,3.0,3.0,3.0,3.0,3.0,3.0,3.0,3.0,3.0,3.0,3.0,3.0,3.0,3.0,3.0,-0.14785957,1.3424468,0.6031742,0.7167511
790,0.03373786339158123,-0.21828468,0.6855727,-0.33544257,0.9990423,-0.0076021072,-0.042770687,-0.0052411463,-0.042692497,0.06608011,0.0984096,0.068064176,0.14826599,0.14845186,3.0,3.0,3.0,3.0,3.0,3.0,3.0,3.0,3.0,3.0,3.0,3.0,3.0,3.0,3.0,3.0,3.0,3.0,3.0,3.0,3.0,3.0,3.0,3.0,3.0,3.0,3.0,3.0,3.0,3.0,3.0,3.0,3.0,3.0,3.0,3.0,-0.7460222,2.5640516,0.6887965,5.756714
795,0.035665112616202393,-0.21714434,0.6841505,-0.33786973,0.9991176,-0.0076504154,-0.041073382,-0.004291368,-0.06237951,0.069623746,0.1255906,-0.14802846,0.3176924,-0.07845116,3.0,3.0,3.0,3.0,3.0,3.0,3.0,3.0,3.0,3.0,3.0,3.0,3.0,3.0,3.0,3.0,3.0,3.0,3.0,3.0,3.0,3.0,3.0,3.0,3.0,3.0,3.0,3.0,3.0,3.0,3.0,3.0,3.0,3.0,3.0,3.0,-4.349884,-2.7647705,0.3223312,-2.980648
800,0.05182100900503875,-0.21552016,0.68263924,-0.34187147,0.99913347,-0.0083777625,-0.04043407,-0.0052180286,-0.08966707,0.07487064,0.25391346,0.040248897,0.17992808,0.06862747,3.0,3.0,3.0,3.0,3.0,3.0,3.0,3.0,3.0,3.0,3.0,3.0,3.0,3.0,3.0,3.0,3.0,3.0,3.0,3.0,3.0,3.0,3.0,3.0,3.0,3.0,3.0,3.0,3.0,3.0,3.0,3.0,3.0,3.0,3.0,3.0,1.535677,2.2711878,-0.57095456,3.1507568
805,0.04505370165403619,-0.21353713,0.6810557,-0.3460508,0.9992296,-0.008539068,-0.03793707,-0.0052960706,-0.09997102,0.07699825,0.1795524,-0.09509866,0.32990068,-0.12786503,3.0,3.0,3.0,3.0,3.0,3.0,3.0,3.0,3.0,3.0,3.0,3.0,3.0,3.0,3.0,3.0,3.0,3.0,3.0,3.0,3.0,3.0,3.0,3.0,3.0,3.0,3.0,3.0,3.0,3.0,3.0,3.0,3.0,3.0,3.0,3.0,-2.6763334,0.4154911,0.54770875,3.8214722
810,0.030670180709209516,-0.21122165,0.6793983,-0.35029718,0.9993074,-0.010685062,-0.0354445,-0.0037818956,-0.114986554,0.08053261,0.17411728,-0.15436283,0.30312073,0.21147779,3.0,3.0,3.0,3.0,3.0,3.0,3.0,3.0,3.0,3.0,3.0,3.0,3.0,3.0,3.0,3.0,3.0,3.0,3.0,3.0,3.0,3.0,3.0,3.0,3.0,3.0,3.0,3.0,3.0,3.0,3.0,3.0,3.0,3.0,3.0,3.0,-1.0666461,-1.8114426,-0.502008,-6.481495
815,-0.014032639305222278,-0.20872015,0.67768735,-0.35290584,0.9993881,-0.012596792,-0.032629732,-0.00023145674,-0.12618008,0.08421013,0.13377324,-0.11377891,0.37501433,0.5548642,3.0,3.0,3.0,3.0,3.0,3.0,3.0,3.0,3.0,3.0,3.0,3.0,3.0,3.0,3.0,3.0,3.0,3.0,3.0,3.0,3.0,3.0,3.0,3.0,3.0,3.0,3.0,3.0,3.0,3.0,3.0,3.0,3.0,3.0,3.0,3.0,-2.1438625,2.3971105,-0.62689626,10.738121
820,0.07459600522000354,-0.2060028,0.675899,-0.3545253,0.9994664,-0.012630686,-0.029763201,0.0046340665,-0.13288267,0.086811855,0.035709303,0.00078747934,0.2567326,0.4801617,3.0,3.0,3.0,3.0,3.0,3.0,3.0,3.0,3.0,3.0,3.0,3.0,3.0,3.0,3.0,3.0,3.0,3.0,3.0,3.0,3.0,3.0,3.0,3.0,3.0,3.0,3.0,3.0,3.0,3.0,3.0,3.0,3.0,3.0,3.0,3.0,0.9312353,-2.088893,0.6504257,-1.8219986
825,0.05919244078836802,-0.20304781,0.674013,-0.35585317,0.9994566,-0.012957423,-0.027957793,0.011707224,-0.144384,0.09160538,0.026906347,-0.07712498,0.099776424,0.69562405,3.0,3.0,3.0,3.0,3.0,3.0,3.0,3.0,3.0,3.0,3.0,3.0,3.0,3.0,3.0,3.0,3.0,3.0,3.0,3.0,3.0,3.0,3.0,3.0,3.0,3.0,3.0,3.0,3.0,3.0,3.0,3.0,3.0,3.0,3.0,3.0,-0.017232418,0.4703884,-0.16062587,-4.963707
830,0.07061993677874866,-0.19990402,0.6720428,-0.35632104,0.9994056,-0.013508613,-0.027007336,0.016629104,-0.1546103,0.096287586,0.008677857,-0.042476367,0.07373775,0.44366008,3.0,3.0,3.0,3.0,3.0,3.0,3.0,3.0,3.0,3.0,3.0,3.0,3.0,3.0,3.0,3.0,3.0,3.0,3.0,3.0,3.0,3.0,3.0,3.0,3.0,3.0,3.0,3.0,3.0,3.0,3.0,3.0,3.0,3.0,3.0,3.0,-2.5133758,-2.7762394,0.25409162,-2.0574532
835,0.08449190301740662,-0.19652009,0.66996074,-0.35696176,0.9993921,-0.011734624,-0.02621223,0.019764705,-0.16631444,0.101668306,0.021260794,0.0870945,0.20253496,0.20920028,3.0,3.0,3.0,3.0,3.0,3.0,3.0,3.0,3.0,3.0,3.0,3.0,3.0,3.0,3.0,3.0,3.0,3.0,3.0,3.0,3.0,3.0,3.0,3.0,3.0,3.0,3.0,3.0,3.0,3.0,3.0,3.0,3.0,3.0,3.0,3.0,0.6686697,-1.1319284,-0.37427193,-3.386818
840,-0.026402532323270084,-0.19298935,0.6678151,-0.35614416,0.9993732,-0.011396084,-0.024815837,0.022527607,-0.17153645,0.10385013,-0.07961154,-0.021291202,0.09495006,0.33110994,3.0,3.0,3.0,3.0,3.0,3.0,3.0,3.0,3.0,3.0,3.0,3.0,3.0,3.0,3.0,3.0,3.0,3.0,3.0,3.0,3.0,3.0,3.0,3.0,3.0,3.0,3.0,3.0,3.0,3.0,3.0,3.0,3.0,3.0,3.0,3.0,-3.9044201,-1.6081405,0.16462052,-14.61047
845,0.09198873068022667,-0.18922411,0.66557026,-0.35578582,0.9993862,-0.010537263,-0.02348244,0.023764053,-0.18525691,0.10964232,-0.0063545955,-0.017134665,0.1126858,0.28356314,3.0,3.0,3.0,3.0,3.0,3.0,3.0,3.0,3.0,3.0,3.0,3.0,3.0,3.0,3.0,3.0,3.0,3.0,3.0,3.0,3.0,3.0,3.0,3.0,3.0,3.0,3.0,3.0,3.0,3.0,3.0,3.0,3.0,3.0,3.0,3.0,-1.5230191,-0.36250162,-0.041184425,-2.7531204
850,0.023317429651346394,-0.18519297,0.66321564,-0.3567575,0.9994217,-0.010180954,-0.02271029,0.023169024,-0.20001405,0.115631275,0.10419833,0.056399092,0.061940975,-0.39349744,3.0,3.0,3.0,3.0,3.0,3.0,3.0,3.0,3.0,3.0,3.0,3.0,3.0,3.0,3.0,3.0,3.0,3.0,3.0,3.0,3.0,3.0,3.0,3.0,3.0,3.0,3.0,3.0,3.0,3.0,3.0,3.0,3.0,3.0,3.0,3.0,3.7966623,0.776412,0.89190876,7.4935646
855,0.0544169475182895,-0.18081641,0.66071814,-0.36101514,0.9995828,-0.010539229,-0.019978018,0.018000029,-0.21560922,0.12228912,0.248115,-0.08740521,0.48461106,-0.5708697,3.0,3.0,3.0,3.0,3.0,3.0,3.0,3.0,3.0,3.0,3.0,3.0,3.0,3.0,3.0,3.0,3.0,3.0,3.0,3.0,3.0,3.0,3.0,3.0,3.0,3.0,3.0,3.0,3.0,3.0,3.0,3.0,3.0,3.0,3.0,3.0,-0.90122366,-1.6637304,0.6339834,-2.8574104
860,0.051245457479022816,-0.17616425,0.6580912,-0.3676932,0.9997853,-0.010340051,-0.015361693,0.0092972405,-0.22798046,0.12854676,0.36565533,-0.0035605212,0.668691,-0.84196866,3.0,3.0,3.0,3.0,3.0,3.0,3.0,3.0,3.0,3.0,3.0,3.0,3.0,3.0,3.0,3.0,3.0,3.0,3.0,3.0,3.0,3.0,3.0,3.0,3.0,3.0,3.0,3.0,3.0,3.0,3.0,3.0,3.0,3.0,3.0,3.0,0.37942696,2.0599627,0.5979903,-0.040618896
865,0.032839299732320776,-0.17129903,0.65533364,-0.37669134,0.9999024,-0.01123382,-0.008057301,0.0019902368,-0.23574106,0.13422792,0.44043326,-0.016123205,0.7005502,-0.54918677,3.0,3.0,3.0,3.0,3.0,3.0,3.0,3.0,3.0,3.0,3.0,3.0,3.0,3.0,3.0,3.0,3.0,3.0,3.0,3.0,3.0,3.0,3.0,3.0,3.0,3.0,3.0,3.0,3.0,3.0,3.0,3.0,3.0,3.0,3.0,3.0,-2.3133242,0.077718735,-0.12947768,3.4519768
870,0.05619471336609415,-0.16636272,0.6524966,-0.38520437,0.9999296,-0.0117477905,-0.000991038,-0.0013562475,-0.23742388,0.13727163,0.3775958,-0.02415768,0.700305,-0.23645844,3.0,3.0,3.0,3.0,3.0,3.0,3.0,3.0,3.0,3.0,3.0,3.0,3.0,3.0,3.0,3.0,3.0,3.0,3.0,3.0,3.0,3.0,3.0,3.0,3.0,3.0,3.0,3.0,3.0,3.0,3.0,3.0,3.0,3.0,3.0,3.0,-0.79785967,2.5201635,-0.12991297,0.5365448
875,0.04427753534387613,-0.1614189,0.64961326,-0.39159983,0.999901,-0.012000072,0.006325865,-0.0037311206,-0.23705503,0.13915771,0.25992832,-0.022347657,0.69934726,-0.23612426,3.0,3.0,3.0,3.0,3.0,3.0,3.0,3.0,3.0,3.0,3.0,3.0,3.0,3.0,3.0,3.0,3.0,3.0,3.0,3.0,3.0,3.0,3.0,3.0,3.0,3.0,3.0,3.0,3.0,3.0,3.0,3.0,3.0,3.0,3.0,3.0,-0.52464485,3.5749588,0.042953014,3.3734055
880,0.055548757295594414,-0.15650107,0.64668334,-0.39581347,0.99982333,-0.013173765,0.012448667,-0.0049780495,-0.23524429,0.14155255,0.15959534,-0.0614669,0.5325329,-0.20208481,3.0,3.0,3.0,3.0,3.0,3.0,3.0,3.0,3.0,3.0,3.0,3.0,3.0,3.0,3.0,3.0,3.0,3.0,3.0,3.0,3.0,3.0,3.0,3.0,3.0,3.0,3.0,3.0,3.0,3.0,3.0,3.0,3.0,3.0,3.0,3.0,-2.9921684,2.2878942,0.31204903,-3.0727158
885,-0.011883403108284243,-0.15165259,0.6436827,-0.39861044,0.99974066,-0.015024851,0.016130231,-0.0057207546,-0.23157144,0.14500922,0.08998184,-0.15640907,0.32918048,-0.13278082,3.0,3.0,3.0,3.0,3.0,3.0,3.0,3.0,3.0,3.0,3.0,3.0,3.0,3.0,3.0,3.0,3.0,3.0,3.0,3.0,3.0,3.0,3.0,3.0,3.0,3.0,3.0,3.0,3.0,3.0,3.0,3.0,3.0,3.0,3.0,3.0,-3.5934587,-2.374904,0.2773105,-12.023361
890,0.06614994608759206,-0.14691575,0.6405866,-0.4005369,0.9996923,-0.014318835,0.017096471,-0.010860036,-0.22361231,0.15174174,0.11834138,0.030966032,0.095013656,-0.81046146,3.0,3.0,3.0,3.0,3.0,3.0,3.0,3.0,3.0,3.0,3.0,3.0,3.0,3.0,3.0,3.0,3.0,3.0,3.0,3.0,3.0,3.0,3.0,3.0,3.0,3.0,3.0,3.0,3.0,3.0,3.0,3.0,3.0,3.0,3.0,3.0,1.8088965,-1.8236184,-0.07502884,3.2616081
895,0.05768576787294588,-0.14237885,0.6373328,-0.40382966,0.99955755,-0.014140291,0.019535175,-0.017409988,-0.21274523,0.15994653,0.21354617,0.12673144,0.23702621,-0.7124042,3.0,3.0,3.0,3.0,3.0,3.0,3.0,3.0,3.0,3.0,3.0,3.0,3.0,3.0,3.0,3.0,3.0,3.0,3.0,3.0,3.0,3.0,3.0,3.0,3.0,3.0,3.0,3.0,3.0,3.0,3.0,3.0,3.0,3.0,3.0,3.0,2.373248,2.6579943,0.42504132,0.4983902
900,0.04299007104191861,-0.13806993,0.63391894,-0.40871948,0.99930865,-0.015143056,0.023183517,-0.024806995,-0.20290095,0.16627277,0.24173398,-0.19891447,0.25177282,-0.41758466,3.0,3.0,3.0,3.0,3.0,3.0,3.0,3.0,3.0,3.0,3.0,3.0,3.0,3.0,3.0,3.0,3.0,3.0,3.0,3.0,3.0,3.0,3.0,3.0,3.0,3.0,3.0,3.0,3.0,3.0,3.0,3.0,3.0,3.0,3.0,3.0,0.3667879,-4.0163527,0.16917074,3.9450989
905,0.020684828482939996,-0.13399634,0.63036567,-0.4143207,0.99912167,-0.016339514,0.025788505,-0.028703041,-0.18906748,0.17432179,0.31495285,-0.15846045,0.2315149,-0.62482476,3.0,3.0,3.0,3.0,3.0,3.0,3.0,3.0,3.0,3.0,3.0,3.0,3.0,3.0,3.0,3.0,3.0,3.0,3.0,3.0,3.0,3.0,3.0,3.0,3.0,3.0,3.0,3.0,3.0,3.0,3.0,3.0,3.0,3.0,3.0,3.0,-0.7442751,-0.68764734,0.68511844,-6.139038
910,0.07191346448414158,-0.1302656,0.62661433,-0.4222534,0.9990633,-0.017882623,0.025464982,-0.030071508,-0.17375614,0.18311787,0.39789486,-0.20283365,-0.07641881,0.064197704,3.0,3.0,3.0,3.0,3.0,3.0,3.0,3.0,3.0,3.0,3.0,3.0,3.0,3.0,3.0,3.0,3.0,3.0,3.0,3.0,3.0,3.0,3.0,3.0,3.0,3.0,3.0,3.0,3.0,3.0,3.0,3.0,3.0,3.0,3.0,3.0,0.8313875,-0.94815016,0.42936778,-0.39753342
915,0.07052388226274726,-0.12675178,0.6227352,-0.4299613,0.9990973,-0.018175056,0.02575631,-0.028476382,-0.16551636,0.18813996,0.34641007,0.06872916,-0.08457188,0.015581837,3.0,3.0,3.0,3.0,3.0,3.0,3.0,3.0,3.0,3.0,3.0,3.0,3.0,3.0,3.0,3.0,3.0,3.0,3.0,3.0,3.0,3.0,3.0,3.0,3.0,3.0,3.0,3.0,3.0,3.0,3.0,3.0,3.0,3.0,3.0,3.0,0.7998538,1.3197565,-0.22823161,2.211193
920,0.07485171243471479,-0.123424724,0.61873966,-0.43689126,0.9991876,-0.016420338,0.023828717,-0.028048327,-0.15655059,0.1937186,0.31065363,0.12776423,-0.1550588,-0.034366287,3.0,3.0,3.0,3.0,3.0,3.0,3.0,3.0,3.0,3.0,3.0,3.0,3.0,3.0,3.0,3.0,3.0,3.0,3.0,3.0,3.0,3.0,3.0,3.0,3.0,3.0,3.0,3.0,3.0,3.0,3.0,3.0,3.0,3.0,3.0,3.0,1.33776,0.2139616,0.844296,-0.30165863
925,0.05549602805044336,-0.12032863,0.6146014,-0.44414592,0.9992244,-0.01442847,0.023888111,-0.027779292,-0.14578886,0.20026506,0.32379496,0.1425808,0.106011875,-0.042568594,3.0,3.0,3.0,3.0,3.0,3.0,3.0,3.0,3.0,3.0,3.0,3.0,3.0,3.0,3.0,3.0,3.0,3.0,3.0,3.0,3.0,3.0,3.0,3.0,3.0,3.0,3.0,3.0,3.0,3.0,3.0,3.0,3.0,3.0,3.0,3.0,-0.40851545,0.93669987,0.50257075,3.529354
930,0.0272507217776283,-0.117409155,0.6103653,-0.45073175,0.99930054,-0.014197022,0.0229453,-0.02589097,-0.13781875,0.20452935,0.28107116,0.018164428,-0.09781996,0.15980417,3.0,3.0,3.0,3.0,3.0,3.0,3.0,3.0,3.0,3.0,3.0,3.0,3.0,3.0,3.0,3.0,3.0,3.0,3.0,3.0,3.0,3.0,3.0,3.0,3.0,3.0,3.0,3.0,3.0,3.0,3.0,3.0,3.0,3.0,3.0,3.0,2.5039682,-0.3685918,-0.15392423,-7.135292
935,0.058339677666415804,-0.11463646,0.6060512,-0.45610565,0.9994115,-0.013612582,0.022278797,-0.022247493,-0.12942559,0.20904674,0.25386986,-0.014657965,-0.13306768,0.48610434,3.0,3.0,3.0,3.0,3.0,3.0,3.0,3.0,3.0,3.0,3.0,3.0,3.0,3.0,3.0,3.0,3.0,3.0,3.0,3.0,3.0,3.0,3.0,3.0,3.0,3.0,3.0,3.0,3.0,3.0,3.0,3.0,3.0,3.0,3.0,3.0,0.93171024,-3.8808117,-0.64793694,0.9165764
940,0.0435171435033353,-0.11201414,0.6016571,-0.46043944,0.9995526,-0.0126699405,0.021936202,-0.015901513,-0.12398883,0.21188588,0.16716586,0.13276029,3.7849597e-05,0.63776296,3.0,3.0,3.0,3.0,3.0,3.0,3.0,3.0,3.0,3.0,3.0,3.0,3.0,3.0,3.0,3.0,3.0,3.0,3.0,3.0,3.0,3.0,3.0,3.0,3.0,3.0,3.0,3.0,3.0,3.0,3.0,3.0,3.0,3.0,3.0,3.0,0.03718567,-2.5911608,-0.75383604,-5.7939186
945,0.09018943346260694,-0.10948074,0.59721905,-0.46245325,0.99965256,-0.011433485,0.021878775,-0.009236042,-0.12001754,0.21376304,0.049679518,0.13268661,0.0008061897,0.6368629,3.0,3.0,3.0,3.0,3.0,3.0,3.0,3.0,3.0,3.0,3.0,3.0,3.0,3.0,3.0,3.0,3.0,3.0,3.0,3.0,3.0,3.0,3.0,3.0,3.0,3.0,3.0,3.0,3.0,3.0,3.0,3.0,3.0,3.0,3.0,3.0,-2.8687797,-0.7043042,-0.7083924,-0.98760605
950,0.06998568606484587,-0.10702966,0.5927442,-0.46202108,0.9997064,-0.010197241,0.02182844,-0.0025794222,-0.116078675,0.21545403,-0.06767611,0.13259703,0.0015735104,0.6359669,3.0,3.0,3.0,3.0,3.0,3.0,3.0,3.0,3.0,3.0,3.0,3.0,3.0,3.0,3.0,3.0,3.0,3.0,3.0,3.0,3.0,3.0,3.0,3.0,3.0,3.0,3.0,3.0,3.0,3.0,3.0,3.0,3.0,3.0,3.0,3.0,-1.043541,-3.8867047,0.32190883,4.4429245
955,0.1024930960547526,-0.104724474,0.5882063,-0.46062574,0.99977964,-0.0081874905,0.019072302,0.0031460028,-0.10899187,0.21844628,-0.11019048,0.18319802,-0.2813678,0.5768647,3.0,3.0,3.0,3.0,3.0,3.0,3.0,3.0,3.0,3.0,3.0,3.0,3.0,3.0,3.0,3.0,3.0,3.0,3.0,3.0,3.0,3.0,3.0,3.0,3.0,3.0,3.0,3.0,3.0,3.0,3.0,3.0,3.0,3.0,3.0,3.0,-1.069119,0.60504913,-0.29149425,-3.713707
960,0.10850776491476949,-0.10249985,0.5836388,-0.4569624,0.9998042,-0.006901423,0.015569115,0.010075167,-0.10551027,0.2196872,-0.22268894,0.13815624,-0.32990018,0.66502327,3.0,3.0,3.0,3.0,3.0,3.0,3.0,3.0,3.0,3.0,3.0,3.0,3.0,3.0,3.0,3.0,3.0,3.0,3.0,3.0,3.0,3.0,3.0,3.0,3.0,3.0,3.0,3.0,3.0,3.0,3.0,3.0,3.0,3.0,3.0,3.0,0.676734,-2.7283978,-0.8191673,3.602089
965,0.09608947809269949,-0.10033636,0.5790499,-0.4508604,0.999767,-0.0055898363,0.012079127,0.016993098,-0.102820195,0.22062041,-0.33967614,0.14052323,-0.32850343,0.663967,3.0,3.0,3.0,3.0,3.0,3.0,3.0,3.0,3.0,3.0,3.0,3.0,3.0,3.0,3.0,3.0,3.0,3.0,3.0,3.0,3.0,3.0,3.0,3.0,3.0,3.0,3.0,3.0,3.0,3.0,3.0,3.0,3.0,3.0,3.0,3.0,-2.6118155,-2.0633478,-0.5251473,6.554638
970,0.10196699234919773,-0.09823629,0.5744372,-0.44301152,0.9996831,-0.003164198,0.007921077,0.023685057,-0.099114,0.2221073,-0.37944707,0.27579886,-0.4814811,0.7743603,3.0,3.0,3.0,3.0,3.0,3.0,3.0,3.0,3.0,3.0,3.0,3.0,3.0,3.0,3.0,3.0,3.0,3.0,3.0,3.0,3.0,3.0,3.0,3.0,3.0,3.0,3.0,3.0,3.0,3.0,3.0,3.0,3.0,3.0,3.0,3.0,-2.5979104,-3.049908,-0.8106106,-5.5377426
975,0.16694281547175654,-0.09619418,0.56980467,-0.43409148,0.999526,-0.00012058234,0.00250936,0.03068345,-0.09706975,0.22259022,-0.42803127,0.2887922,-0.49216276,0.4379988,3.0,3.0,3.0,3.0,3.0,3.0,3.0,3.0,3.0,3.0,3.0,3.0,3.0,3.0,3.0,3.0,3.0,3.0,3.0,3.0,3.0,3.0,3.0,3.0,3.0,3.0,3.0,3.0,3.0,3.0,3.0,3.0,3.0,3.0,3.0,3.0,0.18174934,-1.2082,-0.68791384,-0.31052017
980,0.13094940790364842,-0.0941808,0.56517357,-0.4253682,0.9994037,0.002320126,-0.0037452609,0.034246713,-0.096527636,0.22182283,-0.3459701,0.17558344,-0.72288084,0.21077748,3.0,3.0,3.0,3.0,3.0,3.0,3.0,3.0,3.0,3.0,3.0,3.0,3.0,3.0,3.0,3.0,3.0,3.0,3.0,3.0,3.0,3.0,3.0,3.0,3.0,3.0,3.0,3.0,3.0,3.0,3.0,3.0,3.0,3.0,3.0,3.0,0.73904514,-1.8257842,-0.281434,-2.955738
985,0.08219784397748392,-0.09214439,0.5605737,-0.4189498,0.99923587,0.0057021463,-0.009855291,0.037389677,-0.09927905,0.21974881,-0.26655805,0.4204466,-0.5522059,0.21064779,3.0,3.0,3.0,3.0,3.0,3.0,3.0,3.0,3.0,3.0,3.0,3.0,3.0,3.0,3.0,3.0,3.0,3.0,3.0,3.0,3.0,3.0,3.0,3.0,3.0,3.0,3.0,3.0,3.0,3.0,3.0,3.0,3.0,3.0,3.0,3.0,3.0089722,4.366865,0.31531215,-4.482868
990,0.06560920041119458,-0.08999991,0.55604756,-0.4149617,0.9992363,0.0081269825,-0.011859738,0.036334503,-0.104934365,0.21577907,-0.17687376,0.22990099,-0.0754806,0.014868286,3.0,3.0,3.0,3.0,3.0,3.0,3.0,3.0,3.0,3.0,3.0,3.0,3.0,3.0,3.0,3.0,3.0,3.0,3.0,3.0,3.0,3.0,3.0,3.0,3.0,3.0,3.0,3.0,3.0,3.0,3.0,3.0,3.0,3.0,3.0,3.0,-1.8319468,-0.51692104,-0.56637084,-9.0634
995,0.10737894424525096,-0.087749794,0.5516054,-0.41150585,0.99929816,0.0103444,-0.012545684,0.03374634,-0.11076734,0.2108789,-0.1305659,0.08673894,0.0665645,-0.46234795,3.0,3.0,3.0,3.0,3.0,3.0,3.0,3.0,3.0,3.0,3.0,3.0,3.0,3.0,3.0,3.0,3.0,3.0,3.0,3.0,3.0,3.0,3.0,3.0,3.0,3.0,3.0,3.0,3.0,3.0,3.0,3.0,3.0,3.0,3.0,3.0,2.8361135,-0.6557932,0.30829644,1.3017616
1000,0.09352777387291872,-0.08534003,0.54731005,-0.41054794,0.99946046,0.01240132,-0.010071823,0.028697528,-0.11823699,0.20336436,-0.013323539,-0.03867208,0.24542403,-0.46235582,3.0,3.0,3.0,3.0,3.0,3.0,3.0,3.0,3.0,3.0,3.0,3.0,3.0,3.0,3.0,3.0,3.0,3.0,3.0,3.0,3.0,3.0,3.0,3.0,3.0,3.0,3.0,3.0,3.0,3.0,3.0,3.0,3.0,3.0,3.0,3.0,1.2818394,-1.3088527,-0.2628711,-3.1883736
1005,0.08653796388105188,-0.08281094,0.5431668,-0.4113037,0.9995287,0.012533653,-0.007036593,0.02712564,-0.12322242,0.19611263,0.060397167,0.045802794,0.3363443,0.06705489,3.0,3.0,3.0,3.0,3.0,3.0,3.0,3.0,3.0,3.0,3.0,3.0,3.0,3.0,3.0,3.0,3.0,3.0,3.0,3.0,3.0,3.0,3.0,3.0,3.0,3.0,3.0,3.0,3.0,3.0,3.0,3.0,3.0,3.0,3.0,3.0,1.1907868,-0.7592001,0.13911855,2.9717102
1010,0.08876560217716134,-0.08022142,0.5391295,-0.41179675,0.99945635,0.014488905,-0.002081592,0.029542163,-0.12457089,0.19277795,-0.023255743,0.17257927,0.47752473,0.23922735,3.0,3.0,3.0,3.0,3.0,3.0,3.0,3.0,3.0,3.0,3.0,3.0,3.0,3.0,3.0,3.0,3.0,3.0,3.0,3.0,3.0,3.0,3.0,3.0,3.0,3.0,3.0,3.0,3.0,3.0,3.0,3.0,3.0,3.0,3.0,3.0,-3.6596732,-1.6665463,-0.43149996,0.25094604
1015,0.06784788528853725,-0.07762463,0.5351793,-0.41089556,0.9993577,0.016673137,0.0012153442,0.031696405,-0.124570616,0.18679346,-0.035175133,0.1632803,0.14957267,0.26230225,3.0,3.0,3.0,3.0,3.0,3.0,3.0,3.0,3.0,3.0,3.0,3.0,3.0,3.0,3.0,3.0,3.0,3.0,3.0,3.0,3.0,3.0,3.0,3.0,3.0,3.0,3.0,3.0,3.0,3.0,3.0,3.0,3.0,3.0,3.0,3.0,-1.8952763,1.9093413,0.14175642,-5.485241
1020,0.06896799149089865,-0.0750436,0.53142,-0.41151133,0.99928343,0.017636996,0.0012670276,0.033465985,-0.123498924,0.17688115,0.050608933,0.07441834,0.040271904,0.0664998,3.0,3.0,3.0,3.0,3.0,3.0,3.0,3.0,3.0,3.0,3.0,3.0,3.0,3.0,3.0,3.0,3.0,3.0,3.0,3.0,3.0,3.0,3.0,3.0,3.0,3.0,3.0,3.0,3.0,3.0,3.0,3.0,3.0,3.0,3.0,3.0,-3.2224975,-2.3216841,0.32364452,-2.9968224
1025,-0.02519306192934058,-0.07248598,0.5278743,-0.413874,0.99934393,0.0190079,0.0017728481,0.030777387,-0.12229098,0.16569453,0.15301655,0.19059688,0.2223109,-0.15654425,3.0,3.0,3.0,3.0,3.0,3.0,3.0,3.0,3.0,3.0,3.0,3.0,3.0,3.0,3.0,3.0,3.0,3.0,3.0,3.0,3.0,3.0,3.0,3.0,3.0,3.0,3.0,3.0,3.0,3.0,3.0,3.0,3.0,3.0,3.0,3.0,-1.7081344,2.239872,-0.7819203,-12.830841
1030,0.06713981088220015,-0.06995046,0.52449924,-0.41644695,0.9993577,0.021311225,0.0043000607,0.028486436,-0.12114529,0.15885808,0.11971503,0.22731559,0.18477882,-0.26406354,3.0,3.0,3.0,3.0,3.0,3.0,3.0,3.0,3.0,3.0,3.0,3.0,3.0,3.0,3.0,3.0,3.0,3.0,3.0,3.0,3.0,3.0,3.0,3.0,3.0,3.0,3.0,3.0,3.0,3.0,3.0,3.0,3.0,3.0,3.0,3.0,1.2169342,0.5646925,-0.5044114,-3.8222122
1035,-0.01912343530916534,-0.06745051,0.5212863,-0.4186168,0.9994294,0.022170437,0.0076091797,0.024319477,-0.11939556,0.15206704,0.07090027,0.033099573,0.36423168,-0.42562413,3.0,3.0,3.0,3.0,3.0,3.0,3.0,3.0,3.0,3.0,3.0,3.0,3.0,3.0,3.0,3.0,3.0,3.0,3.0,3.0,3.0,3.0,3.0,3.0,3.0,3.0,3.0,3.0,3.0,3.0,3.0,3.0,3.0,3.0,3.0,3.0,-1.6343374,-1.3388762,-0.62203395,-12.676769
1040,-0.006450210408825333,-0.06500002,0.51821053,-0.41959092,0.9994859,0.022856114,0.0110967,0.019554455,-0.116232626,0.14440203,0.036779992,0.13373697,0.27568325,-0.55083054,3.0,3.0,3.0,3.0,3.0,3.0,3.0,3.0,3.0,3.0,3.0,3.0,3.0,3.0,3.0,3.0,3.0,3.0,3.0,3.0,3.0,3.0,3.0,3.0,3.0,3.0,3.0,3.0,3.0,3.0,3.0,3.0,3.0,3.0,3.0,3.0,-1.8171959,1.669457,-0.6075119,-11.479694
1045,-0.014813472645081108,-0.0626214,0.5152834,-0.41954488,0.9995311,0.023714954,0.0123004615,0.014961947,-0.111622274,0.13581724,0.016211163,0.1696767,-0.070785336,-0.5147959,3.0,3.0,3.0,3.0,3.0,3.0,3.0,3.0,3.0,3.0,3.0,3.0,3.0,3.0,3.0,3.0,3.0,3.0,3.0,3.0,3.0,3.0,3.0,3.0,3.0,3.0,3.0,3.0,3.0,3.0,3.0,3.0,3.0,3.0,3.0,3.0,-2.3427935,2.594571,0.5858332,-11.355476
1050,-0.027389658164070976,-0.060399253,0.51264673,-0.42142838,0.99965864,0.02266225,0.010375315,0.007837231,-0.103572816,0.12036371,0.14062797,-0.16874738,-0.10627371,-0.8786812,3.0,3.0,3.0,3.0,3.0,3.0,3.0,3.0,3.0,3.0,3.0,3.0,3.0,3.0,3.0,3.0,3.0,3.0,3.0,3.0,3.0,3.0,3.0,3.0,3.0,3.0,3.0,3.0,3.0,3.0,3.0,3.0,3.0,3.0,3.0,3.0,2.1715078,-1.3852935,0.85477054,-10.109016
1055,0.008387927232806597,-0.058323845,0.5103139,-0.42564285,0.99970454,0.021599982,0.011059009,-0.0013837168,-0.09743628,0.107289195,0.22577983,0.04086172,0.18518505,-0.9714931,3.0,3.0,3.0,3.0,3.0,3.0,3.0,3.0,3.0,3.0,3.0,3.0,3.0,3.0,3.0,3.0,3.0,3.0,3.0,3.0,3.0,3.0,3.0,3.0,3.0,3.0,3.0,3.0,3.0,3.0,3.0,3.0,3.0,3.0,3.0,3.0,-3.4202375,0.9525676,-0.4916588,-5.257862
1060,-0.0087756841758838,-0.056371238,0.5082272,-0.43118018,0.9996128,0.021849243,0.013057904,-0.011242392,-0.09125386,0.09553076,0.28924033,0.05263135,0.17368734,-0.99753106,3.0,3.0,3.0,3.0,3.0,3.0,3.0,3.0,3.0,3.0,3.0,3.0,3.0,3.0,3.0,3.0,3.0,3.0,3.0,3.0,3.0,3.0,3.0,3.0,3.0,3.0,3.0,3.0,3.0,3.0,3.0,3.0,3.0,3.0,3.0,3.0,1.1111441,2.5934982,0.7047467,-5.2285156
1065,0.003015650063935879,-0.05457595,0.5064108,-0.43860587,0.9994125,0.021960843,0.015654579,-0.021151785,-0.08218212,0.08106087,0.41479412,0.1946252,0.29297155,-0.7053966,3.0,3.0,3.0,3.0,3.0,3.0,3.0,3.0,3.0,3.0,3.0,3.0,3.0,3.0,3.0,3.0,3.0,3.0,3.0,3.0,3.0,3.0,3.0,3.0,3.0,3.0,3.0,3.0,3.0,3.0,3.0,3.0,3.0,3.0,3.0,3.0,1.2914448,2.5856552,0.05515945,-3.0377693
1070,0.01759756996573964,-0.052933857,0.5048235,-0.44692433,0.9992199,0.023475861,0.017945303,-0.026200788,-0.07643265,0.072776206,0.39143348,0.21799195,0.28312767,-0.32889545,3.0,3.0,3.0,3.0,3.0,3.0,3.0,3.0,3.0,3.0,3.0,3.0,3.0,3.0,3.0,3.0,3.0,3.0,3.0,3.0,3.0,3.0,3.0,3.0,3.0,3.0,3.0,3.0,3.0,3.0,3.0,3.0,3.0,3.0,3.0,3.0,1.3127513,2.4699187,-0.15124446,1.9961739
1075,-0.05063188445737028,-0.05138062,0.50336075,-0.4536065,0.9990112,0.025733585,0.020863572,-0.029649932,-0.07324093,0.06845287,0.2736352,0.21873918,0.28189722,-0.32856995,3.0,3.0,3.0,3.0,3.0,3.0,3.0,3.0,3.0,3.0,3.0,3.0,3.0,3.0,3.0,3.0,3.0,3.0,3.0,3.0,3.0,3.0,3.0,3.0,3.0,3.0,3.0,3.0,3.0,3.0,3.0,3.0,3.0,3.0,3.0,3.0,2.5568728,1.9946742,-0.68284696,-11.291615
1080,-0.002984979556091491,-0.04989975,0.50199306,-0.457836,0.9987772,0.027998656,0.023768777,-0.033094507,-0.06958038,0.06372294,0.15595168,0.21947315,0.28066024,-0.32825488,3.0,3.0,3.0,3.0,3.0,3.0,3.0,3.0,3.0,3.0,3.0,3.0,3.0,3.0,3.0,3.0,3.0,3.0,3.0,3.0,3.0,3.0,3.0,3.0,3.0,3.0,3.0,3.0,3.0,3.0,3.0,3.0,3.0,3.0,3.0,3.0,-1.9165037,4.371768,-0.037648976,-7.0835304
1085,-0.021684596004642606,-0.048504796,0.50073385,-0.45969346,0.9985422,0.030029582,0.02642129,-0.03624363,-0.064531684,0.057438664,0.057201684,0.10368973,0.1642988,-0.18852735,3.0,3.0,3.0,3.0,3.0,3.0,3.0,3.0,3.0,3.0,3.0,3.0,3.0,3.0,3.0,3.0,3.0,3.0,3.0,3.0,3.0,3.0,3.0,3.0,3.0,3.0,3.0,3.0,3.0,3.0,3.0,3.0,3.0,3.0,3.0,3.0,-3.376254,0.026830673,-0.60063237,-11.614552
1090,-0.026169450381050036,-0.0472163,0.49960527,-0.45941576,0.9983895,0.031099323,0.028107746,-0.038226143,-0.060022578,0.051968336,-0.060339123,0.10391501,0.16387497,-0.18836099,3.0,3.0,3.0,3.0,3.0,3.0,3.0,3.0,3.0,3.0,3.0,3.0,3.0,3.0,3.0,3.0,3.0,3.0,3.0,3.0,3.0,3.0,3.0,3.0,3.0,3.0,3.0,3.0,3.0,3.0,3.0,3.0,3.0,3.0,3.0,3.0,-2.2803864,2.4247985,-0.56174076,-13.709114
1095,-0.027245331775531012,-0.04602514,0.49859315,-0.45669034,0.99822897,0.032171264,0.029789709,-0.040206432,-0.055241395,0.046295844,-0.17779607,0.10413771,0.16345017,-0.1881965,3.0,3.0,3.0,3.0,3.0,3.0,3.0,3.0,3.0,3.0,3.0,3.0,3.0,3.0,3.0,3.0,3.0,3.0,3.0,3.0,3.0,3.0,3.0,3.0,3.0,3.0,3.0,3.0,3.0,3.0,3.0,3.0,3.0,3.0,3.0,3.0,-3.7095542,2.5712633,0.0623492,-14.642429
1100,-0.022408488927338058,-0.04510733,0.4979012,-0.45451418,0.99817854,0.031717014,0.029626913,-0.041902944,-0.0370682,0.025049109,-0.0640594,-0.19952582,-0.048421793,-0.20330968,3.0,3.0,3.0,3.0,3.0,3.0,3.0,3.0,3.0,3.0,3.0,3.0,3.0,3.0,3.0,3.0,3.0,3.0,3.0,3.0,3.0,3.0,3.0,3.0,3.0,3.0,3.0,3.0,3.0,3.0,3.0,3.0,3.0,3.0,3.0,3.0,-1.7674553,-1.963511,0.7134346,-11.878464
1105,0.03350060138572103,-0.044629313,0.49772307,-0.45583808,0.99809444,0.030898618,0.02769283,-0.045670852,-0.013158211,-0.0029457381,0.15843612,-0.07127754,-0.20083123,-0.40514195,3.0,3.0,3.0,3.0,3.0,3.0,3.0,3.0,3.0,3.0,3.0,3.0,3.0,3.0,3.0,3.0,3.0,3.0,3.0,3.0,3.0,3.0,3.0,3.0,3.0,3.0,3.0,3.0,3.0,3.0,3.0,3.0,3.0,3.0,3.0,3.0,2.8660207,0.2603407,0.41157663,0.425457
1110,0.007385227982740959,-0.04450468,0.49796426,-0.45939893,0.998012,0.028956652,0.026991058,-0.04904065,-0.0013228109,-0.017119044,0.17810573,-0.21780884,-0.02435362,-0.56269675,3.0,3.0,3.0,3.0,3.0,3.0,3.0,3.0,3.0,3.0,3.0,3.0,3.0,3.0,3.0,3.0,3.0,3.0,3.0,3.0,3.0,3.0,3.0,3.0,3.0,3.0,3.0,3.0,3.0,3.0,3.0,3.0,3.0,3.0,3.0,3.0,0.8848686,1.055963,0.6953664,4.242153
1115,-0.04026355678117334,-0.044720273,0.4986084,-0.46531284,0.997934,0.026198829,0.026556062,-0.052307826,0.016353432,-0.037907667,0.3213853,-0.36527216,0.18084203,-0.39654565,3.0,3.0,3.0,3.0,3.0,3.0,3.0,3.0,3.0,3.0,3.0,3.0,3.0,3.0,3.0,3.0,3.0,3.0,3.0,3.0,3.0,3.0,3.0,3.0,3.0,3.0,3.0,3.0,3.0,3.0,3.0,3.0,3.0,3.0,3.0,3.0,-2.2041755,-2.9010556,-0.8746252,7.122795
1120,0.011250950326491364,-0.04517932,0.4995264,-0.47180057,0.9978449,0.02398058,0.02749379,-0.054539952,0.025181629,-0.047347203,0.291541,-0.10296766,0.13932572,-0.084364206,3.0,3.0,3.0,3.0,3.0,3.0,3.0,3.0,3.0,3.0,3.0,3.0,3.0,3.0,3.0,3.0,3.0,3.0,3.0,3.0,3.0,3.0,3.0,3.0,3.0,3.0,3.0,3.0,3.0,3.0,3.0,3.0,3.0,3.0,3.0,3.0,-0.6444526,-2.9778318,-0.69084394,2.3313293
1125,0.011326518549352904,-0.045760565,0.50056726,-0.4764024,0.99778074,0.022856835,0.028862257,-0.05548048,0.029744105,-0.051680937,0.17380527,-0.10271636,0.1392958,-0.08428292,3.0,3.0,3.0,3.0,3.0,3.0,3.0,3.0,3.0,3.0,3.0,3.0,3.0,3.0,3.0,3.0,3.0,3.0,3.0,3.0,3.0,3.0,3.0,3.0,3.0,3.0,3.0,3.0,3.0,3.0,3.0,3.0,3.0,3.0,3.0,3.0,-0.40432596,-2.4556935,-0.8743315,4.8206367
1130,0.039441562062563496,-0.046439886,0.5016962,-0.4785531,0.9977126,0.021735601,0.030230455,-0.05641986,0.034548618,-0.05583775,0.05619929,-0.10246532,0.13926528,-0.08420241,3.0,3.0,3.0,3.0,3.0,3.0,3.0,3.0,3.0,3.0,3.0,3.0,3.0,3.0,3.0,3.0,3.0,3.0,3.0,3.0,3.0,3.0,3.0,3.0,3.0,3.0,3.0,3.0,3.0,3.0,3.0,3.0,3.0,3.0,3.0,3.0,-2.0239222,-0.29579258,-0.5135513,-3.747982
1135,0.03906799645543639,-0.047222324,0.50290954,-0.478255,0.9976405,0.020616882,0.031598378,-0.057358094,0.039594717,-0.05981738,-0.06129914,-0.10221454,0.13923419,-0.08412266,3.0,3.0,3.0,3.0,3.0,3.0,3.0,3.0,3.0,3.0,3.0,3.0,3.0,3.0,3.0,3.0,3.0,3.0,3.0,3.0,3.0,3.0,3.0,3.0,3.0,3.0,3.0,3.0,3.0,3.0,3.0,3.0,3.0,3.0,3.0,3.0,-4.4565372,-3.8284276,-0.53115785,0.7956276
1140,0.051031776787258454,-0.048121117,0.5042095,-0.4756451,0.9975272,0.020067401,0.032318395,-0.059096444,0.045532867,-0.064101174,-0.16791388,-0.021521667,0.033376742,-0.21725868,3.0,3.0,3.0,3.0,3.0,3.0,3.0,3.0,3.0,3.0,3.0,3.0,3.0,3.0,3.0,3.0,3.0,3.0,3.0,3.0,3.0,3.0,3.0,3.0,3.0,3.0,3.0,3.0,3.0,3.0,3.0,3.0,3.0,3.0,3.0,3.0,-4.5707645,-1.0817847,0.02274859,-3.1853447
1145,0.07838828591539304,-0.04919693,0.5056353,-0.4716633,0.9974565,0.020063102,0.029552093,-0.0616825,0.055006064,-0.07088476,-0.21677224,-0.0048134816,-0.41370487,-0.30013317,3.0,3.0,3.0,3.0,3.0,3.0,3.0,3.0,3.0,3.0,3.0,3.0,3.0,3.0,3.0,3.0,3.0,3.0,3.0,3.0,3.0,3.0,3.0,3.0,3.0,3.0,3.0,3.0,3.0,3.0,3.0,3.0,3.0,3.0,3.0,3.0,-1.3903823,1.7991743,-0.013280809,-1.7427711
1150,-0.042101454922408646,-0.05059511,0.5073115,-0.46920657,0.99744934,0.020154007,0.022342432,-0.06472622,0.07625826,-0.088191174,-0.019987259,-0.01701196,-0.7199071,-0.34961453,3.0,3.0,3.0,3.0,3.0,3.0,3.0,3.0,3.0,3.0,3.0,3.0,3.0,3.0,3.0,3.0,3.0,3.0,3.0,3.0,3.0,3.0,3.0,3.0,3.0,3.0,3.0,3.0,3.0,3.0,3.0,3.0,3.0,3.0,3.0,3.0,3.9896393,3.2112207,-0.009580851,-10.142612
1155,0.004510271450497455,-0.052362725,0.50933504,-0.47063857,0.9973375,0.018572878,0.01700691,-0.06843712,0.09150366,-0.1043905,0.16316299,-0.12887226,-0.5773869,-0.37263548,3.0,3.0,3.0,3.0,3.0,3.0,3.0,3.0,3.0,3.0,3.0,3.0,3.0,3.0,3.0,3.0,3.0,3.0,3.0,3.0,3.0,3.0,3.0,3.0,3.0,3.0,3.0,3.0,3.0,3.0,3.0,3.0,3.0,3.0,3.0,3.0,1.628902,1.9767957,0.58198285,-2.2346573
1160,-0.019848406759619887,-0.054408316,0.5116814,-0.4758904,0.997195,0.017078744,0.013867196,-0.071541,0.10028908,-0.11534716,0.24301392,-0.08839405,-0.23029545,-0.20344305,3.0,3.0,3.0,3.0,3.0,3.0,3.0,3.0,3.0,3.0,3.0,3.0,3.0,3.0,3.0,3.0,3.0,3.0,3.0,3.0,3.0,3.0,3.0,3.0,3.0,3.0,3.0,3.0,3.0,3.0,3.0,3.0,3.0,3.0,3.0,3.0,-1.3966303,1.4704132,0.4904852,5.1762924
1165,0.00870736854266975,-0.05657954,0.51420116,-0.48167914,0.9973162,0.016290858,0.011215624,-0.07049269,0.10531826,-0.12261025,0.24474926,-0.04946237,-0.21962863,0.12541659,3.0,3.0,3.0,3.0,3.0,3.0,3.0,3.0,3.0,3.0,3.0,3.0,3.0,3.0,3.0,3.0,3.0,3.0,3.0,3.0,3.0,3.0,3.0,3.0,3.0,3.0,3.0,3.0,3.0,3.0,3.0,3.0,3.0,3.0,3.0,3.0,-3.0121293,-1.3199747,-0.6046723,0.7602463
1170,-0.030209103546613783,-0.05879376,0.51679087,-0.48530883,0.99743867,0.01592586,0.00891999,-0.0691589,0.10687416,-0.12542374,0.12722763,-0.049085826,-0.21947637,0.12527665,3.0,3.0,3.0,3.0,3.0,3.0,3.0,3.0,3.0,3.0,3.0,3.0,3.0,3.0,3.0,3.0,3.0,3.0,3.0,3.0,3.0,3.0,3.0,3.0,3.0,3.0,3.0,3.0,3.0,3.0,3.0,3.0,3.0,3.0,3.0,3.0,-1.3795834,1.3283801,-0.34381008,-8.725655
1175,-0.00012020743663795908,-0.061037634,0.5194432,-0.48665053,0.9975849,0.015246706,0.006340453,-0.06746653,0.10853676,-0.12938216,0.04791848,-0.20925134,-0.3485245,0.29722893,3.0,3.0,3.0,3.0,3.0,3.0,3.0,3.0,3.0,3.0,3.0,3.0,3.0,3.0,3.0,3.0,3.0,3.0,3.0,3.0,3.0,3.0,3.0,3.0,3.0,3.0,3.0,3.0,3.0,3.0,3.0,3.0,3.0,3.0,3.0,3.0,-1.1714835,-4.171221,-0.7436698,4.7819443
1180,0.0010619289947241262,-0.06331699,0.5221989,-0.48710912,0.997836,0.013306557,0.0026175107,-0.06433788,0.10990868,-0.1341503,0.00474413,-0.20780037,-0.34882614,0.2968257,3.0,3.0,3.0,3.0,3.0,3.0,3.0,3.0,3.0,3.0,3.0,3.0,3.0,3.0,3.0,3.0,3.0,3.0,3.0,3.0,3.0,3.0,3.0,3.0,3.0,3.0,3.0,3.0,3.0,3.0,3.0,3.0,3.0,3.0,3.0,3.0,0.13628101,-3.922536,-0.44487613,-5.6654205
1185,-0.02744998217003121,-0.0656087,0.52502114,-0.48574752,0.9980543,0.01138119,-0.001106579,-0.061292898,0.10998102,-0.13630998,-0.11123986,-0.2063482,-0.3481445,0.25729325,3.0,3.0,3.0,3.0,3.0,3.0,3.0,3.0,3.0,3.0,3.0,3.0,3.0,3.0,3.0,3.0,3.0,3.0,3.0,3.0,3.0,3.0,3.0,3.0,3.0,3.0,3.0,3.0,3.0,3.0,3.0,3.0,3.0,3.0,3.0,3.0,-1.1792433,-2.8963156,-0.2986865,-10.843292
1190,0.034274646805005374,-0.06788955,0.52790767,-0.48304588,0.9981829,0.010220686,-0.0041181943,-0.059240703,0.10898439,-0.14001103,-0.13987395,-0.0058043706,-0.31984255,0.25431353,3.0,3.0,3.0,3.0,3.0,3.0,3.0,3.0,3.0,3.0,3.0,3.0,3.0,3.0,3.0,3.0,3.0,3.0,3.0,3.0,3.0,3.0,3.0,3.0,3.0,3.0,3.0,3.0,3.0,3.0,3.0,3.0,3.0,3.0,3.0,3.0,0.46556568,0.6611085,-0.60453224,-5.5861893
1195,-0.007959800063439743,-0.07014778,0.5308446,-0.47867957,0.9983276,0.010373639,-0.00741948,-0.05638587,0.10792086,-0.14162004,-0.25562388,-0.0052930103,-0.3202966,0.2954134,3.0,3.0,3.0,3.0,3.0,3.0,3.0,3.0,3.0,3.0,3.0,3.0,3.0,3.0,3.0,3.0,3.0,3.0,3.0,3.0,3.0,3.0,3.0,3.0,3.0,3.0,3.0,3.0,3.0,3.0,3.0,3.0,3.0,3.0,3.0,3.0,-3.7717075,-3.7680821,-0.4188696,-9.910641
1200,0.02099194295659973,-0.07236895,0.5338241,-0.4723511,0.998447,0.010686899,-0.010885408,-0.053580288,0.10574408,-0.14383677,-0.34180963,-0.03963225,-0.27772793,0.32657844,3.0,3.0,3.0,3.0,3.0,3.0,3.0,3.0,3.0,3.0,3.0,3.0,3.0,3.0,3.0,3.0,3.0,3.0,3.0,3.0,3.0,3.0,3.0,3.0,3.0,3.0,3.0,3.0,3.0,3.0,3.0,3.0,3.0,3.0,3.0,3.0,-1.08886,-2.5835996,-0.070479274,-8.478466
1205,-0.021333334561402323,-0.07447084,0.53690374,-0.46686968,0.998448,0.0100201685,-0.015095812,-0.052661862,0.09659718,-0.15101533,-0.18287109,-0.15887259,-0.4407466,0.10053874,3.0,3.0,3.0,3.0,3.0,3.0,3.0,3.0,3.0,3.0,3.0,3.0,3.0,3.0,3.0,3.0,3.0,3.0,3.0,3.0,3.0,3.0,3.0,3.0,3.0,3.0,3.0,3.0,3.0,3.0,3.0,3.0,3.0,3.0,3.0,3.0,3.525813,0.63750553,-0.39860767,-10.8160095
1210,-0.018201094652577632,-0.07640094,0.54009473,-0.463061,0.9984821,0.010743789,-0.018912695,-0.050600383,0.09016869,-0.15441835,-0.19190684,0.14954886,-0.4116915,0.14249642,3.0,3.0,3.0,3.0,3.0,3.0,3.0,3.0,3.0,3.0,3.0,3.0,3.0,3.0,3.0,3.0,3.0,3.0,3.0,3.0,3.0,3.0,3.0,3.0,3.0,3.0,3.0,3.0,3.0,3.0,3.0,3.0,3.0,3.0,3.0,3.0,2.6526809,2.5224185,0.43567443,-9.505302
1215,0.023184138448511013,-0.07813686,0.5433803,-0.4602065,0.99851143,0.009923485,-0.020179495,-0.04969175,0.07984219,-0.15927552,-0.13218197,-0.11414085,-0.071519025,-0.10593668,3.0,3.0,3.0,3.0,3.0,3.0,3.0,3.0,3.0,3.0,3.0,3.0,3.0,3.0,3.0,3.0,3.0,3.0,3.0,3.0,3.0,3.0,3.0,3.0,3.0,3.0,3.0,3.0,3.0,3.0,3.0,3.0,3.0,3.0,3.0,3.0,0.671752,0.49213314,0.35563564,-5.755371
1220,-0.03597431721628401,-0.07969846,0.5467406,-0.45735615,0.99856156,0.0078294985,-0.02002831,-0.049115594,0.07349766,-0.16178621,-0.18369398,-0.201092,0.02396588,0.051533613,3.0,3.0,3.0,3.0,3.0,3.0,3.0,3.0,3.0,3.0,3.0,3.0,3.0,3.0,3.0,3.0,3.0,3.0,3.0,3.0,3.0,3.0,3.0,3.0,3.0,3.0,3.0,3.0,3.0,3.0,3.0,3.0,3.0,3.0,3.0,3.0,-3.3288383,-2.7133965,-0.370373,-12.326057
1225,0.04068461733769804,-0.08108768,0.5501551,-0.4544109,0.9984973,0.007083404,-0.021317996,-0.049985386,0.060391944,-0.1657404,-0.0722591,0.053337537,-0.27233014,-0.16387378,3.0,3.0,3.0,3.0,3.0,3.0,3.0,3.0,3.0,3.0,3.0,3.0,3.0,3.0,3.0,3.0,3.0,3.0,3.0,3.0,3.0,3.0,3.0,3.0,3.0,3.0,3.0,3.0,3.0,3.0,3.0,3.0,3.0,3.0,3.0,3.0,2.262251,0.077604294,0.80502355,1.3902893
1230,-0.015013128520778074,-0.08217956,0.55365175,-0.4542023,0.99834305,0.0070444653,-0.022112938,-0.052654628,0.049427606,-0.1685586,-0.025184993,0.057011545,0.035947274,-0.19242863,3.0,3.0,3.0,3.0,3.0,3.0,3.0,3.0,3.0,3.0,3.0,3.0,3.0,3.0,3.0,3.0,3.0,3.0,3.0,3.0,3.0,3.0,3.0,3.0,3.0,3.0,3.0,3.0,3.0,3.0,3.0,3.0,3.0,3.0,3.0,3.0,-0.14013577,2.2559047,0.28357077,-7.893017
1235,0.03317971763538008,-0.083077714,0.55719495,-0.454032,0.99842864,0.007387773,-0.022626089,-0.050731696,0.04106532,-0.17052154,-0.04495154,0.1077457,-0.09199582,0.2833281,3.0,3.0,3.0,3.0,3.0,3.0,3.0,3.0,3.0,3.0,3.0,3.0,3.0,3.0,3.0,3.0,3.0,3.0,3.0,3.0,3.0,3.0,3.0,3.0,3.0,3.0,3.0,3.0,3.0,3.0,3.0,3.0,3.0,3.0,3.0,3.0,1.9569464,3.107318,-0.80833775,-1.6503029
1240,-0.02064528445164729,-0.08385147,0.5607675,-0.45229673,0.9986068,0.0069296714,-0.025013914,-0.045942973,0.03401015,-0.1722664,-0.098786905,-0.19844785,-0.33584183,0.5890801,3.0,3.0,3.0,3.0,3.0,3.0,3.0,3.0,3.0,3.0,3.0,3.0,3.0,3.0,3.0,3.0,3.0,3.0,3.0,3.0,3.0,3.0,3.0,3.0,3.0,3.0,3.0,3.0,3.0,3.0,3.0,3.0,3.0,3.0,3.0,3.0,0.5476575,-4.337782,0.4878204,-7.2039337
1245,-0.010371710786848884,-0.08443066,0.56438524,-0.4502705,0.9988432,0.0064649093,-0.027389871,-0.03899132,0.025966616,-0.17397384,-0.14416897,-0.07116205,-0.22976194,0.6644384,3.0,3.0,3.0,3.0,3.0,3.0,3.0,3.0,3.0,3.0,3.0,3.0,3.0,3.0,3.0,3.0,3.0,3.0,3.0,3.0,3.0,3.0,3.0,3.0,3.0,3.0,3.0,3.0,3.0,3.0,3.0,3.0,3.0,3.0,3.0,3.0,-0.33266306,-2.5737584,0.5812949,7.4905014
1250,0.0033034467636338383,-0.08480261,0.56804055,-0.44777286,0.99907506,0.005285944,-0.029006217,-0.03130062,0.014098431,-0.17607298,-0.13594508,-0.24396433,-0.043078266,0.83895683,3.0,3.0,3.0,3.0,3.0,3.0,3.0,3.0,3.0,3.0,3.0,3.0,3.0,3.0,3.0,3.0,3.0,3.0,3.0,3.0,3.0,3.0,3.0,3.0,3.0,3.0,3.0,3.0,3.0,3.0,3.0,3.0,3.0,3.0,3.0,3.0,-3.9387598,-2.6708908,0.29714608,-3.9133987
1255,0.009565704232343847,-0.084894575,0.5717378,-0.44580463,0.99916154,0.004731911,-0.032522917,-0.024415528,-0.0024969534,-0.17840102,-0.06269624,-0.24889947,-0.33477852,0.53509545,3.0,3.0,3.0,3.0,3.0,3.0,3.0,3.0,3.0,3.0,3.0,3.0,3.0,3.0,3.0,3.0,3.0,3.0,3.0,3.0,3.0,3.0,3.0,3.0,3.0,3.0,3.0,3.0,3.0,3.0,3.0,3.0,3.0,3.0,3.0,3.0,1.0029693,-3.0826526,0.56796956,3.7070923
1260,-0.023365563926966093,-0.08462098,0.5754808,-0.44536895,0.9992788,0.0046504717,-0.033863228,-0.016539413,-0.01609268,-0.17993583,-0.057927784,-0.004552523,-0.101017796,0.7952363,3.0,3.0,3.0,3.0,3.0,3.0,3.0,3.0,3.0,3.0,3.0,3.0,3.0,3.0,3.0,3.0,3.0,3.0,3.0,3.0,3.0,3.0,3.0,3.0,3.0,3.0,3.0,3.0,3.0,3.0,3.0,3.0,3.0,3.0,3.0,3.0,-1.3654852,2.2231998,-0.19549215,8.292534
1265,0.04729709247016248,-0.08415968,0.5792422,-0.4434601,0.99932396,0.0047738655,-0.035939325,-0.0061012586,-0.02578379,-0.18091133,-0.120472886,-0.035546042,-0.27459824,1.05725,3.0,3.0,3.0,3.0,3.0,3.0,3.0,3.0,3.0,3.0,3.0,3.0,3.0,3.0,3.0,3.0,3.0,3.0,3.0,3.0,3.0,3.0,3.0,3.0,3.0,3.0,3.0,3.0,3.0,3.0,3.0,3.0,3.0,3.0,3.0,3.0,-0.5028143,-1.4783711,-0.7717511,-0.94563293
1270,0.023572637134600727,-0.08346186,0.5830299,-0.44059634,0.9992179,0.005296449,-0.03910706,0.0024770398,-0.042548567,-0.18297727,-0.09900517,-0.07238811,-0.2006918,0.63428843,3.0,3.0,3.0,3.0,3.0,3.0,3.0,3.0,3.0,3.0,3.0,3.0,3.0,3.0,3.0,3.0,3.0,3.0,3.0,3.0,3.0,3.0,3.0,3.0,3.0,3.0,3.0,3.0,3.0,3.0,3.0,3.0,3.0,3.0,3.0,3.0,2.048993,-1.0887072,0.7514744,3.1555557
1275,-0.008319191573500959,-0.08225309,0.58688444,-0.44010818,0.9991266,0.0059091332,-0.03999272,0.010569986,-0.063632585,-0.18572634,-0.033926312,0.05368623,-0.0608714,0.81388766,3.0,3.0,3.0,3.0,3.0,3.0,3.0,3.0,3.0,3.0,3.0,3.0,3.0,3.0,3.0,3.0,3.0,3.0,3.0,3.0,3.0,3.0,3.0,3.0,3.0,3.0,3.0,3.0,3.0,3.0,3.0,3.0,3.0,3.0,3.0,3.0,1.2465868,0.7013774,-0.60302305,6.804455
1280,0.030875663372099682,-0.08079591,0.5907729,-0.4385014,0.9990056,0.0057907435,-0.040279888,0.018215656,-0.07759086,-0.1878677,-0.06310332,-0.2181253,-0.14365435,0.7864101,3.0,3.0,3.0,3.0,3.0,3.0,3.0,3.0,3.0,3.0,3.0,3.0,3.0,3.0,3.0,3.0,3.0,3.0,3.0,3.0,3.0,3.0,3.0,3.0,3.0,3.0,3.0,3.0,3.0,3.0,3.0,3.0,3.0,3.0,3.0,3.0,-0.47201538,-0.5048666,0.16100597,2.712452
1285,-0.049263421995191264,-0.07893296,0.5947249,-0.43769455,0.9988258,0.0045575807,-0.042246204,0.023271218,-0.09628691,-0.190676,-0.03650054,-0.15678631,-0.17032534,0.44407818,3.0,3.0,3.0,3.0,3.0,3.0,3.0,3.0,3.0,3.0,3.0,3.0,3.0,3.0,3.0,3.0,3.0,3.0,3.0,3.0,3.0,3.0,3.0,3.0,3.0,3.0,3.0,3.0,3.0,3.0,3.0,3.0,3.0,3.0,3.0,3.0,2.4804063,-1.3126426,-0.29371512,11.346146
1290,0.044588270341223826,-0.07673416,0.5987203,-0.43667898,0.9986952,0.0038553043,-0.04184009,0.02902601,-0.10988615,-0.19226228,-0.078655675,-0.09922429,0.10929112,0.5432016,3.0,3.0,3.0,3.0,3.0,3.0,3.0,3.0,3.0,3.0,3.0,3.0,3.0,3.0,3.0,3.0,3.0,3.0,3.0,3.0,3.0,3.0,3.0,3.0,3.0,3.0,3.0,3.0,3.0,3.0,3.0,3.0,3.0,3.0,3.0,3.0,-2.5204597,-0.42281532,-0.7846708,-0.14306259
1295,0.03872966940285549,-0.07425718,0.6027459,-0.4347566,0.99851006,0.0026462942,-0.042257257,0.03442335,-0.12509382,-0.19387424,-0.098907106,-0.21443479,-0.15109472,0.34041482,3.0,3.0,3.0,3.0,3.0,3.0,3.0,3.0,3.0,3.0,3.0,3.0,3.0,3.0,3.0,3.0,3.0,3.0,3.0,3.0,3.0,3.0,3.0,3.0,3.0,3.0,3.0,3.0,3.0,3.0,3.0,3.0,3.0,3.0,3.0,3.0,0.097990036,2.1366239,0.37470448,-1.9882851
1300,0.059198063041951535,-0.07131425,0.60681427,-0.43416372,0.99852407,0.0007800644,-0.04159626,0.034911834,-0.14864539,-0.19575508,-0.022053145,-0.17965199,0.20232464,-0.062049985,3.0,3.0,3.0,3.0,3.0,3.0,3.0,3.0,3.0,3.0,3.0,3.0,3.0,3.0,3.0,3.0,3.0,3.0,3.0,3.0,3.0,3.0,3.0,3.0,3.0,3.0,3.0,3.0,3.0,3.0,3.0,3.0,3.0,3.0,3.0,3.0,0.6207123,0.4626031,-0.10842657,-0.4604721
1305,0.0159285222114159,-0.06807305,0.6108961,-0.4329283,0.99866855,-0.0027266035,-0.03898699,0.0336702,-0.16332927,-0.1959426,-0.043701544,-0.37917152,0.19799607,-0.08902169,3.0,3.0,3.0,3.0,3.0,3.0,3.0,3.0,3.0,3.0,3.0,3.0,3.0,3.0,3.0,3.0,3.0,3.0,3.0,3.0,3.0,3.0,3.0,3.0,3.0,3.0,3.0,3.0,3.0,3.0,3.0,3.0,3.0,3.0,3.0,3.0,-2.9951363,-3.802129,-0.35640556,2.1283646
1310,0.027686105432423704,-0.06438532,0.6149622,-0.4331509,0.9988331,-0.005123542,-0.03717182,0.030403683,-0.18616669,-0.19453031,0.04808515,-0.16826771,0.25110412,-0.3483926,3.0,3.0,3.0,3.0,3.0,3.0,3.0,3.0,3.0,3.0,3.0,3.0,3.0,3.0,3.0,3.0,3.0,3.0,3.0,3.0,3.0,3.0,3.0,3.0,3.0,3.0,3.0,3.0,3.0,3.0,3.0,3.0,3.0,3.0,3.0,3.0,2.3971767,-0.13400221,0.34747112,0.59464645
1315,0.004790640407032323,-0.060323257,0.61899316,-0.43410906,0.99916077,-0.005839738,-0.032016885,0.024872009,-0.19965385,-0.19284834,0.03117739,-0.1580011,0.583118,-0.66227674,3.0,3.0,3.0,3.0,3.0,3.0,3.0,3.0,3.0,3.0,3.0,3.0,3.0,3.0,3.0,3.0,3.0,3.0,3.0,3.0,3.0,3.0,3.0,3.0,3.0,3.0,3.0,3.0,3.0,3.0,3.0,3.0,3.0,3.0,3.0,3.0,-0.98474264,4.334319,-0.76470983,1.2880173
1320,-0.00857024651226615,-0.055969942,0.62297565,-0.43530923,0.9994176,-0.008284075,-0.02665319,0.019631311,-0.21453995,-0.1899762,0.06967052,-0.19984438,0.5458584,-0.30421823,3.0,3.0,3.0,3.0,3.0,3.0,3.0,3.0,3.0,3.0,3.0,3.0,3.0,3.0,3.0,3.0,3.0,3.0,3.0,3.0,3.0,3.0,3.0,3.0,3.0,3.0,3.0,3.0,3.0,3.0,3.0,3.0,3.0,3.0,3.0,3.0,0.80927086,-3.0658832,0.2214067,4.6898384
1325,-0.0015884109149659278,-0.051403385,0.62690294,-0.43605968,0.9996032,-0.008924873,-0.019377582,0.018390762,-0.2207617,-0.18786685,-0.010937065,-0.07147219,0.695981,-0.12671342,3.0,3.0,3.0,3.0,3.0,3.0,3.0,3.0,3.0,3.0,3.0,3.0,3.0,3.0,3.0,3.0,3.0,3.0,3.0,3.0,3.0,3.0,3.0,3.0,3.0,3.0,3.0,3.0,3.0,3.0,3.0,3.0,3.0,3.0,3.0,3.0,-3.7270832,2.5473332,-0.018581688,-3.7992592
1330,-0.004534845692918815,-0.046712436,0.63077134,-0.43572643,0.999704,-0.010138765,-0.014288058,0.016881106,-0.22758977,-0.18426129,-0.025286527,-0.021414146,0.3942127,-0.40292078,3.0,3.0,3.0,3.0,3.0,3.0,3.0,3.0,3.0,3.0,3.0,3.0,3.0,3.0,3.0,3.0,3.0,3.0,3.0,3.0,3.0,3.0,3.0,3.0,3.0,3.0,3.0,3.0,3.0,3.0,3.0,3.0,3.0,3.0,3.0,3.0,1.1463633,2.1384244,0.71468735,5.652069
1335,0.01225469184738312,-0.041861817,0.63453114,-0.43649763,0.999809,-0.012167274,-0.009226689,0.012196361,-0.23452955,-0.17889586,0.026469816,-0.17995748,0.5684426,-0.32542545,3.0,3.0,3.0,3.0,3.0,3.0,3.0,3.0,3.0,3.0,3.0,3.0,3.0,3.0,3.0,3.0,3.0,3.0,3.0,3.0,3.0,3.0,3.0,3.0,3.0,3.0,3.0,3.0,3.0,3.0,3.0,3.0,3.0,3.0,3.0,3.0,-3.5438595,-0.74913406,-0.18818903,-2.6826668
1340,0.02718521285261087,-0.03695317,0.63821983,-0.43597472,0.9998651,-0.013486686,-0.0044456087,0.008250576,-0.23664352,-0.17485231,-0.022286877,-0.26726687,0.3148995,-0.21592668,3.0,3.0,3.0,3.0,3.0,3.0,3.0,3.0,3.0,3.0,3.0,3.0,3.0,3.0,3.0,3.0,3.0,3.0,3.0,3.0,3.0,3.0,3.0,3.0,3.0,3.0,3.0,3.0,3.0,3.0,3.0,3.0,3.0,3.0,3.0,3.0,-1.2785375,-3.1892772,-0.7981912,-2.1311798
1345,0.01708496471373308,-0.032013386,0.64181477,-0.43458784,0.9998298,-0.016987683,-0.0018467142,0.0069554797,-0.23748223,-0.17033085,-0.074371345,-0.44350988,0.14057305,0.001517087,3.0,3.0,3.0,3.0,3.0,3.0,3.0,3.0,3.0,3.0,3.0,3.0,3.0,3.0,3.0,3.0,3.0,3.0,3.0,3.0,3.0,3.0,3.0,3.0,3.0,3.0,3.0,3.0,3.0,3.0,3.0,3.0,3.0,3.0,3.0,3.0,-1.3259053,-4.955841,-0.3596505,2.6299973
1350,0.027719503641060336,-0.027060172,0.6452777,-0.4328868,0.99979,-0.019171031,-0.00021148307,0.0072391904,-0.23787126,-0.1637203,-0.09617806,-0.08577732,0.2321119,0.12121365,3.0,3.0,3.0,3.0,3.0,3.0,3.0,3.0,3.0,3.0,3.0,3.0,3.0,3.0,3.0,3.0,3.0,3.0,3.0,3.0,3.0,3.0,3.0,3.0,3.0,3.0,3.0,3.0,3.0,3.0,3.0,3.0,3.0,3.0,3.0,3.0,-1.2495897,-4.574017,-0.80921113,-2.4822998
1355,0.02041227623260153,-0.022107469,0.6486425,-0.42946997,0.99976873,-0.019728895,0.00186784,0.008354024,-0.23756275,-0.15970932,-0.2014295,0.042801432,0.10268178,0.01566147,3.0,3.0,3.0,3.0,3.0,3.0,3.0,3.0,3.0,3.0,3.0,3.0,3.0,3.0,3.0,3.0,3.0,3.0,3.0,3.0,3.0,3.0,3.0,3.0,3.0,3.0,3.0,3.0,3.0,3.0,3.0,3.0,3.0,3.0,3.0,3.0,2.0956178,-2.0482419,0.67043567,-6.202011
1360,0.043884488547093786,-0.017178068,0.65177405,-0.4276418,0.9997962,-0.019192077,0.0027868624,0.005602173,-0.2360365,-0.1452284,-0.03926095,-0.1486094,0.2644351,-0.5716357,3.0,3.0,3.0,3.0,3.0,3.0,3.0,3.0,3.0,3.0,3.0,3.0,3.0,3.0,3.0,3.0,3.0,3.0,3.0,3.0,3.0,3.0,3.0,3.0,3.0,3.0,3.0,3.0,3.0,3.0,3.0,3.0,3.0,3.0,3.0,3.0,1.74685,-0.3012886,0.3769529,0.6716881
1365,0.03793679083327138,-0.01228331,0.6546638,-0.42777902,0.99977016,-0.02006316,0.0059910226,0.004602552,-0.23424795,-0.1357852,-0.0013423306,-0.012924139,0.22686724,-0.0073485454,3.0,3.0,3.0,3.0,3.0,3.0,3.0,3.0,3.0,3.0,3.0,3.0,3.0,3.0,3.0,3.0,3.0,3.0,3.0,3.0,3.0,3.0,3.0,3.0,3.0,3.0,3.0,3.0,3.0,3.0,3.0,3.0,3.0,3.0,3.0,3.0,0.25790787,-0.77698994,0.3189639,-3.045044
1370,-0.007429096580068281,-0.00743604,0.6573923,-0.42767283,0.9997468,-0.019011639,0.009584711,0.0072839013,-0.23177181,-0.1288501,-0.033836346,0.022884531,0.2732373,0.3508649,3.0,3.0,3.0,3.0,3.0,3.0,3.0,3.0,3.0,3.0,3.0,3.0,3.0,3.0,3.0,3.0,3.0,3.0,3.0,3.0,3.0,3.0,3.0,3.0,3.0,3.0,3.0,3.0,3.0,3.0,3.0,3.0,3.0,3.0,3.0,3.0,-1.6774077,-0.96362734,-0.6574693,-8.052032
1375,-0.027738456933741815,-0.0026325122,0.66003126,-0.42556095,0.99967784,-0.01905282,0.0121007385,0.011610675,-0.22973073,-0.12526226,-0.14755325,-0.0082579255,0.24332343,0.42562115,3.0,3.0,3.0,3.0,3.0,3.0,3.0,3.0,3.0,3.0,3.0,3.0,3.0,3.0,3.0,3.0,3.0,3.0,3.0,3.0,3.0,3.0,3.0,3.0,3.0,3.0,3.0,3.0,3.0,3.0,3.0,3.0,3.0,3.0,3.0,3.0,-1.3758917,4.32992,-0.53260064,-10.608841
1380,0.01634108661668421,0.0021242544,0.6625975,-0.42102268,0.999581,-0.019169753,0.014548565,0.016086642,-0.22733144,-0.12178293,-0.2646767,-0.009373825,0.24292397,0.42512557,3.0,3.0,3.0,3.0,3.0,3.0,3.0,3.0,3.0,3.0,3.0,3.0,3.0,3.0,3.0,3.0,3.0,3.0,3.0,3.0,3.0,3.0,3.0,3.0,3.0,3.0,3.0,3.0,3.0,3.0,3.0,3.0,3.0,3.0,3.0,3.0,-3.9600134,3.2728672,-0.82745683,-6.6643066
1385,0.048324308531093554,0.0068246396,0.66508925,-0.41408202,0.9994524,-0.019490754,0.016792167,0.020810267,-0.2242396,-0.11792395,-0.37301564,-0.099228635,0.14718412,0.54965854,3.0,3.0,3.0,3.0,3.0,3.0,3.0,3.0,3.0,3.0,3.0,3.0,3.0,3.0,3.0,3.0,3.0,3.0,3.0,3.0,3.0,3.0,3.0,3.0,3.0,3.0,3.0,3.0,3.0,3.0,3.0,3.0,3.0,3.0,3.0,3.0,-4.6436796,1.4102411,0.021605492,-3.0228004
1390,0.024652553448181444,0.011382495,0.66740656,-0.40717766,0.999321,-0.02091574,0.015212444,0.02624279,-0.21473163,-0.10603535,-0.29002038,-0.1133226,-0.17892301,0.18422653,3.0,3.0,3.0,3.0,3.0,3.0,3.0,3.0,3.0,3.0,3.0,3.0,3.0,3.0,3.0,3.0,3.0,3.0,3.0,3.0,3.0,3.0,3.0,3.0,3.0,3.0,3.0,3.0,3.0,3.0,3.0,3.0,3.0,3.0,3.0,3.0,-1.5014782,-0.7302947,0.65602183,-7.4705353
1395,0.06993398318163224,0.015710074,0.6694056,-0.40345266,0.99929065,-0.02231468,0.015241195,0.026229437,-0.20405065,-0.09041413,-0.13585612,-0.11779075,0.082863875,-0.22522092,3.0,3.0,3.0,3.0,3.0,3.0,3.0,3.0,3.0,3.0,3.0,3.0,3.0,3.0,3.0,3.0,3.0,3.0,3.0,3.0,3.0,3.0,3.0,3.0,3.0,3.0,3.0,3.0,3.0,3.0,3.0,3.0,3.0,3.0,3.0,3.0,0.64788723,1.1101856,-0.4654826,-2.0891762
1400,0.007587910876031834,0.019858612,0.67113334,-0.4014639,0.9993786,-0.023798335,0.016362695,0.020204661,-0.19427744,-0.075514294,-0.015998125,-0.29905817,0.20678285,-0.8194412,3.0,3.0,3.0,3.0,3.0,3.0,3.0,3.0,3.0,3.0,3.0,3.0,3.0,3.0,3.0,3.0,3.0,3.0,3.0,3.0,3.0,3.0,3.0,3.0,3.0,3.0,3.0,3.0,3.0,3.0,3.0,3.0,3.0,3.0,3.0,3.0,1.2213774,-2.948438,0.46699226,-4.7872047
1405,0.01366420331581003,0.023784228,0.6725285,-0.40225682,0.999394,-0.024889674,0.019814605,0.014125342,-0.1841498,-0.061000913,0.076443546,-0.021115728,0.41697696,-0.51956576,3.0,3.0,3.0,3.0,3.0,3.0,3.0,3.0,3.0,3.0,3.0,3.0,3.0,3.0,3.0,3.0,3.0,3.0,3.0,3.0,3.0,3.0,3.0,3.0,3.0,3.0,3.0,3.0,3.0,3.0,3.0,3.0,3.0,3.0,3.0,3.0,-1.7636738,3.436141,-0.4912628,-3.9446754
1410,0.02142391955539158,0.027569845,0.6737376,-0.40250707,0.99934447,-0.025211947,0.024555484,0.008487492,-0.17907904,-0.05504475,-0.010763077,-0.16162983,0.539031,-0.6802977,3.0,3.0,3.0,3.0,3.0,3.0,3.0,3.0,3.0,3.0,3.0,3.0,3.0,3.0,3.0,3.0,3.0,3.0,3.0,3.0,3.0,3.0,3.0,3.0,3.0,3.0,3.0,3.0,3.0,3.0,3.0,3.0,3.0,3.0,3.0,3.0,-2.627355,4.438897,-0.33998936,-1.4063644
1415,0.003443966424514888,0.03121175,0.6747939,-0.40148565,0.9991784,-0.027043335,0.029961156,0.0036802737,-0.17232926,-0.04828094,-0.08456505,-0.17074,0.5260616,-0.38767317,3.0,3.0,3.0,3.0,3.0,3.0,3.0,3.0,3.0,3.0,3.0,3.0,3.0,3.0,3.0,3.0,3.0,3.0,3.0,3.0,3.0,3.0,3.0,3.0,3.0,3.0,3.0,3.0,3.0,3.0,3.0,3.0,3.0,3.0,3.0,3.0,-3.7072966,1.8607769,0.46585155,6.587555
1420,0.02605277779067422,0.03461724,0.6756307,-0.40026218,0.9990408,-0.029170878,0.032655016,0.00051870383,-0.15912586,-0.036294732,-0.072319664,-0.11603669,0.09571571,-0.4363959,3.0,3.0,3.0,3.0,3.0,3.0,3.0,3.0,3.0,3.0,3.0,3.0,3.0,3.0,3.0,3.0,3.0,3.0,3.0,3.0,3.0,3.0,3.0,3.0,3.0,3.0,3.0,3.0,3.0,3.0,3.0,3.0,3.0,3.0,3.0,3.0,2.4519863,-2.9467118,0.61279917,4.5869064
1425,0.03748730253655605,0.037711766,0.676191,-0.3995467,0.99889463,-0.030968212,0.035208844,-0.0032837987,-0.14469826,-0.023523577,-0.05921158,-0.24704197,0.3108985,-0.34434217,3.0,3.0,3.0,3.0,3.0,3.0,3.0,3.0,3.0,3.0,3.0,3.0,3.0,3.0,3.0,3.0,3.0,3.0,3.0,3.0,3.0,3.0,3.0,3.0,3.0,3.0,3.0,3.0,3.0,3.0,3.0,3.0,3.0,3.0,3.0,3.0,-1.7809596,-3.5512938,-0.07521713,3.7187958
1430,0.06072340002394043,0.040481787,0.67646855,-0.39917696,0.99875337,-0.032016113,0.037908047,-0.005447905,-0.12633212,-0.0075598876,-0.008012047,0.027796054,0.38356045,-0.030537557,3.0,3.0,3.0,3.0,3.0,3.0,3.0,3.0,3.0,3.0,3.0,3.0,3.0,3.0,3.0,3.0,3.0,3.0,3.0,3.0,3.0,3.0,3.0,3.0,3.0,3.0,3.0,3.0,3.0,3.0,3.0,3.0,3.0,3.0,3.0,3.0,-1.1071992,-0.27715588,-0.84634733,2.9107552
1435,0.037605333597040255,0.04302901,0.67655694,-0.39753953,0.9986015,-0.031736467,0.041907154,-0.00562655,-0.11946399,-0.002042942,-0.1256456,0.027781095,0.38311642,-0.030503592,3.0,3.0,3.0,3.0,3.0,3.0,3.0,3.0,3.0,3.0,3.0,3.0,3.0,3.0,3.0,3.0,3.0,3.0,3.0,3.0,3.0,3.0,3.0,3.0,3.0,3.0,3.0,3.0,3.0,3.0,3.0,3.0,3.0,3.0,3.0,3.0,-3.5252821,-0.24278212,-0.6583507,5.8751106
1440,0.04714411067622712,0.045424476,0.6765312,-0.3934522,0.9984337,-0.031456456,0.045900956,-0.005804905,-0.111902155,0.0034142078,-0.24321048,0.027766114,0.38267305,-0.03046981,3.0,3.0,3.0,3.0,3.0,3.0,3.0,3.0,3.0,3.0,3.0,3.0,3.0,3.0,3.0,3.0,3.0,3.0,3.0,3.0,3.0,3.0,3.0,3.0,3.0,3.0,3.0,3.0,3.0,3.0,3.0,3.0,3.0,3.0,3.0,3.0,-4.5800757,-0.17173481,-0.73154044,5.5678673
1445,0.03719222648640996,0.047652986,0.676392,-0.38692474,0.9982494,-0.031181533,0.049885385,-0.0061097336,-0.1036019,0.008840805,-0.36020735,0.02640305,0.38127753,-0.04557508,3.0,3.0,3.0,3.0,3.0,3.0,3.0,3.0,3.0,3.0,3.0,3.0,3.0,3.0,3.0,3.0,3.0,3.0,3.0,3.0,3.0,3.0,3.0,3.0,3.0,3.0,3.0,3.0,3.0,3.0,3.0,3.0,3.0,3.0,3.0,3.0,-4.9018183,1.3293815,-0.74701595,8.011833
1450,0.06999974964847117,0.049684864,0.67613155,-0.37810576,0.9980714,-0.031126777,0.05339907,-0.0057625654,-0.091803536,0.015869932,-0.4503143,-0.006737112,0.231019,0.07595933,3.0,3.0,3.0,3.0,3.0,3.0,3.0,3.0,3.0,3.0,3.0,3.0,3.0,3.0,3.0,3.0,3.0,3.0,3.0,3.0,3.0,3.0,3.0,3.0,3.0,3.0,3.0,3.0,3.0,3.0,3.0,3.0,3.0,3.0,3.0,3.0,-4.7634387,-3.3078015,-0.66111076,-4.707741
1455,0.0883592092027248,0.051447924,0.67571646,-0.3675471,0.9980069,-0.030966666,0.054747693,-0.0051006083,-0.078020014,0.023621859,-0.5283577,-0.03971113,-0.015536561,0.18270573,3.0,3.0,3.0,3.0,3.0,3.0,3.0,3.0,3.0,3.0,3.0,3.0,3.0,3.0,3.0,3.0,3.0,3.0,3.0,3.0,3.0,3.0,3.0,3.0,3.0,3.0,3.0,3.0,3.0,3.0,3.0,3.0,3.0,3.0,3.0,3.0,-4.622777,-1.5907078,-0.26331198,4.2075005
1460,0.03122697799237431,0.0528258,0.6750869,-0.35623866,0.99814034,-0.030738773,0.05247394,-0.0041878074,-0.055332303,0.036264554,-0.52544326,0.073734015,-0.353939,0.028420962,3.0,3.0,3.0,3.0,3.0,3.0,3.0,3.0,3.0,3.0,3.0,3.0,3.0,3.0,3.0,3.0,3.0,3.0,3.0,3.0,3.0,3.0,3.0,3.0,3.0,3.0,3.0,3.0,3.0,3.0,3.0,3.0,3.0,3.0,3.0,3.0,-4.2915034,0.4476552,0.70269156,10.589645
1465,0.0741681965593515,0.053385455,0.6739873,-0.3483722,0.99840623,-0.02926934,0.048007447,-0.004856321,-0.0085706115,0.06356183,-0.28124723,0.23083846,-0.5489204,-0.18774286,3.0,3.0,3.0,3.0,3.0,3.0,3.0,3.0,3.0,3.0,3.0,3.0,3.0,3.0,3.0,3.0,3.0,3.0,3.0,3.0,3.0,3.0,3.0,3.0,3.0,3.0,3.0,3.0,3.0,3.0,3.0,3.0,3.0,3.0,3.0,3.0,3.3173895,3.8844824,-0.36868823,-0.7175064
1470,0.05388115330643328,0.05317077,0.67242527,-0.34405476,0.99857324,-0.028937196,0.044113286,-0.008254288,0.025138706,0.084110975,-0.13007681,-0.09960044,-0.2911221,-0.33502245,3.0,3.0,3.0,3.0,3.0,3.0,3.0,3.0,3.0,3.0,3.0,3.0,3.0,3.0,3.0,3.0,3.0,3.0,3.0,3.0,3.0,3.0,3.0,3.0,3.0,3.0,3.0,3.0,3.0,3.0,3.0,3.0,3.0,3.0,3.0,3.0,0.89222527,-3.5306306,-0.33809084,-5.695568
1475,0.03990998644799651,0.052363027,0.67048794,-0.34201887,0.998696,-0.02967176,0.040311847,-0.010037314,0.049074087,0.09993108,-0.060024846,0.12720464,-0.30934912,-0.05531398,3.0,3.0,3.0,3.0,3.0,3.0,3.0,3.0,3.0,3.0,3.0,3.0,3.0,3.0,3.0,3.0,3.0,3.0,3.0,3.0,3.0,3.0,3.0,3.0,3.0,3.0,3.0,3.0,3.0,3.0,3.0,3.0,3.0,3.0,3.0,3.0,3.814146,2.1672325,0.30700934,-6.0559654
1480,0.07469350653126304,0.05103569,0.6681876,-0.3419385,0.9987029,-0.028843097,0.040462103,-0.011109981,0.067654274,0.11322429,-0.036783874,0.1109265,0.04411905,-0.09184944,3.0,3.0,3.0,3.0,3.0,3.0,3.0,3.0,3.0,3.0,3.0,3.0,3.0,3.0,3.0,3.0,3.0,3.0,3.0,3.0,3.0,3.0,3.0,3.0,3.0,3.0,3.0,3.0,3.0,3.0,3.0,3.0,3.0,3.0,3.0,3.0,-4.0586987,0.19130278,-0.9485866,2.774826
1485,0.10430417470310799,0.04953333,0.6657653,-0.3397645,0.998712,-0.02787325,0.040745195,-0.0117137525,0.075921044,0.11883196,-0.13938239,0.011228256,-0.054236572,0.055021018,3.0,3.0,3.0,3.0,3.0,3.0,3.0,3.0,3.0,3.0,3.0,3.0,3.0,3.0,3.0,3.0,3.0,3.0,3.0,3.0,3.0,3.0,3.0,3.0,3.0,3.0,3.0,3.0,3.0,3.0,3.0,3.0,3.0,3.0,3.0,3.0,-2.2721765,2.042035,-0.86631286,-0.8052788
1490,0.07529018801079379,0.047786985,0.66318023,-0.3363274,0.9987968,-0.02758545,0.03889809,-0.011441452,0.09253132,0.12991002,-0.13965748,-0.00031645695,-0.24091354,-0.1388995,3.0,3.0,3.0,3.0,3.0,3.0,3.0,3.0,3.0,3.0,3.0,3.0,3.0,3.0,3.0,3.0,3.0,3.0,3.0,3.0,3.0,3.0,3.0,3.0,3.0,3.0,3.0,3.0,3.0,3.0,3.0,3.0,3.0,3.0,3.0,3.0,1.7151113,-1.1360307,-0.39989388,-5.6141243
1495,0.0791982597982698,0.045718264,0.6603758,-0.3327019,0.99891204,-0.02768923,0.035377514,-0.012508727,0.108507745,0.14114271,-0.13405326,-0.07720868,-0.45368242,-0.012558193,3.0,3.0,3.0,3.0,3.0,3.0,3.0,3.0,3.0,3.0,3.0,3.0,3.0,3.0,3.0,3.0,3.0,3.0,3.0,3.0,3.0,3.0,3.0,3.0,3.0,3.0,3.0,3.0,3.0,3.0,3.0,3.0,3.0,3.0,3.0,3.0,1.5365386,-3.6088934,-0.030335367,3.3871803
1500,0.06926720818370252,0.043226544,0.65725935,-0.33063668,0.9990845,-0.025739027,0.032058418,-0.011833231,0.12726487,0.15556557,-0.06862892,0.21196994,-0.15246783,0.034027196,3.0,3.0,3.0,3.0,3.0,3.0,3.0,3.0,3.0,3.0,3.0,3.0,3.0,3.0,3.0,3.0,3.0,3.0,3.0,3.0,3.0,3.0,3.0,3.0,3.0,3.0,3.0,3.0,3.0,3.0,3.0,3.0,3.0,3.0,3.0,3.0,-0.13532734,1.3383541,-0.3852628,6.3169174
1505,0.06412556048454243,0.04044446,0.6539172,-0.32870334,0.9990951,-0.025256727,0.031399716,-0.013607499,0.14021699,0.16556162,-0.06986257,-0.11473047,-0.18947622,-0.15190674,3.0,3.0,3.0,3.0,3.0,3.0,3.0,3.0,3.0,3.0,3.0,3.0,3.0,3.0,3.0,3.0,3.0,3.0,3.0,3.0,3.0,3.0,3.0,3.0,3.0,3.0,3.0,3.0,3.0,3.0,3.0,3.0,3.0,3.0,3.0,3.0,0.28395367,-2.877646,0.57870984,5.8740387
1510,0.10438794919504837,0.037346568,0.650332,-0.32748806,0.99911827,-0.02505972,0.030077377,-0.015167827,0.15326458,0.17570132,-0.06614647,0.12638567,-0.26944596,-0.3003616,3.0,3.0,3.0,3.0,3.0,3.0,3.0,3.0,3.0,3.0,3.0,3.0,3.0,3.0,3.0,3.0,3.0,3.0,3.0,3.0,3.0,3.0,3.0,3.0,3.0,3.0,3.0,3.0,3.0,3.0,3.0,3.0,3.0,3.0,3.0,3.0,1.9810572,-1.0928416,0.22664273,1.1669044
1515,0.09499652255531504,0.03396406,0.6465202,-0.32667157,0.9991393,-0.023294954,0.030570373,-0.015603949,0.16523284,0.18519135,-0.07272013,0.11846856,0.06433779,0.023849096,3.0,3.0,3.0,3.0,3.0,3.0,3.0,3.0,3.0,3.0,3.0,3.0,3.0,3.0,3.0,3.0,3.0,3.0,3.0,3.0,3.0,3.0,3.0,3.0,3.0,3.0,3.0,3.0,3.0,3.0,3.0,3.0,3.0,3.0,3.0,3.0,-3.6830904,-2.417913,-0.024895012,1.4000473
1520,0.08823269976955278,0.030433243,0.64259785,-0.32407397,0.9991991,-0.021430807,0.02968876,-0.016140483,0.17192785,0.18998739,-0.16536702,0.11875454,-0.1433888,0.024683572,3.0,3.0,3.0,3.0,3.0,3.0,3.0,3.0,3.0,3.0,3.0,3.0,3.0,3.0,3.0,3.0,3.0,3.0,3.0,3.0,3.0,3.0,3.0,3.0,3.0,3.0,3.0,3.0,3.0,3.0,3.0,3.0,3.0,3.0,3.0,3.0,-3.424399,-1.9865074,0.59833694,-3.9815178
1525,0.08155931899322144,0.026614392,0.63847625,-0.32205862,0.99935347,-0.018575061,0.027481016,-0.013872735,0.1878254,0.20087335,-0.10026329,0.21992904,-0.28421798,0.3794288,3.0,3.0,3.0,3.0,3.0,3.0,3.0,3.0,3.0,3.0,3.0,3.0,3.0,3.0,3.0,3.0,3.0,3.0,3.0,3.0,3.0,3.0,3.0,3.0,3.0,3.0,3.0,3.0,3.0,3.0,3.0,3.0,3.0,3.0,3.0,3.0,-0.13697672,-0.21362162,-0.7627177,-5.7928085
1530,0.058476421817628105,0.022613298,0.6342347,-0.31908476,0.9995226,-0.016092619,0.024201896,-0.010480082,0.19603103,0.2061661,-0.14780316,0.27758923,-0.35470796,0.24369545,3.0,3.0,3.0,3.0,3.0,3.0,3.0,3.0,3.0,3.0,3.0,3.0,3.0,3.0,3.0,3.0,3.0,3.0,3.0,3.0,3.0,3.0,3.0,3.0,3.0,3.0,3.0,3.0,3.0,3.0,3.0,3.0,3.0,3.0,3.0,3.0,1.1439791,1.1778517,0.52750075,7.8719025
1535,0.051779461649194,0.01836723,0.6298351,-0.3168057,0.999627,-0.0145289535,0.021154692,-0.00933978,0.20714141,0.21330485,-0.11689193,0.017429605,-0.38838327,0.20070781,3.0,3.0,3.0,3.0,3.0,3.0,3.0,3.0,3.0,3.0,3.0,3.0,3.0,3.0,3.0,3.0,3.0,3.0,3.0,3.0,3.0,3.0,3.0,3.0,3.0,3.0,3.0,3.0,3.0,3.0,3.0,3.0,3.0,3.0,3.0,3.0,-2.7221851,-0.9990525,-0.2893145,8.869335
1540,0.08124024597866386,0.013935835,0.6253134,-0.31463933,0.999727,-0.013295293,0.018115817,-0.006403534,0.21528436,0.21882439,-0.11973328,0.20500764,-0.20918638,0.39143205,3.0,3.0,3.0,3.0,3.0,3.0,3.0,3.0,3.0,3.0,3.0,3.0,3.0,3.0,3.0,3.0,3.0,3.0,3.0,3.0,3.0,3.0,3.0,3.0,3.0,3.0,3.0,3.0,3.0,3.0,3.0,3.0,3.0,3.0,3.0,3.0,-0.5271416,1.6174607,-0.1377083,5.982937
1545,0.05029697061821209,0.009377719,0.6207006,-0.3117461,0.9998399,-0.012045042,0.0131860925,-0.0010964756,0.22184421,0.2238242,-0.12429337,0.31762707,-0.69885474,0.27790597,3.0,3.0,3.0,3.0,3.0,3.0,3.0,3.0,3.0,3.0,3.0,3.0,3.0,3.0,3.0,3.0,3.0,3.0,3.0,3.0,3.0,3.0,3.0,3.0,3.0,3.0,3.0,3.0,3.0,3.0,3.0,3.0,3.0,3.0,3.0,3.0,4.168149,-1.3209982,0.07641184,7.362438
1550,0.12006944723699839,0.00469009,0.6159793,-0.30921367,0.99992526,-0.008341544,0.008670069,0.002184087,0.22660792,0.22809835,-0.12477225,0.18410987,-0.26347294,0.109853715,3.0,3.0,3.0,3.0,3.0,3.0,3.0,3.0,3.0,3.0,3.0,3.0,3.0,3.0,3.0,3.0,3.0,3.0,3.0,3.0,3.0,3.0,3.0,3.0,3.0,3.0,3.0,3.0,3.0,3.0,3.0,3.0,3.0,3.0,3.0,3.0,2.322359,0.1632266,-0.38031173,-1.8091545
1555,0.06016245484686558,-6.946723e-05,0.6111905,-0.30652604,0.9999529,-0.0061686817,0.0072739865,0.0018003834,0.23010758,0.23140378,-0.09996552,0.15044422,-0.041834954,-0.20842732,3.0,3.0,3.0,3.0,3.0,3.0,3.0,3.0,3.0,3.0,3.0,3.0,3.0,3.0,3.0,3.0,3.0,3.0,3.0,3.0,3.0,3.0,3.0,3.0,3.0,3.0,3.0,3.0,3.0,3.0,3.0,3.0,3.0,3.0,3.0,3.0,1.4276915,-2.859984,0.255965,7.778969
1560,0.09705024973995718,-0.0048976955,0.60634243,-0.3044119,0.9999618,-0.0031573626,0.0078736,0.0021089672,0.23257013,0.23316146,-0.124460466,0.29099002,-0.09722532,0.025323287,3.0,3.0,3.0,3.0,3.0,3.0,3.0,3.0,3.0,3.0,3.0,3.0,3.0,3.0,3.0,3.0,3.0,3.0,3.0,3.0,3.0,3.0,3.0,3.0,3.0,3.0,3.0,3.0,3.0,3.0,3.0,3.0,3.0,3.0,3.0,3.0,-1.2809896,3.0316439,0.44996393,-3.3371124
1565,0.019912877457262446,-0.0098204445,0.60145414,-0.3045416,0.9999696,-0.0021030565,0.0069024987,0.0029498863,0.23807754,0.2352617,0.058620747,0.04774145,0.13934134,0.0010927622,3.0,3.0,3.0,3.0,3.0,3.0,3.0,3.0,3.0,3.0,3.0,3.0,3.0,3.0,3.0,3.0,3.0,3.0,3.0,3.0,3.0,3.0,3.0,3.0,3.0,3.0,3.0,3.0,3.0,3.0,3.0,3.0,3.0,3.0,3.0,3.0,-2.5569952,-3.2429729,-0.7053213,-10.901371
1570,0.08046518590863208,-0.014814571,0.59654576,-0.30586773,0.99997437,-0.0004185133,0.007146423,4.781608e-05,0.24108605,0.23585159,0.084890045,0.13440421,0.045029957,-0.46265855,3.0,3.0,3.0,3.0,3.0,3.0,3.0,3.0,3.0,3.0,3.0,3.0,3.0,3.0,3.0,3.0,3.0,3.0,3.0,3.0,3.0,3.0,3.0,3.0,3.0,3.0,3.0,3.0,3.0,3.0,3.0,3.0,3.0,3.0,3.0,3.0,3.814498,0.8233671,0.57535577,-0.5469742
1575,0.07352191836186799,-0.019877493,0.5916317,-0.30806094,0.99993914,1.0550234e-05,0.009041237,-0.006319565,0.24406362,0.23585032,0.09438266,0.21129641,0.17139472,-0.62256914,3.0,3.0,3.0,3.0,3.0,3.0,3.0,3.0,3.0,3.0,3.0,3.0,3.0,3.0,3.0,3.0,3.0,3.0,3.0,3.0,3.0,3.0,3.0,3.0,3.0,3.0,3.0,3.0,3.0,3.0,3.0,3.0,3.0,3.0,3.0,3.0,1.3994503,2.5374727,0.12674463,3.4596672
1580,0.05650111338094689,-0.025013028,0.5867215,-0.3103858,0.99985665,-6.783589e-05,0.010444913,-0.013327688,0.24827173,0.23552772,0.12420717,-0.16354175,0.0074893697,-0.49056196,3.0,3.0,3.0,3.0,3.0,3.0,3.0,3.0,3.0,3.0,3.0,3.0,3.0,3.0,3.0,3.0,3.0,3.0,3.0,3.0,3.0,3.0,3.0,3.0,3.0,3.0,3.0,3.0,3.0,3.0,3.0,3.0,3.0,3.0,3.0,3.0,-3.1690192,-3.6776972,-0.31240368,-4.259735
1585,0.06556745597282326,-0.030263072,0.58181685,-0.3143172,0.99976355,-0.0007260625,0.0094693275,-0.019560143,0.2554593,0.23546854,0.279861,-0.008613257,-0.16009848,-0.6292644,3.0,3.0,3.0,3.0,3.0,3.0,3.0,3.0,3.0,3.0,3.0,3.0,3.0,3.0,3.0,3.0,3.0,3.0,3.0,3.0,3.0,3.0,3.0,3.0,3.0,3.0,3.0,3.0,3.0,3.0,3.0,3.0,3.0,3.0,3.0,3.0,1.9334149,-1.519824,0.13615441,-2.4791183
1590,0.0700000442925936,-0.035620093,0.5769131,-0.3196121,0.999676,0.0016841174,0.010090456,-0.023308054,0.25781137,0.23525308,0.21407013,0.25888553,0.08117807,-0.32875958,3.0,3.0,3.0,3.0,3.0,3.0,3.0,3.0,3.0,3.0,3.0,3.0,3.0,3.0,3.0,3.0,3.0,3.0,3.0,3.0,3.0,3.0,3.0,3.0,3.0,3.0,3.0,3.0,3.0,3.0,3.0,3.0,3.0,3.0,3.0,3.0,-2.4435205,3.216589,0.09061384,-0.40742493
1595,0.05964512792104423,-0.04103492,0.5720244,-0.32392636,0.99970716,0.0017029528,0.008379631,-0.022638153,0.2614626,0.23418215,0.2138989,0.059591502,-0.113895245,0.30566525,3.0,3.0,3.0,3.0,3.0,3.0,3.0,3.0,3.0,3.0,3.0,3.0,3.0,3.0,3.0,3.0,3.0,3.0,3.0,3.0,3.0,3.0,3.0,3.0,3.0,3.0,3.0,3.0,3.0,3.0,3.0,3.0,3.0,3.0,3.0,3.0,-0.7312727,-0.324481,0.35296535,4.7985306
1600,0.04618901044151777,-0.04652868,0.56716245,-0.3289658,0.99971956,0.0024764428,0.0070321234,-0.022478,0.26483446,0.23283528,0.24458651,-0.05875165,0.009916215,-0.113403656,3.0,3.0,3.0,3.0,3.0,3.0,3.0,3.0,3.0,3.0,3.0,3.0,3.0,3.0,3.0,3.0,3.0,3.0,3.0,3.0,3.0,3.0,3.0,3.0,3.0,3.0,3.0,3.0,3.0,3.0,3.0,3.0,3.0,3.0,3.0,3.0,0.89303255,-4.22229,0.59781194,4.006672
1605,0.06907766964283826,-0.052078087,0.5623295,-0.33404058,0.99973935,0.0033314484,0.0084899645,-0.020929236,0.26690045,0.23160417,0.2042882,0.021968978,0.077226385,0.22570363,3.0,3.0,3.0,3.0,3.0,3.0,3.0,3.0,3.0,3.0,3.0,3.0,3.0,3.0,3.0,3.0,3.0,3.0,3.0,3.0,3.0,3.0,3.0,3.0,3.0,3.0,3.0,3.0,3.0,3.0,3.0,3.0,3.0,3.0,3.0,3.0,-2.126401,-3.1793177,0.419626,-0.19246674
1610,0.03863310622748024,-0.057690024,0.5575321,-0.33913803,0.99979067,0.003839335,0.0071014096,-0.018800218,0.27084577,0.2293554,0.26895124,-0.054350257,0.043586448,0.1574639,3.0,3.0,3.0,3.0,3.0,3.0,3.0,3.0,3.0,3.0,3.0,3.0,3.0,3.0,3.0,3.0,3.0,3.0,3.0,3.0,3.0,3.0,3.0,3.0,3.0,3.0,3.0,3.0,3.0,3.0,3.0,3.0,3.0,3.0,3.0,3.0,-2.611968,-2.3671076,0.6574013,4.7726746
1615,0.008065663279009497,-0.063379504,0.5527871,-0.34585726,0.9997286,0.004325743,0.0064179827,-0.02197287,0.2739831,0.22704457,0.31499818,0.16267127,-0.19687502,-0.5467565,3.0,3.0,3.0,3.0,3.0,3.0,3.0,3.0,3.0,3.0,3.0,3.0,3.0,3.0,3.0,3.0,3.0,3.0,3.0,3.0,3.0,3.0,3.0,3.0,3.0,3.0,3.0,3.0,3.0,3.0,3.0,3.0,3.0,3.0,3.0,3.0,2.9564724,3.539156,0.05549097,6.7016907
1620,0.0639556338719016,-0.0691206,0.5480874,-0.35281315,0.99954957,0.005487132,0.0069852676,-0.028666733,0.27653065,0.22459486,0.33923468,-0.024266725,0.038811285,-0.56125116,3.0,3.0,3.0,3.0,3.0,3.0,3.0,3.0,3.0,3.0,3.0,3.0,3.0,3.0,3.0,3.0,3.0,3.0,3.0,3.0,3.0,3.0,3.0,3.0,3.0,3.0,3.0,3.0,3.0,3.0,3.0,3.0,3.0,3.0,3.0,3.0,-0.6478033,0.5377722,0.21693265,1.8121338
1625,0.03786038373810871,-0.074916996,0.54344493,-0.36028025,0.99940425,0.0063830107,0.0058337664,-0.03341226,0.27894384,0.22199182,0.34274554,0.17984204,-0.082631335,-0.41617596,3.0,3.0,3.0,3.0,3.0,3.0,3.0,3.0,3.0,3.0,3.0,3.0,3.0,3.0,3.0,3.0,3.0,3.0,3.0,3.0,3.0,3.0,3.0,3.0,3.0,3.0,3.0,3.0,3.0,3.0,3.0,3.0,3.0,3.0,3.0,3.0,-2.5389194,2.8418303,0.60166335,1.5562286
1630,0.04248223541891845,-0.08075539,0.5388603,-0.36773422,0.99936837,0.0076193665,0.0043254746,-0.034439232,0.28065044,0.21919978,0.33211267,0.18408203,-0.087983765,-0.021114761,3.0,3.0,3.0,3.0,3.0,3.0,3.0,3.0,3.0,3.0,3.0,3.0,3.0,3.0,3.0,3.0,3.0,3.0,3.0,3.0,3.0,3.0,3.0,3.0,3.0,3.0,3.0,3.0,3.0,3.0,3.0,3.0,3.0,3.0,3.0,3.0,-3.043753,1.4607897,-0.19959998,3.3357544
1635,0.0626444806122209,-0.086606674,0.53431416,-0.37318286,0.9993479,0.009566892,0.0034741773,-0.03464356,0.28098345,0.2175182,0.21450399,0.1838788,-0.08793392,-0.021094086,3.0,3.0,3.0,3.0,3.0,3.0,3.0,3.0,3.0,3.0,3.0,3.0,3.0,3.0,3.0,3.0,3.0,3.0,3.0,3.0,3.0,3.0,3.0,3.0,3.0,3.0,3.0,3.0,3.0,3.0,3.0,3.0,3.0,3.0,3.0,3.0,0.17783737,-0.31900597,-0.5808392,-3.9017868
1640,0.07566779872971294,-0.09246308,0.529807,-0.37618318,0.9993229,0.01151224,0.0026233122,-0.03484753,0.28117096,0.21551695,0.09704198,0.18367581,-0.08788405,-0.021073615,3.0,3.0,3.0,3.0,3.0,3.0,3.0,3.0,3.0,3.0,3.0,3.0,3.0,3.0,3.0,3.0,3.0,3.0,3.0,3.0,3.0,3.0,3.0,3.0,3.0,3.0,3.0,3.0,3.0,3.0,3.0,3.0,3.0,3.0,3.0,3.0,-3.3674266,-1.7642567,-0.17772436,-0.8620529
1645,0.028202829947843316,-0.09832306,0.5253562,-0.3771661,0.99929136,0.013169989,0.000857616,-0.03525073,0.28140765,0.2117332,0.037932675,0.1495514,-0.35305852,-0.05776889,3.0,3.0,3.0,3.0,3.0,3.0,3.0,3.0,3.0,3.0,3.0,3.0,3.0,3.0,3.0,3.0,3.0,3.0,3.0,3.0,3.0,3.0,3.0,3.0,3.0,3.0,3.0,3.0,3.0,3.0,3.0,3.0,3.0,3.0,3.0,3.0,1.3742886,-2.8923063,-0.16726887,8.164608
1650,0.08578940211916213,-0.10418219,0.52100617,-0.3775464,0.99936163,0.0142555395,-0.0012998815,-0.03273266,0.28103647,0.20660675,0.011246934,-0.056684956,-0.22378692,0.41173497,3.0,3.0,3.0,3.0,3.0,3.0,3.0,3.0,3.0,3.0,3.0,3.0,3.0,3.0,3.0,3.0,3.0,3.0,3.0,3.0,3.0,3.0,3.0,3.0,3.0,3.0,3.0,3.0,3.0,3.0,3.0,3.0,3.0,3.0,3.0,3.0,-1.8317599,-1.3292208,-0.3036381,-2.1163025
1655,0.08213720049047862,-0.11002389,0.51676494,-0.37735984,0.99946254,0.015412536,-0.0038460426,-0.028675912,0.27981088,0.20099296,-0.0018074522,0.2695399,-0.21996105,0.44095635,3.0,3.0,3.0,3.0,3.0,3.0,3.0,3.0,3.0,3.0,3.0,3.0,3.0,3.0,3.0,3.0,3.0,3.0,3.0,3.0,3.0,3.0,3.0,3.0,3.0,3.0,3.0,3.0,3.0,3.0,3.0,3.0,3.0,3.0,3.0,3.0,-1.3200788,0.014375687,-0.5727229,-2.9678993
1660,0.08479949702725326,-0.115835726,0.5126269,-0.3762475,0.9995511,0.017635679,-0.006620345,-0.023295376,0.27819544,0.19646785,-0.07213256,0.104567155,-0.37229288,0.6213532,3.0,3.0,3.0,3.0,3.0,3.0,3.0,3.0,3.0,3.0,3.0,3.0,3.0,3.0,3.0,3.0,3.0,3.0,3.0,3.0,3.0,3.0,3.0,3.0,3.0,3.0,3.0,3.0,3.0,3.0,3.0,3.0,3.0,3.0,3.0,3.0,-1.082376,-1.8273039,-0.023978293,-2.1410294
1665,0.041161139221140675,-0.12158067,0.508649,-0.37532604,0.9995637,0.019944267,-0.011019909,-0.018794302,0.2733125,0.18587321,0.00517333,-0.048532173,-0.6135265,0.64039326,3.0,3.0,3.0,3.0,3.0,3.0,3.0,3.0,3.0,3.0,3.0,3.0,3.0,3.0,3.0,3.0,3.0,3.0,3.0,3.0,3.0,3.0,3.0,3.0,3.0,3.0,3.0,3.0,3.0,3.0,3.0,3.0,3.0,3.0,3.0,3.0,1.2448001,-3.5453794,0.76082826,3.7371445
1670,0.038799713869951596,-0.12718302,0.50493634,-0.37685326,0.9995943,0.02108212,-0.015912496,-0.0106589375,0.26738834,0.17596754,0.045937777,0.15129422,-0.4325614,0.8643845,3.0,3.0,3.0,3.0,3.0,3.0,3.0,3.0,3.0,3.0,3.0,3.0,3.0,3.0,3.0,3.0,3.0,3.0,3.0,3.0,3.0,3.0,3.0,3.0,3.0,3.0,3.0,3.0,3.0,3.0,3.0,3.0,3.0,3.0,3.0,3.0,0.25525618,0.65354824,-0.5011013,5.5840645
1675,-0.04198622633170668,-0.13267845,0.501362,-0.37734944,0.99950826,0.023766015,-0.02030611,-0.0024553558,0.2592886,0.16624856,0.06196944,0.24777433,-0.26958632,0.66034514,3.0,3.0,3.0,3.0,3.0,3.0,3.0,3.0,3.0,3.0,3.0,3.0,3.0,3.0,3.0,3.0,3.0,3.0,3.0,3.0,3.0,3.0,3.0,3.0,3.0,3.0,3.0,3.0,3.0,3.0,3.0,3.0,3.0,3.0,3.0,3.0,1.7925811,0.02149105,0.12810612,13.287361
1680,-0.05236162960582519,-0.1379783,0.49801642,-0.3785182,0.999417,0.026690891,-0.02113853,0.0025341406,0.25219035,0.15800428,0.025204862,0.24376775,-0.11899713,0.51384073,3.0,3.0,3.0,3.0,3.0,3.0,3.0,3.0,3.0,3.0,3.0,3.0,3.0,3.0,3.0,3.0,3.0,3.0,3.0,3.0,3.0,3.0,3.0,3.0,3.0,3.0,3.0,3.0,3.0,3.0,3.0,3.0,3.0,3.0,3.0,3.0,0.89699554,2.5394554,-0.7568167,15.20789
1685,0.07947149562401591,-0.14313275,0.4948491,-0.3787694,0.99935734,0.028154783,-0.0210223,0.0070930417,0.24519488,0.1492347,-0.019671546,0.10417811,0.030972973,0.3932972,3.0,3.0,3.0,3.0,3.0,3.0,3.0,3.0,3.0,3.0,3.0,3.0,3.0,3.0,3.0,3.0,3.0,3.0,3.0,3.0,3.0,3.0,3.0,3.0,3.0,3.0,3.0,3.0,3.0,3.0,3.0,3.0,3.0,3.0,3.0,3.0,-1.1712518,-2.5095854,-0.40465558,1.1192055
1690,0.04853754458885988,-0.14813343,0.49188545,-0.378309,0.99927074,0.030608928,-0.021154478,0.008576964,0.23500599,0.13531855,0.014536297,0.42693412,0.021112533,0.09195494,3.0,3.0,3.0,3.0,3.0,3.0,3.0,3.0,3.0,3.0,3.0,3.0,3.0,3.0,3.0,3.0,3.0,3.0,3.0,3.0,3.0,3.0,3.0,3.0,3.0,3.0,3.0,3.0,3.0,3.0,3.0,3.0,3.0,3.0,3.0,3.0,2.3266954,2.8100023,-0.45723045,3.9564514
1695,0.05385636059620229,-0.152963,0.48916215,-0.37757614,0.99918866,0.034036823,-0.01986886,0.008293266,0.23006071,0.1280678,-0.076498054,0.30333644,0.15224014,-0.028573828,3.0,3.0,3.0,3.0,3.0,3.0,3.0,3.0,3.0,3.0,3.0,3.0,3.0,3.0,3.0,3.0,3.0,3.0,3.0,3.0,3.0,3.0,3.0,3.0,3.0,3.0,3.0,3.0,3.0,3.0,3.0,3.0,3.0,3.0,3.0,3.0,-1.575712,0.12343216,-0.48908222,5.8163757
1700,0.033577376344978274,-0.15766655,0.48665214,-0.3756637,0.99909157,0.037478153,-0.018846024,0.0075004175,0.22056535,0.110810995,-0.039523777,0.29388425,0.0968016,-0.031106193,3.0,3.0,3.0,3.0,3.0,3.0,3.0,3.0,3.0,3.0,3.0,3.0,3.0,3.0,3.0,3.0,3.0,3.0,3.0,3.0,3.0,3.0,3.0,3.0,3.0,3.0,3.0,3.0,3.0,3.0,3.0,3.0,3.0,3.0,3.0,3.0,-2.5862207,1.0663395,-0.44170797,6.8417206
1705,0.00027007157373451496,-0.1621551,0.4845564,-0.37507743,0.9989891,0.039332278,-0.019154886,0.010336087,0.21252443,0.09467291,-0.033284828,0.12998551,-0.092563756,0.51112854,3.0,3.0,3.0,3.0,3.0,3.0,3.0,3.0,3.0,3.0,3.0,3.0,3.0,3.0,3.0,3.0,3.0,3.0,3.0,3.0,3.0,3.0,3.0,3.0,3.0,3.0,3.0,3.0,3.0,3.0,3.0,3.0,3.0,3.0,3.0,3.0,-2.1304572,-0.67098427,-0.7385043,-9.673321
1710,-0.019613682521173653,-0.1665089,0.48273548,-0.37371063,0.99880904,0.041862536,-0.020277258,0.014724439,0.20441492,0.07787347,-0.029683983,0.4654371,-0.06818606,0.19849259,3.0,3.0,3.0,3.0,3.0,3.0,3.0,3.0,3.0,3.0,3.0,3.0,3.0,3.0,3.0,3.0,3.0,3.0,3.0,3.0,3.0,3.0,3.0,3.0,3.0,3.0,3.0,3.0,3.0,3.0,3.0,3.0,3.0,3.0,3.0,3.0,-2.7677834,3.4547882,0.073631644,10.423355
1715,0.05503737712120457,-0.17067689,0.4813013,-0.37274414,0.9986523,0.043906752,-0.021594344,0.017304998,0.1959806,0.060248278,-0.030567981,-0.053989258,-0.16650319,0.2579023,3.0,3.0,3.0,3.0,3.0,3.0,3.0,3.0,3.0,3.0,3.0,3.0,3.0,3.0,3.0,3.0,3.0,3.0,3.0,3.0,3.0,3.0,3.0,3.0,3.0,3.0,3.0,3.0,3.0,3.0,3.0,3.0,3.0,3.0,3.0,3.0,2.2475185,-2.7887483,-0.38810682,2.4684677
1720,0.05880151101350177,-0.1746705,0.4802299,-0.37161556,0.9985338,0.04534598,-0.022927918,0.018662894,0.18888089,0.045719072,-0.07198375,0.20090073,-0.107810594,0.13370086,3.0,3.0,3.0,3.0,3.0,3.0,3.0,3.0,3.0,3.0,3.0,3.0,3.0,3.0,3.0,3.0,3.0,3.0,3.0,3.0,3.0,3.0,3.0,3.0,3.0,3.0,3.0,3.0,3.0,3.0,3.0,3.0,3.0,3.0,3.0,3.0,-0.47101402,3.8134022,-0.2204665,2.0783348
1725,0.07363460918837823,-0.1785379,0.47941372,-0.369031,0.99841183,0.047074724,-0.023278235,0.020394502,0.18267871,0.033133768,-0.14154612,0.008056188,-0.039431766,0.18402424,3.0,3.0,3.0,3.0,3.0,3.0,3.0,3.0,3.0,3.0,3.0,3.0,3.0,3.0,3.0,3.0,3.0,3.0,3.0,3.0,3.0,3.0,3.0,3.0,3.0,3.0,3.0,3.0,3.0,3.0,3.0,3.0,3.0,3.0,3.0,3.0,-0.6894331,-2.6691089,-0.06938994,-1.5614357
1730,0.06251339174932008,-0.1821915,0.47904125,-0.36683667,0.99832463,0.048837714,-0.024915257,0.018494328,0.17055988,0.007944647,-0.08482044,0.023401622,0.029809486,-0.4158583,3.0,3.0,3.0,3.0,3.0,3.0,3.0,3.0,3.0,3.0,3.0,3.0,3.0,3.0,3.0,3.0,3.0,3.0,3.0,3.0,3.0,3.0,3.0,3.0,3.0,3.0,3.0,3.0,3.0,3.0,3.0,3.0,3.0,3.0,3.0,3.0,2.2594337,0.037075996,0.5260998,0.36912537
1735,0.032429034677314096,-0.18553004,0.47931305,-0.36694005,0.99849075,0.04829142,-0.023895716,0.010638264,0.15332532,-0.027153268,0.06629256,-0.099163264,0.21847694,-0.91556954,3.0,3.0,3.0,3.0,3.0,3.0,3.0,3.0,3.0,3.0,3.0,3.0,3.0,3.0,3.0,3.0,3.0,3.0,3.0,3.0,3.0,3.0,3.0,3.0,3.0,3.0,3.0,3.0,3.0,3.0,3.0,3.0,3.0,3.0,3.0,3.0,0.8241439,-1.5015125,0.8529241,0.471447
1740,-0.02261606820061626,-0.18847433,0.4803947,-0.37108847,0.99876696,0.04466947,-0.021649636,0.0006969571,0.13332216,-0.06856424,0.29251266,-0.38405967,0.2662745,-0.8788921,3.0,3.0,3.0,3.0,3.0,3.0,3.0,3.0,3.0,3.0,3.0,3.0,3.0,3.0,3.0,3.0,3.0,3.0,3.0,3.0,3.0,3.0,3.0,3.0,3.0,3.0,3.0,3.0,3.0,3.0,3.0,3.0,3.0,3.0,3.0,3.0,0.59927416,-4.016651,0.67183733,-0.23612213
1745,-0.07936182524684482,-0.19104637,0.48224896,-0.37938216,0.9989555,0.041542806,-0.018289622,-0.0052521564,0.11743418,-0.1019409,0.46471077,-0.3014613,0.3222638,-0.30290496,3.0,3.0,3.0,3.0,3.0,3.0,3.0,3.0,3.0,3.0,3.0,3.0,3.0,3.0,3.0,3.0,3.0,3.0,3.0,3.0,3.0,3.0,3.0,3.0,3.0,3.0,3.0,3.0,3.0,3.0,3.0,3.0,3.0,3.0,3.0,3.0,-0.8295264,-3.7551541,0.46584702,7.547676
1750,-0.02904543955252671,-0.19338572,0.48460647,-0.38932657,0.9990019,0.040819086,-0.01582584,-0.0088633215,0.109819815,-0.11863823,0.46274173,-0.08062898,0.22415724,-0.15799388,3.0,3.0,3.0,3.0,3.0,3.0,3.0,3.0,3.0,3.0,3.0,3.0,3.0,3.0,3.0,3.0,3.0,3.0,3.0,3.0,3.0,3.0,3.0,3.0,3.0,3.0,3.0,3.0,3.0,3.0,3.0,3.0,3.0,3.0,3.0,3.0,-1.439055,-1.3824382,0.32241273,3.42453
1755,-0.05543998457977464,-0.19558223,0.48730206,-0.3991697,0.9990409,0.03930365,-0.0155966,-0.011366448,0.10134113,-0.13961583,0.5166863,-0.43764514,-0.09019831,-0.11807705,3.0,3.0,3.0,3.0,3.0,3.0,3.0,3.0,3.0,3.0,3.0,3.0,3.0,3.0,3.0,3.0,3.0,3.0,3.0,3.0,3.0,3.0,3.0,3.0,3.0,3.0,3.0,3.0,3.0,3.0,3.0,3.0,3.0,3.0,3.0,3.0,2.0207,-4.677363,0.21968865,-1.709259
1760,-0.06100833268007621,-0.19763619,0.49034587,-0.40912068,0.9991715,0.03666194,-0.01483244,-0.00960399,0.09717964,-0.14931853,0.4388369,-0.29891315,0.022936326,0.27434647,3.0,3.0,3.0,3.0,3.0,3.0,3.0,3.0,3.0,3.0,3.0,3.0,3.0,3.0,3.0,3.0,3.0,3.0,3.0,3.0,3.0,3.0,3.0,3.0,3.0,3.0,3.0,3.0,3.0,3.0,3.0,3.0,3.0,3.0,3.0,3.0,-2.8629925,-2.481062,0.11963856,-5.8055573
1765,-0.060548724966110655,-0.19958995,0.49361846,-0.41795555,0.9991772,0.03606429,-0.016264299,-0.0089292545,0.09073459,-0.16388015,0.4378234,0.13255887,-0.09055954,0.13771616,3.0,3.0,3.0,3.0,3.0,3.0,3.0,3.0,3.0,3.0,3.0,3.0,3.0,3.0,3.0,3.0,3.0,3.0,3.0,3.0,3.0,3.0,3.0,3.0,3.0,3.0,3.0,3.0,3.0,3.0,3.0,3.0,3.0,3.0,3.0,3.0,3.6202326,3.5859632,0.26329064,5.079014
1770,-0.10808168712416244,-0.20140037,0.49720028,-0.42687982,0.999123,0.03764148,-0.016537936,-0.007932958,0.085208796,-0.17543173,0.39576575,0.15850219,-0.022703454,0.10308683,3.0,3.0,3.0,3.0,3.0,3.0,3.0,3.0,3.0,3.0,3.0,3.0,3.0,3.0,3.0,3.0,3.0,3.0,3.0,3.0,3.0,3.0,3.0,3.0,3.0,3.0,3.0,3.0,3.0,3.0,3.0,3.0,3.0,3.0,3.0,3.0,0.36867523,1.0563984,0.39862072,11.955902
1775,-0.028261286583694378,-0.203089,0.5010442,-0.4351284,0.99914366,0.037218392,-0.014854585,-0.010299658,0.078701295,-0.18980874,0.38606438,-0.06796775,0.033836767,-0.26079297,3.0,3.0,3.0,3.0,3.0,3.0,3.0,3.0,3.0,3.0,3.0,3.0,3.0,3.0,3.0,3.0,3.0,3.0,3.0,3.0,3.0,3.0,3.0,3.0,3.0,3.0,3.0,3.0,3.0,3.0,3.0,3.0,3.0,3.0,3.0,3.0,1.7906284,-2.4075234,0.91351986,-0.45515823
1780,-0.04485822477212768,-0.20463476,0.50522184,-0.44365355,0.9991372,0.036608223,-0.013983497,-0.013752527,0.07251389,-0.20447652,0.38213563,-0.025565038,0.07516765,-0.39683747,3.0,3.0,3.0,3.0,3.0,3.0,3.0,3.0,3.0,3.0,3.0,3.0,3.0,3.0,3.0,3.0,3.0,3.0,3.0,3.0,3.0,3.0,3.0,3.0,3.0,3.0,3.0,3.0,3.0,3.0,3.0,3.0,3.0,3.0,3.0,3.0,-3.0508642,1.6826572,0.647257,3.0303802
1785,-0.034780531686088946,-0.20607641,0.5096472,-0.45137313,0.9991693,0.034734152,-0.014746493,-0.015388194,0.06795516,-0.21519023,0.3290656,-0.14268716,-0.010684973,-0.084134854,3.0,3.0,3.0,3.0,3.0,3.0,3.0,3.0,3.0,3.0,3.0,3.0,3.0,3.0,3.0,3.0,3.0,3.0,3.0,3.0,3.0,3.0,3.0,3.0,3.0,3.0,3.0,3.0,3.0,3.0,3.0,3.0,3.0,3.0,3.0,3.0,1.6685905,-0.25185013,0.5059024,4.490532
1790,-0.025460436512940943,-0.20740959,0.514312,-0.4583486,0.99931973,0.031141784,-0.014601645,-0.013305354,0.06262927,-0.22677341,0.2973423,-0.3525815,-0.039713886,0.17824624,3.0,3.0,3.0,3.0,3.0,3.0,3.0,3.0,3.0,3.0,3.0,3.0,3.0,3.0,3.0,3.0,3.0,3.0,3.0,3.0,3.0,3.0,3.0,3.0,3.0,3.0,3.0,3.0,3.0,3.0,3.0,3.0,3.0,3.0,3.0,3.0,0.93207073,-3.5077488,0.10363603,1.9005013
1795,-0.04376139679370962,-0.2086699,0.5191241,-0.46344757,0.99944305,0.028685873,-0.013889392,-0.009886657,0.05944748,-0.23296176,0.19766426,-0.23986736,0.061043195,0.32663968,3.0,3.0,3.0,3.0,3.0,3.0,3.0,3.0,3.0,3.0,3.0,3.0,3.0,3.0,3.0,3.0,3.0,3.0,3.0,3.0,3.0,3.0,3.0,3.0,3.0,3.0,3.0,3.0,3.0,3.0,3.0,3.0,3.0,3.0,3.0,3.0,-0.36517715,-2.3467546,-0.15849584,7.000519
1800,-0.06991031762603006,-0.2098607,0.5240682,-0.4666642,0.9995172,0.026837442,-0.013285953,-0.008280094,0.055293873,-0.24084237,0.13780674,-0.14937565,0.19574249,0.14236094,3.0,3.0,3.0,3.0,3.0,3.0,3.0,3.0,3.0,3.0,3.0,3.0,3.0,3.0,3.0,3.0,3.0,3.0,3.0,3.0,3.0,3.0,3.0,3.0,3.0,3.0,3.0,3.0,3.0,3.0,3.0,3.0,3.0,3.0,3.0,3.0,-1.3929465,1.2678027,-0.889634,10.774738
1805,0.01542891728172991,-0.21097979,0.5291468,-0.4681903,0.99958026,0.025475796,-0.01183633,-0.007083949,0.052448887,-0.24625072,0.040964037,-0.15700501,-0.00381684,0.13720623,3.0,3.0,3.0,3.0,3.0,3.0,3.0,3.0,3.0,3.0,3.0,3.0,3.0,3.0,3.0,3.0,3.0,3.0,3.0,3.0,3.0,3.0,3.0,3.0,3.0,3.0,3.0,3.0,3.0,3.0,3.0,3.0,3.0,3.0,3.0,3.0,-0.91804457,2.0724888,0.39962316,-1.9627037
1810,-0.018905581372297683,-0.21200582,0.5344093,-0.46918303,0.999657,0.02175999,-0.014099425,-0.003697905,0.047075246,-0.2564943,0.049914744,-0.33505076,-0.35516077,0.21372212,3.0,3.0,3.0,3.0,3.0,3.0,3.0,3.0,3.0,3.0,3.0,3.0,3.0,3.0,3.0,3.0,3.0,3.0,3.0,3.0,3.0,3.0,3.0,3.0,3.0,3.0,3.0,3.0,3.0,3.0,3.0,3.0,3.0,3.0,3.0,3.0,3.7533283,-3.6176753,0.71907103,0.81835175
1815,-0.04218590699745625,-0.21289966,0.53988427,-0.4707484,0.9996727,0.019197863,-0.016905941,-0.00024548365,0.041378517,-0.26471755,0.042562887,-0.19635607,-0.22223869,0.39415437,3.0,3.0,3.0,3.0,3.0,3.0,3.0,3.0,3.0,3.0,3.0,3.0,3.0,3.0,3.0,3.0,3.0,3.0,3.0,3.0,3.0,3.0,3.0,3.0,3.0,3.0,3.0,3.0,3.0,3.0,3.0,3.0,3.0,3.0,3.0,3.0,2.2641668,-0.69203424,-0.11503041,8.305191
1820,-0.03645997111473533,-0.21368808,0.54547775,-0.47122782,0.9996832,0.017589493,-0.017346688,0.004817443,0.034807455,-0.27166227,0.028573083,-0.20486449,-0.0018071352,0.4384946,3.0,3.0,3.0,3.0,3.0,3.0,3.0,3.0,3.0,3.0,3.0,3.0,3.0,3.0,3.0,3.0,3.0,3.0,3.0,3.0,3.0,3.0,3.0,3.0,3.0,3.0,3.0,3.0,3.0,3.0,3.0,3.0,3.0,3.0,3.0,3.0,-0.7829008,-1.8721752,-0.56247103,8.020538
1825,0.024453956968804473,-0.21431328,0.55123425,-0.47214675,0.99968565,0.015411854,-0.017826665,0.008558303,0.027171614,-0.27894688,0.043681335,-0.094155915,-0.09238396,0.28856283,3.0,3.0,3.0,3.0,3.0,3.0,3.0,3.0,3.0,3.0,3.0,3.0,3.0,3.0,3.0,3.0,3.0,3.0,3.0,3.0,3.0,3.0,3.0,3.0,3.0,3.0,3.0,3.0,3.0,3.0,3.0,3.0,3.0,3.0,3.0,3.0,1.4870224,-1.2732527,-0.03149599,-0.5333061
1830,-0.007867480988067967,-0.2147681,0.55713934,-0.47363442,0.9996101,0.014808238,-0.018392198,0.014901678,0.018612958,-0.28607726,0.0793094,-0.08679438,-0.082428776,0.8431695,3.0,3.0,3.0,3.0,3.0,3.0,3.0,3.0,3.0,3.0,3.0,3.0,3.0,3.0,3.0,3.0,3.0,3.0,3.0,3.0,3.0,3.0,3.0,3.0,3.0,3.0,3.0,3.0,3.0,3.0,3.0,3.0,3.0,3.0,3.0,3.0,1.172883,-2.233839,-0.29252845,2.9462357
1835,0.003041752750786216,-0.2150697,0.56316584,-0.47508246,0.9993984,0.014304823,-0.020603536,0.023952436,0.011156672,-0.2918362,0.07772344,-0.09312333,-0.37657496,0.9370997,3.0,3.0,3.0,3.0,3.0,3.0,3.0,3.0,3.0,3.0,3.0,3.0,3.0,3.0,3.0,3.0,3.0,3.0,3.0,3.0,3.0,3.0,3.0,3.0,3.0,3.0,3.0,3.0,3.0,3.0,3.0,3.0,3.0,3.0,3.0,3.0,0.18788433,-0.7699232,0.8366778,0.90559006
1840,0.010015377725963611,-0.21518536,0.5693287,-0.4770711,0.99901164,0.014359535,-0.023406956,0.034952473,0.0039164587,-0.29682374,0.0519962,0.011679631,-0.2611666,1.0810028,3.0,3.0,3.0,3.0,3.0,3.0,3.0,3.0,3.0,3.0,3.0,3.0,3.0,3.0,3.0,3.0,3.0,3.0,3.0,3.0,3.0,3.0,3.0,3.0,3.0,3.0,3.0,3.0,3.0,3.0,3.0,3.0,3.0,3.0,3.0,3.0,0.28230953,0.45355415,-0.66456574,-1.6170502
1845,0.0035624284202545736,-0.21521685,0.5755416,-0.47668684,0.99848604,0.014666151,-0.02595873,0.04622399,-0.00014603412,-0.29916033,-0.06539281,0.014480752,-0.25990826,1.0792615,3.0,3.0,3.0,3.0,3.0,3.0,3.0,3.0,3.0,3.0,3.0,3.0,3.0,3.0,3.0,3.0,3.0,3.0,3.0,3.0,3.0,3.0,3.0,3.0,3.0,3.0,3.0,3.0,3.0,3.0,3.0,3.0,3.0,3.0,3.0,3.0,-0.7652931,-2.4338908,-0.70630395,2.9181747
1850,0.0249633997084873,-0.21515864,0.5818045,-0.47385827,0.9978277,0.014999827,-0.028494969,0.057470396,-0.0046130614,-0.30160987,-0.18267621,0.017236637,-0.25855768,1.0775405,3.0,3.0,3.0,3.0,3.0,3.0,3.0,3.0,3.0,3.0,3.0,3.0,3.0,3.0,3.0,3.0,3.0,3.0,3.0,3.0,3.0,3.0,3.0,3.0,3.0,3.0,3.0,3.0,3.0,3.0,3.0,3.0,3.0,3.0,3.0,3.0,-0.7177477,-2.3535867,-0.6845982,-1.9735985
1855,0.03147427226397442,-0.21500237,0.5881199,-0.4685877,0.99703753,0.015360186,-0.031014707,0.06869035,-0.009478497,-0.30417684,-0.29984516,0.019944223,-0.257117,1.0758393,3.0,3.0,3.0,3.0,3.0,3.0,3.0,3.0,3.0,3.0,3.0,3.0,3.0,3.0,3.0,3.0,3.0,3.0,3.0,3.0,3.0,3.0,3.0,3.0,3.0,3.0,3.0,3.0,3.0,3.0,3.0,3.0,3.0,3.0,3.0,3.0,-0.8988447,3.3786526,-0.8833758,-1.6136589
1860,-0.008336030196373634,-0.21471733,0.5945036,-0.46124756,0.9962397,0.016137313,-0.033094898,0.078426264,-0.016746178,-0.30805257,-0.38378653,0.057350155,-0.2218854,0.7977106,3.0,3.0,3.0,3.0,3.0,3.0,3.0,3.0,3.0,3.0,3.0,3.0,3.0,3.0,3.0,3.0,3.0,3.0,3.0,3.0,3.0,3.0,3.0,3.0,3.0,3.0,3.0,3.0,3.0,3.0,3.0,3.0,3.0,3.0,3.0,3.0,1.2212391,-1.8660331,-0.7544848,9.076256
1865,0.05205150368730925,-0.21428865,0.6009636,-0.45195574,0.99548775,0.01652156,-0.0350323,0.08662523,-0.024737924,-0.3123769,-0.46378073,-0.09548751,-0.10029119,0.6629681,3.0,3.0,3.0,3.0,3.0,3.0,3.0,3.0,3.0,3.0,3.0,3.0,3.0,3.0,3.0,3.0,3.0,3.0,3.0,3.0,3.0,3.0,3.0,3.0,3.0,3.0,3.0,3.0,3.0,3.0,3.0,3.0,3.0,3.0,3.0,3.0,-2.8827314,1.8291407,-0.51047444,-2.463871
1870,-0.003379920662476832,-0.21355514,0.60759187,-0.4429863,0.9948107,0.0144770695,-0.036264088,0.09395209,-0.04436149,-0.3231307,-0.37771448,-0.31007996,-0.12969135,0.6477743,3.0,3.0,3.0,3.0,3.0,3.0,3.0,3.0,3.0,3.0,3.0,3.0,3.0,3.0,3.0,3.0,3.0,3.0,3.0,3.0,3.0,3.0,3.0,3.0,3.0,3.0,3.0,3.0,3.0,3.0,3.0,3.0,3.0,3.0,3.0,3.0,-1.0281224,-4.6011324,-0.03355342,-6.363186
1875,0.042022056665278584,-0.21229339,0.6144923,-0.4373995,0.9942198,0.013381173,-0.038530994,0.09931437,-0.07070457,-0.33605325,-0.20773542,-0.1539113,-0.28713658,0.6334391,3.0,3.0,3.0,3.0,3.0,3.0,3.0,3.0,3.0,3.0,3.0,3.0,3.0,3.0,3.0,3.0,3.0,3.0,3.0,3.0,3.0,3.0,3.0,3.0,3.0,3.0,3.0,3.0,3.0,3.0,3.0,3.0,3.0,3.0,3.0,3.0,1.6126118,0.4939518,-0.49168718,-0.8695717
1880,0.030591047437517067,-0.21057543,0.6215994,-0.43380323,0.9936362,0.011544157,-0.04056226,0.10444397,-0.09241564,-0.34533283,-0.122481234,-0.051238798,-0.14172055,0.5385185,3.0,3.0,3.0,3.0,3.0,3.0,3.0,3.0,3.0,3.0,3.0,3.0,3.0,3.0,3.0,3.0,3.0,3.0,3.0,3.0,3.0,3.0,3.0,3.0,3.0,3.0,3.0,3.0,3.0,3.0,3.0,3.0,3.0,3.0,3.0,3.0,-0.32938147,1.2543535,0.42227054,0.6606293
1885,-0.008296781397977723,-0.20826036,0.628944,-0.4336954,0.99342215,0.009526687,-0.040498108,0.10668448,-0.12338543,-0.3570971,0.06958376,-0.36354333,0.10984471,-0.088688925,3.0,3.0,3.0,3.0,3.0,3.0,3.0,3.0,3.0,3.0,3.0,3.0,3.0,3.0,3.0,3.0,3.0,3.0,3.0,3.0,3.0,3.0,3.0,3.0,3.0,3.0,3.0,3.0,3.0,3.0,3.0,3.0,3.0,3.0,3.0,3.0,-1.4921541,3.0315056,0.40160978,-1.2441292
1890,-0.03373224205786277,-0.20542054,0.6364694,-0.43601146,0.9934323,0.0046887407,-0.041285288,0.1066107,-0.14688395,-0.3641408,0.16277665,-0.53836393,-0.053153906,-0.25329775,3.0,3.0,3.0,3.0,3.0,3.0,3.0,3.0,3.0,3.0,3.0,3.0,3.0,3.0,3.0,3.0,3.0,3.0,3.0,3.0,3.0,3.0,3.0,3.0,3.0,3.0,3.0,3.0,3.0,3.0,3.0,3.0,3.0,3.0,3.0,3.0,0.3116808,-3.6495738,0.5570376,2.7350655
1895,-0.05039426412060357,-0.20201027,0.64412874,-0.44119668,0.9939827,0.00011422514,-0.03930902,0.10224134,-0.17266794,-0.36908352,0.27929574,-0.5051696,0.29259118,-0.5361067,3.0,3.0,3.0,3.0,3.0,3.0,3.0,3.0,3.0,3.0,3.0,3.0,3.0,3.0,3.0,3.0,3.0,3.0,3.0,3.0,3.0,3.0,3.0,3.0,3.0,3.0,3.0,3.0,3.0,3.0,3.0,3.0,3.0,3.0,3.0,3.0,3.0029678,0.9549265,-0.023457766,4.261894
1900,-0.020741264796272255,-0.19822572,0.65182835,-0.4469147,0.994828,-0.006312767,-0.0345955,0.09529215,-0.188233,-0.3697025,0.2807122,-0.659423,0.412542,-0.73704666,3.0,3.0,3.0,3.0,3.0,3.0,3.0,3.0,3.0,3.0,3.0,3.0,3.0,3.0,3.0,3.0,3.0,3.0,3.0,3.0,3.0,3.0,3.0,3.0,3.0,3.0,3.0,3.0,3.0,3.0,3.0,3.0,3.0,3.0,3.0,3.0,0.36235428,-1.1195688,0.05736041,1.2444
1905,-0.04550690401702351,-0.19416888,0.6595104,-0.45220944,0.99575007,-0.011979918,-0.028688151,0.0866908,-0.19915652,-0.36781138,0.24075356,-0.49252173,0.4691658,-1.0549566,3.0,3.0,3.0,3.0,3.0,3.0,3.0,3.0,3.0,3.0,3.0,3.0,3.0,3.0,3.0,3.0,3.0,3.0,3.0,3.0,3.0,3.0,3.0,3.0,3.0,3.0,3.0,3.0,3.0,3.0,3.0,3.0,3.0,3.0,3.0,3.0,1.996222,1.2497187,0.45662367,3.070835
1910,-0.06336528188744785,-0.18985865,0.66710925,-0.4575009,0.99688655,-0.017755082,-0.022284716,0.07352118,-0.21331431,-0.36132613,0.29510808,-0.37331808,0.5596757,-1.4446036,3.0,3.0,3.0,3.0,3.0,3.0,3.0,3.0,3.0,3.0,3.0,3.0,3.0,3.0,3.0,3.0,3.0,3.0,3.0,3.0,3.0,3.0,3.0,3.0,3.0,3.0,3.0,3.0,3.0,3.0,3.0,3.0,3.0,3.0,3.0,3.0,-1.4462132,2.8524961,-0.13821441,3.860588
1915,-0.0473111788274669,-0.18525305,0.6745076,-0.4647535,0.9979539,-0.023309996,-0.014989014,0.057619464,-0.2266409,-0.35009518,0.40081325,-0.5607877,0.70105445,-1.4458457,3.0,3.0,3.0,3.0,3.0,3.0,3.0,3.0,3.0,3.0,3.0,3.0,3.0,3.0,3.0,3.0,3.0,3.0,3.0,3.0,3.0,3.0,3.0,3.0,3.0,3.0,3.0,3.0,3.0,3.0,3.0,3.0,3.0,3.0,3.0,3.0,-0.9274311,0.57795715,0.3242545,-1.4992638
1920,-0.06208223384312441,-0.18045062,0.68167126,-0.4732208,0.9985715,-0.029780943,-0.009474037,0.04333874,-0.23331647,-0.33820894,0.43179786,-0.74433064,0.45075545,-1.562174,3.0,3.0,3.0,3.0,3.0,3.0,3.0,3.0,3.0,3.0,3.0,3.0,3.0,3.0,3.0,3.0,3.0,3.0,3.0,3.0,3.0,3.0,3.0,3.0,3.0,3.0,3.0,3.0,3.0,3.0,3.0,3.0,3.0,3.0,3.0,3.0,0.47513723,-1.0245762,0.13603413,3.0439262
1925,-0.11385166613055256,-0.1755512,0.6885834,-0.48178932,0.99890363,-0.03586366,-0.0024211414,0.029990923,-0.236488,-0.3252568,0.4266305,-0.51953363,0.6036396,-1.121384,3.0,3.0,3.0,3.0,3.0,3.0,3.0,3.0,3.0,3.0,3.0,3.0,3.0,3.0,3.0,3.0,3.0,3.0,3.0,3.0,3.0,3.0,3.0,3.0,3.0,3.0,3.0,3.0,3.0,3.0,3.0,3.0,3.0,3.0,3.0,3.0,-2.4759378,-0.01843214,0.14364457,9.109131
1930,-0.15412261497929095,-0.17062011,0.69525516,-0.48947737,0.9989393,-0.041629527,0.0033045092,0.019401263,-0.23662852,-0.3153428,0.3480612,-0.44952816,0.38302085,-1.1599879,3.0,3.0,3.0,3.0,3.0,3.0,3.0,3.0,3.0,3.0,3.0,3.0,3.0,3.0,3.0,3.0,3.0,3.0,3.0,3.0,3.0,3.0,3.0,3.0,3.0,3.0,3.0,3.0,3.0,3.0,3.0,3.0,3.0,3.0,3.0,3.0,-1.5517969,-2.2898927,0.21878898,-14.325003
1935,-0.11587753842993075,-0.16572034,0.70145273,-0.4985127,0.9989577,-0.04480437,0.005726528,0.006581908,-0.23365429,-0.28200573,0.5287525,-0.11732245,0.18601614,-1.1788406,3.0,3.0,3.0,3.0,3.0,3.0,3.0,3.0,3.0,3.0,3.0,3.0,3.0,3.0,3.0,3.0,3.0,3.0,3.0,3.0,3.0,3.0,3.0,3.0,3.0,3.0,3.0,3.0,3.0,3.0,3.0,3.0,3.0,3.0,3.0,3.0,1.2572279,3.8851109,0.85573864,7.6177864
1940,-0.05330443772306409,-0.16090703,0.7069118,-0.511523,0.9988867,-0.046384446,0.008210873,-0.0025226315,-0.22967505,-0.2531761,0.63763416,-0.018373678,0.15113002,-0.6621951,3.0,3.0,3.0,3.0,3.0,3.0,3.0,3.0,3.0,3.0,3.0,3.0,3.0,3.0,3.0,3.0,3.0,3.0,3.0,3.0,3.0,3.0,3.0,3.0,3.0,3.0,3.0,3.0,3.0,3.0,3.0,3.0,3.0,3.0,3.0,3.0,0.44017744,2.8515105,0.360929,0.955246
1945,-0.09164513719280165,-0.15616244,0.7119824,-0.5243816,0.9986591,-0.048992522,0.012529176,-0.011083541,-0.22678657,-0.23927325,0.5773086,-0.28474158,0.40762654,-0.84408873,3.0,3.0,3.0,3.0,3.0,3.0,3.0,3.0,3.0,3.0,3.0,3.0,3.0,3.0,3.0,3.0,3.0,3.0,3.0,3.0,3.0,3.0,3.0,3.0,3.0,3.0,3.0,3.0,3.0,3.0,3.0,3.0,3.0,3.0,3.0,3.0,-3.2588139,0.36781073,-0.1929543,-6.582443
1950,-0.04301367827474607,-0.15150173,0.7167507,-0.5359969,0.9983907,-0.05074102,0.015180727,-0.02027286,-0.22020887,-0.21750449,0.588286,-0.08751969,0.17981316,-0.70430857,3.0,3.0,3.0,3.0,3.0,3.0,3.0,3.0,3.0,3.0,3.0,3.0,3.0,3.0,3.0,3.0,3.0,3.0,3.0,3.0,3.0,3.0,3.0,3.0,3.0,3.0,3.0,3.0,3.0,3.0,3.0,3.0,3.0,3.0,3.0,3.0,-0.6142998,2.8596497,0.07013786,1.0182037
1955,-0.02366631424003234,-0.14697818,0.7210944,-0.54750335,0.99806,-0.05231464,0.01813444,-0.028470175,-0.21459675,-0.20130856,0.5396935,-0.12146642,0.21199454,-0.7612553,3.0,3.0,3.0,3.0,3.0,3.0,3.0,3.0,3.0,3.0,3.0,3.0,3.0,3.0,3.0,3.0,3.0,3.0,3.0,3.0,3.0,3.0,3.0,3.0,3.0,3.0,3.0,3.0,3.0,3.0,3.0,3.0,3.0,3.0,3.0,3.0,0.6894541,1.5751481,0.1439712,-0.19382858
1960,-0.06917536677278788,-0.1426322,0.7249725,-0.5591794,0.9976587,-0.054890994,0.020343168,-0.035357323,-0.20305976,-0.17246953,0.6078704,-0.5072375,0.055427272,-0.3909176,3.0,3.0,3.0,3.0,3.0,3.0,3.0,3.0,3.0,3.0,3.0,3.0,3.0,3.0,3.0,3.0,3.0,3.0,3.0,3.0,3.0,3.0,3.0,3.0,3.0,3.0,3.0,3.0,3.0,3.0,3.0,3.0,3.0,3.0,3.0,3.0,1.1038771,-2.5858774,0.16955876,-5.4632797
1965,-0.09136637460492586,-0.1385259,0.7282666,-0.5719581,0.9973676,-0.05769081,0.02073386,-0.0387266,-0.19122055,-0.14375491,0.6584984,-0.18389657,0.08393564,-0.28561172,3.0,3.0,3.0,3.0,3.0,3.0,3.0,3.0,3.0,3.0,3.0,3.0,3.0,3.0,3.0,3.0,3.0,3.0,3.0,3.0,3.0,3.0,3.0,3.0,3.0,3.0,3.0,3.0,3.0,3.0,3.0,3.0,3.0,3.0,3.0,3.0,2.1495447,0.57809305,0.75402355,7.7107086
1970,-0.11137501106835582,-0.13469198,0.7308979,-0.5862633,0.99699557,-0.06099244,0.02195367,-0.042400803,-0.18083279,-0.11868799,0.66938853,-0.29951826,0.097224556,-0.22565122,3.0,3.0,3.0,3.0,3.0,3.0,3.0,3.0,3.0,3.0,3.0,3.0,3.0,3.0,3.0,3.0,3.0,3.0,3.0,3.0,3.0,3.0,3.0,3.0,3.0,3.0,3.0,3.0,3.0,3.0,3.0,3.0,3.0,3.0,3.0,3.0,-0.07107496,0.64026356,-0.16239941,10.658478
1975,-0.04061038642253166,-0.13102794,0.7331242,-0.59966654,0.99680537,-0.0625919,0.02441927,-0.043185674,-0.17345439,-0.10121858,0.6071203,-0.10725159,0.27347812,-0.05243082,3.0,3.0,3.0,3.0,3.0,3.0,3.0,3.0,3.0,3.0,3.0,3.0,3.0,3.0,3.0,3.0,3.0,3.0,3.0,3.0,3.0,3.0,3.0,3.0,3.0,3.0,3.0,3.0,3.0,3.0,3.0,3.0,3.0,3.0,3.0,3.0,-0.8567939,1.3816128,-0.4743942,-4.4303093
1980,-0.04451945434514247,-0.12748122,0.7350872,-0.61091506,0.9966442,-0.064233325,0.026878908,-0.043034546,-0.1678422,-0.089113764,0.49856427,-0.20775162,0.19867931,0.08598923,3.0,3.0,3.0,3.0,3.0,3.0,3.0,3.0,3.0,3.0,3.0,3.0,3.0,3.0,3.0,3.0,3.0,3.0,3.0,3.0,3.0,3.0,3.0,3.0,3.0,3.0,3.0,3.0,3.0,3.0,3.0,3.0,3.0,3.0,3.0,3.0,-3.4773111,-1.5026517,0.7455603,-4.8149796
1985,-0.04974232151731787,-0.12419241,0.7365049,-0.622187,0.99645483,-0.06507376,0.027719958,-0.045549918,-0.14904815,-0.049475025,0.6039609,0.09930711,0.16376042,-0.32347924,3.0,3.0,3.0,3.0,3.0,3.0,3.0,3.0,3.0,3.0,3.0,3.0,3.0,3.0,3.0,3.0,3.0,3.0,3.0,3.0,3.0,3.0,3.0,3.0,3.0,3.0,3.0,3.0,3.0,3.0,3.0,3.0,3.0,3.0,3.0,3.0,-1.2103369,3.6122646,-0.23037767,4.790489
1990,0.005713682418377105,-0.12117463,0.7373587,-0.6335795,0.9963361,-0.064980954,0.028859284,-0.047529407,-0.14238885,-0.036098626,0.5028583,-0.014987437,0.079777025,-0.16563375,3.0,3.0,3.0,3.0,3.0,3.0,3.0,3.0,3.0,3.0,3.0,3.0,3.0,3.0,3.0,3.0,3.0,3.0,3.0,3.0,3.0,3.0,3.0,3.0,3.0,3.0,3.0,3.0,3.0,3.0,3.0,3.0,3.0,3.0,3.0,3.0,1.5432739,0.6808181,0.6006025,-0.48244476
1995,-0.01409751787633759,-0.118407145,0.73772085,-0.6445278,0.9961863,-0.06643567,0.030210879,-0.04781683,-0.1275237,-0.0071598613,0.5227293,-0.21961603,0.079822056,0.063455746,3.0,3.0,3.0,3.0,3.0,3.0,3.0,3.0,3.0,3.0,3.0,3.0,3.0,3.0,3.0,3.0,3.0,3.0,3.0,3.0,3.0,3.0,3.0,3.0,3.0,3.0,3.0,3.0,3.0,3.0,3.0,3.0,3.0,3.0,3.0,3.0,0.0852685,-1.7416887,-0.6913023,3.9441032
2000,-50.00423497979902,-0.11584228,0.73769456,-0.6541948,0.99605423,-0.06969561,0.030086534,-0.04597032,-0.12052318,0.006258425,0.4196482,-0.32970744,-0.0010725773,0.2169356,3.0,3.0,3.0,3.0,3.0,3.0,3.0,3.0,3.0,3.0,3.0,3.0,3.0,3.0,3.0,3.0,3.0,3.0,3.0,3.0,3.0,3.0,3.0,3.0,3.0,3.0,3.0,3.0,3.0,3.0,3.0,3.0,3.0,3.0,3.0,3.0,1.411869,-4.277618,-0.045249224,1.0130768
