step,reward,rel_x,rel_y,rel_z,qw,qx,qy,qz,vx,vy,vz,wx,wy,wz,lidar_0,lidar_1,lidar_2,lidar_3,lidar_4,lidar_5,lidar_6,lidar_7,lidar_8,lidar_9,lidar_10,lidar_11,lidar_12,lidar_13,lidar_14,lidar_15,lidar_16,lidar_17,lidar_18,lidar_19,lidar_20,lidar_21,lidar_22,lidar_23,lidar_24,lidar_25,lidar_26,lidar_27,lidar_28,lidar_29,lidar_30,lidar_31,lidar_32,lidar_33,lidar_34,lidar_35,act_vx,act_vy,act_vz,act_yaw
5,-0.09172280876121905,0.012891003,-0.1226324,0.8978864,1.0,0.0,0.0,0.0,0.0,0.0,0.2028851,0.0,0.0,0.0,3.0,3.0,3.0,3.0,3.0,3.0,3.0,3.0,3.0,3.0,3.0,3.0,3.0,3.0,3.0,3.0,3.0,3.0,3.0,3.0,3.0,3.0,3.0,3.0,3.0,3.0,3.0,3.0,3.0,3.0,3.0,3.0,3.0,3.0,3.0,3.0,-4.764194,-1.8260062,0.78152466,23.824158
10,-0.1932066954773234,0.012891819,-0.12263158,0.8911431,0.9999993,0.00070483354,-0.0008816009,-0.00040825765,-0.0001265567,-0.00012648107,0.3798704,0.033699024,-0.11848599,-0.019647239,3.0,3.0,3.0,3.0,3.0,3.0,3.0,3.0,3.0,3.0,3.0,3.0,3.0,3.0,3.0,3.0,3.0,3.0,3.0,3.0,3.0,3.0,3.0,3.0,3.0,3.0,3.0,3.0,3.0,3.0,3.0,3.0,3.0,3.0,3.0,3.0,-4.135932,-0.35506105,0.9845326,37.71559
15,-0.14197650837203574,0.012904631,-0.12262103,0.88046306,0.9999954,0.00045108143,-0.0026736914,-0.0013309247,-0.00095130445,-0.0007252389,0.55061334,-0.15457429,-0.1154828,-0.16727433,3.0,3.0,3.0,3.0,3.0,3.0,3.0,3.0,3.0,3.0,3.0,3.0,3.0,3.0,3.0,3.0,3.0,3.0,3.0,3.0,3.0,3.0,3.0,3.0,3.0,3.0,3.0,3.0,3.0,3.0,3.0,3.0,3.0,3.0,3.0,3.0,1.2947297,-3.6769872,0.9496405,35.779434
20,-0.04550294228572074,0.012950715,-0.122599356,0.86652356,0.99998873,0.0013149757,-0.004530077,-0.0005645117,-0.0030666108,-0.0012766192,0.7297753,-0.028995572,-0.36300772,0.33558124,3.0,3.0,3.0,3.0,3.0,3.0,3.0,3.0,3.0,3.0,3.0,3.0,3.0,3.0,3.0,3.0,3.0,3.0,3.0,3.0,3.0,3.0,3.0,3.0,3.0,3.0,3.0,3.0,3.0,3.0,3.0,3.0,3.0,3.0,3.0,3.0,4.3638144,-2.7509177,0.630327,28.20871
25,0.21771855450371325,0.013047597,-0.12256105,0.8503155,0.99996775,0.004208254,-0.005920927,0.003431427,-0.00607945,-0.0024693834,0.8324273,0.3863439,-0.04117365,0.44436076,3.0,3.0,3.0,3.0,3.0,3.0,3.0,3.0,3.0,3.0,3.0,3.0,3.0,3.0,3.0,3.0,3.0,3.0,3.0,3.0,3.0,3.0,3.0,3.0,3.0,3.0,3.0,3.0,3.0,3.0,3.0,3.0,3.0,3.0,3.0,3.0,-1.96245,3.4257174,0.9628624,2.5595627
30,0.14913174389584338,0.013213614,-0.122482434,0.83233356,0.99989474,0.0072677042,-0.006174868,0.010935152,-0.009398418,-0.004938274,0.88878185,0.3856245,0.24082598,0.84928846,3.0,3.0,3.0,3.0,3.0,3.0,3.0,3.0,3.0,3.0,3.0,3.0,3.0,3.0,3.0,3.0,3.0,3.0,3.0,3.0,3.0,3.0,3.0,3.0,3.0,3.0,3.0,3.0,3.0,3.0,3.0,3.0,3.0,3.0,3.0,3.0,-0.42447853,-3.006782,0.99014366,-11.652775
35,0.273118628978468,0.013456967,-0.12232179,0.812566,0.9998003,0.011597369,-0.0055990447,0.015278614,-0.0129251145,-0.009612992,0.97116107,0.51247317,0.05012437,0.26882243,3.0,3.0,3.0,3.0,3.0,3.0,3.0,3.0,3.0,3.0,3.0,3.0,3.0,3.0,3.0,3.0,3.0,3.0,3.0,3.0,3.0,3.0,3.0,3.0,3.0,3.0,3.0,3.0,3.0,3.0,3.0,3.0,3.0,3.0,3.0,3.0,-0.6358957,0.7240715,0.9047098,1.2271843
40,0.03106647009250424,0.013758279,-0.12205185,0.7919495,0.99966455,0.015913013,-0.0049882606,0.019817386,-0.0154263005,-0.015449058,0.9989263,0.43308306,0.16028485,0.62028974,3.0,3.0,3.0,3.0,3.0,3.0,3.0,3.0,3.0,3.0,3.0,3.0,3.0,3.0,3.0,3.0,3.0,3.0,3.0,3.0,3.0,3.0,3.0,3.0,3.0,3.0,3.0,3.0,3.0,3.0,3.0,3.0,3.0,3.0,3.0,3.0,2.3874655,3.8720036,0.86431384,-25.558432
45,0.0032237319261372854,0.014096527,-0.12166693,0.771741,0.9994793,0.020167688,-0.0009493568,0.025169548,-0.016664404,-0.020988984,0.95926094,0.56119114,0.5718145,0.44221118,3.0,3.0,3.0,3.0,3.0,3.0,3.0,3.0,3.0,3.0,3.0,3.0,3.0,3.0,3.0,3.0,3.0,3.0,3.0,3.0,3.0,3.0,3.0,3.0,3.0,3.0,3.0,3.0,3.0,3.0,3.0,3.0,3.0,3.0,3.0,3.0,0.60169744,-0.41527653,0.9706006,-28.040485
50,0.14964608599294205,0.014442919,-0.12108247,0.75075567,0.9992072,0.026201855,0.0037045951,0.02974313,-0.016134053,-0.03293481,1.0327653,0.4826027,0.15813956,0.55745256,3.0,3.0,3.0,3.0,3.0,3.0,3.0,3.0,3.0,3.0,3.0,3.0,3.0,3.0,3.0,3.0,3.0,3.0,3.0,3.0,3.0,3.0,3.0,3.0,3.0,3.0,3.0,3.0,3.0,3.0,3.0,3.0,3.0,3.0,3.0,3.0,-1.9324594,2.6849995,0.935117,-14.566631
55,0.01253035488442894,0.014753631,-0.12025048,0.72903347,0.99871606,0.032094885,0.004952044,0.038879484,-0.014031686,-0.044737358,1.0471629,0.6539128,0.02318706,0.9667501,3.0,3.0,3.0,3.0,3.0,3.0,3.0,3.0,3.0,3.0,3.0,3.0,3.0,3.0,3.0,3.0,3.0,3.0,3.0,3.0,3.0,3.0,3.0,3.0,3.0,3.0,3.0,3.0,3.0,3.0,3.0,3.0,3.0,3.0,3.0,3.0,3.2811575,0.86353016,0.9894273,-28.152016
60,0.20565614211606004,0.015006954,-0.11912373,0.70674527,0.99823034,0.038605124,0.0047243307,0.0449836,-0.010971046,-0.060055807,1.0749651,0.54812133,-0.06067273,0.43513444,3.0,3.0,3.0,3.0,3.0,3.0,3.0,3.0,3.0,3.0,3.0,3.0,3.0,3.0,3.0,3.0,3.0,3.0,3.0,3.0,3.0,3.0,3.0,3.0,3.0,3.0,3.0,3.0,3.0,3.0,3.0,3.0,3.0,3.0,3.0,3.0,3.4761515,2.5432277,0.7155305,-8.910999
65,0.12238578611132289,0.015201864,-0.117675915,0.684394,0.99772465,0.04384133,0.0057560145,0.050895352,-0.007929651,-0.07792321,1.0943322,0.5145067,0.26585633,0.74093187,3.0,3.0,3.0,3.0,3.0,3.0,3.0,3.0,3.0,3.0,3.0,3.0,3.0,3.0,3.0,3.0,3.0,3.0,3.0,3.0,3.0,3.0,3.0,3.0,3.0,3.0,3.0,3.0,3.0,3.0,3.0,3.0,3.0,3.0,3.0,3.0,0.48655224,0.114889145,0.8690214,-18.575129
70,0.08985300515216083,0.015332413,-0.1158721,0.662079,0.9972295,0.046993054,0.011629091,0.056477763,-0.005224605,-0.09116867,1.0404896,0.17821668,0.5937297,0.6049529,3.0,3.0,3.0,3.0,3.0,3.0,3.0,3.0,3.0,3.0,3.0,3.0,3.0,3.0,3.0,3.0,3.0,3.0,3.0,3.0,3.0,3.0,3.0,3.0,3.0,3.0,3.0,3.0,3.0,3.0,3.0,3.0,3.0,3.0,3.0,3.0,2.2538776,3.8913422,0.85055816,-20.253674
75,0.24376150365717353,0.015364166,-0.11374186,0.64046615,0.99665993,0.048815012,0.01875505,0.06272448,0.0017841894,-0.11108195,1.0505767,0.20721807,0.5334001,0.7247344,3.0,3.0,3.0,3.0,3.0,3.0,3.0,3.0,3.0,3.0,3.0,3.0,3.0,3.0,3.0,3.0,3.0,3.0,3.0,3.0,3.0,3.0,3.0,3.0,3.0,3.0,3.0,3.0,3.0,3.0,3.0,3.0,3.0,3.0,3.0,3.0,-1.1113448,-3.5691457,0.8625066,4.60445
80,0.12464858382103411,0.0152001865,-0.11115413,0.6182746,0.9961807,0.051052,0.023223173,0.06692053,0.01197709,-0.13246098,1.0683279,0.078710675,0.4322157,0.24399415,3.0,3.0,3.0,3.0,3.0,3.0,3.0,3.0,3.0,3.0,3.0,3.0,3.0,3.0,3.0,3.0,3.0,3.0,3.0,3.0,3.0,3.0,3.0,3.0,3.0,3.0,3.0,3.0,3.0,3.0,3.0,3.0,3.0,3.0,3.0,3.0,0.274796,2.70471,0.7056761,18.25167
85,0.05827422221187012,0.014840349,-0.10819795,0.5965839,0.995844,0.051893692,0.028710363,0.06911953,0.022472639,-0.15071031,1.0483196,0.14370257,0.42801976,0.21251382,3.0,3.0,3.0,3.0,3.0,3.0,3.0,3.0,3.0,3.0,3.0,3.0,3.0,3.0,3.0,3.0,3.0,3.0,3.0,3.0,3.0,3.0,3.0,3.0,3.0,3.0,3.0,3.0,3.0,3.0,3.0,3.0,3.0,3.0,3.0,3.0,-3.1088054,3.7946339,0.8203764,24.272583
90,0.2302028677376423,0.014215198,-0.10482094,0.5749239,0.99531204,0.056228228,0.033180006,0.07135441,0.034633517,-0.16890696,1.0255167,0.55158484,0.3860198,0.09187694,3.0,3.0,3.0,3.0,3.0,3.0,3.0,3.0,3.0,3.0,3.0,3.0,3.0,3.0,3.0,3.0,3.0,3.0,3.0,3.0,3.0,3.0,3.0,3.0,3.0,3.0,3.0,3.0,3.0,3.0,3.0,3.0,3.0,3.0,3.0,3.0,-4.6051235,2.1406708,0.7737845,-4.4549065
95,0.21720984426533946,0.013393901,-0.101160124,0.55479896,0.9947654,0.061198715,0.03554265,0.07371048,0.043009833,-0.18083362,0.93026435,0.40544105,0.14221238,0.32387832,3.0,3.0,3.0,3.0,3.0,3.0,3.0,3.0,3.0,3.0,3.0,3.0,3.0,3.0,3.0,3.0,3.0,3.0,3.0,3.0,3.0,3.0,3.0,3.0,3.0,3.0,3.0,3.0,3.0,3.0,3.0,3.0,3.0,3.0,3.0,3.0,-3.4684324,-1.3824267,0.9220991,6.103325
100,-0.08863062156674212,0.012327794,-0.09714452,0.53585654,0.99432355,0.0655798,0.0346823,0.07626962,0.056704007,-0.20109387,0.896018,0.24109453,-0.049380958,0.19995445,3.0,3.0,3.0,3.0,3.0,3.0,3.0,3.0,3.0,3.0,3.0,3.0,3.0,3.0,3.0,3.0,3.0,3.0,3.0,3.0,3.0,3.0,3.0,3.0,3.0,3.0,3.0,3.0,3.0,3.0,3.0,3.0,3.0,3.0,3.0,3.0,-0.4376707,-0.36551332,0.9452553,37.796753
105,0.2433453138627651,0.010909018,-0.0925812,0.51676136,0.99457836,0.06418034,0.034243625,0.07431089,0.07465586,-0.22950025,0.9182854,-0.37703484,0.1503456,-0.39124128,3.0,3.0,3.0,3.0,3.0,3.0,3.0,3.0,3.0,3.0,3.0,3.0,3.0,3.0,3.0,3.0,3.0,3.0,3.0,3.0,3.0,3.0,3.0,3.0,3.0,3.0,3.0,3.0,3.0,3.0,3.0,3.0,3.0,3.0,3.0,3.0,3.664421,1.8870564,0.74604344,0.91178894
110,0.20369315394487642,0.00916343,-0.0875067,0.49777403,0.9950577,0.06041395,0.036847904,0.069660075,0.09266813,-0.2567439,0.9402991,-0.26560193,0.3161036,-0.1475774,3.0,3.0,3.0,3.0,3.0,3.0,3.0,3.0,3.0,3.0,3.0,3.0,3.0,3.0,3.0,3.0,3.0,3.0,3.0,3.0,3.0,3.0,3.0,3.0,3.0,3.0,3.0,3.0,3.0,3.0,3.0,3.0,3.0,3.0,3.0,3.0,0.054533005,0.11890125,0.9325893,9.287777
115,0.06046968850506612,2.0069551,-0.08177191,1.4773674,0.9956548,0.055599418,0.039846227,0.06318558,0.11449157,-0.28657502,0.99932337,-0.46051827,0.46640542,-0.62756974,3.0,3.0,3.0,3.0,3.0,3.0,3.0,3.0,3.0,3.0,3.0,3.0,3.0,3.0,3.0,3.0,3.0,3.0,3.0,3.0,3.0,3.0,3.0,3.0,3.0,3.0,3.0,3.0,3.0,3.0,3.0,3.0,3.0,3.0,3.0,3.0,3.28687,-2.1989787,0.9125776,16.533966
120,0.1533027403042632,2.004265,-0.07543621,1.4556348,0.995862,0.05220947,0.0473094,0.05740095,0.13859206,-0.31466818,1.0640732,-0.56045365,0.6891938,-0.67322475,3.0,3.0,3.0,3.0,3.0,3.0,3.0,3.0,3.0,3.0,3.0,3.0,3.0,3.0,3.0,3.0,3.0,3.0,3.0,3.0,3.0,3.0,3.0,3.0,3.0,3.0,3.0,3.0,3.0,3.0,3.0,3.0,3.0,3.0,3.0,3.0,3.1529799,-1.2926102,0.9452661,7.5933228
125,0.017764148758822235,2.0010207,-0.06853799,1.4325217,0.9958905,0.048979457,0.056783833,0.05078099,0.16542007,-0.33969414,1.1182361,-0.32036522,0.9021642,-0.4457471,3.0,3.0,3.0,3.0,3.0,3.0,3.0,3.0,3.0,3.0,3.0,3.0,3.0,3.0,3.0,3.0,3.0,3.0,3.0,3.0,3.0,3.0,3.0,3.0,3.0,3.0,3.0,3.0,3.0,3.0,3.0,3.0,3.0,3.0,3.0,3.0,-2.5483963,2.2002277,0.96286476,-22.258299
130,0.06350239609364114,1.9972869,-0.06124747,1.4094001,0.99557024,0.04723388,0.06611434,0.04730501,0.1910481,-0.35824612,1.1216539,-0.17974819,1.0098044,-0.29162392,3.0,3.0,3.0,3.0,3.0,3.0,3.0,3.0,3.0,3.0,3.0,3.0,3.0,3.0,3.0,3.0,3.0,3.0,3.0,3.0,3.0,3.0,3.0,3.0,3.0,3.0,3.0,3.0,3.0,3.0,3.0,3.0,3.0,3.0,3.0,3.0,-2.7768116,1.4943213,0.91877127,-17.937439
135,-0.014516116053902073,1.9930261,-0.053612918,1.3865759,0.9951578,0.04431391,0.074927025,0.045642816,0.21714967,-0.3738051,1.1010171,-0.41782457,0.95650166,-0.054998692,3.0,3.0,3.0,3.0,3.0,3.0,3.0,3.0,3.0,3.0,3.0,3.0,3.0,3.0,3.0,3.0,3.0,3.0,3.0,3.0,3.0,3.0,3.0,3.0,3.0,3.0,3.0,3.0,3.0,3.0,3.0,3.0,3.0,3.0,3.0,3.0,-1.4899275,-3.4531963,0.98864293,-26.280962
140,0.1199833812920783,1.9881214,-0.04562868,1.3637383,0.99477595,0.043477975,0.08259602,0.04133259,0.24928904,-0.3899352,1.0998029,0.068434395,0.80089974,-0.31571364,3.0,3.0,3.0,3.0,3.0,3.0,3.0,3.0,3.0,3.0,3.0,3.0,3.0,3.0,3.0,3.0,3.0,3.0,3.0,3.0,3.0,3.0,3.0,3.0,3.0,3.0,3.0,3.0,3.0,3.0,3.0,3.0,3.0,3.0,3.0,3.0,-2.610899,0.6778126,0.99316216,-13.3082905
145,-0.04916829963440855,1.9825943,-0.03735429,1.3414297,0.99434257,0.042162877,0.08886447,0.040103126,0.27681857,-0.40228012,1.0549562,-0.31068134,0.62667865,-0.087644495,3.0,3.0,3.0,3.0,3.0,3.0,3.0,3.0,3.0,3.0,3.0,3.0,3.0,3.0,3.0,3.0,3.0,3.0,3.0,3.0,3.0,3.0,3.0,3.0,3.0,3.0,3.0,3.0,3.0,3.0,3.0,3.0,3.0,3.0,3.0,3.0,-0.82679033,0.7256341,0.98127425,-30.83128
150,0.04087599918113283,1.976352,-0.028779214,1.3194084,0.9940723,0.039232116,0.09241243,0.041725144,0.3149976,-0.41759345,1.0579568,-0.255226,0.22841261,0.38910136,3.0,3.0,3.0,3.0,3.0,3.0,3.0,3.0,3.0,3.0,3.0,3.0,3.0,3.0,3.0,3.0,3.0,3.0,3.0,3.0,3.0,3.0,3.0,3.0,3.0,3.0,3.0,3.0,3.0,3.0,3.0,3.0,3.0,3.0,3.0,3.0,-2.7866259,3.7996197,0.9353833,-21.93876
155,-0.09174639377895566,1.9693904,-0.019939393,1.297822,0.9939608,0.03520975,0.09423888,0.043832168,0.3516114,-0.43027234,1.04558,-0.3132707,0.032941256,-0.07481511,3.0,3.0,3.0,3.0,3.0,3.0,3.0,3.0,3.0,3.0,3.0,3.0,3.0,3.0,3.0,3.0,3.0,3.0,3.0,3.0,3.0,3.0,3.0,3.0,3.0,3.0,3.0,3.0,3.0,3.0,3.0,3.0,3.0,3.0,3.0,3.0,3.2837563,1.6215506,0.8659823,36.89946
160,0.22870966037831392,1.9614879,-0.010797487,1.2756082,0.99413216,0.03037991,0.09606696,0.039362285,0.39212444,-0.44245714,1.0506202,-0.39252418,0.06829256,-0.4060718,3.0,3.0,3.0,3.0,3.0,3.0,3.0,3.0,3.0,3.0,3.0,3.0,3.0,3.0,3.0,3.0,3.0,3.0,3.0,3.0,3.0,3.0,3.0,3.0,3.0,3.0,3.0,3.0,3.0,3.0,3.0,3.0,3.0,3.0,3.0,3.0,2.0282798,0.77364683,0.86094415,4.5271072
165,0.17433787463176592,1.9526995,-0.0014200122,1.2531203,0.9939361,0.027236441,0.100158334,0.036296956,0.43697557,-0.45375785,1.0743743,-0.29725426,0.36909556,0.0073590493,3.0,3.0,3.0,3.0,3.0,3.0,3.0,3.0,3.0,3.0,3.0,3.0,3.0,3.0,3.0,3.0,3.0,3.0,3.0,3.0,3.0,3.0,3.0,3.0,3.0,3.0,3.0,3.0,3.0,3.0,3.0,3.0,3.0,3.0,3.0,3.0,2.1612954,-3.3435729,0.9409814,-11.136997
170,0.032425382529062574,1.9429727,0.008169477,1.2302436,0.99338543,0.025499482,0.10498226,0.038908605,0.4884163,-0.4647368,1.1198891,0.0073475097,0.58641857,0.4652922,3.0,3.0,3.0,3.0,3.0,3.0,3.0,3.0,3.0,3.0,3.0,3.0,3.0,3.0,3.0,3.0,3.0,3.0,3.0,3.0,3.0,3.0,3.0,3.0,3.0,3.0,3.0,3.0,3.0,3.0,3.0,3.0,3.0,3.0,3.0,3.0,-2.7255464,4.8142233,0.9980588,25.492065
175,0.10846648712571783,1.9325223,0.017897552,1.2081697,0.9926349,0.024277959,0.109908186,0.044796064,0.5132459,-0.46890673,1.0313824,-0.2188622,0.25200856,0.7130945,3.0,3.0,3.0,3.0,3.0,3.0,3.0,3.0,3.0,3.0,3.0,3.0,3.0,3.0,3.0,3.0,3.0,3.0,3.0,3.0,3.0,3.0,3.0,3.0,3.0,3.0,3.0,3.0,3.0,3.0,3.0,3.0,3.0,3.0,3.0,3.0,-0.092944145,4.513139,0.9832461,17.535538
180,0.15318238088320896,1.9211539,0.027771082,1.1862166,0.9924459,0.018059712,0.11151214,0.047854707,0.57140106,-0.4774028,1.0860798,-0.4593004,0.18365546,0.32471314,3.0,3.0,3.0,3.0,3.0,3.0,3.0,3.0,3.0,3.0,3.0,3.0,3.0,3.0,3.0,3.0,3.0,3.0,3.0,3.0,3.0,3.0,3.0,3.0,3.0,3.0,3.0,3.0,3.0,3.0,3.0,3.0,3.0,3.0,3.0,3.0,-1.3554759,-3.2762957,0.9993458,15.067593
185,0.2135543016805918,1.9085553,0.037783127,1.1630752,0.9922416,0.014118873,0.11423646,0.04698179,0.6280682,-0.4824596,1.1316772,-0.21591221,0.47263834,-0.15707685,3.0,3.0,3.0,3.0,3.0,3.0,3.0,3.0,3.0,3.0,3.0,3.0,3.0,3.0,3.0,3.0,3.0,3.0,3.0,3.0,3.0,3.0,3.0,3.0,3.0,3.0,3.0,3.0,3.0,3.0,3.0,3.0,3.0,3.0,3.0,3.0,-2.8966737,-2.5280259,0.99633,9.920364
190,0.26152263288371297,1.895176,0.047845684,1.1407595,0.99195266,0.012143672,0.11798585,0.044291794,0.6555028,-0.48358777,1.0465108,-0.3962481,0.17158718,-0.24865067,3.0,3.0,3.0,3.0,3.0,3.0,3.0,3.0,3.0,3.0,3.0,3.0,3.0,3.0,3.0,3.0,3.0,3.0,3.0,3.0,3.0,3.0,3.0,3.0,3.0,3.0,3.0,3.0,3.0,3.0,3.0,3.0,3.0,3.0,3.0,3.0,1.4019136,-4.800786,0.9699106,-3.2194977
195,0.13863713507541175,1.8805815,0.057964712,1.1175835,0.9919702,0.009695904,0.11885702,0.042120498,0.7311114,-0.48704872,1.1587363,-0.59993273,0.3091556,-0.40925726,3.0,3.0,3.0,3.0,3.0,3.0,3.0,3.0,3.0,3.0,3.0,3.0,3.0,3.0,3.0,3.0,3.0,3.0,3.0,3.0,3.0,3.0,3.0,3.0,3.0,3.0,3.0,3.0,3.0,3.0,3.0,3.0,3.0,3.0,3.0,3.0,-1.8697164,-4.6662188,0.99167216,18.949474
200,0.2641060474044444,1.864908,0.06811519,1.0941366,0.9919237,0.0064962036,0.12142171,0.03608197,0.77362615,-0.4873786,1.1321459,-0.10711467,0.23291539,-0.36400247,3.0,3.0,3.0,3.0,3.0,3.0,3.0,3.0,3.0,3.0,3.0,3.0,3.0,3.0,3.0,3.0,3.0,3.0,3.0,3.0,3.0,3.0,3.0,3.0,3.0,3.0,3.0,3.0,3.0,3.0,3.0,3.0,3.0,3.0,3.0,3.0,0.07234955,1.8523846,0.93801737,-8.036781
205,0.024814108618530673,1.8481152,0.078266785,1.0703353,0.9918959,0.0032105637,0.12346936,0.029790858,0.82604927,-0.48710114,1.1425658,-0.50282925,0.25924927,-0.66948336,3.0,3.0,3.0,3.0,3.0,3.0,3.0,3.0,3.0,3.0,3.0,3.0,3.0,3.0,3.0,3.0,3.0,3.0,3.0,3.0,3.0,3.0,3.0,3.0,3.0,3.0,3.0,3.0,3.0,3.0,3.0,3.0,3.0,3.0,3.0,3.0,0.073829174,-4.7303743,0.76261663,31.688011
210,0.24247424150392338,1.830425,0.08840019,1.0471265,0.9916377,0.0016882259,0.1266726,0.024613136,0.8596534,-0.48591706,1.0755178,-0.17468865,0.34001938,-0.44272426,3.0,3.0,3.0,3.0,3.0,3.0,3.0,3.0,3.0,3.0,3.0,3.0,3.0,3.0,3.0,3.0,3.0,3.0,3.0,3.0,3.0,3.0,3.0,3.0,3.0,3.0,3.0,3.0,3.0,3.0,3.0,3.0,3.0,3.0,3.0,3.0,-4.0177402,1.2209563,0.80193686,9.717041
215,0.2277931949555193,1.8122518,0.09850774,1.0262004,0.99133325,0.00081177853,0.12993462,0.019357223,0.88132745,-0.48464325,0.95895755,-0.12693943,0.27230233,-0.5570948,3.0,3.0,3.0,3.0,3.0,3.0,3.0,3.0,3.0,3.0,3.0,3.0,3.0,3.0,3.0,3.0,3.0,3.0,3.0,3.0,3.0,3.0,3.0,3.0,3.0,3.0,3.0,3.0,3.0,3.0,3.0,3.0,3.0,3.0,3.0,3.0,-2.1269193,2.7826762,0.98046637,-10.714954
220,0.30739815057731945,1.7932318,0.10858247,1.0062424,0.99151325,-0.0010445092,0.1290428,0.015757615,0.9353053,-0.48279956,0.9620116,-0.32472962,-0.31801125,-0.36784202,3.0,3.0,3.0,3.0,3.0,3.0,3.0,3.0,3.0,3.0,3.0,3.0,3.0,3.0,3.0,3.0,3.0,3.0,3.0,3.0,3.0,3.0,3.0,3.0,3.0,3.0,3.0,3.0,3.0,3.0,3.0,3.0,3.0,3.0,3.0,3.0,3.8439903,-1.7410293,0.90170765,2.6560898
225,0.3043126550063235,1.7727649,0.1186057,0.98497903,0.99170864,-0.0026103829,0.12803131,0.010731901,1.0121132,-0.4799655,1.054095,-0.2431518,-0.08993879,-0.5343714,3.0,3.0,3.0,3.0,3.0,3.0,3.0,3.0,3.0,3.0,3.0,3.0,3.0,3.0,3.0,3.0,3.0,3.0,3.0,3.0,3.0,3.0,3.0,3.0,3.0,3.0,3.0,3.0,3.0,3.0,3.0,3.0,3.0,3.0,3.0,3.0,0.9327688,0.5704026,0.9372959,6.9854126
230,0.23084038802123363,1.750845,0.12856326,0.9623059,0.9919852,-0.0068285633,0.12616506,0.0010317236,1.0819367,-0.47636816,1.1237248,-0.55185705,-0.052633375,-0.9356741,3.0,3.0,3.0,3.0,3.0,3.0,3.0,3.0,3.0,3.0,3.0,3.0,3.0,3.0,3.0,3.0,3.0,3.0,3.0,3.0,3.0,3.0,3.0,3.0,3.0,3.0,3.0,3.0,3.0,3.0,3.0,3.0,3.0,3.0,3.0,3.0,3.1859875,-1.7918003,0.9598007,15.118668
235,0.23253922059122079,1.7276937,0.13843992,0.93900204,0.9919891,-0.009000294,0.12586549,-0.00587673,1.1286646,-0.4725422,1.1067575,-0.07876559,-0.26689133,-0.40642437,3.0,3.0,3.0,3.0,3.0,3.0,3.0,3.0,3.0,3.0,3.0,3.0,3.0,3.0,3.0,3.0,3.0,3.0,3.0,3.0,3.0,3.0,3.0,3.0,3.0,3.0,3.0,3.0,3.0,3.0,3.0,3.0,3.0,3.0,3.0,3.0,-0.1535182,0.6254864,0.954299,16.721664
240,0.24669032416711512,1.703604,0.1482305,0.9161638,0.99237084,-0.011875224,0.122359045,-0.009345502,1.1777385,-0.46794,1.1017275,-0.37891367,-0.2733237,-0.3174989,3.0,3.0,3.0,3.0,3.0,3.0,3.0,3.0,3.0,3.0,3.0,3.0,3.0,3.0,3.0,3.0,3.0,3.0,3.0,3.0,3.0,3.0,3.0,3.0,3.0,3.0,3.0,3.0,3.0,3.0,3.0,3.0,3.0,3.0,3.0,3.0,1.0378656,-1.3432508,0.8312516,-15.800795
245,0.16300686142335952,1.678584,0.15792108,0.89372563,0.9928427,-0.012806918,0.118351884,-0.009605179,1.2189419,-0.46297422,1.071418,0.02317913,-0.55466956,0.18081586,3.0,3.0,3.0,3.0,3.0,3.0,3.0,3.0,3.0,3.0,3.0,3.0,3.0,3.0,3.0,3.0,3.0,3.0,3.0,3.0,3.0,3.0,3.0,3.0,3.0,3.0,3.0,3.0,3.0,3.0,3.0,3.0,3.0,3.0,3.0,3.0,1.5163808,1.8483171,0.8337581,24.591171
250,0.32389335948275816,1.6525977,0.16749106,0.8713977,0.99325293,-0.012722032,0.11509384,-0.00633739,1.2635132,-0.4571848,1.0613871,0.049999204,-0.36109176,0.5952158,3.0,3.0,3.0,3.0,3.0,3.0,3.0,3.0,3.0,3.0,3.0,3.0,3.0,3.0,3.0,3.0,3.0,3.0,3.0,3.0,3.0,3.0,3.0,3.0,3.0,3.0,3.0,3.0,3.0,3.0,3.0,3.0,3.0,3.0,3.0,3.0,3.1252556,-4.499326,0.9638362,7.45417
255,0.14894126509184863,1.6256267,0.17693251,0.8489582,0.99356925,-0.012274683,0.11255115,-0.0012902963,1.31494,-0.45054352,1.086835,-0.09530528,-0.27169698,0.19675933,3.0,3.0,3.0,3.0,3.0,3.0,3.0,3.0,3.0,3.0,3.0,3.0,3.0,3.0,3.0,3.0,3.0,3.0,3.0,3.0,3.0,3.0,3.0,3.0,3.0,3.0,3.0,3.0,3.0,3.0,3.0,3.0,3.0,3.0,3.0,3.0,1.9006724,1.4393129,0.85563517,28.222885
260,0.19427152554120308,1.5976676,0.18624006,0.8262724,0.9938599,-0.013625426,0.10978967,0.0017668474,1.3561269,-0.4445764,1.0735639,0.007196054,-0.24808662,0.44654968,3.0,3.0,3.0,3.0,3.0,3.0,3.0,3.0,3.0,3.0,3.0,3.0,3.0,3.0,3.0,3.0,3.0,3.0,3.0,3.0,3.0,3.0,3.0,3.0,3.0,3.0,3.0,3.0,3.0,3.0,3.0,3.0,3.0,3.0,3.0,3.0,1.4406447,-3.5825934,0.97933793,23.716621
265,0.41198019925558105,1.5689284,0.19542372,0.8041253,0.994411,-0.012778465,0.104622096,0.006144509,1.3993924,-0.43777248,1.0771161,-0.10988714,-0.50667477,0.1541155,3.0,3.0,3.0,3.0,3.0,3.0,3.0,3.0,3.0,3.0,3.0,3.0,3.0,3.0,3.0,3.0,3.0,3.0,3.0,3.0,3.0,3.0,3.0,3.0,3.0,3.0,3.0,3.0,3.0,3.0,3.0,3.0,3.0,3.0,3.0,3.0,2.1440334,-1.8692446,0.98502076,-0.355381
270,0.10180882003649022,1.5392221,0.20445523,0.78147674,0.99488336,-0.013625505,0.09965739,0.009481485,1.4380212,-0.431306,1.068847,-0.0055584167,-0.45745558,0.444852,3.0,3.0,3.0,3.0,3.0,3.0,3.0,3.0,3.0,3.0,3.0,3.0,3.0,3.0,3.0,3.0,3.0,3.0,3.0,3.0,3.0,3.0,3.0,3.0,3.0,3.0,3.0,3.0,3.0,3.0,3.0,3.0,3.0,3.0,3.0,3.0,-0.7351713,0.5625067,0.95900285,34.072853
275,0.1900323783113942,1.508709,0.21333915,0.75882035,0.9953126,-0.013527836,0.09448154,0.015593107,1.4834093,-0.42291406,1.1069016,0.17733252,-0.5318168,0.5652586,3.0,3.0,3.0,3.0,3.0,3.0,3.0,3.0,3.0,3.0,3.0,3.0,3.0,3.0,3.0,3.0,3.0,3.0,3.0,3.0,3.0,3.0,3.0,3.0,3.0,3.0,3.0,3.0,3.0,3.0,3.0,3.0,3.0,3.0,3.0,3.0,2.197627,3.7835646,0.97514224,25.94889
280,0.1259768130476896,1.4772496,0.22203973,0.7351976,0.995775,-0.014211658,0.08883233,0.018414088,1.5269165,-0.41411552,1.1493477,-0.011950007,-0.628852,0.31238887,3.0,3.0,3.0,3.0,3.0,3.0,3.0,3.0,3.0,3.0,3.0,3.0,3.0,3.0,3.0,3.0,3.0,3.0,3.0,3.0,3.0,3.0,3.0,3.0,3.0,3.0,3.0,3.0,3.0,3.0,3.0,3.0,3.0,3.0,3.0,3.0,3.8176842,2.7038183,0.9877372,33.742798
285,0.4454684206064121,1.4448826,0.23054457,0.7104764,0.9960413,-0.017862028,0.08537632,0.017133126,1.5682541,-0.4046206,1.1959757,-0.3320844,-0.15525484,-0.14559035,3.0,3.0,3.0,3.0,3.0,3.0,3.0,3.0,3.0,3.0,3.0,3.0,3.0,3.0,3.0,3.0,3.0,3.0,3.0,3.0,3.0,3.0,3.0,3.0,3.0,3.0,3.0,3.0,3.0,3.0,3.0,3.0,3.0,3.0,3.0,3.0,0.75798035,-2.03795,0.9469396,-2.4220772
290,0.4335887998542838,1.4118212,0.23886128,0.6855902,0.9962029,-0.019366464,0.08388586,0.012960195,1.6024185,-0.3947946,1.2119448,-0.35519376,0.012539204,-0.63679886,3.0,3.0,3.0,3.0,3.0,3.0,3.0,3.0,3.0,3.0,3.0,3.0,3.0,3.0,3.0,3.0,3.0,3.0,3.0,3.0,3.0,3.0,3.0,3.0,3.0,3.0,3.0,3.0,3.0,3.0,3.0,3.0,3.0,3.0,3.0,3.0,2.9428625,-2.9851575,0.94831765,-1.8473053
295,0.457291404654956,1.3781093,0.24698141,0.660693,0.9962117,-0.021009022,0.08397003,0.008358159,1.6297306,-0.3860934,1.1898413,-0.12963529,-0.005993242,-0.19070245,3.0,3.0,3.0,3.0,3.0,3.0,3.0,3.0,3.0,3.0,3.0,3.0,3.0,3.0,3.0,3.0,3.0,3.0,3.0,3.0,3.0,3.0,3.0,3.0,3.0,3.0,3.0,3.0,3.0,3.0,3.0,3.0,3.0,3.0,3.0,3.0,0.51254845,1.6771026,0.9710071,-2.77248
300,0.44985218741347444,1.3437842,0.25490165,0.63598114,0.99643147,-0.021000424,0.08128807,0.008695386,1.659299,-0.37619913,1.1830422,0.085488945,-0.33528793,0.0048931926,3.0,3.0,3.0,3.0,3.0,3.0,3.0,3.0,3.0,3.0,3.0,3.0,3.0,3.0,3.0,3.0,3.0,3.0,3.0,3.0,3.0,3.0,3.0,3.0,3.0,3.0,3.0,3.0,3.0,3.0,3.0,3.0,3.0,3.0,3.0,3.0,2.6079378,3.4166946,0.9540205,-0.606781
305,0.200108707209377,1.3088604,0.26261652,0.61143136,0.9966986,-0.022329614,0.07758167,0.008622115,1.687708,-0.36626872,1.1766075,0.016198311,-0.3774503,0.10654357,3.0,3.0,3.0,3.0,3.0,3.0,3.0,3.0,3.0,3.0,3.0,3.0,3.0,3.0,3.0,3.0,3.0,3.0,3.0,3.0,3.0,3.0,3.0,3.0,3.0,3.0,3.0,3.0,3.0,3.0,3.0,3.0,3.0,3.0,3.0,3.0,1.3336158,-1.7569704,0.9825009,-29.388588
310,0.2536598970755582,1.27337,0.27012083,0.58703065,0.9972046,-0.022078643,0.07037758,0.011939472,1.7150432,-0.35578436,1.1764586,-0.07166567,-0.71656245,0.1988223,3.0,3.0,3.0,3.0,3.0,3.0,3.0,3.0,3.0,3.0,3.0,3.0,3.0,3.0,3.0,3.0,3.0,3.0,3.0,3.0,3.0,3.0,3.0,3.0,3.0,3.0,3.0,3.0,3.0,3.0,3.0,3.0,3.0,3.0,3.0,3.0,1.6702251,3.343751,0.94883347,23.531677
315,0.38187782305320706,1.2372512,0.27737466,0.5619583,0.99743277,-0.024715547,0.06621225,0.0115312915,1.7435043,-0.34380323,1.2048849,-0.30214223,-0.40724665,-0.24103358,3.0,3.0,3.0,3.0,3.0,3.0,3.0,3.0,3.0,3.0,3.0,3.0,3.0,3.0,3.0,3.0,3.0,3.0,3.0,3.0,3.0,3.0,3.0,3.0,3.0,3.0,3.0,3.0,3.0,3.0,3.0,3.0,3.0,3.0,3.0,3.0,3.7523375,-3.3203535,0.9669993,10.822262
320,0.40077149220497366,1.2006087,0.28438064,0.53661025,0.99761415,-0.025671273,0.063036926,0.011546485,1.7689706,-0.33116263,1.2252687,-0.17162877,-0.5306725,-0.097012214,3.0,3.0,3.0,3.0,3.0,3.0,3.0,3.0,3.0,3.0,3.0,3.0,3.0,3.0,3.0,3.0,3.0,3.0,3.0,3.0,3.0,3.0,3.0,3.0,3.0,3.0,3.0,3.0,3.0,3.0,3.0,3.0,3.0,3.0,3.0,3.0,3.2513046,3.9756546,0.9520973,9.238857
325,0.37364773570529786,1.1634605,0.2911195,0.5108823,0.9977499,-0.028319424,0.060253456,0.00791451,1.7896029,-0.31938952,1.2195313,-0.18426533,-0.35218465,-0.54283255,3.0,3.0,3.0,3.0,3.0,3.0,3.0,3.0,3.0,3.0,3.0,3.0,3.0,3.0,3.0,3.0,3.0,3.0,3.0,3.0,3.0,3.0,3.0,3.0,3.0,3.0,3.0,3.0,3.0,3.0,3.0,3.0,3.0,3.0,3.0,3.0,3.5255384,1.7740035,0.9931221,-12.614941
330,0.3905910141465022,1.1258752,0.29758835,0.48507625,0.9977878,-0.03168125,0.058430523,0.0013021854,1.8110158,-0.3057476,1.22996,-0.37508067,-0.15323254,-0.46426654,3.0,3.0,3.0,3.0,3.0,3.0,3.0,3.0,3.0,3.0,3.0,3.0,3.0,3.0,3.0,3.0,3.0,3.0,3.0,3.0,3.0,3.0,3.0,3.0,3.0,3.0,3.0,3.0,3.0,3.0,3.0,3.0,3.0,3.0,3.0,3.0,2.8207674,1.0924416,0.9796498,11.441349
335,0.2615528168622083,1.0878724,0.3037652,0.45921084,0.9975576,-0.0362196,0.059565548,-0.0043533836,1.8315698,-0.29083762,1.2378056,-0.4935974,0.013562769,-0.34200323,3.0,3.0,3.0,3.0,3.0,3.0,3.0,3.0,3.0,3.0,3.0,3.0,3.0,3.0,3.0,3.0,3.0,3.0,3.0,3.0,3.0,3.0,3.0,3.0,3.0,3.0,3.0,3.0,3.0,3.0,3.0,3.0,3.0,3.0,3.0,3.0,0.96849537,-0.771482,0.99043524,-24.858507
340,0.3797788694908103,1.0494515,0.30961752,0.43331155,0.99736947,-0.04030355,0.059421234,-0.009946666,1.8536612,-0.27345574,1.2556099,-0.44512403,0.1183055,-0.54004306,3.0,3.0,3.0,3.0,3.0,3.0,3.0,3.0,3.0,3.0,3.0,3.0,3.0,3.0,3.0,3.0,3.0,3.0,3.0,3.0,3.0,3.0,3.0,3.0,3.0,3.0,3.0,3.0,3.0,3.0,3.0,3.0,3.0,3.0,3.0,3.0,3.109006,2.7838488,0.9970689,-12.675091
345,0.4713308118056999,1.010584,0.31509706,0.40715733,0.9969272,-0.046347313,0.060917743,-0.016646517,1.8717434,-0.25708112,1.2387401,-0.48452002,0.17019536,-0.5239834,3.0,3.0,3.0,3.0,3.0,3.0,3.0,3.0,3.0,3.0,3.0,3.0,3.0,3.0,3.0,3.0,3.0,3.0,3.0,3.0,3.0,3.0,3.0,3.0,3.0,3.0,3.0,3.0,3.0,3.0,3.0,3.0,3.0,3.0,3.0,3.0,0.330904,-1.1609478,0.97813773,3.5542526
350,0.10894062412836758,0.97135997,0.3202271,0.3815876,0.9966009,-0.05251001,0.059881262,-0.02106082,1.8918965,-0.23742056,1.2341483,-0.87201256,-0.11480191,-0.31961188,3.0,3.0,3.0,3.0,3.0,3.0,3.0,3.0,3.0,3.0,3.0,3.0,3.0,3.0,3.0,3.0,3.0,3.0,3.0,3.0,3.0,3.0,3.0,3.0,3.0,3.0,3.0,3.0,3.0,3.0,3.0,3.0,3.0,3.0,3.0,3.0,1.1568427,0.55277824,0.96192455,39.853935
355,0.04853844480975922,0.93170625,0.32490394,0.35598868,0.9962524,-0.06340766,0.055078696,-0.020661196,1.9118384,-0.21444432,1.2330465,-1.1838753,-0.6526485,0.4399619,3.0,3.0,3.0,3.0,3.0,3.0,3.0,3.0,3.0,3.0,3.0,3.0,3.0,3.0,3.0,3.0,3.0,3.0,3.0,3.0,3.0,3.0,3.0,3.0,3.0,3.0,3.0,3.0,3.0,3.0,3.0,3.0,3.0,3.0,3.0,3.0,-1.3163111,0.76171875,0.98175883,44.952133
360,0.0343559523591222,0.8917119,0.32910383,0.33085537,0.9958995,-0.07652662,0.046208825,-0.013877163,1.9244405,-0.19273616,1.1866705,-1.2856417,-0.93523,0.9208029,3.0,3.0,3.0,3.0,3.0,3.0,3.0,3.0,3.0,3.0,3.0,3.0,3.0,3.0,3.0,3.0,3.0,3.0,3.0,3.0,3.0,3.0,3.0,3.0,3.0,3.0,3.0,3.0,3.0,3.0,3.0,3.0,3.0,3.0,3.0,3.0,-4.317769,-1.7006402,0.9972167,44.806976
365,0.05436753150952023,0.8515591,0.33290073,0.30737367,0.9954216,-0.08895566,0.034142002,-0.0075534913,1.9300704,-0.17274982,1.1003361,-1.0111486,-1.315817,0.5412756,3.0,3.0,3.0,3.0,3.0,3.0,3.0,3.0,3.0,3.0,3.0,3.0,3.0,3.0,3.0,3.0,3.0,3.0,3.0,3.0,3.0,3.0,3.0,3.0,3.0,3.0,3.0,3.0,3.0,3.0,3.0,3.0,3.0,3.0,3.0,3.0,2.4459505,-2.8195367,0.99580574,42.457275
370,0.058530118751946136,0.8112306,0.33600375,0.2843379,0.9950373,-0.09689788,0.022391206,-0.003197485,1.9395237,-0.1307459,1.1194507,-0.69926876,-0.9510023,0.24383076,3.0,3.0,3.0,3.0,3.0,3.0,3.0,3.0,3.0,3.0,3.0,3.0,3.0,3.0,3.0,3.0,3.0,3.0,3.0,3.0,3.0,3.0,3.0,3.0,3.0,3.0,3.0,3.0,3.0,3.0,3.0,3.0,3.0,3.0,3.0,3.0,1.882865,-0.42306614,0.98560643,43.472908
375,0.0480562601789109,0.770737,0.33806032,0.26024392,0.9943025,-0.10544836,0.015447902,-0.002128796,1.9451936,-0.08076345,1.1622114,-0.9346549,-0.56561035,0.2581836,3.0,3.0,3.0,3.0,3.0,3.0,3.0,3.0,3.0,3.0,3.0,3.0,3.0,3.0,3.0,3.0,3.0,3.0,3.0,3.0,3.0,3.0,3.0,3.0,3.0,3.0,3.0,3.0,3.0,3.0,3.0,3.0,3.0,3.0,3.0,3.0,1.3433433,-0.7245989,0.9972527,44.89621
380,0.05744216419450476,0.73019385,0.33914462,0.23585592,0.99361104,-0.11273489,0.0052569606,0.000567606,1.9459702,-0.034659553,1.1663233,-0.56344014,-1.1518309,0.3915254,3.0,3.0,3.0,3.0,3.0,3.0,3.0,3.0,3.0,3.0,3.0,3.0,3.0,3.0,3.0,3.0,3.0,3.0,3.0,3.0,3.0,3.0,3.0,3.0,3.0,3.0,3.0,3.0,3.0,3.0,3.0,3.0,3.0,3.0,3.0,3.0,-1.1598384,3.0139055,0.9948789,43.5058
385,0.13661136553199427,0.68969023,0.33914524,0.21102451,0.99266547,-0.12024478,-0.011100049,0.005769778,1.9418373,0.020935064,1.1976634,-0.8162074,-1.7269467,0.8472075,3.0,3.0,3.0,3.0,3.0,3.0,3.0,3.0,3.0,3.0,3.0,3.0,3.0,3.0,3.0,3.0,3.0,3.0,3.0,3.0,3.0,3.0,3.0,3.0,3.0,3.0,3.0,3.0,3.0,3.0,3.0,3.0,3.0,3.0,3.0,3.0,-4.5585947,-4.3515515,0.9676006,33.16568
390,0.10280271823963194,0.64935285,0.33829576,0.18699913,0.9913544,-0.1269876,-0.031235805,0.010720487,1.9310002,0.059825104,1.1458114,-0.40332216,-1.9584494,0.45305926,3.0,3.0,3.0,3.0,3.0,3.0,3.0,3.0,3.0,3.0,3.0,3.0,3.0,3.0,3.0,3.0,3.0,3.0,3.0,3.0,3.0,3.0,3.0,3.0,3.0,3.0,3.0,3.0,3.0,3.0,3.0,3.0,3.0,3.0,3.0,3.0,-2.3517191,-2.6323602,0.99922013,36.37655
395,0.2081408194156038,0.60931677,0.33658707,0.16393359,0.9900946,-0.1295334,-0.052481424,0.0133990515,1.9117979,0.10505885,1.1123049,-0.35619056,-2.0199711,0.7709946,3.0,3.0,3.0,3.0,3.0,3.0,3.0,3.0,3.0,3.0,3.0,3.0,3.0,3.0,3.0,3.0,3.0,3.0,3.0,3.0,3.0,3.0,3.0,3.0,3.0,3.0,3.0,3.0,3.0,3.0,3.0,3.0,3.0,3.0,3.0,3.0,0.8175278,-4.0508204,0.99735975,24.526299
400,0.17753645203144958,0.5697532,0.33394134,0.14161652,0.988565,-0.13039659,-0.07397085,0.016254226,1.8899616,0.14169599,1.043964,0.100341484,-2.012503,0.36525878,3.0,3.0,3.0,3.0,3.0,3.0,3.0,3.0,3.0,3.0,3.0,3.0,3.0,3.0,3.0,3.0,3.0,3.0,3.0,3.0,3.0,3.0,3.0,3.0,3.0,3.0,3.0,3.0,3.0,3.0,3.0,3.0,3.0,3.0,3.0,3.0,4.101557,-3.3393312,0.9979837,26.651482
405,0.129332796437301,0.5307698,0.33045998,0.12045059,0.9871963,-0.12798208,-0.093646795,0.017154362,1.8507285,0.1946231,1.0374556,0.16603445,-1.8264177,0.5836434,3.0,3.0,3.0,3.0,3.0,3.0,3.0,3.0,3.0,3.0,3.0,3.0,3.0,3.0,3.0,3.0,3.0,3.0,3.0,3.0,3.0,3.0,3.0,3.0,3.0,3.0,3.0,3.0,3.0,3.0,3.0,3.0,3.0,3.0,3.0,3.0,-0.8544965,0.042314053,0.99891853,31.49794
410,0.1535189467300338,0.49292266,0.32557064,0.098207004,0.9858353,-0.123203166,-0.11253882,0.016873632,1.790505,0.26311362,1.0959183,0.37466866,-1.5792109,-0.10029413,3.0,3.0,3.0,3.0,3.0,3.0,3.0,3.0,3.0,3.0,3.0,3.0,3.0,3.0,3.0,3.0,3.0,3.0,3.0,3.0,3.0,3.0,3.0,3.0,3.0,3.0,3.0,3.0,3.0,3.0,3.0,3.0,3.0,3.0,3.0,3.0,4.7394905,4.5582476,0.99985194,27.928673
415,0.21761260251919923,0.45647323,0.3192595,0.07465652,0.9843869,-0.123882495,-0.124803945,0.007711454,1.7214403,0.3291806,1.1523671,-0.24822433,-1.016152,-0.907627,3.0,3.0,3.0,3.0,3.0,3.0,3.0,3.0,3.0,3.0,3.0,3.0,3.0,3.0,3.0,3.0,3.0,3.0,3.0,3.0,3.0,3.0,3.0,3.0,3.0,3.0,3.0,3.0,3.0,3.0,3.0,3.0,3.0,3.0,3.0,3.0,4.034788,1.6296663,0.9971163,21.021103
420,0.0929551114864029,0.42107198,0.31201354,0.051693562,0.9827236,-0.12980631,-0.1318271,-0.0051208297,1.6876639,0.35711837,1.0560572,-0.49854234,-0.74995315,-1.1982626,3.0,3.0,3.0,3.0,3.0,3.0,3.0,3.0,3.0,3.0,3.0,3.0,3.0,3.0,3.0,3.0,3.0,3.0,3.0,3.0,3.0,3.0,3.0,3.0,3.0,3.0,3.0,3.0,3.0,3.0,3.0,3.0,3.0,3.0,3.0,3.0,4.8663893,-3.2231908,0.98655605,31.644897
425,-0.002686397322072709,0.38624546,2.304305,0.031264808,0.9808428,-0.13652661,-0.13781896,-0.017713659,1.6609434,0.3787816,0.9302353,-0.5025925,-0.73789835,-1.2001706,3.0,3.0,3.0,3.0,3.0,3.0,3.0,3.0,3.0,3.0,3.0,3.0,3.0,3.0,3.0,3.0,3.0,3.0,3.0,3.0,3.0,3.0,3.0,3.0,3.0,3.0,3.0,3.0,3.0,3.0,3.0,3.0,3.0,3.0,3.0,3.0,-3.1030836,1.667448,0.33613205,20.956047
430,0.08122750158591419,0.3524231,2.2956767,0.011920669,0.9783131,-0.14436494,-0.1456563,-0.029095683,1.6097994,0.42627114,0.8873896,-0.6467895,-0.890192,-1.0769889,3.0,3.0,3.0,3.0,3.0,3.0,3.0,3.0,3.0,3.0,3.0,3.0,3.0,3.0,3.0,3.0,3.0,3.0,3.0,3.0,3.0,3.0,3.0,3.0,3.0,3.0,3.0,3.0,3.0,3.0,3.0,3.0,3.0,3.0,3.0,3.0,-0.75010157,-1.7562051,0.29915738,-12.633591
435,-0.17047627225702608,0.31924966,2.286476,-0.005032383,0.9755302,-0.1522452,-0.15329547,-0.04077668,1.5805023,0.45218748,0.7648378,-0.64440805,-0.88352084,-1.1314836,3.0,3.0,3.0,3.0,3.0,3.0,3.0,3.0,3.0,3.0,3.0,3.0,3.0,3.0,3.0,3.0,3.0,3.0,3.0,3.0,3.0,3.0,3.0,3.0,3.0,3.0,3.0,3.0,3.0,3.0,3.0,3.0,3.0,3.0,3.0,3.0,4.6565084,-1.9786263,0.8715358,37.43625
440,0.07838140476852892,0.2866829,2.2767282,-0.019385474,0.97256315,-0.15997475,-0.16044782,-0.052777812,1.5516392,0.47850606,0.6381327,-0.61304855,-0.8492434,-1.1489459,3.0,3.0,3.0,3.0,3.0,3.0,3.0,3.0,3.0,3.0,3.0,3.0,3.0,3.0,3.0,3.0,3.0,3.0,3.0,3.0,3.0,3.0,3.0,3.0,3.0,3.0,3.0,3.0,3.0,3.0,3.0,3.0,3.0,3.0,3.0,3.0,4.7838783,-0.70381165,0.27963555,-11.979946
445,-0.1612257871008713,0.25472224,2.2664154,-0.031084891,0.9693721,-0.16764714,-0.16736937,-0.064804636,1.5223558,0.50623864,0.51046455,-0.6164974,-0.8359194,-1.152415,3.0,3.0,3.0,3.0,3.0,3.0,3.0,3.0,3.0,3.0,3.0,3.0,3.0,3.0,3.0,3.0,3.0,3.0,3.0,3.0,3.0,3.0,3.0,3.0,3.0,3.0,3.0,3.0,3.0,3.0,3.0,3.0,3.0,3.0,3.0,3.0,3.907364,-4.6638503,0.17087412,36.45935
450,0.0687800912231574,0.2237194,2.2551146,-0.041118212,0.96581364,-0.17368455,-0.17594989,-0.07797026,1.4720706,0.55893815,0.44223878,-0.4244747,-1.0756551,-1.2203486,3.0,3.0,3.0,3.0,3.0,3.0,3.0,3.0,3.0,3.0,3.0,3.0,3.0,3.0,3.0,3.0,3.0,3.0,3.0,3.0,3.0,3.0,3.0,3.0,3.0,3.0,3.0,3.0,3.0,3.0,3.0,3.0,3.0,3.0,3.0,3.0,4.0099754,-2.1322012,0.5931549,-13.53171
455,0.0591239155451172,0.19343181,2.24309,-0.0487212,0.96194136,-0.17934279,-0.18479511,-0.09140958,1.4415247,0.589514,0.31333366,-0.43087646,-1.0616987,-1.2251757,3.0,3.0,3.0,3.0,3.0,3.0,3.0,3.0,3.0,3.0,3.0,3.0,3.0,3.0,3.0,3.0,3.0,3.0,3.0,3.0,3.0,3.0,3.0,3.0,3.0,3.0,3.0,3.0,3.0,3.0,3.0,3.0,3.0,3.0,3.0,3.0,4.8872223,-4.4331055,0.43410277,14.014965
460,0.12898285831865977,0.16378984,2.2304118,-0.053631026,0.95778674,-0.1850291,-0.19343959,-0.10483286,1.4102485,0.6214296,0.18381217,-0.43656966,-1.0475885,-1.2302045,3.0,3.0,3.0,3.0,3.0,3.0,3.0,3.0,3.0,3.0,3.0,3.0,3.0,3.0,3.0,3.0,3.0,3.0,3.0,3.0,3.0,3.0,3.0,3.0,3.0,3.0,3.0,3.0,3.0,3.0,3.0,3.0,3.0,3.0,3.0,3.0,3.0067978,-4.5296235,0.98730016,6.880371
465,-0.1643321566085021,0.13480784,2.2170517,-0.055834394,0.95335394,-0.19073758,-0.20187956,-0.118237615,1.37831,0.654703,0.053639054,-0.44154826,-1.0333539,-1.2354144,3.0,3.0,3.0,3.0,3.0,3.0,3.0,3.0,3.0,3.0,3.0,3.0,3.0,3.0,3.0,3.0,3.0,3.0,3.0,3.0,3.0,3.0,3.0,3.0,3.0,3.0,3.0,3.0,3.0,3.0,3.0,3.0,3.0,3.0,3.0,3.0,4.268648,-4.888324,0.9896532,37.966774
470,-0.02958077070263948,0.10649877,2.2029812,-0.055317353,0.9486472,-0.1964623,-0.21011159,-0.13162136,1.3457782,0.6893476,-0.07721511,-0.44580802,-1.019024,-1.2407849,3.0,3.0,3.0,3.0,3.0,3.0,3.0,3.0,3.0,3.0,3.0,3.0,3.0,3.0,3.0,3.0,3.0,3.0,3.0,3.0,3.0,3.0,3.0,3.0,3.0,3.0,3.0,3.0,3.0,3.0,3.0,3.0,3.0,3.0,3.0,3.0,4.8387794,-4.6766014,0.9965639,24.555412
475,0.10401053995039189,0.078874096,2.1881719,-0.052065417,0.9436709,-0.20219731,-0.21813238,-0.14498161,1.312723,0.72537196,-0.20877346,-0.44934648,-1.004628,-1.2462951,3.0,3.0,3.0,3.0,3.0,3.0,3.0,3.0,3.0,3.0,3.0,3.0,3.0,3.0,3.0,3.0,3.0,3.0,3.0,3.0,3.0,3.0,3.0,3.0,3.0,3.0,3.0,3.0,3.0,3.0,3.0,3.0,3.0,3.0,3.0,3.0,4.8976784,-4.910561,0.9974346,10.457428
480,-0.189874870746584,0.051943853,2.1725945,-0.046063695,0.93842953,-0.20793672,-0.22593893,-0.15831585,1.2792153,0.7627796,-0.34105247,-0.45216277,-0.9901942,-1.2519246,3.0,3.0,3.0,3.0,3.0,3.0,3.0,3.0,3.0,3.0,3.0,3.0,3.0,3.0,3.0,3.0,3.0,3.0,3.0,3.0,3.0,3.0,3.0,3.0,3.0,3.0,3.0,3.0,3.0,3.0,3.0,3.0,3.0,3.0,3.0,3.0,4.9167633,-4.952919,0.9994035,41.88456
485,-0.14599488838802557,0.025716566,2.1562207,-0.03729704,0.9329275,-0.21367455,-0.23352848,-0.17162158,1.2453271,0.8015695,-0.47406176,-0.45425782,-0.97575134,-1.2576529,3.0,3.0,3.0,3.0,3.0,3.0,3.0,3.0,3.0,3.0,3.0,3.0,3.0,3.0,3.0,3.0,3.0,3.0,3.0,3.0,3.0,3.0,3.0,3.0,3.0,3.0,3.0,3.0,3.0,3.0,3.0,3.0,3.0,3.0,3.0,3.0,4.6881638,-4.9321184,0.9993403,37.98477
490,-0.1763148684297827,0.00019923822,2.1390216,-0.025750194,0.9271692,-0.21940492,-0.24089846,-0.18489628,1.2111322,0.8417359,-0.6078041,-0.4556341,-0.96132714,-1.2634593,3.0,3.0,3.0,3.0,3.0,3.0,3.0,3.0,3.0,3.0,3.0,3.0,3.0,3.0,3.0,3.0,3.0,3.0,3.0,3.0,3.0,3.0,3.0,3.0,3.0,3.0,3.0,3.0,3.0,3.0,3.0,3.0,3.0,3.0,3.0,3.0,4.827877,-4.986807,0.9997456,41.57054
495,-0.19051432247390931,-0.024599167,2.1209638,-0.011415381,0.92119443,-0.22512677,-0.2480033,-0.19802308,1.1758639,0.8844298,-0.7404854,-0.46415767,-0.91089535,-1.220634,3.0,3.0,3.0,3.0,3.0,3.0,3.0,3.0,3.0,3.0,3.0,3.0,3.0,3.0,3.0,3.0,3.0,3.0,3.0,3.0,3.0,3.0,3.0,3.0,3.0,3.0,3.0,3.0,3.0,3.0,3.0,3.0,3.0,3.0,3.0,3.0,4.132489,-4.992381,0.9987824,43.741974
500,-0.19106875641499077,-0.048643667,2.1019757,0.0056564887,0.91536576,-0.23072468,-0.25441772,-0.21010311,1.1400512,0.92902577,-0.8730558,-0.4530037,-0.84517497,-1.1633356,3.0,3.0,3.0,3.0,3.0,3.0,3.0,3.0,3.0,3.0,3.0,3.0,3.0,3.0,3.0,3.0,3.0,3.0,3.0,3.0,3.0,3.0,3.0,3.0,3.0,3.0,3.0,3.0,3.0,3.0,3.0,3.0,3.0,3.0,3.0,3.0,3.0037918,-4.976443,0.99959946,44.59913
505,-0.1694381451370669,-0.07191941,2.0820098,0.025454616,0.9097603,-0.23595765,-0.26010787,-0.2213687,1.1006023,0.98014,-0.99897724,-0.3709062,-0.70349216,-1.032418,3.0,3.0,3.0,3.0,3.0,3.0,3.0,3.0,3.0,3.0,3.0,3.0,3.0,3.0,3.0,3.0,3.0,3.0,3.0,3.0,3.0,3.0,3.0,3.0,3.0,3.0,3.0,3.0,3.0,3.0,3.0,3.0,3.0,3.0,3.0,3.0,1.5174665,-4.9816318,0.9997078,43.73443
510,-0.11492486932837964,-0.09394595,2.0603304,0.04701009,0.9067856,-0.23823738,-0.262192,-0.22855665,1.0247134,1.0866797,-1.0510035,0.06745971,-0.09903234,-0.42608148,3.0,3.0,3.0,3.0,3.0,3.0,3.0,3.0,3.0,3.0,3.0,3.0,3.0,3.0,3.0,2.9491806,2.9773767,3.0,3.0,3.0,3.0,3.0,3.0,3.0,3.0,3.0,3.0,3.0,3.0,3.0,3.0,3.0,3.0,3.0,3.0,3.0,-2.6922252,-4.754364,0.99853444,42.391853
515,-0.009971047806688838,-0.11319919,2.0346136,0.06720115,0.9070068,-0.23647422,-0.2601783,-0.23178847,0.8578022,1.3321702,-0.91533834,0.44339436,0.2073954,-0.1478635,3.0,3.0,3.0,3.0,3.0,3.0,3.0,3.0,3.0,3.0,3.0,3.0,3.0,3.0,3.0,2.9380543,2.9645052,3.0,3.0,3.0,3.0,3.0,3.0,3.0,3.0,3.0,3.0,3.0,3.0,3.0,3.0,3.0,3.0,3.0,3.0,3.0,-4.313316,-3.917274,0.9849814,36.633865
520,0.04928007426796693,-0.12897418,2.0037584,0.084486134,0.90829086,-0.23318157,-0.25678602,-0.2338696,0.69048136,1.5798556,-0.7722085,0.44326526,0.20662487,-0.14710368,3.0,3.0,3.0,3.0,3.0,3.0,3.0,3.0,3.0,3.0,3.0,3.0,3.0,3.0,3.0,2.9461496,2.9714963,3.0,3.0,3.0,3.0,3.0,3.0,3.0,3.0,3.0,3.0,3.0,3.0,3.0,3.0,3.0,3.0,3.0,3.0,3.0,-2.5398967,1.6968908,0.9020674,36.19142
525,0.1714178346433694,-0.14133725,1.9678483,0.09884357,0.910098,-0.22927843,-0.25271007,-0.23513944,0.53071916,1.816614,-0.63696086,0.5945443,0.399541,0.05756957,3.0,3.0,3.0,3.0,3.0,3.0,3.0,3.0,3.0,3.0,3.0,3.0,3.0,3.0,3.0,2.9660208,2.9908738,3.0,3.0,3.0,3.0,3.0,3.0,3.0,3.0,3.0,3.0,3.0,3.0,3.0,3.0,3.0,3.0,3.0,3.0,3.0,-4.2920074,4.704467,0.9423549,28.000793
530,0.45253769751970696,-0.15036531,1.9269968,0.11025282,0.9126829,-0.22446856,-0.2475993,-0.23519872,0.368831,2.056318,-0.48755857,0.59353787,0.39923748,0.05723141,3.0,3.0,3.0,3.0,3.0,3.0,3.0,3.0,3.0,3.0,3.0,3.0,3.0,3.0,3.0,3.0,3.0,3.0,3.0,3.0,3.0,3.0,3.0,3.0,3.0,3.0,3.0,3.0,3.0,3.0,3.0,3.0,3.0,3.0,3.0,3.0,0.00064754486,3.842164,0.72446203,-4.327236
535,0.31318211909590354,-0.15615556,1.8813643,0.11871342,0.91564494,-0.22113362,-0.24031563,-0.23439847,0.21597935,2.2819548,-0.34695727,0.47778487,0.7133755,0.059875254,3.0,3.0,3.0,3.0,3.0,3.0,3.0,3.0,3.0,3.0,3.0,3.0,3.0,3.0,3.0,3.0,3.0,3.0,3.0,3.0,3.0,3.0,3.0,3.0,3.0,3.0,3.0,3.0,3.0,3.0,3.0,3.0,3.0,3.0,3.0,3.0,1.1396103,4.7544966,0.95903647,23.95234
540,0.38018157626979465,-0.1587344,1.8309568,0.12399253,0.91869533,-0.21826638,-0.23236659,-0.23316191,0.064087264,2.5090475,-0.19295104,0.42957783,0.80030555,0.13783501,3.0,3.0,3.0,3.0,3.0,3.0,3.0,3.0,3.0,3.0,3.0,3.0,3.0,3.0,3.0,3.0,3.0,3.0,3.0,3.0,3.0,3.0,3.0,3.0,3.0,3.0,3.0,3.0,3.0,3.0,3.0,3.0,3.0,3.0,3.0,3.0,-2.0582337,4.2544985,0.83289576,22.238487
545,0.4887961689179243,-0.15821227,1.7758684,0.12599538,0.9218948,-0.21577759,-0.22396664,-0.23106045,-0.08371035,2.733727,-0.031050254,0.42642024,0.80069953,0.13556857,3.0,3.0,3.0,3.0,3.0,3.0,3.0,3.0,3.0,3.0,3.0,3.0,3.0,3.0,3.0,3.0,3.0,3.0,3.0,3.0,3.0,3.0,3.0,3.0,3.0,3.0,3.0,3.0,3.0,3.0,3.0,3.0,3.0,3.0,3.0,3.0,2.3226337,4.42881,0.38046563,16.054867
550,0.3682550545689046,-0.15569027,1.7177713,0.12718041,0.9258315,-0.2147236,-0.2123461,-0.22724193,-0.13534002,2.8086448,-0.10026805,0.41486594,1.2455652,0.2894983,3.0,3.0,3.0,3.0,3.0,3.0,3.0,3.0,3.0,3.0,3.0,3.0,3.0,3.0,3.0,3.0,3.0,3.0,3.0,3.0,3.0,3.0,3.0,3.0,3.0,3.0,3.0,3.0,3.0,3.0,3.0,3.0,3.0,3.0,3.0,3.0,-3.1203032,-1.8184781,0.5792887,28.881783
555,0.33969778117929217,-0.15226845,1.6583533,0.13012837,0.9302738,-0.21117209,-0.20111176,-0.22260074,-0.18397747,2.8821435,-0.16636072,0.6552125,1.2452067,0.5070936,3.0,3.0,3.0,3.0,3.0,3.0,3.0,3.0,3.0,3.0,3.0,3.0,3.0,3.0,3.0,3.0,3.0,3.0,3.0,3.0,3.0,3.0,3.0,3.0,3.0,3.0,3.0,3.0,3.0,3.0,3.0,3.0,3.0,3.0,3.0,3.0,2.1667309,-2.5598147,0.9668672,-32.641117
560,0.35796531953670874,-0.1475244,1.596837,0.13337977,0.93675953,-0.20386207,-0.187083,-0.21429376,-0.26870918,3.020806,-0.11092002,1.0837258,1.3534446,0.81594217,3.0,3.0,3.0,3.0,3.0,3.0,3.0,3.0,3.0,3.0,3.0,3.0,3.0,3.0,3.0,3.0,3.0,3.0,3.0,3.0,3.0,3.0,3.0,3.0,3.0,3.0,3.0,3.0,3.0,3.0,3.0,3.0,3.0,3.0,3.0,3.0,-0.77773285,-0.4426155,0.99386597,-33.908157
565,0.3091136325074205,-0.14055388,1.531601,0.13374498,0.9457264,-0.19081175,-0.16893052,-0.2016307,-0.37974066,3.2073224,0.053563606,1.6507654,1.9314218,1.323978,3.0,3.0,3.0,3.0,3.0,3.0,3.0,3.0,3.0,3.0,3.0,3.0,3.0,3.0,3.0,3.0,3.0,3.0,3.0,3.0,3.0,3.0,3.0,3.0,3.0,3.0,3.0,3.0,3.0,3.0,3.0,3.0,3.0,3.0,3.0,3.0,-2.807498,2.4229584,0.9844191,-41.175987
570,0.4995569623291174,-0.13129455,1.4625082,0.13024004,0.95531243,-0.1749998,-0.14766382,-0.18694557,-0.4862685,3.3871293,0.24699654,1.8104212,2.0869536,1.3942327,3.0,3.0,3.0,3.0,3.0,3.0,3.0,3.0,3.0,3.0,3.0,3.0,3.0,3.0,3.0,3.0,3.0,3.0,3.0,3.0,3.0,3.0,3.0,3.0,3.0,3.0,3.0,3.0,3.0,3.0,3.0,3.0,3.0,3.0,3.0,3.0,-2.4946082,-0.18148518,0.9891405,-25.760403
575,0.3777149112076328,-0.120093726,1.3901391,0.123120636,0.9638117,-0.15780413,-0.1274565,-0.1729732,-0.5615157,3.5128534,0.3657774,1.8145607,2.0347512,1.3826624,3.0,3.0,3.0,3.0,3.0,3.0,3.0,3.0,3.0,3.0,3.0,3.0,3.0,3.0,3.0,3.0,3.0,3.0,3.0,3.0,3.0,3.0,3.0,3.0,3.0,3.0,3.0,3.0,3.0,3.0,3.0,3.0,3.0,3.0,3.0,3.0,2.6350331,4.3752537,0.99898565,-40.80537
580,0.4074211402098096,-0.10742133,1.3152939,0.11320949,0.9724852,-0.14027831,-0.1024075,-0.15526515,-0.63610435,3.6404548,0.5429236,2.0196943,2.6618466,1.8331658,3.0,3.0,3.0,3.0,3.0,3.0,3.0,3.0,3.0,3.0,3.0,3.0,3.0,3.0,3.0,3.0,3.0,3.0,3.0,3.0,3.0,3.0,3.0,3.0,3.0,3.0,3.0,3.0,3.0,3.0,3.0,3.0,3.0,3.0,3.0,3.0,0.40244818,2.7067332,0.999845,-39.430145
585,0.3844892234898093,-0.09337023,1.2379907,0.09933925,0.981109,-0.12070294,-0.07297699,-0.13240175,-0.6974368,3.7542021,0.74784,2.0972004,2.771488,2.2471979,3.0,3.0,3.0,3.0,3.0,3.0,3.0,3.0,3.0,3.0,3.0,3.0,3.0,3.0,3.0,3.0,3.0,3.0,3.0,3.0,3.0,3.0,3.0,3.0,3.0,3.0,3.0,3.0,3.0,3.0,3.0,3.0,3.0,3.0,3.0,3.0,-3.7422085,3.9552612,0.99831057,-43.50111
590,0.44924418629648255,-0.07836997,1.1588057,0.081990995,0.9878719,-0.10328818,-0.047289263,-0.105850846,-0.72736365,3.815676,0.83328354,1.9777988,2.4121656,2.3893845,3.0,3.0,3.0,3.0,3.0,3.0,3.0,3.0,3.0,3.0,3.0,3.0,3.0,3.0,3.0,3.0,3.0,3.0,3.0,3.0,3.0,3.0,3.0,3.0,3.0,3.0,3.0,3.0,3.0,3.0,3.0,3.0,3.0,3.0,3.0,3.0,-1.3458049,4.6944523,0.9992118,-38.630352
595,0.4057390065359425,-0.062961385,1.0786179,0.06312265,0.9929974,-0.08469658,-0.02523829,-0.07839409,-0.74601954,3.8695037,0.95638955,1.898611,1.8847902,2.2864974,3.0,3.0,3.0,3.0,3.0,3.0,3.0,3.0,3.0,3.0,3.0,3.0,3.0,3.0,3.0,3.0,3.0,3.0,3.0,3.0,3.0,3.0,3.0,3.0,3.0,3.0,3.0,3.0,3.0,3.0,3.0,3.0,3.0,3.0,3.0,3.0,-1.4536529,-0.99318266,0.98841476,-44.781403
600,0.4174203960770895,-0.047356185,0.99769,0.042735264,0.99622095,-0.065934815,-0.005091579,-0.056307524,-0.7509116,3.8980248,1.023847,1.6297632,2.0100873,1.6727401,3.0,3.0,3.0,3.0,3.0,3.0,3.0,3.0,3.0,3.0,3.0,3.0,3.0,3.0,3.0,3.0,3.0,3.0,3.0,3.0,3.0,3.0,3.0,3.0,3.0,3.0,3.0,3.0,3.0,3.0,3.0,3.0,3.0,3.0,3.0,3.0,-4.2076216,1.561202,0.92454696,-44.56936
605,0.4115917600900144,-0.031750374,0.91638464,0.021685818,0.99799794,-0.048651353,0.014393176,-0.037762143,-0.74698454,3.9045062,0.9987677,1.7266183,1.768537,1.7168924,3.0,3.0,3.0,3.0,3.0,3.0,3.0,3.0,3.0,3.0,3.0,3.0,3.0,3.0,3.0,3.0,3.0,3.0,3.0,3.0,3.0,3.0,3.0,3.0,3.0,3.0,3.0,3.0,3.0,3.0,3.0,3.0,3.0,3.0,3.0,3.0,1.51366,-3.588335,0.83277965,-44.863964
610,0.40426892429436434,-0.0162716,0.8351272,0.0022026056,0.998885,-0.030442322,0.031266786,-0.01801341,-0.7399224,3.897021,0.8917923,1.8731351,1.5896114,1.7194685,3.0,3.0,3.0,3.0,3.0,3.0,3.0,3.0,3.0,3.0,3.0,3.0,3.0,3.0,3.0,3.0,3.0,3.0,3.0,3.0,3.0,3.0,3.0,3.0,3.0,3.0,3.0,3.0,3.0,3.0,3.0,3.0,3.0,3.0,3.0,3.0,-2.2008169,-0.6321602,-0.6226995,-44.92622
615,0.394309846062337,-0.00097102905,0.75407815,-0.014927311,0.9987702,-0.011702408,0.048151936,0.0015946956,-0.7304889,3.8854284,0.7746081,1.877111,1.6667432,1.7878866,3.0,3.0,3.0,3.0,3.0,3.0,3.0,3.0,3.0,3.0,3.0,3.0,3.0,3.0,3.0,3.0,3.0,3.0,3.0,3.0,3.0,3.0,3.0,3.0,3.0,3.0,3.0,3.0,3.0,3.0,3.0,3.0,3.0,3.0,3.0,3.0,-0.8693619,-1.229675,-0.7046306,-44.887314
620,0.3827618956164276,0.014102482,0.67331153,-0.029554961,0.9976079,0.0066889515,0.06542017,0.021306502,-0.71850246,3.8706636,0.6538428,1.8330075,1.6988152,1.7856219,3.0,3.0,3.0,3.0,3.0,3.0,3.0,3.0,3.0,3.0,3.0,3.0,3.0,3.0,3.0,3.0,3.0,3.0,3.0,3.0,3.0,3.0,3.0,3.0,3.0,3.0,3.0,3.0,3.0,3.0,3.0,3.0,3.0,3.0,3.0,3.0,-4.268496,-0.41315746,-0.96094227,-44.870266
625,0.37606118936588806,0.028889444,0.59288704,-0.041668978,0.9954077,0.024612186,0.082947135,0.040958013,-0.70355064,3.8531659,0.5332308,1.7873365,1.7280214,1.7861998,3.0,3.0,3.0,3.0,3.0,3.0,3.0,3.0,3.0,3.0,3.0,3.0,3.0,3.0,3.0,3.0,3.0,3.0,3.0,3.0,3.0,3.0,3.0,3.0,3.0,3.0,3.0,3.0,3.0,3.0,3.0,3.0,3.0,3.0,3.0,3.0,-3.093729,2.8803463,-0.97875756,-44.408463
630,0.35553267101088204,0.04332642,0.51285887,-0.051269643,0.9921834,0.04203835,0.10069439,0.060543954,-0.68550384,3.8331597,0.4125405,1.7403876,1.7541916,1.7895212,3.0,3.0,3.0,3.0,3.0,3.0,3.0,3.0,3.0,3.0,3.0,3.0,3.0,3.0,3.0,3.0,3.0,3.0,3.0,3.0,3.0,3.0,3.0,3.0,3.0,3.0,3.0,3.0,3.0,3.0,3.0,3.0,3.0,3.0,3.0,3.0,-4.438191,3.793169,-0.98307455,-44.92212
635,0.22143345447870882,-1.9426525,0.43327624,-0.05835251,0.98794997,0.058940582,0.1186231,0.080059074,-0.66425455,3.8108828,0.29154736,1.6924521,1.7771796,1.7954713,3.0,3.0,3.0,3.0,3.0,3.0,3.0,3.0,3.0,3.0,3.0,3.0,3.0,3.0,3.0,3.0,3.0,3.0,3.0,3.0,3.0,3.0,3.0,3.0,3.0,3.0,3.0,3.0,3.0,3.0,3.0,3.0,3.0,3.0,3.0,3.0,-4.999866,-3.8415842,-0.50970995,10.187244
640,-0.08961441767080675,-1.9293718,0.35428926,-0.06387338,0.98315614,0.077527046,0.13473591,0.09612382,-0.6102009,3.774319,0.2797518,2.0474322,1.4729223,1.0207129,3.0,3.0,3.0,3.0,3.0,3.0,3.0,3.0,3.0,3.0,3.0,3.0,3.0,3.0,3.0,3.0,3.0,3.0,3.0,3.0,3.0,3.0,3.0,3.0,3.0,3.0,3.0,3.0,3.0,3.0,3.0,3.0,3.0,3.0,3.0,3.0,-4.9981527,-3.024344,0.59023964,38.919235
645,-0.008850201884441133,-1.9176108,0.27626985,-0.07025247,0.9789135,0.10117775,0.14500992,0.10229168,-0.530151,3.7223558,0.33231673,2.308576,0.99671274,-0.032632153,3.0,3.0,3.0,3.0,3.0,3.0,3.0,3.0,3.0,3.0,3.0,3.0,3.0,3.0,3.0,3.0,3.0,3.0,3.0,3.0,3.0,3.0,3.0,3.0,3.0,3.0,3.0,3.0,3.0,3.0,3.0,3.0,3.0,3.0,3.0,3.0,-4.9925375,0.29001808,0.6911993,26.49411
650,0.05827140540657891,-1.9075288,0.1994335,-0.07747882,0.97571933,0.12604374,0.14882357,0.09968106,-0.45346326,3.6644971,0.35392874,2.1922872,0.38726795,-0.60715353,3.0,3.0,3.0,3.0,3.0,3.0,3.0,3.0,3.0,3.0,3.0,3.0,3.0,3.0,3.0,3.0,3.0,3.0,3.0,3.0,3.0,3.0,3.0,3.0,3.0,3.0,3.0,3.0,3.0,3.0,3.0,3.0,3.0,3.0,3.0,3.0,-4.936581,4.5061665,0.9412993,-14.561653
655,-0.23276778206056573,-1.8987794,0.12374031,-0.08426171,0.9733236,0.14786452,0.14687176,0.09594786,-0.39826566,3.6121798,0.30465022,1.9103338,-0.018614775,-0.8333501,3.0,3.0,3.0,3.0,3.0,3.0,3.0,3.0,3.0,3.0,3.0,3.0,3.0,3.0,3.0,3.0,3.0,3.0,3.0,3.0,3.0,3.0,3.0,3.0,3.0,3.0,3.0,3.0,3.0,3.0,3.0,3.0,3.0,3.0,3.0,3.0,-4.78986,-0.78329086,0.7741444,40.88617
660,-0.10578772070838041,-1.8915726,0.049553026,-0.09116219,0.97159463,0.16955467,0.1393335,0.08855082,-0.3171506,3.5303564,0.33176205,2.0538077,-0.6076993,-1.1944927,3.0,3.0,3.0,3.0,3.0,3.0,3.0,3.0,3.0,3.0,3.0,3.0,3.0,3.0,3.0,3.0,3.0,3.0,3.0,3.0,3.0,3.0,3.0,3.0,3.0,3.0,3.0,3.0,3.0,3.0,3.0,3.0,3.0,3.0,3.0,3.0,-4.404331,4.773947,0.86473393,-22.498896
665,-0.15637530224554905,-1.8860115,-0.022742962,-0.09864581,0.97040343,0.19033676,0.1260457,0.07875,-0.21812123,3.41114,0.42694944,1.9673114,-0.9622933,-1.4802576,3.0,3.0,3.0,3.0,3.0,3.0,3.0,3.0,3.0,3.0,3.0,3.0,3.0,3.0,3.0,3.0,3.0,3.0,3.0,3.0,3.0,3.0,3.0,3.0,3.0,3.0,3.0,3.0,3.0,3.0,3.0,3.0,3.0,3.0,3.0,3.0,-4.503939,2.5891075,0.76601815,-22.505852
670,-0.3428487565132531,-1.8822167,-0.092701115,-0.10739483,0.9688284,0.2114773,0.108274736,0.07018175,-0.16365853,3.3277416,0.39955512,2.053775,-1.449307,-1.5271505,3.0,3.0,3.0,3.0,3.0,3.0,3.0,3.0,3.0,3.0,3.0,3.0,3.0,3.0,3.0,3.0,3.0,3.0,3.0,3.0,3.0,3.0,3.0,3.0,3.0,3.0,3.0,3.0,3.0,3.0,3.0,3.0,3.0,3.0,3.0,3.0,1.118154,3.664011,-0.080712974,-37.41925
675,-0.17420125819348317,-1.8795024,-0.16071036,-0.11574309,0.96657383,0.23336218,0.08822244,0.059109334,-0.10381247,3.2106872,0.42299148,2.133588,-1.4826354,-1.7309076,3.0,3.0,3.0,3.0,3.0,3.0,3.0,3.0,3.0,3.0,3.0,3.0,3.0,3.0,3.0,3.0,3.0,3.0,3.0,3.0,3.0,3.0,3.0,3.0,3.0,3.0,3.0,3.0,3.0,3.0,3.0,3.0,3.0,3.0,3.0,3.0,2.1662068,4.5162477,0.8893143,-15.793329
680,-0.09409844010935937,-1.8782524,-0.22542219,-0.12602246,0.96392614,0.25272128,0.07039092,0.0449836,-0.040505666,3.0545263,0.50207657,1.7868081,-1.1131647,-2.0295932,3.0,3.0,3.0,3.0,3.0,3.0,3.0,3.0,3.0,3.0,3.0,3.0,3.0,3.0,3.0,3.0,3.0,3.0,3.0,3.0,3.0,3.0,3.0,3.0,3.0,3.0,3.0,3.0,3.0,3.0,3.0,3.0,3.0,3.0,3.0,3.0,4.5994053,2.8794127,0.31168258,-2.0521584
685,-0.20346394998899048,-1.878022,-0.28705332,-0.13726506,0.96063524,0.270373,0.056758042,0.029272402,0.0013573137,2.9134483,0.5288343,1.5943383,-0.66878617,-1.8436124,3.0,3.0,3.0,3.0,3.0,3.0,3.0,3.0,3.0,3.0,3.0,3.0,3.0,3.0,3.0,3.0,3.0,3.0,3.0,3.0,3.0,3.0,3.0,3.0,3.0,3.0,3.0,3.0,3.0,3.0,3.0,3.0,3.0,3.0,3.0,3.0,2.0624638,2.5709057,0.6549797,14.673588
690,-0.33176534566383065,-1.8783189,-0.34652957,-0.1475233,0.95733464,0.28503823,0.045884408,0.012576267,0.020771476,2.8198915,0.459634,1.2762997,-0.6815753,-1.8349816,3.0,3.0,3.0,3.0,3.0,3.0,3.0,3.0,3.0,3.0,3.0,3.0,3.0,3.0,3.0,3.0,3.0,3.0,3.0,3.0,3.0,3.0,3.0,3.0,3.0,3.0,3.0,3.0,3.0,3.0,3.0,3.0,3.0,3.0,3.0,3.0,2.6340313,-1.6162312,0.002174139,26.311913
695,-0.25569646214233727,-1.8790693,-0.40335628,-0.15730041,0.95367354,0.29874074,0.03549829,-0.0008135633,0.04403083,2.6688159,0.46918216,1.2805964,-0.54725647,-1.5394869,3.0,3.0,3.0,3.0,3.0,3.0,3.0,3.0,3.0,3.0,3.0,3.0,3.0,3.0,3.0,3.0,3.0,3.0,3.0,3.0,3.0,3.0,3.0,3.0,3.0,3.0,3.0,3.0,3.0,3.0,3.0,3.0,3.0,3.0,3.0,3.0,-0.58591175,2.2451282,0.54056823,17.844017
700,-0.2419554004241211,-1.880183,-0.4571808,-0.16691522,0.9501042,0.3107948,0.023519265,-0.012468505,0.056524724,2.5492473,0.42341357,1.2201463,-0.7552845,-1.3599446,3.0,3.0,3.0,3.0,3.0,3.0,3.0,3.0,3.0,3.0,3.0,3.0,3.0,3.0,3.0,3.0,3.0,3.0,3.0,3.0,3.0,3.0,3.0,3.0,3.0,3.0,3.0,3.0,3.0,3.0,3.0,3.0,3.0,3.0,3.0,3.0,4.0574837,3.1554403,-0.31265497,14.933353
705,-0.15116527948116748,-1.8813964,-0.50955224,-0.17404419,0.9459874,0.3231597,0.011761155,-0.023180671,0.05905041,2.4900184,0.2879285,1.2073033,-0.76036394,-1.3614781,3.0,3.0,3.0,3.0,3.0,3.0,3.0,3.0,3.0,3.0,3.0,3.0,3.0,3.0,3.0,3.0,3.0,3.0,3.0,3.0,3.0,3.0,3.0,3.0,3.0,3.0,3.0,3.0,3.0,3.0,3.0,3.0,3.0,3.0,3.0,3.0,4.322997,4.062825,-0.0355286,-0.1423111
710,-0.3864453380857516,-1.8826281,-0.5605052,-0.17854896,0.9417586,0.3345642,0.00018773465,-0.034022924,0.058557242,2.3989704,0.18973601,0.944365,-0.7952903,-1.3487295,3.0,3.0,3.0,3.0,3.0,3.0,3.0,3.0,3.0,3.0,3.0,3.0,3.0,3.0,3.0,3.0,3.0,3.0,3.0,3.0,3.0,3.0,3.0,3.0,3.0,3.0,3.0,3.0,3.0,3.0,3.0,3.0,3.0,3.0,3.0,3.0,1.3004494,1.9583178,0.44675958,29.280739
715,-0.39491687526126096,-1.8837329,-0.6074928,-0.18351679,0.9386585,0.34202057,-0.010115989,-0.04289412,0.047719683,2.1526575,0.27841875,0.6644317,-0.5396269,-1.1660752,3.0,3.0,3.0,3.0,3.0,3.0,3.0,3.0,3.0,3.0,3.0,3.0,3.0,3.0,3.0,3.0,3.0,3.0,3.0,3.0,3.0,3.0,3.0,3.0,3.0,3.0,3.0,3.0,3.0,3.0,3.0,3.0,3.0,3.0,3.0,3.0,1.8589249,-2.2197914,0.033333182,31.598679
720,-0.4074401513328151,-1.8844829,-0.6490804,-0.1905652,0.9352447,0.34987983,-0.018550012,-0.05057014,0.028280701,1.9083512,0.3576548,0.962611,-0.5260794,-0.75939035,3.0,3.0,3.0,3.0,3.0,3.0,3.0,3.0,3.0,3.0,3.0,3.0,3.0,3.0,3.0,3.0,3.0,3.0,3.0,3.0,3.0,3.0,3.0,3.0,3.0,3.0,3.0,3.0,3.0,3.0,3.0,3.0,3.0,3.0,3.0,3.0,4.816642,4.1092787,-0.084554315,33.41912
725,-0.4152215367521449,-1.8849937,-0.6880702,-0.19627321,0.9311551,0.3593257,-0.025944304,-0.056233168,0.021802647,1.8468243,0.21809125,0.957701,-0.5273025,-0.76020265,3.0,3.0,3.0,3.0,3.0,3.0,3.0,3.0,3.0,3.0,3.0,3.0,3.0,3.0,3.0,3.0,3.0,3.0,3.0,3.0,3.0,3.0,3.0,3.0,3.0,3.0,3.0,3.0,3.0,3.0,3.0,3.0,3.0,3.0,3.0,3.0,4.9231167,3.9604397,0.6734526,34.389908
730,-0.4068266953228693,-1.8853496,-0.7257667,-0.19906275,0.9269039,0.3686553,-0.03335087,-0.061887972,0.013721044,1.7843888,0.07764865,0.95279455,-0.528413,-0.7610769,3.0,3.0,3.0,3.0,3.0,3.0,3.0,3.0,3.0,3.0,3.0,3.0,3.0,3.0,3.0,3.0,3.0,3.0,3.0,3.0,3.0,3.0,3.0,3.0,3.0,3.0,3.0,3.0,3.0,3.0,3.0,3.0,3.0,3.0,3.0,3.0,4.827404,4.5920076,0.019452691,33.787476
735,-0.3889095227894344,-1.885517,-0.7621516,-0.19891486,0.92249304,0.3778673,-0.040767774,-0.067534,0.0040314966,1.7210827,-0.06372447,0.94789416,-0.5294104,-0.7620104,3.0,3.0,3.0,3.0,3.0,3.0,3.0,3.0,3.0,3.0,3.0,3.0,3.0,3.0,3.0,3.0,3.0,3.0,3.0,3.0,3.0,3.0,3.0,3.0,3.0,3.0,3.0,3.0,3.0,3.0,3.0,3.0,3.0,3.0,3.0,3.0,4.894433,4.6047897,-0.2192033,32.36953
740,-0.20660878682686903,-1.8854624,-0.79720706,-0.19580956,0.91792434,0.3869604,-0.04819308,-0.0731707,-0.0072690863,1.6569438,-0.20607509,0.94300234,-0.53029436,-0.7630005,3.0,3.0,3.0,3.0,3.0,3.0,3.0,3.0,3.0,3.0,3.0,3.0,3.0,3.0,3.0,3.0,3.0,3.0,3.0,3.0,3.0,3.0,3.0,3.0,3.0,3.0,3.0,3.0,3.0,3.0,3.0,3.0,3.0,3.0,3.0,3.0,4.897232,4.8496466,0.67366207,13.683666
745,-0.23303795207265554,-1.8851522,-0.83091635,-0.18972594,0.91319966,0.3959333,-0.055624872,-0.078797534,-0.02018237,1.59201,-0.34944496,0.9381216,-0.53106457,-0.7640444,3.0,3.0,3.0,3.0,3.0,3.0,3.0,3.0,3.0,3.0,3.0,3.0,3.0,3.0,3.0,3.0,3.0,3.0,3.0,3.0,3.0,3.0,3.0,3.0,3.0,3.0,3.0,2.9918437,3.0,3.0,3.0,3.0,3.0,3.0,3.0,3.0,4.6457005,4.937402,0.67406595,17.264473
750,-0.28589698259955093,-1.884553,-0.8632633,-0.1806423,0.90832084,0.40478486,-0.063061245,-0.08441395,-0.034708455,1.526319,-0.49386978,0.93325454,-0.5317209,-0.7651395,3.0,3.0,3.0,3.0,3.0,3.0,3.0,3.0,3.0,3.0,3.0,3.0,3.0,3.0,3.0,3.0,3.0,3.0,3.0,3.0,3.0,3.0,3.0,3.0,3.0,3.0,2.9361472,2.9231305,3.0,3.0,3.0,3.0,3.0,3.0,3.0,3.0,4.863117,4.9860945,0.91328025,23.456482
755,-0.10724281446521922,-1.8836308,-0.8942327,-0.16853632,0.9032898,0.41351387,-0.0705003,-0.09001943,-0.050845724,1.4599098,-0.6393786,0.9284035,-0.5322632,-0.76628304,3.0,3.0,3.0,3.0,3.0,3.0,3.0,3.0,3.0,3.0,3.0,3.0,3.0,3.0,3.0,3.0,3.0,3.0,3.0,3.0,3.0,3.0,3.0,3.0,3.0,2.9624045,2.8631885,2.8543193,2.9343896,3.0,3.0,3.0,3.0,3.0,3.0,3.0,4.729044,4.9804983,0.8952594,-2.314186
760,-0.10244524759975307,-1.8823524,-0.92381,-0.1533851,0.8981084,0.42211923,-0.07794015,-0.095613405,-0.0685907,1.3928226,-0.7859932,0.92357093,-0.5326916,-0.76747227,3.0,3.0,3.0,3.0,3.0,3.0,3.0,3.0,3.0,3.0,3.0,3.0,3.0,3.0,3.0,3.0,3.0,3.0,3.0,3.0,3.0,3.0,3.0,3.0,3.0,2.8835955,2.7905526,2.7853112,2.8670397,3.0,3.0,3.0,3.0,3.0,3.0,3.0,4.8478518,4.966692,0.95575976,2.7623482
765,-0.26447133214516977,-1.8806843,-0.9519816,-0.13516544,0.89277864,0.43059984,-0.08537893,-0.10119536,-0.08793789,1.3250997,-0.93372786,0.91875917,-0.5330062,-0.7687046,3.0,3.0,3.0,3.0,3.0,3.0,3.0,3.0,3.0,3.0,3.0,3.0,3.0,3.0,3.0,3.0,3.0,3.0,3.0,3.0,3.0,3.0,3.0,3.0,2.9926598,2.8054996,2.7180984,2.7160096,2.7989023,2.9804232,3.0,3.0,3.0,3.0,3.0,3.0,4.5394497,4.852522,0.61865914,23.522697
770,-0.11798532899886985,-1.8785931,-0.9787349,-0.11385388,0.88730234,0.43895468,-0.09281477,-0.10676476,-0.10887971,1.2567867,-1.0825895,0.9139705,-0.5332071,-0.76997715,3.0,3.0,3.0,3.0,3.0,3.0,3.0,3.0,3.0,3.0,3.0,3.0,3.0,3.0,3.0,3.0,3.0,3.0,3.0,3.0,3.0,3.0,3.0,3.0,2.9065917,2.7279289,2.6456912,2.6463208,2.7299175,2.9102802,3.0,3.0,3.0,3.0,3.0,3.0,3.6889467,4.902766,0.73696625,8.504658
775,-0.183939762699066,-1.8760372,-1.0040338,-0.089445636,0.8818343,0.44698322,-0.100128986,-0.11201958,-0.13346703,1.1820998,-1.2280933,0.7839073,-0.5303625,-0.6198378,3.0,3.0,3.0,3.0,3.0,3.0,3.0,3.0,3.0,3.0,3.0,3.0,3.0,3.0,3.0,3.0,3.0,3.0,3.0,3.0,3.0,3.0,3.0,3.0,2.8221726,2.6515255,2.5740912,2.5771346,2.661138,2.840002,3.0,3.0,3.0,3.0,3.0,3.0,1.3858137,3.374362,0.7770909,-18.118097
780,-0.3221068613374781,-1.8723459,-1.0261096,-0.06324513,0.87924176,0.45105988,-0.10520766,-0.11140117,-0.22206783,0.9358644,-1.2461307,0.28803223,-0.52425355,-0.025883177,3.0,3.0,3.0,3.0,3.0,3.0,3.0,3.0,3.0,3.0,3.0,3.0,3.0,3.0,3.0,3.0,3.0,3.0,3.0,3.0,3.0,3.0,3.0,3.0,2.7529402,2.591114,2.5195622,2.5265613,2.613222,2.7939463,3.0,3.0,3.0,3.0,3.0,3.0,-1.7454073,-2.17521,0.81753945,-37.486553
785,-0.2433067042214388,-1.8660897,-1.0411781,-0.03802884,0.8772665,0.45427313,-0.10978332,-0.10948515,-0.3528231,0.58149415,-1.1870687,0.2887608,-0.5230068,-0.024539223,3.0,3.0,3.0,3.0,3.0,3.0,3.0,3.0,3.0,3.0,3.0,3.0,3.0,3.0,3.0,3.0,3.0,3.0,3.0,3.0,3.0,3.0,3.0,2.9585776,2.6899478,2.5366998,2.4710054,2.4821424,2.5718794,2.7552037,3.0,3.0,3.0,3.0,3.0,3.0,-1.0706818,-3.4115362,0.98043144,-35.057228
790,-0.2128297611911341,-1.8570745,-1.0488557,-0.0139946425,0.8752568,0.45747548,-0.11433617,-0.10755923,-0.48636794,0.22643562,-1.1318668,0.28946698,-0.52176845,-0.023182867,3.0,3.0,3.0,3.0,3.0,3.0,3.0,3.0,3.0,3.0,3.0,3.0,3.0,3.0,3.0,3.0,3.0,3.0,3.0,3.0,3.0,3.0,3.0,2.886631,2.6302786,2.4850938,2.4249244,2.4399846,2.5326679,2.718533,3.0,3.0,3.0,3.0,3.0,3.0,-4.40957,1.7423,0.9500085,-37.62561
795,-0.07650694916045986,-1.845243,-1.0491264,0.008936967,0.87321293,0.46066666,-0.11886608,-0.10562341,-0.62263393,-0.1294028,-1.0804502,0.29015067,-0.52053857,-0.021814516,3.0,3.0,3.0,3.0,3.0,3.0,3.0,3.0,3.0,3.0,3.0,3.0,3.0,3.0,3.0,3.0,3.0,3.0,3.0,3.0,3.0,3.0,3.0,2.8185341,2.5736995,2.436105,2.3811543,2.3999403,2.4954512,2.683805,3.0,3.0,3.0,3.0,3.0,3.0,-4.100251,1.4763598,0.89927316,-29.85208
800,0.09523657650627854,-1.8308597,-1.0427907,0.031412818,0.87230456,0.46094465,-0.12665151,-0.10283066,-0.7287825,-0.40217158,-1.0909785,-0.2392098,-0.93579274,-0.18086942,3.0,3.0,3.0,3.0,3.0,3.0,3.0,3.0,3.0,3.0,3.0,3.0,3.0,3.0,3.0,3.0,3.0,3.0,3.0,3.0,3.0,3.0,3.0,2.7453,2.5171585,2.391104,2.344924,2.371176,2.474046,2.6710868,3.0,3.0,3.0,3.0,3.0,3.0,-4.1038523,3.6070518,0.8556931,-15.033445
805,0.2493693174048039,-1.8144351,-1.0313327,0.054505214,0.87387633,0.45697126,-0.13545609,-0.09575543,-0.8434747,-0.6848749,-1.0943326,-0.6226468,-1.0219346,0.22317673,3.0,3.0,3.0,3.0,3.0,3.0,3.0,3.0,3.0,3.0,3.0,3.0,3.0,3.0,3.0,3.0,3.0,3.0,3.0,3.0,3.0,3.0,3.0,2.6738029,2.466551,2.3555403,2.321594,2.3592794,2.4746397,2.6877248,3.0,3.0,3.0,3.0,3.0,3.0,-2.7063096,1.2036142,0.59123147,4.3797684
810,-0.07763135995487103,-1.7951638,-1.0129851,0.07692474,0.87688386,0.4507778,-0.14353165,-0.08528024,-0.9826362,-1.0179477,-1.0585538,-0.9099501,-1.102058,0.53613204,3.0,3.0,3.0,3.0,3.0,3.0,3.0,3.0,3.0,3.0,3.0,3.0,3.0,3.0,3.0,3.0,3.0,3.0,3.0,3.0,3.0,3.0,2.923361,2.6102505,2.4242568,2.3290665,2.3085635,2.3594847,2.4900687,2.7235558,3.0,3.0,3.0,3.0,3.0,3.0,-3.915218,0.11348295,0.22709978,43.108658
815,-0.02911720318082306,-1.7728922,-0.987559,0.09842549,0.88083756,0.44167975,-0.1539657,-0.073066555,-1.1268852,-1.3545395,-1.0139726,-1.2813561,-1.3020729,0.57485473,3.0,3.0,3.0,3.0,3.0,3.0,3.0,3.0,3.0,3.0,3.0,3.0,3.0,3.0,3.0,3.0,3.0,3.0,3.0,3.0,3.0,3.0,2.8257315,2.5485084,2.3868647,2.3105197,2.3068266,2.3751993,2.526872,2.7897847,3.0,3.0,3.0,3.0,3.0,3.0,-3.750689,-3.1798623,0.8091301,43.19158
820,0.011073092868851497,-1.7475306,-0.95506954,0.11884923,0.8849049,0.4316688,-0.1644072,-0.05979656,-1.2777369,-1.6947691,-0.9576353,-1.3344164,-1.3545111,0.52412647,3.0,3.0,3.0,3.0,3.0,3.0,3.0,3.0,3.0,3.0,3.0,3.0,3.0,3.0,3.0,3.0,3.0,3.0,3.0,3.0,3.0,3.0,2.7379766,2.4944117,2.3563898,2.2990334,2.3130128,2.400549,2.5763307,2.8741186,3.0,3.0,3.0,3.0,3.0,3.0,-4.5836163,-3.735955,0.5060847,44.789047
825,0.06728061610075298,-1.7190051,-0.9155941,0.13805224,0.88870305,0.420987,-0.17562343,-0.04618752,-1.4306123,-2.0272517,-0.8971467,-1.35043,-1.4229462,0.5584084,3.0,3.0,3.0,3.0,3.0,3.0,3.0,3.0,3.0,3.0,3.0,3.0,3.0,3.0,3.0,3.0,3.0,3.0,3.0,3.0,3.0,3.0,2.657128,2.4458008,2.3312263,2.2934737,2.326487,2.4355485,2.6394818,2.9794905,3.0,3.0,3.0,3.0,3.0,3.0,-4.2510977,-3.7443302,0.78176594,44.732376
830,0.10843575466347488,-1.6873972,-0.8695706,0.15616743,0.8927422,0.4089148,-0.18671538,-0.030617014,-1.57388,-2.3265362,-0.85279703,-1.664912,-1.533565,0.85192066,3.0,3.0,3.0,3.0,3.0,3.0,3.0,3.0,3.0,3.0,3.0,3.0,3.0,3.0,3.0,3.0,3.0,3.0,3.0,3.0,3.0,2.890923,2.5865426,2.4063015,2.3153105,2.2982364,2.3523645,2.4864764,2.7245953,3.0,3.0,3.0,3.0,3.0,3.0,3.0,-4.1179214,-1.5936792,0.1800524,44.97606
835,0.13874499197552903,-1.6529018,-0.81765145,0.17349982,0.8978599,0.39346796,-0.1972825,-0.010498755,-1.7117256,-2.6036587,-0.81524545,-2.0284321,-1.5667034,1.1253493,3.0,3.0,3.0,3.0,3.0,3.0,3.0,3.0,3.0,3.0,3.0,3.0,3.0,3.0,3.0,3.0,3.0,3.0,3.0,3.0,3.0,2.7885625,2.5301898,2.381871,2.3164651,2.3232598,2.4033334,2.5699992,2.8547056,3.0,3.0,3.0,3.0,3.0,3.0,3.0,-1.9317195,1.722805,0.8940351,44.742065
840,0.18570738025281464,-1.6157622,-0.7605279,0.1903609,0.9030273,0.3764736,-0.20667435,0.0097501,-1.8467115,-2.8652365,-0.77626,-2.0487185,-1.4677411,1.0629586,3.0,3.0,3.0,3.0,3.0,3.0,3.0,3.0,3.0,3.0,3.0,3.0,3.0,3.0,3.0,3.0,3.0,3.0,3.0,3.0,3.0,2.710803,2.492538,2.3735466,2.3330576,2.364568,2.4731143,2.6773703,3.0,3.0,3.0,3.0,3.0,3.0,3.0,3.0,0.32592535,-4.464009,0.9569833,44.96895
845,0.22548983359219432,-1.5752907,-0.6970828,0.20544273,0.9076901,0.3587957,-0.21561135,0.029598214,-2.0068288,-3.1642797,-0.68768466,-2.0932488,-1.4092829,1.0303351,3.0,3.0,3.0,3.0,3.0,3.0,3.0,3.0,3.0,3.0,3.0,3.0,3.0,3.0,3.0,3.0,3.0,3.0,3.0,3.0,2.9604387,2.6520648,2.469839,2.3786728,2.3632474,2.4211109,2.5616677,2.8101993,3.0,3.0,3.0,3.0,3.0,3.0,3.0,3.0,-2.9122674,1.1147933,0.94494104,44.988945
850,0.2453370850800204,-1.5324863,-0.6293593,0.22035347,0.91356856,0.33866164,-0.22040023,0.046092715,-2.08851,-3.3111827,-0.7300785,-2.3751087,-0.69735587,0.7349056,3.0,3.0,3.0,3.0,3.0,3.0,3.0,3.0,3.0,3.0,3.0,3.0,3.0,3.0,3.0,3.0,3.0,3.0,3.0,3.0,2.9058344,2.6364412,2.4817693,2.4135094,2.4204803,2.5037882,2.6772828,2.9736924,3.0,3.0,3.0,3.0,3.0,3.0,3.0,3.0,0.36429644,-4.2858915,0.9632697,44.898026
855,0.2698594307795421,-1.4874201,-0.55769664,0.23504636,0.91962034,0.3172881,-0.22343281,0.060864374,-2.2220452,-3.539453,-0.6704799,-2.3674183,-0.7234708,0.70716125,3.0,3.0,3.0,3.0,3.0,3.0,3.0,3.0,3.0,3.0,3.0,3.0,3.0,3.0,3.0,3.0,3.0,3.0,3.0,3.0,2.880393,2.644029,2.5141115,2.4678357,2.4977539,2.6086414,2.8194804,3.0,3.0,3.0,3.0,3.0,3.0,3.0,3.0,3.0,-2.3864055,-3.286742,0.9899887,44.976425
860,0.27761867214404434,-1.4395299,-0.48134023,0.24829213,0.9261982,0.2942103,-0.22410515,0.07330855,-2.3496568,-3.7468727,-0.6115848,-2.6818748,-0.048481237,0.3298897,3.0,3.0,3.0,3.0,3.0,3.0,3.0,3.0,3.0,3.0,3.0,3.0,3.0,3.0,3.0,3.0,3.0,3.0,3.0,3.0,2.8916001,2.6828015,2.5751,2.5502083,2.6041617,2.7456765,2.9998422,3.0,3.0,3.0,3.0,3.0,3.0,3.0,3.0,3.0,-0.7469454,0.79120445,0.86137056,44.864998
865,0.24687950102233758,-1.390201,-0.40270203,0.26254427,0.93469536,0.26767293,-0.2194446,0.08086963,-2.3797903,-3.792495,-0.73181945,-2.8729823,0.35662857,0.0632216,3.0,3.0,3.0,3.0,3.0,3.0,3.0,3.0,3.0,3.0,3.0,3.0,3.0,3.0,3.0,3.0,3.0,3.0,3.0,3.0,2.9691327,2.7790093,2.6885433,2.682725,2.7606308,2.9350438,3.0,3.0,3.0,3.0,3.0,3.0,3.0,3.0,3.0,3.0,-1.7587149,2.6067777,0.8978785,44.942024
870,0.21319723492851406,-1.3403113,-0.32325834,0.2793651,0.9434901,0.23945774,-0.21239603,0.08587415,-2.403987,-3.825693,-0.85832334,-2.9262211,0.51413566,-0.086135484,3.0,3.0,3.0,3.0,3.0,3.0,3.0,3.0,3.0,3.0,3.0,3.0,3.0,3.0,3.0,3.0,3.0,3.0,3.0,3.0,3.0,2.914379,2.8415716,2.8570063,2.9631345,3.0,3.0,3.0,3.0,3.0,3.0,3.0,3.0,3.0,3.0,3.0,0.32424402,1.504724,0.67742,44.863274
875,0.16835475284917312,-1.2899116,-0.24316339,0.29872963,0.951986,0.21026592,-0.20394397,0.088981755,-2.4327316,-3.8609724,-0.9681931,-3.0383694,0.7469677,-0.29197517,3.0,3.0,3.0,3.0,3.0,3.0,3.0,3.0,3.0,3.0,3.0,3.0,3.0,3.0,3.0,3.0,3.0,3.0,3.0,3.0,3.0,3.0,3.0,3.0,3.0,3.0,3.0,3.0,3.0,3.0,3.0,3.0,3.0,3.0,3.0,3.0,1.8680916,2.2652283,0.66731095,44.91494
880,0.12572109884644778,-1.2389417,-0.16242427,0.32036364,0.9601043,0.17988889,-0.1940429,0.090482324,-2.4638987,-3.8941648,-1.0644509,-3.1352065,0.9143277,-0.45584115,3.0,3.0,3.0,3.0,3.0,3.0,3.0,3.0,3.0,3.0,3.0,3.0,3.0,3.0,3.0,3.0,3.0,3.0,3.0,3.0,3.0,3.0,3.0,3.0,3.0,3.0,3.0,3.0,3.0,3.0,3.0,3.0,3.0,3.0,3.0,3.0,3.5955133,3.74508,0.92042804,43.943085
885,0.054982983828729015,-1.1873391,-0.081066735,0.3439572,0.9678917,0.14808017,-0.18223137,0.08972005,-2.4911478,-3.9176972,-1.1622965,-3.2317743,1.1116691,-0.67427737,3.0,3.0,3.0,3.0,3.0,3.0,3.0,3.0,3.0,3.0,3.0,3.0,3.0,3.0,3.0,3.0,3.0,3.0,3.0,3.0,3.0,3.0,3.0,3.0,3.0,3.0,3.0,3.0,3.0,3.0,3.0,3.0,3.0,3.0,3.0,3.0,4.831293,3.8020945,0.88427854,44.874825
890,-0.01030440191300741,-1.1350131,0.00087065226,0.36905864,0.9758765,0.11332634,-0.16643639,0.084386416,-2.5274992,-3.9444191,-1.2257069,-3.473917,1.5592711,-1.1507995,3.0,3.0,3.0,3.0,3.0,3.0,3.0,3.0,3.0,3.0,3.0,3.0,3.0,3.0,3.0,3.0,3.0,3.0,3.0,3.0,3.0,3.0,3.0,3.0,3.0,3.0,3.0,3.0,3.0,3.0,3.0,3.0,3.0,3.0,3.0,3.0,4.5622635,-2.2137616,0.82855225,44.988747
895,-0.05488960813218685,-1.0811508,0.08389411,0.39294106,0.98284674,0.07743621,-0.1487007,0.07683745,-2.629971,-4.0138397,-1.0691711,-3.454282,1.5684416,-1.1406711,3.0,3.0,3.0,3.0,3.0,3.0,3.0,3.0,3.0,3.0,3.0,3.0,3.0,3.0,3.0,3.0,3.0,3.0,3.0,3.0,3.0,3.0,3.0,3.0,3.0,3.0,3.0,3.0,3.0,3.0,3.0,3.0,3.0,3.0,3.0,3.0,4.5005083,1.2259059,0.89654684,44.96058
900,-0.10534429026338099,-1.024948,0.1682274,0.41235027,0.9884668,0.040141664,-0.12910339,0.06822321,-2.741486,-4.0662885,-0.8373251,-3.58825,1.7382033,-1.2484586,3.0,3.0,3.0,3.0,3.0,3.0,3.0,3.0,3.0,3.0,3.0,3.0,3.0,3.0,3.0,3.0,3.0,3.0,3.0,3.0,3.0,3.0,3.0,3.0,3.0,3.0,3.0,3.0,3.0,3.0,3.0,3.0,3.0,3.0,3.0,3.0,4.4031687,-3.1432672,0.92537546,44.91604
905,-0.15851730291018318,-0.96658987,0.25321287,0.42677972,0.9922598,0.0028867086,-0.108990386,0.05944099,-2.8389013,-4.0831614,-0.5953878,-3.5640903,1.7511424,-1.2395766,3.0,3.0,3.0,3.0,3.0,3.0,3.0,3.0,3.0,3.0,3.0,3.0,3.0,3.0,3.0,3.0,3.0,3.0,3.0,3.0,3.0,3.0,3.0,3.0,3.0,3.0,3.0,3.0,3.0,3.0,3.0,3.0,3.0,3.0,3.0,3.0,3.0209274,-3.6705124,0.9871242,44.987
910,-0.21919515827600217,-0.90640503,0.33810052,0.43612096,0.9942188,-0.033921544,-0.088337615,0.05074198,-2.9199424,-4.0641665,-0.3500542,-3.5146956,1.8004186,-1.2075326,3.0,3.0,3.0,3.0,3.0,3.0,3.0,3.0,3.0,3.0,3.0,3.0,3.0,3.0,3.0,3.0,3.0,3.0,3.0,3.0,3.0,3.0,3.0,3.0,3.0,3.0,3.0,3.0,3.0,3.0,3.0,3.0,3.0,3.0,3.0,3.0,3.524539,-4.8891463,0.89197636,44.979935
915,-0.282696874519663,-0.844747,0.42215323,0.44032785,0.99436617,-0.07027924,-0.0672719,0.042085677,-2.9836078,-4.010169,-0.10328411,-3.4900334,1.8114969,-1.2024704,3.0,3.0,3.0,3.0,3.0,3.0,3.0,3.0,3.0,3.0,3.0,3.0,3.0,3.0,3.0,3.0,3.0,3.0,3.0,3.0,3.0,3.0,3.0,3.0,3.0,3.0,3.0,3.0,3.0,3.0,3.0,3.0,3.0,3.0,3.0,3.0,4.417715,-4.751802,0.9400685,44.893883
920,-0.342760856441751,-0.7820121,0.50467473,0.4395458,0.9931509,-0.10302894,-0.042218685,0.035410725,-3.026943,-3.924265,0.1298043,-2.9350445,2.544912,-0.8744407,3.0,3.0,3.0,3.0,3.0,3.0,3.0,3.0,3.0,3.0,3.0,3.0,3.0,3.0,3.0,3.0,3.0,3.0,3.0,3.0,3.0,3.0,3.0,3.0,3.0,3.0,3.0,3.0,3.0,3.0,3.0,3.0,3.0,3.0,3.0,3.0,-0.12777233,-1.6093965,0.75316405,44.981667
925,-0.40729818252824734,-0.7186675,0.58509433,0.43419826,0.9907436,-0.13088994,-0.014869335,0.03277034,-3.045597,-3.8176537,0.32593045,-2.6189952,2.612357,-0.4459002,3.0,3.0,3.0,3.0,3.0,3.0,3.0,3.0,3.0,3.0,3.0,3.0,3.0,3.0,3.0,3.0,3.0,3.0,3.0,3.0,3.0,3.0,3.0,3.0,3.0,3.0,3.0,3.0,3.0,3.0,3.0,3.0,3.0,3.0,3.0,3.0,2.722134,-1.8871241,0.77109134,44.827866
930,-0.484946200006381,-0.65523034,0.6631686,0.42541367,0.9871911,-0.15559833,0.015050232,0.03188044,-3.0409923,-3.7068748,0.45451877,-2.2985923,2.6264343,-0.5286657,3.0,3.0,3.0,3.0,3.0,3.0,3.0,3.0,3.0,3.0,3.0,3.0,3.0,3.0,3.0,3.0,3.0,3.0,3.0,3.0,3.0,3.0,3.0,3.0,3.0,3.0,3.0,3.0,3.0,3.0,3.0,3.0,3.0,3.0,3.0,3.0,-3.8475707,-3.7758124,0.62263906,44.922424
935,-0.5316599175927433,-0.5921365,0.7391637,0.41544345,0.98355746,-0.17352265,0.0392343,0.0310691,-3.017813,-3.6024013,0.5074225,-1.4900666,1.9689571,-0.2500653,3.0,3.0,3.0,3.0,3.0,3.0,3.0,3.0,3.0,3.0,3.0,3.0,3.0,3.0,3.0,3.0,3.0,3.0,3.0,3.0,3.0,3.0,3.0,3.0,3.0,3.0,3.0,3.0,3.0,3.0,3.0,3.0,3.0,3.0,3.0,3.0,-2.6054797,-4.904331,0.8609477,43.89353
940,-0.4010324689227356,-0.52963865,0.81302065,0.4047941,0.9809127,-0.18395413,0.055861555,0.029166382,-2.9859726,-3.5027897,0.52226907,-0.8206681,1.1550714,-0.64990485,3.0,3.0,3.0,3.0,3.0,3.0,3.0,3.0,3.0,3.0,3.0,3.0,3.0,3.0,3.0,3.0,3.0,3.0,3.0,3.0,3.0,3.0,3.0,3.0,3.0,3.0,3.0,3.0,3.0,3.0,3.0,3.0,3.0,3.0,3.0,3.0,-1.7126637,-4.0815206,0.2996168,-24.765726
945,-0.4646045313281521,-0.46793014,0.88463575,0.39357492,0.97957397,-0.18882662,0.0657195,0.021453409,-2.9401612,-3.3760412,0.59357876,-0.3916256,0.52028507,-1.0134035,3.0,3.0,3.0,3.0,3.0,3.0,3.0,3.0,3.0,3.0,3.0,3.0,3.0,3.0,3.0,3.0,3.0,3.0,3.0,3.0,3.0,3.0,3.0,3.0,3.0,3.0,3.0,3.0,3.0,3.0,3.0,3.0,3.0,3.0,3.0,3.0,-4.621317,-4.579833,0.90603924,-26.054373
950,-0.5722994192282895,-0.40729254,0.95341104,0.38041946,0.97961694,-0.18839894,0.06901483,0.009668798,-2.886211,-3.2388353,0.68764037,0.11539417,-0.07646347,-1.2024008,3.0,3.0,3.0,3.0,3.0,3.0,3.0,3.0,3.0,3.0,3.0,3.0,3.0,3.0,3.0,3.0,3.0,3.0,3.0,3.0,3.0,3.0,3.0,3.0,3.0,3.0,3.0,3.0,3.0,3.0,3.0,3.0,3.0,3.0,3.0,3.0,-4.535512,-1.2618887,0.9761926,-33.445026
955,-0.30599169922528624,-0.3479739,1.0188696,0.36412734,0.979506,-0.19019689,0.06621635,0.0029069104,-2.823047,-3.082437,0.832867,-0.31199333,-0.5953514,-0.38539898,3.0,3.0,3.0,3.0,3.0,3.0,3.0,3.0,3.0,3.0,3.0,3.0,3.0,3.0,3.0,3.0,3.0,3.0,3.0,3.0,3.0,3.0,3.0,3.0,3.0,3.0,3.0,3.0,3.0,3.0,3.0,3.0,3.0,3.0,3.0,3.0,-4.682274,-1.0364275,0.96357334,1.5890694
960,-0.5558222822210901,-0.2898986,1.0812148,0.3451766,0.9790709,-0.19508,0.057992972,0.00085020077,-2.7706015,-2.9507375,0.91603553,-0.4448947,-0.99969757,-0.02312411,3.0,3.0,3.0,3.0,3.0,3.0,3.0,3.0,3.0,3.0,3.0,3.0,3.0,3.0,3.0,3.0,3.0,3.0,3.0,3.0,3.0,3.0,3.0,3.0,3.0,3.0,3.0,3.0,3.0,3.0,3.0,3.0,3.0,3.0,3.0,3.0,-1.1173179,-2.6079068,0.8576429,26.311142
965,-0.5989317175298863,-0.23274687,1.1411016,0.32526025,0.978473,-0.2008979,0.047137413,0.002936077,-2.729563,-2.8373826,0.9497709,-0.70365334,-1.0806047,0.66117656,3.0,3.0,3.0,3.0,3.0,3.0,3.0,3.0,3.0,3.0,3.0,3.0,3.0,3.0,3.0,3.0,3.0,3.0,3.0,3.0,3.0,3.0,3.0,3.0,3.0,3.0,3.0,3.0,3.0,3.0,3.0,3.0,3.0,3.0,3.0,3.0,-3.0795848,-3.0553632,0.7569773,26.789177
970,-0.612520630588416,-0.17627536,1.1989353,0.30545443,0.9775678,-0.20781541,0.03342386,0.0075338697,-2.6987383,-2.7352006,0.95048875,-0.50776136,-1.0559413,0.70785457,3.0,3.0,3.0,3.0,3.0,3.0,3.0,3.0,3.0,3.0,3.0,3.0,3.0,3.0,3.0,3.0,3.0,3.0,3.0,3.0,3.0,3.0,3.0,3.0,3.0,3.0,3.0,3.0,3.0,3.0,3.0,3.0,3.0,3.0,3.0,3.0,-2.5615504,-2.4593318,0.80490136,26.282867
975,-0.8169254815684335,-0.12033869,1.254805,0.28607,0.9766537,-0.2138599,0.018062003,0.009233113,-2.6781316,-2.6584642,0.88924414,-0.62439317,-1.4533527,0.43098462,3.0,3.0,3.0,3.0,3.0,3.0,3.0,3.0,3.0,3.0,3.0,3.0,3.0,3.0,3.0,3.0,3.0,3.0,3.0,3.0,3.0,3.0,3.0,3.0,3.0,3.0,3.0,3.0,3.0,3.0,3.0,3.0,3.0,3.0,3.0,3.0,2.103447,-1.7161143,0.81081164,44.098625
980,-0.7499567267879241,-0.064766735,1.3088285,0.26747668,0.97575104,-0.21871081,0.005168667,0.0069834054,-2.6612973,-2.5517638,0.8894095,-0.5244109,-1.173007,-0.15668169,3.0,3.0,3.0,3.0,3.0,3.0,3.0,3.0,3.0,3.0,3.0,3.0,3.0,3.0,3.0,3.0,3.0,3.0,3.0,3.0,3.0,3.0,3.0,3.0,3.0,3.0,3.0,3.0,3.0,3.0,3.0,3.0,3.0,3.0,3.0,3.0,2.1511288,-0.91062117,0.8667196,37.140953
985,-0.8122943027186837,-0.009474504,1.3609164,0.24953166,0.9741474,-0.22585598,-0.0050818073,0.00030479857,-2.6498222,-2.4812355,0.80968463,-0.7020393,-1.1011274,-0.4066615,3.0,3.0,3.0,3.0,3.0,3.0,3.0,3.0,3.0,3.0,3.0,3.0,3.0,3.0,3.0,3.0,3.0,3.0,3.0,3.0,3.0,3.0,3.0,3.0,3.0,3.0,3.0,3.0,3.0,3.0,3.0,3.0,3.0,3.0,3.0,3.0,2.6120186,-1.2301226,0.029859185,40.79976
990,-0.8203800046064411,0.045612585,1.4120088,0.2342782,0.9723314,-0.2330207,-0.015241649,-0.0063772122,-2.6406372,-2.4331286,0.6804803,-0.7083795,-1.0928113,-0.40906197,3.0,3.0,3.0,3.0,3.0,3.0,3.0,3.0,3.0,3.0,3.0,3.0,3.0,3.0,3.0,3.0,3.0,3.0,3.0,3.0,3.0,3.0,3.0,3.0,3.0,3.0,3.0,3.0,3.0,3.0,3.0,3.0,3.0,3.0,3.0,3.0,4.5570908,-4.643119,0.5395324,39.23633
995,-0.8830389813094549,0.10052852,1.4620885,0.22171739,0.970305,-0.24020205,-0.025308115,-0.013062726,-2.633061,-2.3841782,0.55119604,-0.7144824,-1.0844568,-0.41174155,3.0,3.0,3.0,3.0,3.0,3.0,3.0,3.0,3.0,3.0,3.0,3.0,3.0,3.0,3.0,3.0,3.0,3.0,3.0,3.0,3.0,3.0,3.0,3.0,3.0,3.0,3.0,3.0,3.0,3.0,3.0,3.0,3.0,3.0,3.0,3.0,2.805531,-2.5282583,0.58479166,44.519913
1000,-0.890360222215586,0.15531792,1.5109966,0.21158195,0.96841586,-0.24632059,-0.033891298,-0.018661125,-2.627575,-2.3276289,0.43471083,-0.6123433,-0.92309,-0.34166434,3.0,3.0,3.0,3.0,3.0,3.0,3.0,3.0,3.0,3.0,3.0,3.0,3.0,3.0,3.0,3.0,3.0,3.0,3.0,3.0,3.0,3.0,3.0,3.0,3.0,3.0,3.0,3.0,3.0,3.0,3.0,3.0,3.0,3.0,3.0,3.0,4.426284,-3.9432013,0.54146516,44.206177
1005,-0.8891420629429192,0.20999761,1.5588592,0.2041448,0.9663767,-0.2524468,-0.04240261,-0.024261512,-2.6228309,-2.2771645,0.305147,-0.6164047,-0.9169254,-0.34390682,3.0,3.0,3.0,3.0,3.0,3.0,3.0,3.0,3.0,3.0,3.0,3.0,3.0,3.0,3.0,3.0,3.0,3.0,3.0,3.0,3.0,3.0,3.0,3.0,3.0,3.0,3.0,3.0,3.0,3.0,3.0,3.0,3.0,3.0,3.0,3.0,4.730459,-3.8620386,0.5803765,43.11196
1010,-0.9029060791924689,0.26459438,1.6056615,0.19940874,0.964189,-0.25857884,-0.050840516,-0.029863935,-2.6193538,-2.2259698,0.17542969,-0.62030977,-0.9107535,-0.3463081,3.0,3.0,3.0,3.0,3.0,3.0,3.0,3.0,3.0,3.0,3.0,3.0,3.0,3.0,3.0,3.0,3.0,3.0,3.0,3.0,3.0,3.0,3.0,3.0,3.0,3.0,3.0,3.0,3.0,3.0,3.0,3.0,3.0,3.0,3.0,3.0,4.5211678,-2.3213768,0.20577216,43.917953
1015,-0.9150864696643168,0.31913403,1.6513878,0.19737756,0.96185386,-0.264715,-0.05920352,-0.035468444,-2.617095,-2.1740272,0.045511227,-0.6240556,-0.9045786,-0.34886375,3.0,3.0,3.0,3.0,3.0,3.0,3.0,3.0,3.0,3.0,3.0,3.0,3.0,3.0,3.0,3.0,3.0,3.0,3.0,3.0,3.0,3.0,3.0,3.0,3.0,3.0,3.0,3.0,3.0,3.0,3.0,3.0,3.0,3.0,3.0,3.0,3.8595123,-2.9933853,0.32926023,44.642746
1020,-0.9044133530167549,0.373657,1.6959424,0.1979252,0.95949477,-0.27060077,-0.06707322,-0.04057352,-2.619494,-2.103566,-0.055721823,-0.4946794,-0.6887768,-0.24119844,3.0,3.0,3.0,3.0,3.0,3.0,3.0,3.0,3.0,3.0,3.0,3.0,3.0,3.0,3.0,3.0,3.0,3.0,3.0,3.0,3.0,3.0,3.0,3.0,3.0,3.0,3.0,3.0,3.0,3.0,3.0,3.0,3.0,3.0,3.0,3.0,4.2126646,-4.4656157,-0.112166524,43.973564
1025,-0.8902766865972791,0.4282277,1.7391012,0.20071696,0.9574748,-0.2754238,-0.07345936,-0.044580832,-2.619445,-2.0502517,-0.18621217,-0.49654713,-0.6850961,-0.2428008,3.0,3.0,3.0,3.0,3.0,3.0,3.0,3.0,3.0,3.0,3.0,3.0,3.0,3.0,3.0,3.0,3.0,3.0,3.0,3.0,3.0,3.0,3.0,3.0,3.0,3.0,3.0,3.0,3.0,3.0,3.0,3.0,3.0,3.0,3.0,3.0,3.4609404,-2.7289116,0.39485943,42.679886
1030,-0.869737390499699,0.48290533,1.7806954,0.20552768,0.9556574,-0.28002894,-0.07745782,-0.04798975,-2.626718,-1.9666578,-0.2702024,-0.51487875,-0.4025947,-0.3014066,3.0,3.0,3.0,3.0,3.0,3.0,3.0,3.0,3.0,3.0,3.0,3.0,3.0,3.0,3.0,3.0,3.0,3.0,3.0,3.0,3.0,3.0,3.0,3.0,3.0,3.0,3.0,3.0,3.0,3.0,3.0,3.0,3.0,3.0,3.0,3.0,0.34692574,-4.4248943,0.35159636,41.19477
1035,-0.8976449518678297,0.5376432,1.82099,0.2127928,0.9536541,-0.28519014,-0.08082329,-0.051749475,-2.62793,-1.9123774,-0.40109286,-0.51492167,-0.39986098,-0.30251354,3.0,3.0,3.0,3.0,3.0,3.0,3.0,3.0,3.0,3.0,3.0,3.0,3.0,3.0,3.0,3.0,3.0,3.0,3.0,3.0,3.0,3.0,3.0,3.0,3.0,3.0,3.0,3.0,3.0,3.0,3.0,3.0,3.0,3.0,3.0,3.0,2.34414,-4.493509,0.44331193,43.788513
1040,-0.8534771536617884,0.5924923,1.8597836,0.22224756,0.9523663,-0.2888138,-0.08194148,-0.053577837,-2.6363888,-1.8268355,-0.48656505,-0.25272742,0.042230256,-0.0651547,3.0,3.0,3.0,3.0,3.0,3.0,3.0,3.0,3.0,3.0,3.0,3.0,3.0,3.0,3.0,3.0,3.0,3.0,3.0,3.0,3.0,3.0,3.0,3.0,3.0,3.0,3.0,3.0,3.0,3.0,3.0,3.0,3.0,3.0,3.0,3.0,-1.5324593,-4.8858423,0.46691084,40.961952
1045,-0.8811684304524139,0.647531,1.8967304,0.23339923,0.95247453,-0.28914723,-0.07927369,-0.05386812,-2.6461115,-1.7348132,-0.56329703,0.15908116,0.38292727,-0.122415796,3.0,3.0,3.0,3.0,3.0,3.0,3.0,3.0,3.0,3.0,3.0,3.0,3.0,3.0,3.0,3.0,3.0,3.0,3.0,3.0,3.0,3.0,3.0,3.0,3.0,3.0,3.0,3.0,3.0,3.0,3.0,3.0,3.0,3.0,3.0,3.0,-2.505742,-4.923671,0.4544177,44.159355
1050,-0.8317971903527526,0.7028725,1.9312435,0.24537675,0.9542524,-0.28406504,-0.07581837,-0.054414105,-2.6663136,-1.5892155,-0.5596426,0.8248859,0.088106036,-0.1007002,3.0,3.0,3.0,3.0,3.0,3.0,3.0,3.0,3.0,3.0,3.0,3.0,3.0,3.0,3.0,3.0,3.0,3.0,3.0,3.0,3.0,3.0,3.0,3.0,3.0,3.0,3.0,3.0,3.0,3.0,3.0,3.0,3.0,3.0,3.0,3.0,-1.3746474,-3.2639468,0.10831463,40.49128
1055,-0.8384847473453068,0.75865656,1.9625876,0.2569921,0.9573785,-0.2731885,-0.07518367,-0.05605213,-2.6915703,-1.4176254,-0.5082737,1.1427879,-0.15712796,-0.07449268,3.0,3.0,3.0,3.0,3.0,3.0,3.0,3.0,3.0,3.0,3.0,3.0,3.0,3.0,3.0,3.0,3.0,3.0,3.0,3.0,3.0,3.0,3.0,3.0,3.0,3.0,3.0,3.0,3.0,3.0,3.0,3.0,3.0,3.0,3.0,3.0,-0.2915964,-1.3656864,0.46028972,43.68592
1060,-0.7751208149158585,0.81525064,1.9890926,0.2653984,0.9607879,-0.26100734,-0.07299084,-0.05860138,-2.733311,-1.1756351,-0.33111396,1.1812927,0.13714832,-0.27504328,3.0,3.0,3.0,3.0,3.0,3.0,3.0,3.0,3.0,3.0,3.0,3.0,3.0,3.0,3.0,3.0,3.0,3.0,3.0,3.0,3.0,3.0,3.0,3.0,3.0,3.0,3.0,3.0,3.0,3.0,3.0,3.0,3.0,3.0,3.0,3.0,-2.09412,1.2165518,0.032770753,41.086235
1065,-0.7274457308232051,0.8726482,2.0109,0.2704174,0.9636479,-0.25030306,-0.070266545,-0.06159348,-2.7650297,-0.982021,-0.21421155,0.9162382,0.1616796,-0.3433451,3.0,3.0,3.0,3.0,3.0,3.0,3.0,3.0,3.0,3.0,3.0,3.0,3.0,3.0,3.0,3.0,3.0,3.0,3.0,3.0,3.0,3.0,3.0,3.0,3.0,3.0,3.0,3.0,3.0,3.0,3.0,3.0,3.0,3.0,3.0,3.0,2.1645746,-0.6569271,-0.33756822,38.780403
1070,-0.7158060007438156,0.93036693,2.030248,0.27553084,0.965597,-0.24361336,-0.06562914,-0.06299107,-2.7727897,-0.89925486,-0.27646104,0.6513216,0.4807035,-0.055183,3.0,3.0,3.0,3.0,3.0,3.0,3.0,3.0,3.0,3.0,3.0,3.0,3.0,3.0,3.0,3.0,3.0,3.0,3.0,3.0,3.0,3.0,3.0,3.0,3.0,3.0,3.0,3.0,3.0,3.0,3.0,3.0,3.0,3.0,3.0,3.0,-3.9255004,1.4330645,-0.38663828,38.767235
1075,-0.711813638931609,0.9884733,2.0466833,0.27970037,0.9669358,-0.24004081,-0.062235124,-0.059516996,-2.799224,-0.7180861,-0.15324028,0.39669213,0.18542622,0.3042498,3.0,3.0,3.0,3.0,3.0,3.0,3.0,3.0,3.0,3.0,3.0,3.0,3.0,3.0,3.0,3.0,3.0,3.0,3.0,3.0,3.0,3.0,3.0,3.0,3.0,3.0,3.0,3.0,3.0,3.0,3.0,3.0,3.0,3.0,3.0,3.0,-3.163979,2.681631,0.13235831,41.738823
1080,-0.6888445657425575,1.0470709,2.0595868,0.28166196,0.9680946,-0.23684031,-0.05953982,-0.056165855,-2.8228846,-0.54699135,-0.041424315,0.23739894,0.3502562,0.3568996,3.0,3.0,3.0,3.0,3.0,3.0,3.0,3.0,3.0,3.0,3.0,3.0,3.0,3.0,3.0,3.0,3.0,3.0,3.0,3.0,3.0,3.0,3.0,3.0,3.0,3.0,3.0,3.0,3.0,3.0,3.0,3.0,3.0,3.0,3.0,3.0,-3.8838382,2.1129918,-0.6758127,41.02659
1085,-0.6333763401020808,1.1061469,2.0689676,0.2812977,0.9688504,-0.23528512,-0.05798243,-0.051067214,-2.8463778,-0.3740126,0.07951125,0.11638459,0.24027035,0.32164153,3.0,3.0,3.0,3.0,3.0,3.0,3.0,3.0,3.0,3.0,3.0,3.0,3.0,3.0,3.0,3.0,3.0,3.0,3.0,3.0,3.0,3.0,3.0,3.0,3.0,3.0,3.0,3.0,3.0,3.0,3.0,3.0,3.0,3.0,3.0,3.0,-2.3395696,3.8301468,0.7229246,38.559975
1090,-0.4838607965753725,1.1658216,2.0741794,0.277291,0.96930563,-0.23512694,-0.0548641,-0.046388537,-2.8762324,-0.1678315,0.26753008,-0.05438217,0.50179595,0.39894682,3.0,3.0,3.0,3.0,3.0,3.0,3.0,3.0,3.0,3.0,3.0,3.0,3.0,3.0,3.0,3.0,3.0,3.0,3.0,3.0,3.0,3.0,3.0,3.0,3.0,3.0,3.0,3.0,3.0,3.0,3.0,3.0,3.0,3.0,3.0,3.0,-2.6959558,1.6369057,0.8756008,26.035568
1095,-0.3029645302858,1.2260284,2.0754745,0.27007133,0.9698081,-0.23434924,-0.05256545,-0.042303793,-2.8974717,0.0010296538,0.38544154,0.19986153,0.11022771,0.26990718,3.0,3.0,3.0,3.0,3.0,3.0,3.0,3.0,3.0,3.0,3.0,3.0,3.0,3.0,3.0,3.0,3.0,3.0,3.0,3.0,3.0,3.0,3.0,3.0,3.0,3.0,3.0,3.0,3.0,3.0,3.0,3.0,3.0,3.0,3.0,3.0,-0.58551884,3.1426554,0.8482505,-10.129181
1100,-0.40427119424028934,1.2866668,2.0732534,0.26036543,0.97111946,-0.23052154,-0.049083736,-0.037116047,-2.9155746,0.15552992,0.47863084,0.45220768,0.56303924,0.49513423,3.0,3.0,3.0,3.0,3.0,3.0,3.0,3.0,3.0,3.0,3.0,3.0,3.0,3.0,3.0,3.0,3.0,3.0,3.0,3.0,3.0,3.0,3.0,3.0,3.0,3.0,3.0,3.0,3.0,3.0,3.0,3.0,3.0,3.0,3.0,3.0,-3.6033955,-2.0142531,0.6968243,-20.286818
1105,-0.3586791585041682,1.347592,2.0682633,0.24949183,0.97296405,-0.22423983,-0.046381872,-0.030103717,-2.9316082,0.30323392,0.5672107,0.7803115,0.2715222,0.66844046,3.0,3.0,3.0,3.0,3.0,3.0,3.0,3.0,3.0,3.0,3.0,3.0,3.0,3.0,3.0,3.0,3.0,3.0,3.0,3.0,3.0,3.0,3.0,3.0,3.0,3.0,3.0,3.0,3.0,3.0,3.0,3.0,3.0,3.0,3.0,3.0,-3.564888,3.710719,0.6476927,-16.839876
1110,-0.2952585755950637,1.4088712,2.0600886,0.23643321,0.97527224,-0.2157782,-0.0420941,-0.022624278,-2.9459462,0.44018924,0.6446598,0.90498376,0.8202688,0.6881461,3.0,3.0,3.0,3.0,3.0,3.0,3.0,3.0,3.0,3.0,3.0,3.0,3.0,3.0,3.0,3.0,3.0,3.0,3.0,3.0,3.0,3.0,3.0,3.0,3.0,3.0,3.0,3.0,3.0,3.0,3.0,3.0,3.0,3.0,3.0,3.0,-3.583225,-3.6541462,0.5014157,9.700417
1115,-0.6074387464305313,1.4702665,2.0500755,0.22371899,0.978061,-0.20460866,-0.03595579,-0.01546317,-2.9515464,0.53148615,0.6409198,1.2269455,0.74164325,0.5460545,3.0,3.0,3.0,3.0,3.0,3.0,3.0,3.0,3.0,3.0,3.0,3.0,3.0,3.0,3.0,3.0,3.0,3.0,3.0,3.0,3.0,3.0,3.0,3.0,3.0,3.0,3.0,3.0,3.0,3.0,3.0,3.0,3.0,3.0,3.0,3.0,-0.0223279,-3.1746361,0.5225644,-41.940105
1120,-0.4217334199030441,1.5317563,2.0382326,0.21111456,0.9810767,-0.19121425,-0.02902263,-0.009124474,-2.9526863,0.60140395,0.6015068,1.3000479,0.77458435,0.42614678,3.0,3.0,3.0,3.0,3.0,3.0,3.0,3.0,3.0,3.0,3.0,3.0,3.0,3.0,3.0,3.0,3.0,3.0,3.0,3.0,3.0,3.0,3.0,3.0,3.0,3.0,3.0,3.0,3.0,3.0,3.0,3.0,3.0,3.0,3.0,3.0,-0.8049388,0.6351085,0.85294724,-23.496296
1125,-0.5951483701979915,1.5933111,2.0245636,0.19829077,0.98436874,-0.1749394,-0.020110022,-0.0031589498,-2.9534109,0.676273,0.5865814,1.5817246,0.9941791,0.3467644,3.0,3.0,3.0,3.0,3.0,3.0,3.0,3.0,3.0,3.0,3.0,3.0,3.0,3.0,3.0,3.0,3.0,3.0,3.0,3.0,3.0,3.0,3.0,3.0,3.0,3.0,3.0,3.0,3.0,3.0,3.0,3.0,3.0,3.0,3.0,3.0,-0.10841751,-3.5270417,0.67323637,-39.523598
1130,-0.6374788228347403,1.6547997,2.009701,0.18642232,0.9877034,-0.15594034,-0.011077022,0.0013775607,-2.9508731,0.7483371,0.5897164,2.1253164,1.0150218,0.36994484,3.0,3.0,3.0,3.0,3.0,3.0,3.0,3.0,3.0,3.0,3.0,3.0,3.0,3.0,3.0,3.0,3.0,3.0,3.0,3.0,3.0,3.0,3.0,3.0,3.0,3.0,3.0,3.0,3.0,3.0,3.0,3.0,3.0,3.0,3.0,3.0,-4.687423,3.427085,0.7343341,-42.85695
1135,-0.442106033873698,1.716263,1.9925371,0.1717021,0.9908897,-0.13449958,-0.0037025623,0.0058015906,-2.949072,0.8732952,0.7901039,1.9227481,0.81086344,0.16080554,3.0,3.0,3.0,3.0,3.0,3.0,3.0,3.0,3.0,3.0,3.0,3.0,3.0,3.0,3.0,3.0,3.0,3.0,3.0,3.0,3.0,3.0,3.0,3.0,3.0,3.0,3.0,3.0,3.0,3.0,3.0,3.0,3.0,3.0,3.0,3.0,0.59313583,-1.5861111,0.90833807,-24.817865
1140,-0.5977209347884098,1.7775972,1.973491,0.15453872,0.99354005,-0.1130723,0.0033583678,0.009030964,-2.9402275,0.9469909,0.87355715,1.9675808,0.63544756,0.017971212,3.0,3.0,3.0,3.0,3.0,3.0,3.0,3.0,3.0,3.0,3.0,3.0,3.0,3.0,3.0,3.0,3.0,3.0,3.0,3.0,3.0,3.0,3.0,3.0,3.0,3.0,3.0,3.0,3.0,3.0,3.0,3.0,3.0,3.0,3.0,3.0,-1.1891708,1.809102,0.9825784,-40.52067
1145,-0.640697811597645,1.83871,1.953192,0.13628873,0.9955274,-0.09328263,0.011998385,0.008924336,-2.9284737,0.98698515,0.8588936,2.0682743,0.79835975,-0.12634413,3.0,3.0,3.0,3.0,3.0,3.0,3.0,3.0,3.0,3.0,3.0,3.0,3.0,3.0,3.0,3.0,3.0,3.0,3.0,3.0,3.0,3.0,3.0,3.0,3.0,3.0,3.0,3.0,3.0,3.0,3.0,3.0,3.0,3.0,3.0,3.0,-2.1158836,-1.3778245,0.99138033,-43.707893
1150,-0.660320577657073,1.8995243,1.9321045,0.11797432,0.99728805,-0.07023165,0.017969042,0.012694659,-2.913426,1.0211196,0.8552543,2.2924526,0.5855715,0.30245367,3.0,3.0,3.0,3.0,3.0,3.0,3.0,3.0,3.0,3.0,3.0,3.0,3.0,3.0,3.0,3.0,3.0,3.0,3.0,3.0,3.0,3.0,3.0,3.0,3.0,3.0,3.0,3.0,3.0,3.0,3.0,3.0,3.0,3.0,3.0,3.0,-2.754366,-0.40849304,0.7944927,-44.591602
1155,-0.6703683029068553,1.9599642,1.9103761,0.099086545,0.99861914,-0.04454916,0.021566331,0.017608276,-2.89202,1.0574137,0.95486206,2.4077349,0.17447728,0.5915917,3.0,3.0,3.0,3.0,3.0,3.0,3.0,3.0,3.0,3.0,3.0,3.0,3.0,3.0,3.0,3.0,3.0,3.0,3.0,3.0,3.0,3.0,3.0,3.0,3.0,3.0,3.0,3.0,3.0,3.0,3.0,3.0,3.0,3.0,3.0,3.0,-0.9045086,4.4020357,0.87015235,-44.8367
1160,-0.6709883326091686,2.0199416,1.8880875,0.07831756,0.9993061,-0.021924399,0.022273105,0.02026214,-2.8702722,1.075857,1.0200917,2.0376098,-0.028131464,0.062208228,3.0,3.0,3.0,3.0,3.0,3.0,3.0,3.0,3.0,3.0,3.0,3.0,3.0,3.0,3.0,3.0,3.0,3.0,3.0,3.0,3.0,3.0,3.0,3.0,3.0,3.0,3.0,3.0,3.0,3.0,3.0,3.0,3.0,3.0,3.0,3.0,-2.4209638,-4.3331633,0.9914782,-44.93149
1165,-0.6822560566083562,2.0794642,1.8655816,0.056227468,0.99961126,0.0005612324,0.021242619,0.018049804,-2.8480897,1.0818352,1.094876,2.1369638,0.18905422,-0.31348053,3.0,3.0,3.0,3.0,3.0,3.0,3.0,3.0,3.0,3.0,3.0,3.0,3.0,3.0,3.0,3.0,3.0,3.0,3.0,3.0,3.0,3.0,3.0,3.0,3.0,3.0,3.0,3.0,3.0,3.0,3.0,3.0,3.0,3.0,3.0,3.0,-2.3529701,-3.7254941,0.989161,-44.945507
1170,-0.6963034310204245,2.1385396,1.8431017,0.03283575,0.9994187,0.023201453,0.020568078,0.0141753,-2.827396,1.0756531,1.1391091,2.2595541,0.03627269,-0.4819334,3.0,3.0,3.0,3.0,3.0,3.0,3.0,3.0,3.0,3.0,3.0,3.0,3.0,3.0,3.0,3.0,3.0,3.0,3.0,3.0,3.0,3.0,3.0,3.0,3.0,3.0,3.0,3.0,3.0,3.0,3.0,3.0,3.0,3.0,3.0,3.0,-4.2490096,3.0653238,0.93940485,-44.881012
1175,-0.7017974192382312,2.1972132,1.8208671,0.009132438,0.9988173,0.04367218,0.016512502,0.01356445,-2.8085845,1.059701,1.149023,1.9407884,-0.62523985,-0.08138001,3.0,3.0,3.0,3.0,3.0,3.0,3.0,3.0,3.0,3.0,3.0,3.0,3.0,3.0,3.0,3.0,3.0,3.0,3.0,3.0,3.0,3.0,3.0,3.0,3.0,3.0,3.0,3.0,3.0,3.0,3.0,3.0,3.0,3.0,3.0,3.0,-2.2837746,1.3934255,0.9988862,-44.996315
1180,-0.714038236748697,2.255501,1.7991012,-0.015172438,0.99785376,0.063186586,0.011281366,0.012966396,-2.7911246,1.0340116,1.1737659,1.8482658,-0.45934552,-0.24354151,3.0,3.0,3.0,3.0,3.0,3.0,3.0,3.0,3.0,3.0,3.0,3.0,3.0,3.0,3.0,3.0,3.0,3.0,3.0,3.0,3.0,3.0,3.0,3.0,3.0,3.0,3.0,3.0,3.0,3.0,3.0,3.0,3.0,3.0,3.0,3.0,-4.1990705,2.8817778,0.9812738,-44.979477
1185,-0.7273049939838604,2.313467,1.7779446,-0.039644517,0.9967037,0.08036446,0.0046998076,0.010062932,-2.7765992,1.0003104,1.188445,1.7205831,-0.741391,-0.536852,3.0,3.0,3.0,3.0,3.0,3.0,3.0,3.0,3.0,3.0,3.0,3.0,3.0,3.0,3.0,3.0,3.0,3.0,3.0,3.0,3.0,3.0,3.0,3.0,3.0,3.0,3.0,3.0,3.0,3.0,3.0,3.0,3.0,3.0,3.0,3.0,-3.240087,2.296239,0.9945228,-44.997066
1190,-0.7338251279480605,2.3711658,1.7575628,-0.06433736,0.99525225,0.09696476,-0.0032963015,0.0077406503,-2.7653844,0.9647433,1.1714364,1.4406842,-0.6203929,-0.32238027,3.0,3.0,3.0,3.0,3.0,3.0,3.0,3.0,3.0,3.0,3.0,3.0,3.0,3.0,3.0,3.0,3.0,3.0,3.0,3.0,3.0,3.0,3.0,3.0,3.0,3.0,3.0,3.0,3.0,3.0,3.0,3.0,3.0,3.0,3.0,3.0,-2.7844598,-1.0667706,0.99906087,-44.997738
1195,-0.7537213570661376,2.4286764,1.7380617,-0.08893803,0.99353564,0.112900496,-0.011077436,0.0042147455,-2.757875,0.91512,1.1905956,1.6698041,-0.60344934,-0.09361703,3.0,3.0,3.0,3.0,3.0,3.0,3.0,3.0,3.0,3.0,3.0,3.0,3.0,3.0,3.0,3.0,3.0,3.0,3.0,3.0,3.0,3.0,3.0,3.0,3.0,3.0,3.0,3.0,3.0,3.0,3.0,3.0,3.0,3.0,3.0,3.0,-4.1121836,3.493946,0.997774,-44.99794
1200,-0.7578709017009323,2.4860418,1.7193252,-0.112388134,0.9915045,0.12872876,-0.018072065,0.0045939772,-2.750828,0.8887945,1.0805259,1.4213018,-0.5563469,-0.010372552,3.0,3.0,3.0,3.0,3.0,3.0,3.0,3.0,3.0,3.0,3.0,3.0,3.0,3.0,3.0,3.0,3.0,3.0,3.0,3.0,3.0,3.0,3.0,3.0,3.0,3.0,3.0,3.0,3.0,3.0,3.0,3.0,3.0,3.0,3.0,3.0,-2.263846,1.2934756,0.9991889,-44.996807
1205,-0.7728812549264843,2.5433328,1.701575,-0.13505298,0.98960376,0.14178893,-0.02280742,0.0077565075,-2.7485793,0.8342475,1.0656285,1.2909887,-0.4903803,0.41778004,3.0,3.0,3.0,3.0,3.0,3.0,3.0,3.0,3.0,3.0,3.0,3.0,3.0,3.0,3.0,3.0,3.0,3.0,3.0,3.0,3.0,3.0,3.0,3.0,3.0,3.0,3.0,3.0,3.0,3.0,3.0,3.0,3.0,3.0,3.0,3.0,-4.365358,4.1387835,0.99723816,-44.996082
1210,-0.7751961036181498,2.6005583,1.6847419,-0.15638559,0.987758,0.15309447,-0.027117327,0.012684907,-2.7466996,0.7844984,1.0143832,0.91945386,-0.2664619,0.29641116,3.0,3.0,3.0,3.0,3.0,3.0,3.0,3.0,3.0,3.0,3.0,3.0,3.0,3.0,3.0,3.0,3.0,3.0,3.0,3.0,3.0,3.0,3.0,3.0,3.0,3.0,3.0,3.0,3.0,3.0,3.0,3.0,3.0,3.0,3.0,3.0,-3.2156782,3.1345186,0.91189075,-44.998177
1215,-0.7912995690439258,2.6577625,1.669012,-0.17673773,0.9862703,0.1610438,-0.031440303,0.01863564,-2.7458208,0.7321577,0.9611072,0.8028927,-0.48033822,0.6488346,3.0,3.0,3.0,3.0,3.0,3.0,3.0,3.0,3.0,3.0,3.0,3.0,3.0,3.0,3.0,3.0,3.0,3.0,3.0,3.0,3.0,3.0,3.0,3.0,3.0,3.0,3.0,3.0,3.0,3.0,3.0,3.0,3.0,3.0,3.0,3.0,-3.6741285,3.9089193,0.9984299,-44.99595
1220,-0.8064737013221646,2.715002,1.6546226,-0.1966227,0.98491853,0.16692224,-0.03759773,0.025667645,-2.751923,0.64565355,0.9996861,0.5415418,-0.72352576,0.66686165,3.0,3.0,3.0,3.0,3.0,3.0,3.0,3.0,3.0,3.0,3.0,3.0,3.0,3.0,3.0,3.0,3.0,3.0,3.0,3.0,3.0,3.0,3.0,3.0,3.0,3.0,3.0,3.0,3.0,3.0,3.0,3.0,3.0,3.0,3.0,3.0,0.02626419,1.930193,0.998955,-44.996437
1225,-0.8168202198565928,2.7723422,1.641817,-0.21661824,0.9838312,0.17054981,-0.043596305,0.03298828,-2.752047,0.59738475,0.92321116,0.29319856,-0.7325629,0.607362,3.0,3.0,3.0,3.0,3.0,3.0,3.0,3.0,3.0,3.0,3.0,3.0,3.0,3.0,3.0,3.0,3.0,3.0,3.0,3.0,3.0,3.0,3.0,3.0,3.0,3.0,3.0,3.0,3.0,3.0,3.0,3.0,3.0,3.0,3.0,3.0,-4.265571,2.9951677,0.9954717,-44.994514
1230,-0.8323856936679237,2.8297486,1.630226,-0.2355623,0.9829053,0.1718514,-0.05113298,0.04182818,-2.7570984,0.532951,0.88900965,0.03470943,-0.79290456,0.76696116,3.0,3.0,3.0,3.0,3.0,3.0,3.0,3.0,3.0,3.0,3.0,3.0,3.0,3.0,3.0,3.0,3.0,3.0,3.0,3.0,3.0,3.0,3.0,3.0,3.0,3.0,3.0,3.0,3.0,3.0,3.0,3.0,3.0,3.0,3.0,3.0,-4.7207994,2.6681209,0.9992168,-44.995975
1235,-0.8599862955046349,2.8873458,1.6201993,-0.2543847,0.9824917,0.168144,-0.0608016,0.05235288,-2.7727444,0.43697816,0.94034183,-0.63595355,-1.3870112,0.6711121,3.0,3.0,3.0,3.0,3.0,3.0,3.0,3.0,3.0,3.0,3.0,3.0,3.0,3.0,3.0,3.0,3.0,3.0,3.0,3.0,3.0,3.0,3.0,3.0,3.0,3.0,3.0,3.0,3.0,3.0,3.0,3.0,3.0,3.0,3.0,3.0,-1.0993207,-0.06019354,0.9931309,-44.98627
1240,-0.8685547807069458,2.9453857,1.6123909,-0.2749387,0.98262805,0.162061,-0.07043319,0.05672296,-2.7936153,0.3395832,1.0011609,-0.69345605,-0.70865554,-0.052905828,3.0,3.0,3.0,3.0,3.0,3.0,3.0,3.0,3.0,3.0,3.0,3.0,3.0,3.0,3.0,3.0,3.0,3.0,3.0,3.0,3.0,3.0,3.0,3.0,3.0,3.0,3.0,3.0,3.0,3.0,3.0,3.0,3.0,3.0,3.0,3.0,-3.329084,-1.4724517,0.9991889,-44.989132
1245,-0.8878901506382514,3.0038462,1.6063517,-0.29613543,0.9834353,0.15492308,-0.07743243,0.053461116,-2.814493,0.25900087,1.0235186,-0.8208164,-0.6149269,-0.78014547,3.0,3.0,3.0,3.0,3.0,3.0,3.0,3.0,3.0,3.0,3.0,3.0,3.0,3.0,3.0,3.0,3.0,3.0,3.0,3.0,3.0,3.0,3.0,3.0,3.0,3.0,3.0,3.0,3.0,3.0,3.0,3.0,3.0,3.0,3.0,3.0,-1.1726046,-1.1169076,0.998808,-44.94303
1250,-0.9117923993419842,3.0629342,1.6022679,-0.3187894,0.9843565,0.14800906,-0.083777815,0.046009183,-2.8532434,0.15076771,1.1426213,-0.24174815,-0.59025335,-1.1544662,3.0,3.0,3.0,3.0,3.0,3.0,3.0,3.0,3.0,3.0,3.0,3.0,3.0,3.0,3.0,3.0,3.0,3.0,3.0,3.0,3.0,3.0,3.0,3.0,3.0,3.0,3.0,3.0,3.0,3.0,3.0,3.0,3.0,3.0,3.0,3.0,-1.4273736,-1.481996,0.9638479,-44.954967
1255,-0.9174613912901246,3.1227136,1.6000342,-0.34283513,0.9844774,0.14582334,-0.089845344,0.038309023,-2.8785303,0.0822936,1.1494433,-0.14493583,-0.49951673,-0.8389617,3.0,3.0,3.0,3.0,3.0,3.0,3.0,3.0,3.0,3.0,3.0,3.0,3.0,3.0,3.0,3.0,3.0,3.0,3.0,3.0,3.0,3.0,3.0,3.0,3.0,3.0,3.0,3.0,3.0,3.0,3.0,3.0,3.0,3.0,3.0,3.0,-2.9710965,3.5649223,0.99410796,-44.805206
1260,-0.9355905845915479,3.1830013,1.5990955,-0.3666585,0.98423207,0.14454156,-0.09763619,0.029361827,-2.9080684,0.014140403,1.1595472,0.0428082,-0.6316238,-0.8978024,3.0,3.0,3.0,3.0,3.0,3.0,3.0,3.0,3.0,3.0,3.0,3.0,3.0,3.0,3.0,3.0,3.0,3.0,3.0,3.0,3.0,3.0,3.0,3.0,3.0,3.0,3.0,3.0,3.0,3.0,3.0,3.0,3.0,3.0,3.0,3.0,-2.157905,2.276353,0.9925951,-44.981094
1265,-0.9372631832286745,3.243717,1.5992014,-0.389513,0.98414093,0.141258,-0.104712546,0.023412202,-2.9195328,-0.018996447,1.059148,-0.47173885,-0.54859334,-0.49731416,3.0,3.0,3.0,3.0,3.0,3.0,3.0,3.0,3.0,3.0,3.0,3.0,3.0,3.0,3.0,3.0,3.0,3.0,3.0,3.0,3.0,3.0,3.0,3.0,3.0,3.0,3.0,3.0,3.0,3.0,3.0,3.0,3.0,3.0,3.0,3.0,-3.0540195,4.190218,0.985029,-44.840343
1270,-0.961678455606272,3.3049436,1.6003333,-0.41144216,0.9843139,0.13385275,-0.11297103,0.021143936,-2.9546316,-0.08106987,1.0600432,-0.7475283,-0.8293532,-0.35412323,3.0,3.0,3.0,3.0,3.0,3.0,3.0,3.0,3.0,3.0,3.0,3.0,3.0,3.0,3.0,3.0,3.0,3.0,3.0,3.0,3.0,3.0,3.0,3.0,3.0,3.0,3.0,3.0,3.0,3.0,3.0,3.0,3.0,3.0,3.0,3.0,-4.804804,1.8104982,0.9996294,-44.92386
1275,-0.9941326023365774,3.367083,1.6028856,-0.4339868,0.98437214,0.121563576,-0.12529968,0.023103138,-3.007364,-0.15517238,1.1181532,-1.168631,-1.4343607,-0.11814335,3.0,3.0,3.0,3.0,3.0,3.0,3.0,3.0,3.0,3.0,3.0,3.0,3.0,3.0,3.0,3.0,3.0,3.0,3.0,3.0,3.0,3.0,3.0,3.0,3.0,3.0,3.0,3.0,3.0,3.0,3.0,3.0,3.0,3.0,3.0,3.0,-4.745755,0.32953835,0.9987072,-44.717796
1280,-1.0303580022643244,3.4305964,1.6071004,-0.4585048,0.9833871,0.10785603,-0.14357592,0.026511393,-3.075825,-0.23122339,1.2101051,-1.2189817,-1.9024568,-0.08236396,3.0,3.0,3.0,3.0,3.0,3.0,3.0,3.0,3.0,3.0,3.0,3.0,3.0,3.0,3.0,3.0,3.0,3.0,3.0,3.0,3.0,3.0,3.0,3.0,3.0,3.0,3.0,3.0,3.0,3.0,3.0,3.0,3.0,3.0,3.0,3.0,-4.363164,-3.4478478,0.99544346,-44.827335
1285,-1.0486837732123346,3.4955924,1.6127467,-0.4846825,0.9821553,0.095286414,-0.15957357,0.028770398,-3.143604,-0.2911814,1.2640685,-1.4441295,-1.5985094,0.053774547,3.0,3.0,3.0,3.0,3.0,3.0,3.0,3.0,3.0,3.0,3.0,3.0,3.0,3.0,3.0,3.0,3.0,3.0,3.0,3.0,3.0,3.0,3.0,3.0,3.0,3.0,3.0,3.0,3.0,3.0,3.0,3.0,3.0,3.0,3.0,3.0,-4.894593,-1.9673247,0.992646,-44.806522
1290,-1.057714604356491,3.5621834,1.6195885,-0.5121529,0.980033,0.08544706,-0.17725222,0.028561987,-3.2241538,-0.34704858,1.3292086,-0.74055636,-1.6651063,-0.3917765,3.0,3.0,3.0,3.0,3.0,3.0,3.0,3.0,3.0,3.0,3.0,3.0,3.0,3.0,3.0,3.0,3.0,3.0,3.0,3.0,3.0,3.0,3.0,3.0,3.0,3.0,3.0,3.0,3.0,3.0,3.0,3.0,3.0,3.0,3.0,3.0,-4.738635,-0.57169676,0.99954724,-44.08791
1295,-1.085059773960764,3.6306362,1.6275388,-0.54106635,0.9771617,0.081895865,-0.1947455,0.022854287,-3.3199255,-0.4002438,1.4056764,-0.028334642,-1.4157579,-0.7934938,3.0,3.0,3.0,3.0,3.0,3.0,3.0,3.0,3.0,3.0,3.0,3.0,3.0,3.0,3.0,3.0,3.0,3.0,3.0,3.0,3.0,3.0,3.0,3.0,3.0,3.0,3.0,3.0,3.0,3.0,3.0,3.0,3.0,3.0,3.0,3.0,-4.872442,0.7955322,0.9972155,-44.712452
1300,-1.07931662088786,3.700586,1.6362778,-0.5700072,0.97484845,0.074707285,-0.20902766,0.019918077,-3.382266,-0.43140697,1.3748512,-0.95081055,-1.1601673,-0.31719443,3.0,3.0,3.0,3.0,3.0,3.0,3.0,3.0,3.0,3.0,3.0,3.0,3.0,3.0,3.0,3.0,3.0,3.0,3.0,3.0,3.0,3.0,3.0,3.0,3.0,3.0,3.0,3.0,3.0,3.0,3.0,3.0,3.0,3.0,3.0,3.0,-4.8233266,-1.4781947,0.9989226,-42.542645
1305,-1.1166389969536978,3.7724936,1.645854,-0.59960717,0.9723835,0.068166494,-0.22260982,0.016387748,-3.487138,-0.4737023,1.4260236,-0.6156116,-1.2606562,-0.49767798,3.0,3.0,3.0,3.0,3.0,3.0,3.0,3.0,3.0,3.0,3.0,3.0,3.0,3.0,3.0,3.0,3.0,3.0,3.0,3.0,3.0,3.0,3.0,3.0,3.0,3.0,3.0,3.0,3.0,3.0,3.0,3.0,3.0,3.0,3.0,3.0,-4.909237,-0.65342236,0.9996495,-43.77483
1310,-1.1432410090405691,3.8463807,1.6561533,-0.6296058,0.96957386,0.059763897,-0.23697063,0.014134557,-3.591122,-0.50872123,1.4568042,-0.7315968,-1.3683537,-0.45156625,3.0,3.0,3.0,3.0,3.0,3.0,3.0,3.0,3.0,3.0,3.0,3.0,3.0,3.0,3.0,3.0,3.0,3.0,3.0,3.0,3.0,3.0,3.0,3.0,3.0,3.0,3.0,3.0,3.0,3.0,3.0,3.0,3.0,3.0,3.0,3.0,-4.98607,3.5967407,0.9996903,-43.731125
1315,-1.1131716813497983,3.9224079,1.6670896,-0.660001,0.9672103,0.047277473,-0.24908352,0.015050218,-3.6966643,-0.5370369,1.47512,-1.2837828,-1.2513682,-0.20802087,3.0,3.0,3.0,3.0,3.0,3.0,3.0,3.0,3.0,3.0,3.0,3.0,3.0,3.0,3.0,3.0,3.0,3.0,3.0,3.0,3.0,3.0,3.0,3.0,3.0,3.0,3.0,3.0,3.0,3.0,3.0,3.0,3.0,3.0,3.0,3.0,-4.9585857,-2.5723865,0.9995667,-37.589962
1320,-1.1887532201312436,4.0009336,1.6785979,-0.69119346,0.9645945,0.03600591,-0.2608217,0.015266274,-3.8166692,-0.56140375,1.508425,-0.99106556,-1.0914955,-0.30027866,3.0,3.0,3.0,3.0,3.0,3.0,3.0,3.0,3.0,3.0,3.0,3.0,3.0,3.0,3.0,3.0,3.0,3.0,3.0,3.0,3.0,3.0,3.0,3.0,3.0,3.0,3.0,3.0,3.0,3.0,3.0,3.0,3.0,3.0,3.0,3.0,-4.973208,-0.49556828,0.99923694,-43.245888
1325,-1.2167436296126242,4.081972,1.6905267,-0.7229433,0.96172976,0.030276336,-0.272069,0.011733811,-3.935978,-0.5789869,1.5284096,-0.3090089,-0.852069,-0.5314417,3.0,3.0,3.0,3.0,3.0,3.0,3.0,3.0,3.0,3.0,3.0,3.0,3.0,3.0,3.0,3.0,3.0,3.0,3.0,3.0,3.0,3.0,3.0,3.0,3.0,3.0,3.0,3.0,3.0,3.0,3.0,3.0,3.0,3.0,3.0,3.0,-4.9929276,-1.8463466,0.999866,-44.251076
1330,-1.2543923217171387,4.1654553,1.7027653,-0.7549076,0.9583342,0.027574962,-0.28425106,0.0060405554,-4.052457,-0.5924402,1.5334214,-0.074528396,-1.2493297,-0.64010257,3.0,3.0,3.0,3.0,3.0,3.0,3.0,3.0,3.0,3.0,3.0,3.0,3.0,3.0,3.0,3.0,3.0,3.0,3.0,3.0,3.0,3.0,3.0,3.0,3.0,3.0,3.0,3.0,3.0,3.0,3.0,3.0,3.0,3.0,3.0,3.0,-4.9917574,-1.2724385,0.99999094,-44.85487
1335,-1.276615012899096,4.2513733,1.7152519,-0.78685206,0.9549412,0.026992926,-0.29556248,-0.0012073452,-4.1727157,-0.6037774,1.5330911,0.18592812,-0.86961436,-0.70564413,3.0,3.0,3.0,3.0,3.0,3.0,3.0,3.0,3.0,3.0,3.0,3.0,3.0,3.0,3.0,3.0,3.0,3.0,3.0,3.0,3.0,3.0,3.0,3.0,3.0,3.0,3.0,3.0,3.0,3.0,3.0,3.0,3.0,3.0,3.0,3.0,-4.989743,-4.470511,0.99978876,-44.802486
1340,-1.2895451776491806,4.339846,1.727957,-0.8187505,0.9526445,0.02799899,-0.30264825,-0.009410521,-4.291719,-0.61339945,1.5226996,-0.0015795546,-0.6874552,-0.66096,3.0,3.0,3.0,3.0,3.0,3.0,3.0,3.0,3.0,3.0,3.0,3.0,3.0,3.0,3.0,3.0,3.0,3.0,3.0,3.0,3.0,3.0,3.0,3.0,3.0,3.0,3.0,3.0,3.0,3.0,3.0,3.0,3.0,3.0,3.0,3.0,-4.9974875,-4.6126266,0.9998572,-43.982544
1345,-1.3158072555895735,4.4308033,1.7408478,-0.8503724,0.9512655,0.02679296,-0.30678424,-0.01610961,-4.416863,-0.6221629,1.5161271,0.2847586,-0.2044031,-0.6890918,3.0,3.0,3.0,3.0,3.0,3.0,3.0,3.0,3.0,3.0,3.0,3.0,3.0,3.0,3.0,3.0,3.0,3.0,3.0,3.0,3.0,3.0,3.0,3.0,3.0,3.0,3.0,3.0,3.0,3.0,3.0,3.0,3.0,3.0,3.0,3.0,-4.99078,-0.77719545,0.9999988,-44.753357
1350,-1.331244072853679,4.5242953,1.7538944,-0.8817238,0.9497552,0.029385967,-0.310602,-0.025059247,-4.5320277,-0.62867737,1.4933574,0.5109184,-0.30842668,-0.75570667,3.0,3.0,3.0,3.0,3.0,3.0,3.0,3.0,3.0,3.0,3.0,3.0,3.0,3.0,3.0,3.0,3.0,3.0,3.0,3.0,3.0,3.0,3.0,3.0,3.0,3.0,3.0,3.0,3.0,3.0,3.0,3.0,3.0,3.0,3.0,3.0,-4.9983478,-0.017752647,0.99998546,-43.6307
1355,-1.366795182798268,4.6201677,1.7670703,-0.91254705,0.94759536,0.031035092,-0.3161885,-0.033536386,-4.6487045,-0.63487214,1.4702433,0.32903025,-0.51670814,-0.7250603,3.0,3.0,3.0,3.0,3.0,3.0,3.0,3.0,3.0,3.0,3.0,3.0,3.0,3.0,3.0,3.0,3.0,3.0,3.0,3.0,3.0,3.0,3.0,3.0,3.0,3.0,3.0,3.0,3.0,3.0,3.0,3.0,3.0,3.0,3.0,3.0,-4.9988947,-3.8158286,0.9999217,-44.65901
1360,-1.3862304742897842,4.7185025,1.7803696,-0.942892,0.9458563,0.035731252,-0.31964165,-0.0436854,-4.762379,-0.64038146,1.4401691,0.574563,-0.2615536,-0.7607906,3.0,3.0,3.0,3.0,3.0,3.0,3.0,3.0,3.0,3.0,3.0,3.0,3.0,3.0,3.0,3.0,3.0,3.0,3.0,3.0,3.0,3.0,3.0,3.0,3.0,3.0,3.0,3.0,3.0,3.0,3.0,3.0,3.0,3.0,3.0,3.0,-4.9975142,-3.9895134,0.9991696,-44.26663
1365,-1.3786275541840398,4.8192105,1.7937891,-0.9725946,0.94526064,0.042055175,-0.31896165,-0.054563552,-4.8762116,-0.6463838,1.4089953,0.84636384,0.17074154,-0.7720385,3.0,3.0,3.0,3.0,3.0,3.0,3.0,3.0,3.0,3.0,3.0,3.0,3.0,3.0,3.0,3.0,3.0,3.0,3.0,3.0,3.0,3.0,3.0,3.0,3.0,3.0,3.0,3.0,3.0,3.0,3.0,3.0,3.0,3.0,3.0,3.0,-4.997032,1.2587376,0.99999774,-41.201202
1370,-1.280889733626657,4.9222474,1.8073442,-1.001612,0.9456194,0.04655203,-0.31553757,-0.06381874,-4.9929285,-0.6536536,1.3835505,0.77600855,0.34165215,-0.6460421,3.0,3.0,3.0,3.0,3.0,3.0,3.0,3.0,3.0,3.0,3.0,3.0,3.0,3.0,3.0,3.0,3.0,3.0,3.0,3.0,3.0,3.0,3.0,3.0,3.0,3.0,3.0,3.0,3.0,3.0,3.0,3.0,3.0,3.0,3.0,3.0,-4.9975295,1.0947123,0.9999275,-29.187256
1375,-1.392510112946813,5.027581,1.8210497,-1.0299659,0.9460638,0.04981355,-0.31210133,-0.07123622,-5.097624,-0.6607456,1.3458828,0.3890096,0.21219707,-0.36435926,3.0,3.0,3.0,3.0,3.0,3.0,3.0,3.0,3.0,3.0,3.0,3.0,3.0,3.0,3.0,3.0,3.0,3.0,3.0,3.0,3.0,3.0,3.0,3.0,3.0,3.0,3.0,3.0,3.0,3.0,3.0,3.0,3.0,3.0,3.0,3.0,-4.999398,-1.3857081,0.9998313,-39.349533
1380,-1.368470307105028,5.1351767,1.8349181,-1.0576876,0.9463306,0.056767788,-0.30881885,-0.07659462,-5.205305,-0.66882807,1.3156298,0.9031117,0.44267827,-0.20772369,3.0,3.0,3.0,3.0,3.0,3.0,3.0,3.0,3.0,3.0,3.0,3.0,3.0,3.0,3.0,3.0,3.0,3.0,3.0,3.0,3.0,3.0,3.0,3.0,3.0,3.0,3.0,3.0,3.0,3.0,3.0,3.0,3.0,3.0,3.0,3.0,-4.9997196,4.54856,0.99993086,-33.790394
1385,-1.1736518695421934,5.2447953,1.8489635,-1.0845267,0.9479582,0.0601547,-0.3025229,-0.07897248,-5.3040347,-0.6784982,1.2770841,0.37000936,0.8019893,-0.01994752,3.0,3.0,3.0,3.0,3.0,3.0,3.0,3.0,3.0,3.0,3.0,3.0,3.0,3.0,3.0,3.0,3.0,3.0,3.0,3.0,3.0,3.0,3.0,3.0,3.0,3.0,3.0,3.0,3.0,3.0,3.0,3.0,3.0,3.0,3.0,3.0,-4.9997315,4.668703,0.99999166,11.455086
1390,-1.3559979900790124,5.3563066,1.8632092,-1.1104084,0.95167905,0.058040332,-0.29141864,-0.07754692,-5.3872366,-0.6877128,1.2235245,-0.5481492,1.2582091,0.27661458,3.0,3.0,3.0,3.0,3.0,3.0,3.0,3.0,3.0,3.0,3.0,3.0,3.0,3.0,3.0,3.0,3.0,3.0,3.0,3.0,3.0,3.0,3.0,3.0,3.0,3.0,3.0,3.0,3.0,3.0,3.0,3.0,3.0,3.0,3.0,3.0,-4.9998956,0.990798,0.9999182,28.405968
1395,-1.516483724493327,5.4697676,1.8776724,-1.135612,0.9571562,0.0493828,-0.27615952,-0.07175899,-5.4852047,-0.6983945,1.2021638,-1.0955924,1.6370016,0.4863167,3.0,3.0,3.0,3.0,3.0,3.0,3.0,3.0,3.0,3.0,3.0,3.0,3.0,3.0,3.0,3.0,3.0,3.0,3.0,3.0,3.0,3.0,3.0,3.0,3.0,3.0,3.0,3.0,3.0,3.0,3.0,3.0,3.0,3.0,3.0,3.0,-4.999965,-2.355514,0.99999976,41.232727
1400,-1.5597156093943143,5.5851893,1.8923296,-1.1604391,0.96289724,0.037145186,-0.25964096,-0.06352728,-5.573227,-0.70629376,1.181129,-1.6526195,1.7319036,0.6747831,3.0,3.0,3.0,3.0,3.0,3.0,3.0,3.0,3.0,3.0,3.0,3.0,3.0,3.0,3.0,3.0,3.0,3.0,3.0,3.0,3.0,3.0,3.0,3.0,3.0,3.0,3.0,3.0,3.0,3.0,3.0,3.0,3.0,3.0,3.0,3.0,-4.999976,-1.908298,1.0,42.966293
1405,-1.5517747231683892,5.702491,1.9071136,-1.1851392,0.9688584,0.026627723,-0.23966722,-0.056249168,-5.664842,-0.71110094,1.1848547,-0.94406885,2.0678575,0.48659152,3.0,3.0,3.0,3.0,3.0,3.0,3.0,3.0,3.0,3.0,3.0,3.0,3.0,3.0,3.0,3.0,3.0,3.0,3.0,3.0,3.0,3.0,3.0,3.0,3.0,3.0,3.0,3.0,3.0,3.0,3.0,3.0,3.0,3.0,3.0,3.0,-4.9999366,-0.11556673,0.99999976,40.6949
1410,-1.5496154943299214,5.8214574,1.9219449,-1.2097642,0.9738525,0.014550213,-0.22159283,-0.04791879,-5.7403383,-0.7119514,1.1822345,-1.1356213,1.8582373,0.53271204,3.0,3.0,3.0,3.0,3.0,3.0,3.0,3.0,3.0,3.0,3.0,3.0,3.0,3.0,3.0,3.0,3.0,3.0,3.0,3.0,3.0,3.0,3.0,3.0,3.0,3.0,3.0,3.0,3.0,3.0,3.0,3.0,3.0,3.0,3.0,3.0,-4.9999795,-2.3022623,0.9999995,39.046524
1415,-1.5145052948418134,5.9419036,1.9367453,-1.2344214,0.9783107,0.0066796457,-0.20260997,-0.042576846,-5.8072495,-0.7089709,1.1842165,-0.5258607,1.941231,0.27034515,3.0,3.0,3.0,3.0,3.0,3.0,3.0,3.0,3.0,3.0,3.0,3.0,3.0,3.0,3.0,3.0,3.0,3.0,3.0,3.0,3.0,3.0,3.0,3.0,3.0,3.0,3.0,3.0,3.0,3.0,3.0,3.0,3.0,3.0,3.0,3.0,-4.999936,-0.98123455,0.99999726,34.64521
1420,-1.5082720987482794,6.063616,1.9514518,-1.2591337,0.9818503,0.0037234516,-0.18550733,-0.039281964,-5.8643985,-0.7037602,1.1881759,-0.48148674,1.466422,0.4727065,3.0,3.0,3.0,3.0,3.0,3.0,3.0,3.0,3.0,3.0,3.0,3.0,3.0,3.0,3.0,3.0,3.0,3.0,3.0,3.0,3.0,3.0,3.0,3.0,3.0,3.0,3.0,3.0,3.0,3.0,3.0,3.0,3.0,3.0,3.0,3.0,-4.999957,3.4929066,0.9999988,33.518555
1425,-1.4504184744738204,6.186415,1.9660382,-1.2839551,0.98472583,-0.0040535294,-0.1712659,-0.0310902,-5.9121833,-0.6974568,1.1905414,-0.66646224,1.6078293,0.5709586,3.0,3.0,3.0,3.0,3.0,3.0,3.0,3.0,3.0,3.0,3.0,3.0,3.0,3.0,3.0,3.0,3.0,3.0,3.0,3.0,3.0,3.0,3.0,3.0,3.0,3.0,3.0,3.0,3.0,3.0,3.0,3.0,3.0,3.0,3.0,3.0,-4.9999743,-0.115226746,0.99999857,26.430832
1430,-1.2549351291423807,6.3100867,1.9804622,-1.3087537,0.987489,-0.011555909,-0.15555659,-0.023111617,-5.950105,-0.6886658,1.187,-0.5173714,1.5350742,0.46498942,3.0,3.0,3.0,3.0,3.0,3.0,3.0,3.0,3.0,3.0,3.0,3.0,3.0,3.0,3.0,3.0,3.0,3.0,3.0,3.0,3.0,3.0,3.0,3.0,3.0,3.0,3.0,3.0,3.0,3.0,3.0,3.0,3.0,3.0,3.0,3.0,-4.999993,-2.4449909,0.99997795,-4.0599823
1435,-1.248559300087982,6.434469,1.9946728,-1.3335407,0.98968256,-0.016298914,-0.14127278,-0.017457508,-5.983543,-0.6774898,1.193906,-0.7285337,1.3555664,0.5968351,3.0,3.0,3.0,3.0,3.0,3.0,3.0,3.0,3.0,3.0,3.0,3.0,3.0,3.0,3.0,3.0,3.0,3.0,3.0,3.0,3.0,3.0,3.0,3.0,3.0,3.0,3.0,3.0,3.0,3.0,3.0,3.0,3.0,3.0,3.0,3.0,-4.9999986,-1.5609078,0.99999976,2.0798225
1440,-1.3536418188317272,6.559461,2.008631,-1.358477,0.9915098,-0.021610796,-0.12772287,-0.011321686,-6.0094423,-0.6647052,1.1991252,-0.57864547,1.2250605,0.5048749,3.0,3.0,3.0,3.0,3.0,3.0,3.0,3.0,3.0,3.0,3.0,3.0,3.0,3.0,3.0,3.0,3.0,3.0,3.0,3.0,3.0,3.0,3.0,3.0,3.0,3.0,3.0,3.0,3.0,3.0,3.0,3.0,3.0,3.0,3.0,3.0,-4.9999905,-3.0699377,0.99999905,15.030159
1445,-1.3402879640279846,6.684864,2.0223098,-1.3833393,0.9929322,-0.02449274,-0.115889974,-0.0074346215,-6.025126,-0.6510446,1.1891286,-0.13093585,1.0699772,0.18254226,3.0,3.0,3.0,3.0,3.0,3.0,3.0,3.0,3.0,3.0,3.0,3.0,3.0,3.0,3.0,3.0,3.0,3.0,3.0,3.0,3.0,3.0,3.0,3.0,3.0,3.0,3.0,3.0,3.0,3.0,3.0,3.0,3.0,3.0,3.0,3.0,-4.9999976,3.191946,0.99999976,-13.951677
1450,-1.3005772738399068,6.8105783,2.0356827,-1.4081974,0.9940855,-0.025034305,-0.10552232,-0.0056932885,-6.0396867,-0.63574076,1.1960713,-0.013629501,0.9584627,0.10471836,3.0,3.0,3.0,3.0,3.0,3.0,3.0,3.0,3.0,3.0,3.0,3.0,3.0,3.0,3.0,3.0,3.0,3.0,3.0,3.0,3.0,3.0,3.0,3.0,3.0,3.0,3.0,3.0,3.0,3.0,3.0,3.0,3.0,3.0,3.0,3.0,-4.9999914,-1.0549808,0.99999976,-9.992752
1455,-1.6035461477656596,6.936559,2.0487318,-1.4333278,0.9951135,-0.026095249,-0.095168576,-0.0033340591,-6.0507007,-0.62029326,1.2099005,-0.2035582,0.86439764,0.26454797,3.0,3.0,3.0,3.0,3.0,3.0,3.0,3.0,3.0,3.0,3.0,3.0,3.0,3.0,3.0,3.0,3.0,3.0,3.0,3.0,3.0,3.0,3.0,3.0,3.0,3.0,3.0,3.0,3.0,3.0,3.0,3.0,3.0,3.0,3.0,3.0,-4.999997,-3.379726,0.9999945,-40.98916
1460,-1.4154021496260654,7.0626607,2.0614688,-1.4584944,0.9958997,-0.026080824,-0.086600974,-0.0019624794,-6.05309,-0.60561633,1.2026818,0.23038286,0.78725487,-0.08137905,3.0,3.0,3.0,3.0,3.0,3.0,3.0,3.0,3.0,3.0,3.0,3.0,3.0,3.0,3.0,3.0,3.0,3.0,3.0,3.0,3.0,3.0,3.0,3.0,3.0,3.0,3.0,3.0,3.0,3.0,3.0,3.0,3.0,3.0,3.0,3.0,-4.9999986,-1.2339921,0.9999944,-22.193886
1465,-1.5622253646714477,7.1888084,2.0738907,-1.4837581,0.99666923,-0.023477005,-0.0780408,-0.0029830835,-6.0550866,-0.5904059,1.2144841,0.3749544,0.7607475,-0.19102393,3.0,3.0,3.0,3.0,3.0,3.0,3.0,3.0,3.0,3.0,3.0,3.0,3.0,3.0,3.0,3.0,3.0,3.0,3.0,3.0,3.0,3.0,3.0,3.0,3.0,3.0,3.0,3.0,3.0,3.0,3.0,3.0,3.0,3.0,3.0,3.0,-4.999999,1.1921573,0.9999831,-36.945583
1470,-1.6283730662066715,7.3149576,2.086007,-1.5093255,0.99726754,-0.021444527,-0.070639476,-0.0027680427,-6.0546603,-0.575873,1.2355638,0.17831257,0.6340529,0.1207283,3.0,3.0,3.0,3.0,3.0,3.0,3.0,3.0,3.0,3.0,3.0,3.0,3.0,3.0,3.0,3.0,3.0,3.0,3.0,3.0,3.0,3.0,3.0,3.0,3.0,3.0,3.0,3.0,3.0,3.0,3.0,3.0,3.0,3.0,3.0,3.0,-4.9999995,-1.9801781,0.99994767,-43.98313
1475,-1.611922711252063,7.441003,2.0978525,-1.5349774,0.9977644,-0.017032068,-0.06449985,-0.0039840415,-6.0480022,-0.5636063,1.2369399,0.29309705,0.5504243,0.027930006,3.0,3.0,3.0,3.0,3.0,3.0,3.0,3.0,3.0,3.0,3.0,3.0,3.0,3.0,3.0,3.0,3.0,3.0,3.0,3.0,3.0,3.0,3.0,3.0,3.0,3.0,3.0,3.0,3.0,3.0,3.0,3.0,3.0,3.0,3.0,3.0,-4.9999995,-3.3711195,0.99998,-42.47201
1480,-1.6341305977481995,7.566887,2.109463,-1.5607162,0.99815345,-0.013837197,-0.059015073,-0.0039299414,-6.038208,-0.55332327,1.2327923,0.41873485,0.508905,-0.0844703,3.0,3.0,3.0,3.0,3.0,3.0,3.0,3.0,3.0,3.0,3.0,3.0,3.0,3.0,3.0,3.0,3.0,3.0,3.0,3.0,3.0,3.0,3.0,3.0,3.0,3.0,3.0,3.0,3.0,3.0,3.0,3.0,3.0,3.0,3.0,3.0,-4.999999,4.191042,0.99994624,-44.717056
1485,-1.5041326738022347,7.692563,2.1208696,-1.5865647,0.99842995,-0.012916688,-0.054477543,-0.0017335517,-6.02804,-0.5438602,1.2433984,-0.047824204,0.42423508,0.3218235,3.0,3.0,3.0,3.0,3.0,3.0,3.0,3.0,3.0,3.0,3.0,3.0,3.0,3.0,3.0,3.0,3.0,3.0,3.0,3.0,3.0,3.0,3.0,3.0,3.0,3.0,3.0,3.0,3.0,3.0,3.0,3.0,3.0,3.0,3.0,3.0,-4.9999995,0.8777294,0.9999993,-32.227615
1490,-1.551354662919614,7.8179865,2.1320887,-1.6124829,0.9986093,-0.014789488,-0.0505294,0.0027482733,-6.0149984,-0.53485733,1.244697,-0.2133417,0.38995805,0.41113466,3.0,3.0,3.0,3.0,3.0,3.0,3.0,3.0,3.0,3.0,3.0,3.0,3.0,3.0,3.0,3.0,3.0,3.0,3.0,3.0,3.0,3.0,3.0,3.0,3.0,3.0,3.0,3.0,3.0,3.0,3.0,3.0,3.0,3.0,3.0,3.0,-4.9999995,-1.1288776,0.99992895,-37.113335
1495,-1.58836567882923,7.9431114,2.1431167,-1.6383454,0.9987687,-0.01433679,-0.04726968,0.0045973924,-6.000431,-0.52552855,1.2451727,-0.098476104,0.36163053,0.29835603,3.0,3.0,3.0,3.0,3.0,3.0,3.0,3.0,3.0,3.0,3.0,3.0,3.0,3.0,3.0,3.0,3.0,3.0,3.0,3.0,3.0,3.0,3.0,3.0,3.0,3.0,3.0,3.0,3.0,3.0,3.0,3.0,3.0,3.0,3.0,3.0,-5.0,-1.2396708,0.99999,-41.382896
1500,-1.603888134149468,8.0679245,2.1539524,-1.664286,0.9988878,-0.0139258765,-0.044590443,0.0064043873,-5.984542,-0.51656675,1.2441273,0.0223797,0.23958616,0.17843246,3.0,3.0,3.0,3.0,3.0,3.0,3.0,3.0,3.0,3.0,3.0,3.0,3.0,3.0,3.0,3.0,3.0,3.0,3.0,3.0,3.0,3.0,3.0,3.0,3.0,3.0,3.0,3.0,3.0,3.0,3.0,3.0,3.0,3.0,3.0,3.0,-4.9999995,-4.5789075,0.9998567,-43.4189
1505,-1.608436298009236,8.192388,2.1646075,-1.6901207,0.9990337,-0.01059151,-0.042354327,0.0050579677,-5.9674764,-0.508101,1.2400634,0.42392737,0.2185055,-0.22043632,3.0,3.0,3.0,3.0,3.0,3.0,3.0,3.0,3.0,3.0,3.0,3.0,3.0,3.0,3.0,3.0,3.0,3.0,3.0,3.0,3.0,3.0,3.0,3.0,3.0,3.0,3.0,3.0,3.0,3.0,3.0,3.0,3.0,3.0,3.0,3.0,-5.0,-2.148569,0.9999008,-43.938988
1510,-1.6191355066073514,8.316494,2.1751025,-1.7159598,0.99907756,-0.0042742756,-0.042698566,0.0015944722,-5.950169,-0.50115037,1.2402563,0.84219825,-0.13810472,-0.32272503,3.0,3.0,3.0,3.0,3.0,3.0,3.0,3.0,3.0,3.0,3.0,3.0,3.0,3.0,3.0,3.0,3.0,3.0,3.0,3.0,3.0,3.0,3.0,3.0,3.0,3.0,3.0,3.0,3.0,3.0,3.0,3.0,3.0,3.0,3.0,3.0,-4.9999995,0.47342205,0.99999964,-44.60177
1515,-1.5929093811833146,8.4402485,2.1854846,-1.7418678,0.99911374,0.0009150725,-0.04206045,0.001343664,-5.933547,-0.49685135,1.2450114,0.3650165,0.17398681,0.11509344,3.0,3.0,3.0,3.0,3.0,3.0,3.0,3.0,3.0,3.0,3.0,3.0,3.0,3.0,3.0,3.0,3.0,3.0,3.0,3.0,3.0,3.0,3.0,3.0,3.0,3.0,3.0,3.0,3.0,3.0,3.0,3.0,3.0,3.0,3.0,3.0,-4.9999995,4.3278494,0.999974,-43.02214
1520,-1.569567703738418,8.56365,2.1958044,-1.7678155,0.9991607,0.0010055277,-0.040548798,0.0057139737,-5.916358,-0.49443594,1.2459772,-0.06565914,0.04113519,0.40085167,3.0,3.0,3.0,3.0,3.0,3.0,3.0,3.0,3.0,3.0,3.0,3.0,3.0,3.0,3.0,3.0,3.0,3.0,3.0,3.0,3.0,3.0,3.0,3.0,3.0,3.0,3.0,3.0,3.0,3.0,3.0,3.0,3.0,3.0,3.0,3.0,-5.0,4.8534527,0.99999547,-40.93136
1525,-1.6002064353135386,8.686687,2.2060738,-1.7937832,0.9991663,-0.0021039424,-0.039408077,0.010451549,-5.8987074,-0.49183393,1.247263,-0.4823125,-0.009973781,0.51104176,3.0,3.0,3.0,3.0,3.0,3.0,3.0,3.0,3.0,3.0,3.0,3.0,3.0,3.0,3.0,3.0,3.0,3.0,3.0,3.0,3.0,3.0,3.0,3.0,3.0,3.0,3.0,3.0,3.0,3.0,3.0,3.0,3.0,3.0,3.0,3.0,-5.0,-3.5956144,0.9999795,-43.878353
1530,-1.581570466640454,8.809355,2.2162752,-1.819785,0.99908036,-0.0044129794,-0.040615827,0.01301257,-5.8810697,-0.48807183,1.2492675,-0.3460058,-0.21426034,0.27795932,3.0,3.0,3.0,3.0,3.0,3.0,3.0,3.0,3.0,3.0,3.0,3.0,3.0,3.0,3.0,3.0,3.0,3.0,3.0,3.0,3.0,3.0,3.0,3.0,3.0,3.0,3.0,3.0,3.0,3.0,3.0,3.0,3.0,3.0,3.0,3.0,-5.0,1.926961,0.9999988,-42.839455
1535,-1.5738302367130996,8.931664,2.226385,-1.8458327,0.9989057,-0.0067100604,-0.043935455,0.0145623945,-5.864148,-0.4832218,1.2504044,0.06062985,-0.56793165,-0.13698746,3.0,3.0,3.0,3.0,3.0,3.0,3.0,3.0,3.0,3.0,3.0,3.0,3.0,3.0,3.0,3.0,3.0,3.0,3.0,3.0,3.0,3.0,3.0,3.0,3.0,3.0,3.0,3.0,3.0,3.0,3.0,3.0,3.0,3.0,3.0,3.0,-5.0,-0.79880714,0.99995184,-42.220562
1540,-1.5885805056610496,9.053647,2.2363849,-1.8719401,0.9987171,-0.0061867423,-0.048588708,0.012844838,-5.8496118,-0.4779012,1.2554647,-0.13532564,-0.19254926,0.012724687,3.0,3.0,3.0,3.0,3.0,3.0,3.0,3.0,3.0,3.0,3.0,3.0,3.0,3.0,3.0,3.0,3.0,3.0,3.0,3.0,3.0,3.0,3.0,3.0,3.0,3.0,3.0,3.0,3.0,3.0,3.0,3.0,3.0,3.0,3.0,3.0,-5.0,4.7994814,0.99999416,-44.3948
1545,-1.5151504554354054,9.175352,2.2462742,-1.8981625,0.9986625,-0.010584397,-0.04803519,0.015933316,-5.836251,-0.47239,1.2567288,-0.33422342,-0.004756084,0.1718896,3.0,3.0,3.0,3.0,3.0,3.0,3.0,3.0,3.0,3.0,3.0,3.0,3.0,3.0,3.0,3.0,3.0,3.0,3.0,3.0,3.0,3.0,3.0,3.0,3.0,3.0,3.0,3.0,3.0,3.0,3.0,3.0,3.0,3.0,3.0,3.0,-5.0,4.3616056,0.9999988,-36.95683
1550,-1.5651185416459261,9.296787,2.256023,-1.9245212,0.9985445,-0.018531835,-0.04614725,0.020877618,-5.8237963,-0.46468163,1.2692442,-1.060836,0.107887164,0.50108916,3.0,3.0,3.0,3.0,3.0,3.0,3.0,3.0,3.0,3.0,3.0,3.0,3.0,3.0,3.0,3.0,3.0,3.0,3.0,3.0,3.0,3.0,3.0,3.0,3.0,3.0,3.0,3.0,3.0,3.0,3.0,3.0,3.0,3.0,3.0,3.0,-5.0,1.8255978,0.9999999,-40.804447
1555,-1.5000620335641477,9.417936,2.2655752,-1.9509064,0.99808246,-0.029605499,-0.048638903,0.024272397,-5.809233,-0.4538583,1.2624067,-0.8965432,-0.5117063,0.051279496,3.0,3.0,3.0,3.0,3.0,3.0,3.0,3.0,3.0,3.0,3.0,3.0,3.0,3.0,3.0,3.0,3.0,3.0,3.0,3.0,3.0,3.0,3.0,3.0,3.0,3.0,3.0,3.0,3.0,3.0,3.0,3.0,3.0,3.0,3.0,3.0,-5.0,-2.721504,0.9999993,-34.843178
1560,-1.5819833322403003,9.538788,2.274854,-1.9770356,0.9977401,-0.036673952,-0.051677447,0.022341155,-5.796524,-0.43873152,1.2589259,-0.79157704,-0.34982607,-0.17012285,3.0,3.0,3.0,3.0,3.0,3.0,3.0,3.0,3.0,3.0,3.0,3.0,3.0,3.0,3.0,3.0,3.0,3.0,3.0,3.0,3.0,3.0,3.0,3.0,3.0,3.0,3.0,3.0,3.0,3.0,3.0,3.0,3.0,3.0,3.0,3.0,-5.0,-4.546349,0.9996778,-43.61489
1565,-1.44316759959242,9.659345,2.2838156,-2.002655,0.99763215,-0.041102592,-0.052550055,0.016706686,-5.7807207,-0.42388994,1.2141744,-0.123529926,-0.040353227,-0.81724316,3.0,3.0,3.0,3.0,3.0,3.0,3.0,3.0,3.0,3.0,3.0,3.0,3.0,3.0,3.0,3.0,3.0,3.0,3.0,3.0,3.0,3.0,3.0,3.0,3.0,3.0,3.0,3.0,3.0,3.0,3.0,3.0,3.0,3.0,3.0,3.0,-5.0,2.7799149,0.9999784,-30.213139
1570,-1.2591719434042337,9.77968,2.292372,-2.0283084,0.99758124,-0.044858444,-0.052102614,0.010232941,-5.7718554,-0.4025999,1.2324442,-0.34958482,-0.12159481,-0.6077995,3.0,3.0,3.0,3.0,3.0,3.0,3.0,3.0,3.0,3.0,3.0,3.0,3.0,3.0,3.0,3.0,3.0,3.0,3.0,3.0,3.0,3.0,3.0,3.0,3.0,3.0,3.0,3.0,3.0,3.0,3.0,3.0,3.0,3.0,3.0,3.0,-5.0,1.108448,0.9999944,-11.688381
1575,-1.2027148428215657,9.899803,2.3004835,-2.0540898,0.99731153,-0.049328316,-0.05385369,0.0060202554,-5.761502,-0.38071465,1.2358645,-0.25693926,-0.24191117,-0.3759886,3.0,3.0,3.0,3.0,3.0,3.0,3.0,3.0,3.0,3.0,3.0,3.0,3.0,3.0,3.0,3.0,3.0,3.0,3.0,3.0,3.0,3.0,3.0,3.0,3.0,3.0,3.0,3.0,3.0,3.0,3.0,3.0,3.0,3.0,3.0,3.0,-5.0,4.6115417,0.9999989,3.529274
1580,-1.3043102740819232,10.019737,2.3080993,-2.0801022,0.9969792,-0.05433894,-0.055328656,0.0043074833,-5.752567,-0.3562602,1.2457317,-0.5011192,-0.2546669,-0.14114168,3.0,3.0,3.0,3.0,3.0,3.0,3.0,3.0,3.0,3.0,3.0,3.0,3.0,3.0,3.0,3.0,3.0,3.0,3.0,3.0,3.0,3.0,3.0,3.0,3.0,3.0,3.0,3.0,3.0,3.0,3.0,3.0,3.0,3.0,3.0,3.0,-5.0,0.8693762,0.9999969,17.294647
1585,-1.511129954863153,10.139449,2.3152232,-2.105897,0.9965808,-0.059051078,-0.057737127,0.0024851349,-5.7426724,-0.33158645,1.2374544,-0.43001887,0.004197445,-0.22620793,3.0,3.0,3.0,3.0,3.0,3.0,3.0,3.0,3.0,3.0,3.0,3.0,3.0,3.0,3.0,3.0,3.0,3.0,3.0,3.0,3.0,3.0,3.0,3.0,3.0,3.0,3.0,3.0,3.0,3.0,3.0,3.0,3.0,3.0,3.0,3.0,-5.0,-3.8765216,1.0,-38.813576
1590,-1.4535690964659773,10.258942,2.3218377,-2.131303,0.99649096,-0.05960139,-0.058645964,-0.003761896,-5.731534,-0.3074122,1.2122113,0.2617467,-0.2549,-0.84445614,3.0,3.0,3.0,3.0,3.0,3.0,3.0,3.0,3.0,3.0,3.0,3.0,3.0,3.0,3.0,3.0,3.0,3.0,3.0,3.0,3.0,3.0,3.0,3.0,3.0,3.0,3.0,3.0,3.0,3.0,3.0,3.0,3.0,3.0,3.0,3.0,-5.0,-4.4142513,0.99999714,-32.422382
1595,-1.533414805393631,10.378252,2.327903,-2.156558,0.9964465,-0.05712806,-0.061079238,-0.010002903,-5.7254376,-0.27881888,1.225652,0.28530085,-0.34195346,-0.46570763,3.0,3.0,3.0,3.0,3.0,3.0,3.0,3.0,3.0,3.0,3.0,3.0,3.0,3.0,3.0,3.0,3.0,3.0,3.0,3.0,3.0,3.0,3.0,3.0,3.0,3.0,3.0,3.0,3.0,3.0,3.0,3.0,3.0,3.0,3.0,3.0,-5.0,-2.759094,0.9999876,-41.360523
1600,-1.2081746100124895,10.4974165,2.3334136,-2.1818511,0.99643314,-0.052618995,-0.06378874,-0.016830463,-5.7157035,-0.25575802,1.2009361,0.6914223,-0.20029195,-0.79172707,3.0,3.0,3.0,3.0,3.0,3.0,3.0,3.0,3.0,3.0,3.0,3.0,3.0,3.0,3.0,3.0,3.0,3.0,3.0,3.0,3.0,3.0,3.0,3.0,3.0,3.0,3.0,3.0,3.0,3.0,3.0,3.0,3.0,3.0,3.0,3.0,-5.0,4.8232536,0.99998903,-4.8726616
1605,-1.537655230130544,10.616508,2.338362,-2.2075634,0.99662155,-0.048382357,-0.06266896,-0.021846825,-5.7145014,-0.22758864,1.2386655,0.39057326,-0.033672575,-0.22246556,3.0,3.0,3.0,3.0,3.0,3.0,3.0,3.0,3.0,3.0,3.0,3.0,3.0,3.0,3.0,3.0,3.0,3.0,3.0,3.0,3.0,3.0,3.0,3.0,3.0,3.0,3.0,3.0,3.0,3.0,3.0,3.0,3.0,3.0,3.0,3.0,-5.0,4.072054,0.9999981,-42.225346
1610,-1.4772598489628757,10.7355385,2.3427758,-2.233833,0.9965768,-0.046596244,-0.064751424,-0.021697313,-5.711846,-0.20236771,1.2679602,0.07971482,-0.4053439,0.30944785,3.0,3.0,3.0,3.0,3.0,3.0,3.0,3.0,3.0,3.0,3.0,3.0,3.0,3.0,3.0,3.0,3.0,3.0,3.0,3.0,3.0,3.0,3.0,3.0,3.0,3.0,3.0,3.0,3.0,3.0,3.0,3.0,3.0,3.0,3.0,3.0,-5.0,-2.9463525,0.9999461,-36.248222
1615,-1.3632856660389618,10.854455,2.3467336,-2.260148,0.99666804,-0.04444331,-0.06546446,-0.019797927,-5.706637,-0.18109933,1.2677366,0.15547048,0.1149412,0.2240829,3.0,3.0,3.0,3.0,3.0,3.0,3.0,3.0,3.0,3.0,3.0,3.0,3.0,3.0,3.0,3.0,3.0,3.0,3.0,3.0,3.0,3.0,3.0,3.0,3.0,3.0,3.0,3.0,3.0,3.0,3.0,3.0,3.0,3.0,3.0,3.0,-5.0,2.1582909,0.9998889,-25.206596
1620,-1.4006607019859405,10.973321,2.3502216,-2.2868567,0.9966328,-0.045647074,-0.06667672,-0.013914388,-5.7054706,-0.15795395,1.2957889,-0.37130317,-0.011158578,0.7739957,3.0,3.0,3.0,3.0,3.0,3.0,3.0,3.0,3.0,3.0,3.0,3.0,3.0,3.0,3.0,3.0,3.0,3.0,3.0,3.0,3.0,3.0,3.0,3.0,3.0,3.0,3.0,3.0,3.0,3.0,3.0,3.0,3.0,3.0,3.0,3.0,-5.0,0.4078145,0.99999714,27.969055
1625,-1.4532673844118476,11.092181,2.3532147,-2.314224,0.9963839,-0.052570816,-0.06668131,-0.0030028345,-5.705303,-0.13376142,1.3263626,-0.8844766,0.11503821,1.0348499,3.0,3.0,3.0,3.0,3.0,3.0,3.0,3.0,3.0,3.0,3.0,3.0,3.0,3.0,3.0,3.0,3.0,3.0,3.0,3.0,3.0,3.0,3.0,3.0,3.0,3.0,3.0,3.0,3.0,3.0,3.0,3.0,3.0,3.0,3.0,3.0,-5.0,2.1518493,0.99998856,32.113388
1630,-1.3991826388592623,11.211006,2.3556945,-2.3419755,0.99558103,-0.06472108,-0.06754332,0.008215554,-5.6999345,-0.11087797,1.3165312,-1.286539,-0.112557694,0.81049633,3.0,3.0,3.0,3.0,3.0,3.0,3.0,3.0,3.0,3.0,3.0,3.0,3.0,3.0,3.0,3.0,3.0,3.0,3.0,3.0,3.0,3.0,3.0,3.0,3.0,3.0,3.0,3.0,3.0,3.0,3.0,3.0,3.0,3.0,3.0,3.0,-5.0,0.3467412,0.9999671,26.616394
1635,-1.5693574984362564,11.329712,2.3576481,-2.3693712,0.9943332,-0.07999562,-0.06811804,0.016189162,-5.700264,-0.07801906,1.3398668,-1.8053906,0.18515447,0.72573364,3.0,3.0,3.0,3.0,3.0,3.0,3.0,3.0,3.0,3.0,3.0,3.0,3.0,3.0,3.0,3.0,3.0,3.0,3.0,3.0,3.0,3.0,3.0,3.0,3.0,3.0,3.0,3.0,3.0,3.0,3.0,3.0,3.0,3.0,3.0,3.0,-5.0,-0.73739815,1.0,42.99343
1640,-1.558691762098994,11.448389,2.3588912,-2.3969557,0.9927281,-0.09630564,-0.06838212,0.023238799,-5.693675,-0.04712057,1.31115,-1.499208,-0.1241943,0.47664943,3.0,3.0,3.0,3.0,3.0,3.0,3.0,3.0,3.0,3.0,3.0,3.0,3.0,3.0,3.0,3.0,3.0,3.0,3.0,3.0,3.0,3.0,3.0,3.0,3.0,3.0,3.0,3.0,3.0,3.0,3.0,3.0,3.0,3.0,3.0,3.0,-5.0,4.6616974,0.9999968,42.532608
1645,-1.5354236778863066,11.566928,2.359433,-2.4238985,0.9908053,-0.113015756,-0.06834952,0.029336652,-5.684381,-0.015173779,1.2599931,-1.5285683,-0.11130491,0.38565242,3.0,3.0,3.0,3.0,3.0,3.0,3.0,3.0,3.0,3.0,3.0,3.0,3.0,3.0,3.0,3.0,3.0,3.0,3.0,3.0,3.0,3.0,3.0,3.0,3.0,3.0,3.0,3.0,3.0,3.0,3.0,3.0,3.0,3.0,3.0,3.0,-5.0,4.173621,1.0,40.690605
1650,-1.582368585727962,11.685477,2.358918,-2.4511046,0.988236,-0.132793,-0.06690409,0.035768762,-5.694929,0.053533163,1.3400182,-2.2585146,0.061334465,0.5602722,3.0,3.0,3.0,3.0,3.0,3.0,3.0,3.0,3.0,3.0,3.0,3.0,3.0,3.0,3.0,3.0,3.0,3.0,3.0,3.0,3.0,3.0,3.0,3.0,3.0,3.0,3.0,3.0,3.0,3.0,3.0,3.0,3.0,3.0,3.0,3.0,-5.0,-0.30218267,0.9999981,44.07734
1655,-1.5561867683323936,11.803982,2.357321,-2.478164,0.98502177,-0.15266715,-0.06917875,0.040487032,-5.6833367,0.09178866,1.2675498,-1.7979189,-0.39775962,0.24508294,3.0,3.0,3.0,3.0,3.0,3.0,3.0,3.0,3.0,3.0,3.0,3.0,3.0,3.0,3.0,3.0,3.0,3.0,3.0,3.0,3.0,3.0,3.0,3.0,3.0,3.0,3.0,3.0,3.0,3.0,3.0,3.0,3.0,3.0,3.0,3.0,-5.0,3.5857744,0.9999864,42.612335
1660,-1.571847528176588,11.92257,2.3542404,-2.5056846,0.98110396,-0.174605,-0.07027728,0.044824038,-5.691133,0.17196803,1.3108128,-2.2496634,-0.17491463,0.35059997,3.0,3.0,3.0,3.0,3.0,3.0,3.0,3.0,3.0,3.0,3.0,3.0,3.0,3.0,3.0,3.0,3.0,3.0,3.0,3.0,3.0,3.0,3.0,3.0,3.0,3.0,3.0,3.0,3.0,3.0,3.0,3.0,3.0,3.0,3.0,3.0,-5.0,-1.3411868,0.99999857,43.73192
1665,-1.5232000521452933,12.041012,2.3500488,-2.5320427,0.97689027,-0.19476436,-0.07438236,0.047112197,-5.6817737,0.22204573,1.2367405,-1.7864916,-0.64262986,0.077838525,3.0,3.0,3.0,3.0,3.0,3.0,3.0,3.0,3.0,3.0,3.0,3.0,3.0,3.0,3.0,3.0,3.0,3.0,3.0,3.0,3.0,3.0,3.0,3.0,3.0,3.0,3.0,3.0,3.0,3.0,3.0,3.0,3.0,3.0,3.0,3.0,-5.0,-0.98815346,0.9999987,40.220284
1670,-1.4220970653077258,12.159451,2.344364,-2.5577877,0.97306806,-0.21053942,-0.08167115,0.046276297,-5.683027,0.2971059,1.2103735,-1.3002591,-0.7628799,-0.19824864,3.0,3.0,3.0,3.0,3.0,3.0,3.0,3.0,3.0,3.0,3.0,3.0,3.0,3.0,3.0,3.0,3.0,3.0,3.0,3.0,3.0,3.0,3.0,3.0,3.0,3.0,3.0,3.0,3.0,3.0,3.0,3.0,3.0,3.0,3.0,3.0,-5.0,-2.6867957,0.99981236,31.031654
1675,-1.542538207211545,12.277696,2.3376293,-2.5816157,0.96954376,-0.2242255,-0.088289715,0.043734454,-5.6802444,0.36139974,1.1428474,-1.3031936,-0.74898285,-0.18078412,3.0,3.0,3.0,3.0,3.0,3.0,3.0,3.0,3.0,3.0,3.0,3.0,3.0,3.0,3.0,3.0,3.0,3.0,3.0,3.0,3.0,3.0,3.0,3.0,3.0,3.0,3.0,3.0,3.0,3.0,3.0,3.0,3.0,3.0,3.0,3.0,-5.0,-0.7294755,0.9999995,43.7538
1680,-1.5424169076299123,12.39609,2.3291023,-2.6049008,0.9664033,-0.23608801,-0.09371269,0.039306823,-5.6836987,0.4390582,1.0956405,-1.0311632,-0.637421,-0.47097492,3.0,3.0,3.0,3.0,3.0,3.0,3.0,3.0,3.0,3.0,3.0,3.0,3.0,3.0,3.0,3.0,3.0,3.0,3.0,3.0,3.0,3.0,3.0,3.0,3.0,3.0,3.0,3.0,3.0,3.0,3.0,3.0,3.0,3.0,3.0,3.0,-5.0,-3.7203193,0.99999714,44.45662
1685,-1.291978782950786,12.514453,2.3191872,-2.62663,0.9635767,-0.24644743,-0.09837991,0.033242073,-5.6930785,0.53023535,1.0632734,-0.8351972,-0.63630986,-0.6401356,3.0,3.0,3.0,3.0,3.0,3.0,3.0,3.0,3.0,3.0,3.0,3.0,3.0,3.0,3.0,3.0,3.0,3.0,3.0,3.0,3.0,3.0,3.0,3.0,3.0,3.0,3.0,3.0,3.0,3.0,3.0,3.0,3.0,3.0,3.0,3.0,-5.0,-4.186781,0.9999224,19.103989
1690,-1.4558967495067945,12.632881,2.3076644,-2.6470969,0.961019,-0.25544792,-0.10256768,0.025859801,-5.6789765,0.56850195,0.92849207,-0.7930063,-0.6009391,-0.6743482,3.0,3.0,3.0,3.0,3.0,3.0,3.0,3.0,3.0,3.0,3.0,3.0,3.0,3.0,3.0,3.0,3.0,3.0,3.0,3.0,3.0,3.0,3.0,3.0,3.0,3.0,3.0,3.0,3.0,3.0,3.0,3.0,3.0,3.0,3.0,3.0,-5.0,-3.3307314,0.9999113,37.067978
1695,-1.5145152007089633,12.751021,2.2953327,-2.6647465,0.9583788,-0.26424894,-0.10651713,0.01835048,-5.665314,0.60771555,0.79295224,-0.7929255,-0.59335643,-0.67723745,3.0,3.0,3.0,3.0,3.0,3.0,3.0,3.0,3.0,3.0,3.0,3.0,3.0,3.0,3.0,3.0,3.0,3.0,3.0,3.0,3.0,3.0,3.0,3.0,3.0,3.0,3.0,3.0,3.0,3.0,3.0,3.0,3.0,3.0,3.0,3.0,-5.0,-4.653974,0.99971175,43.788895
1700,-1.4591847403077125,12.868884,2.282168,-2.6795704,0.9555984,-0.27300853,-0.110366605,0.010829385,-5.652156,0.6481878,0.65725124,-0.792639,-0.5858478,-0.6802237,3.0,3.0,3.0,3.0,3.0,3.0,3.0,3.0,3.0,3.0,3.0,3.0,3.0,3.0,3.0,3.0,3.0,3.0,3.0,3.0,3.0,3.0,3.0,3.0,3.0,3.0,3.0,3.0,3.0,3.0,3.0,3.0,3.0,3.0,3.0,3.0,-5.0,-4.9689536,0.99999666,39.04312
1705,-1.4635123551790803,12.986477,2.2681448,-2.6915648,0.95267946,-0.28172418,-0.114116035,0.003297074,-5.6394343,0.6899003,0.5213571,-0.7921482,-0.57841855,-0.683302,3.0,3.0,3.0,3.0,3.0,3.0,3.0,3.0,3.0,3.0,3.0,3.0,3.0,3.0,3.0,3.0,3.0,3.0,3.0,3.0,3.0,3.0,3.0,3.0,3.0,3.0,3.0,3.0,3.0,3.0,3.0,3.0,3.0,3.0,3.0,3.0,-5.0,-4.9919877,0.9996929,40.37124
1710,-1.4863714600322377,13.10381,2.2532372,-2.7007253,0.9496235,-0.2903936,-0.11776538,-0.0042458945,-5.62708,0.73283297,0.38524085,-0.7914543,-0.5710738,-0.68646723,3.0,3.0,3.0,3.0,3.0,3.0,3.0,3.0,3.0,3.0,3.0,3.0,3.0,3.0,3.0,3.0,3.0,3.0,3.0,3.0,3.0,3.0,3.0,3.0,3.0,3.0,3.0,3.0,3.0,3.0,3.0,3.0,3.0,3.0,3.0,3.0,-5.0,-4.9749427,0.99998903,43.56835
1715,-1.4626932893110303,13.22089,2.23742,-2.7070472,0.94643223,-0.29901436,-0.12131466,-0.011798954,-5.6150265,0.77696425,0.24887568,-0.7905589,-0.5638185,-0.6897143,3.0,3.0,3.0,3.0,3.0,3.0,3.0,3.0,3.0,3.0,3.0,3.0,3.0,3.0,3.0,3.0,3.0,3.0,3.0,3.0,3.0,3.0,3.0,3.0,3.0,3.0,3.0,3.0,3.0,3.0,3.0,3.0,3.0,3.0,3.0,3.0,-5.0,-4.9965963,0.9999932,42.02745
1720,-1.4057490518485578,13.337722,2.220669,-2.7105246,0.9431071,-0.30758414,-0.124763906,-0.01936153,-5.603206,0.8222712,0.11223747,-0.7894637,-0.5566575,-0.6930382,3.0,3.0,3.0,3.0,3.0,3.0,3.0,3.0,3.0,3.0,3.0,3.0,3.0,3.0,3.0,3.0,3.0,3.0,3.0,3.0,3.0,3.0,3.0,3.0,3.0,3.0,3.0,3.0,3.0,3.0,3.0,3.0,3.0,3.0,3.0,3.0,-5.0,-4.994294,0.99997234,37.091026
1725,-1.468425455799225,13.454309,2.2029595,-2.7111516,0.93964994,-0.31610066,-0.12811323,-0.026933046,-5.5915527,0.8687293,-0.024695372,-0.7881706,-0.54959553,-0.6964339,3.0,3.0,3.0,3.0,3.0,3.0,3.0,3.0,3.0,3.0,3.0,3.0,3.0,3.0,3.0,3.0,3.0,3.0,3.0,3.0,3.0,3.0,3.0,3.0,3.0,3.0,3.0,3.0,3.0,3.0,3.0,3.0,3.0,3.0,3.0,3.0,-5.0,-4.994547,0.9999677,44.289963
1730,-1.4026428945495233,13.570656,2.184268,-2.7089221,0.9360622,-0.32456163,-0.13136274,-0.034512915,-5.580001,0.91631246,-0.16194187,-0.78668153,-0.5426371,-0.69989634,3.0,3.0,3.0,3.0,3.0,3.0,3.0,3.0,3.0,3.0,3.0,3.0,3.0,3.0,3.0,3.0,3.0,3.0,3.0,3.0,3.0,3.0,3.0,3.0,3.0,3.0,3.0,3.0,3.0,3.0,3.0,3.0,3.0,3.0,3.0,3.0,-5.0,-4.9366374,0.9953623,38.44139
1735,-1.4506369064513729,13.686762,2.1645715,-2.7038293,0.9323456,-0.3329648,-0.13451263,-0.04210055,-5.5684857,0.96499336,-0.29951853,-0.7849989,-0.5357867,-0.70342034,3.0,3.0,3.0,3.0,3.0,3.0,3.0,3.0,3.0,3.0,3.0,3.0,3.0,3.0,3.0,3.0,3.0,3.0,3.0,3.0,3.0,3.0,3.0,3.0,3.0,3.0,3.0,3.0,3.0,3.0,3.0,3.0,3.0,3.0,3.0,3.0,-5.0,-4.9970217,0.9999994,44.109337
1740,-1.43722863846976,13.802628,2.1438475,-2.6958659,0.9285018,-0.34130803,-0.13756311,-0.04969535,-5.5569434,1.0147431,-0.4374393,-0.7831249,-0.52904844,-0.7070009,3.0,3.0,3.0,3.0,3.0,3.0,3.0,3.0,3.0,3.0,3.0,3.0,3.0,3.0,3.0,3.0,3.0,3.0,3.0,3.0,3.0,3.0,3.0,3.0,3.0,3.0,3.0,3.0,3.0,3.0,3.0,3.0,3.0,3.0,3.0,3.0,-5.0,-4.9994154,0.99995136,43.53882
1745,-1.2832166947161685,13.918252,2.1220737,-2.6850245,0.9245325,-0.34958905,-0.14051443,-0.05729672,-5.54531,1.0655314,-0.5757156,-0.7810621,-0.5224265,-0.710633,3.0,3.0,3.0,3.0,3.0,3.0,3.0,3.0,3.0,3.0,3.0,3.0,3.0,3.0,3.0,3.0,3.0,3.0,3.0,3.0,3.0,3.0,3.0,3.0,3.0,3.0,3.0,3.0,3.0,3.0,3.0,3.0,3.0,3.0,3.0,3.0,-5.0,-4.938123,0.99994135,28.614784
1750,-1.3524284813044223,14.033632,2.0992293,-2.671298,0.92043924,-0.3578058,-0.14336689,-0.06490404,-5.5335245,1.1173264,-0.7143564,-0.77881324,-0.51592475,-0.7143116,3.0,3.0,3.0,3.0,3.0,3.0,3.0,3.0,3.0,3.0,3.0,3.0,3.0,3.0,3.0,3.0,3.0,3.0,3.0,3.0,3.0,3.0,3.0,3.0,3.0,3.0,3.0,3.0,3.0,3.0,3.0,3.0,3.0,3.0,3.0,3.0,-5.0,-4.9997883,0.999786,36.45749
1755,-1.384014653736425,14.148765,2.0752938,-2.6546786,0.9162239,-0.3659561,-0.14612082,-0.07251672,-5.5215244,1.1700952,-0.8533681,-0.77638096,-0.50954705,-0.71803176,3.0,3.0,3.0,3.0,3.0,3.0,3.0,3.0,3.0,3.0,3.0,3.0,3.0,3.0,3.0,3.0,3.0,3.0,3.0,3.0,3.0,3.0,3.0,3.0,3.0,3.0,3.0,3.0,3.0,3.0,3.0,3.0,3.0,3.0,3.0,3.0,-5.0,-4.9981346,0.9999976,40.414246
1760,-1.3980169576035124,14.263643,2.050247,-2.6351585,0.911888,-0.37403792,-0.14877658,-0.080134116,-5.5092506,1.2238035,-0.9927547,-0.77376837,-0.5032969,-0.7217884,3.0,3.0,3.0,3.0,3.0,3.0,3.0,3.0,3.0,3.0,3.0,3.0,3.0,3.0,3.0,3.0,3.0,3.0,3.0,3.0,3.0,3.0,3.0,3.0,3.0,3.0,3.0,3.0,3.0,3.0,3.0,3.0,3.0,3.0,3.0,3.0,-5.0,-4.9970284,0.9999895,42.560738
1765,-1.3796921185366842,14.3782625,2.0240698,-2.6127298,0.9074333,-0.38204923,-0.15133455,-0.08775562,-5.496644,1.2784154,-1.1325177,-0.7709784,-0.49717793,-0.7255767,3.0,3.0,3.0,3.0,3.0,3.0,3.0,3.0,3.0,3.0,3.0,3.0,3.0,3.0,3.0,3.0,3.0,3.0,3.0,3.0,3.0,3.0,3.0,3.0,3.0,3.0,3.0,3.0,3.0,3.0,3.0,3.0,3.0,3.0,3.0,3.0,-5.0,-4.9692473,0.9999993,41.41382
1770,-1.3840990197147875,14.492614,1.9967442,-2.5873845,0.90286154,-0.389988,-0.15379523,-0.095380604,-5.483647,1.3338943,-1.2726563,-0.76801425,-0.49119326,-0.72939175,3.0,3.0,3.0,3.0,3.0,3.0,3.0,3.0,3.0,3.0,3.0,3.0,3.0,3.0,3.0,3.0,3.0,3.0,3.0,3.0,3.0,3.0,3.0,3.0,3.0,3.0,3.0,3.0,3.0,3.0,3.0,3.0,3.0,3.0,3.0,3.0,-5.0,-4.9986386,0.9999347,42.548775
1775,-1.386735906668805,14.606689,1.9682522,-2.559115,0.89817435,-0.39785224,-0.15615904,-0.10300842,-5.470202,1.3902017,-1.4131672,-0.76487935,-0.48534614,-0.73322856,3.0,3.0,3.0,3.0,3.0,3.0,3.0,3.0,3.0,3.0,3.0,3.0,3.0,3.0,3.0,3.0,3.0,3.0,3.0,3.0,3.0,3.0,3.0,3.0,3.0,3.0,3.0,3.0,3.0,3.0,3.0,3.0,3.0,3.0,3.0,3.0,-5.0,-4.99995,0.9997871,43.489532
1780,-1.2107251526088245,14.720478,1.9385772,-2.5279136,0.89337355,-0.40564007,-0.15842651,-0.11063845,-5.4562554,1.4472985,-1.5540451,-0.761577,-0.47963947,-0.7370825,3.0,3.0,3.0,3.0,3.0,3.0,3.0,3.0,3.0,3.0,3.0,3.0,3.0,3.0,3.0,3.0,3.0,3.0,3.0,3.0,3.0,3.0,3.0,3.0,3.0,3.0,3.0,3.0,3.0,3.0,3.0,3.0,3.0,3.0,3.0,3.0,-5.0,-4.9995275,0.99996686,26.160751
1785,-1.2371879737133784,14.83397,1.9077033,-2.4937727,0.8884608,-0.41334954,-0.16059817,-0.11827003,-5.4417524,1.5051442,-1.6952817,-0.7581108,-0.47407612,-0.7409486,3.0,3.0,3.0,3.0,3.0,3.0,3.0,3.0,3.0,3.0,3.0,3.0,3.0,3.0,3.0,3.0,3.0,3.0,3.0,3.0,3.0,3.0,3.0,3.0,3.0,3.0,3.0,3.0,3.0,3.0,3.0,3.0,3.0,3.0,3.0,3.0,-5.0,-4.9999886,0.9999933,29.542397
1790,-1.0043491763793155,14.947152,1.8756154,-2.4566853,0.8834378,-0.42097878,-0.16267462,-0.12590253,-5.426641,1.5636975,-1.8368676,-0.7544844,-0.46865872,-0.7448223,3.0,3.0,3.0,3.0,3.0,3.0,3.0,3.0,3.0,3.0,3.0,3.0,3.0,3.0,3.0,3.0,3.0,3.0,3.0,3.0,3.0,3.0,3.0,3.0,3.0,3.0,3.0,3.0,3.0,3.0,3.0,3.0,3.0,3.0,3.0,3.0,-5.0,-4.9998894,0.9999988,2.9333115
1795,-1.0294758710353826,15.060011,1.8422991,-2.4166436,0.8783063,-0.428526,-0.16465645,-0.13353528,-5.410871,1.6229155,-1.9787902,-0.75070155,-0.46338972,-0.74869895,3.0,3.0,3.0,3.0,3.0,3.0,3.0,3.0,3.0,3.0,3.0,3.0,3.0,3.0,3.0,3.0,3.0,3.0,3.0,3.0,3.0,3.0,3.0,3.0,3.0,3.0,3.0,3.0,3.0,3.0,3.0,3.0,3.0,3.0,3.0,3.0,-5.0,-4.999953,0.9999944,8.13549
1800,-1.0281514003606786,15.172533,1.8077414,-2.3736413,0.8730681,-0.4359894,-0.16654427,-0.14116764,-5.394393,1.6827551,-2.1210353,-0.7467661,-0.45827153,-0.75257385,3.0,3.0,3.0,3.0,3.0,3.0,3.0,3.0,3.0,3.0,3.0,3.0,3.0,3.0,3.0,3.0,3.0,3.0,3.0,3.0,3.0,3.0,3.0,3.0,3.0,3.0,3.0,3.0,3.0,3.0,3.0,3.0,3.0,3.0,3.0,3.0,-4.9999995,-4.999835,0.99999905,-8.713482
1805,-1.0399337560726416,15.284702,1.7719297,-2.3276718,0.86772484,-0.44336724,-0.1683388,-0.14879893,-5.3771586,1.7431717,-2.2635868,-0.742682,-0.45330626,-0.7564425,3.0,3.0,3.0,3.0,3.0,3.0,3.0,3.0,3.0,3.0,3.0,3.0,3.0,3.0,3.0,3.0,3.0,3.0,3.0,3.0,3.0,3.0,3.0,3.0,3.0,3.0,3.0,3.0,3.0,3.0,3.0,3.0,3.0,3.0,3.0,3.0,-5.0,-4.999952,0.99999666,10.860458
1810,-1.2640275325908052,15.396502,1.7348527,-2.2787287,0.8622783,-0.45065776,-0.1700407,-0.1564285,-5.359123,1.8041202,-2.4064264,-0.7384532,-0.44849592,-0.7603004,3.0,3.0,3.0,3.0,3.0,3.0,3.0,3.0,3.0,3.0,3.0,3.0,3.0,3.0,3.0,3.0,3.0,3.0,3.0,3.0,3.0,3.0,3.0,3.0,3.0,3.0,3.0,3.0,3.0,3.0,3.0,3.0,3.0,3.0,3.0,3.0,-4.9999995,-4.9999876,0.999861,-35.224724
1815,-1.272774187882707,15.5079155,1.6964997,-2.2268064,0.8567302,-0.45785928,-0.17165071,-0.16405568,-5.340242,1.8655545,-2.5495336,-0.73408383,-0.44384238,-0.7641432,3.0,3.0,3.0,3.0,3.0,3.0,3.0,3.0,3.0,3.0,3.0,3.0,3.0,3.0,3.0,3.0,3.0,3.0,3.0,3.0,3.0,3.0,3.0,3.0,3.0,3.0,3.0,3.0,3.0,3.0,3.0,3.0,3.0,3.0,3.0,3.0,-5.0,-4.9999986,0.9999981,-36.640198
1820,-1.1833959100108928,15.618925,1.6568612,-2.1718996,0.8510823,-0.46497017,-0.17316958,-0.17167976,-5.3204722,1.927428,-2.6928868,-0.7295781,-0.43934733,-0.76796657,3.0,3.0,3.0,3.0,3.0,3.0,3.0,3.0,3.0,3.0,3.0,3.0,3.0,3.0,3.0,3.0,3.0,3.0,3.0,3.0,3.0,3.0,3.0,3.0,3.0,3.0,3.0,3.0,3.0,3.0,3.0,3.0,3.0,3.0,3.0,3.0,-4.9999995,-4.9999995,0.99998486,-27.98803
1825,-1.1433381822329678,15.729511,1.6159288,-2.1140034,0.8453363,-0.47198883,-0.1745981,-0.17930011,-5.299774,1.9896932,-2.8364623,-0.72494024,-0.43501228,-0.7717662,3.0,3.0,3.0,3.0,3.0,3.0,3.0,3.0,3.0,3.0,3.0,3.0,3.0,3.0,3.0,3.0,3.0,3.0,3.0,3.0,3.0,3.0,3.0,3.0,3.0,3.0,3.0,3.0,3.0,3.0,3.0,3.0,3.0,3.0,3.0,3.0,-4.9999995,-4.999995,0.99999607,-24.324074
1830,-1.3219073275617297,15.839654,1.5736947,-2.0531135,0.83949405,-0.4789137,-0.17593709,-0.18691604,-5.2781086,2.0523024,-2.9802341,-0.72017455,-0.4308386,-0.7755379,3.0,3.0,3.0,3.0,3.0,3.0,3.0,3.0,3.0,3.0,3.0,3.0,3.0,3.0,3.0,3.0,3.0,3.0,3.0,3.0,3.0,3.0,3.0,3.0,3.0,3.0,3.0,3.0,3.0,3.0,3.0,3.0,3.0,3.0,3.0,3.0,-5.0,-4.9999976,0.99999905,-43.069756
1835,-1.2916415456041026,15.949333,1.5301526,-1.9892263,0.8335571,-0.4857432,-0.17718734,-0.19452684,-5.2554383,2.1152067,-3.124176,-0.7152854,-0.42682758,-0.7792776,3.0,3.0,3.0,3.0,3.0,3.0,3.0,3.0,3.0,3.0,3.0,3.0,3.0,3.0,3.0,3.0,3.0,3.0,3.0,3.0,3.0,3.0,3.0,3.0,3.0,3.0,3.0,3.0,3.0,3.0,3.0,3.0,3.0,3.0,3.0,3.0,-4.9999995,-5.0,0.9999881,-40.43346
1840,-1.320795389468057,16.058527,1.4852967,-1.9223385,0.8275274,-0.4924759,-0.17834976,-0.20213184,-5.2317295,2.1783578,-3.268259,-0.71027726,-0.4229802,-0.7829813,3.0,3.0,3.0,3.0,3.0,3.0,3.0,3.0,3.0,3.0,3.0,3.0,3.0,3.0,3.0,3.0,3.0,3.0,3.0,3.0,3.0,3.0,3.0,3.0,3.0,3.0,3.0,3.0,3.0,3.0,3.0,3.0,3.0,3.0,3.0,3.0,-5.0,-5.0,0.9999831,-43.80184
1845,-1.3196558430206022,16.167213,1.4391228,-1.8524475,0.82140654,-0.49911028,-0.17942521,-0.20973033,-5.206948,2.241706,-3.4124537,-0.70515454,-0.4192974,-0.786645,3.0,3.0,3.0,3.0,3.0,3.0,3.0,3.0,3.0,3.0,3.0,3.0,3.0,3.0,3.0,3.0,3.0,3.0,3.0,3.0,3.0,3.0,3.0,3.0,3.0,3.0,3.0,3.0,3.0,3.0,3.0,3.0,3.0,3.0,3.0,3.0,-5.0,-4.9999995,0.99999774,-44.07394
1850,-1.2981059727570106,16.27537,1.3916271,-1.7795514,0.81519634,-0.505645,-0.1804146,-0.21732163,-5.1810627,2.3052018,-3.5567281,-0.69992185,-0.41577992,-0.79026484,3.0,3.0,3.0,3.0,3.0,3.0,3.0,3.0,3.0,3.0,3.0,3.0,3.0,3.0,3.0,3.0,3.0,3.0,3.0,3.0,3.0,3.0,3.0,3.0,3.0,3.0,3.0,3.0,3.0,3.0,3.0,3.0,3.0,3.0,3.0,3.0,-4.9999995,-4.999998,0.9999504,-42.2536
1855,-1.316618925376035,16.382973,1.3428072,-1.7036489,0.80889845,-0.5120785,-0.18131888,-0.22490504,-5.154045,2.3687952,-3.70105,-0.69458365,-0.41242844,-0.79383713,3.0,3.0,3.0,3.0,3.0,3.0,3.0,3.0,3.0,3.0,3.0,3.0,3.0,3.0,3.0,3.0,3.0,3.0,3.0,3.0,3.0,3.0,3.0,3.0,3.0,3.0,3.0,3.0,3.0,3.0,3.0,3.0,3.0,3.0,3.0,3.0,-5.0,-4.9999995,0.9999982,-44.46952
1860,-1.3174336547139995,16.489998,1.2926618,-1.6247395,0.80251473,-0.5184097,-0.18213898,-0.23247986,-5.1258674,2.4324365,-3.8453858,-0.6891447,-0.40924335,-0.79735816,3.0,3.0,3.0,3.0,3.0,3.0,3.0,3.0,3.0,3.0,3.0,3.0,3.0,3.0,3.0,3.0,3.0,3.0,3.0,3.0,3.0,3.0,3.0,3.0,3.0,3.0,3.0,3.0,3.0,3.0,3.0,3.0,3.0,3.0,3.0,3.0,-5.0,-4.999996,0.9999994,-44.86675
1865,-1.3153700545685219,16.596422,1.2411906,-1.5428233,0.7960468,-0.52463716,-0.1828759,-0.24004537,-5.096505,2.4960756,-3.9897006,-0.6836094,-0.406225,-0.80082434,3.0,3.0,3.0,3.0,3.0,3.0,3.0,3.0,3.0,3.0,3.0,3.0,3.0,3.0,3.0,3.0,3.0,3.0,3.0,3.0,3.0,3.0,3.0,3.0,3.0,3.0,3.0,3.0,3.0,3.0,3.0,3.0,3.0,3.0,3.0,3.0,-5.0,-5.0,0.99999547,-44.94735
1870,-1.3128002325971275,16.702219,1.188394,-1.4579012,0.7894964,-0.5307596,-0.18353061,-0.24760088,-5.065934,2.5596623,-4.1339583,-0.6779827,-0.40337357,-0.80423224,3.0,3.0,3.0,3.0,3.0,3.0,3.0,3.0,3.0,3.0,3.0,3.0,3.0,3.0,3.0,3.0,3.0,3.0,3.0,3.0,3.0,3.0,3.0,3.0,3.0,3.0,3.0,3.0,3.0,3.0,3.0,3.0,3.0,3.0,3.0,3.0,-5.0,-4.999998,0.9999895,-44.951103
1875,-1.3106756195977622,16.807364,1.1342739,-1.3699749,0.78286535,-0.53677577,-0.18410414,-0.2551457,-5.0341344,2.6231465,-4.2781224,-0.67226905,-0.4006891,-0.8075783,3.0,3.0,3.0,3.0,3.0,3.0,3.0,3.0,3.0,3.0,3.0,3.0,3.0,3.0,3.0,3.0,3.0,3.0,3.0,3.0,3.0,3.0,3.0,3.0,3.0,3.0,3.0,3.0,3.0,3.0,3.0,3.0,3.0,3.0,3.0,3.0,-5.0,-4.999998,0.99999404,-44.97391
1880,-1.3087836088860683,16.91183,1.0788331,-1.2790467,0.77615523,-0.5426845,-0.18459755,-0.26267907,-5.0010853,2.6864784,-4.4221554,-0.66647327,-0.39817145,-0.81085944,3.0,3.0,3.0,3.0,3.0,3.0,3.0,3.0,3.0,3.0,3.0,3.0,3.0,3.0,3.0,3.0,3.0,3.0,3.0,3.0,3.0,3.0,3.0,3.0,3.0,3.0,3.0,3.0,3.0,3.0,3.0,3.0,3.0,3.0,3.0,3.0,-4.9999995,-4.9999995,0.9999944,-44.993824
1885,-1.30699357326952,17.015593,1.0220753,-1.1851197,0.7693679,-0.5484847,-0.18501186,-0.2702003,-4.9667706,2.7496078,-4.5660186,-0.6606,-0.39582044,-0.8140723,3.0,3.0,3.0,3.0,3.0,3.0,3.0,3.0,3.0,3.0,3.0,3.0,3.0,3.0,3.0,3.0,3.0,3.0,3.0,3.0,3.0,3.0,3.0,3.0,3.0,3.0,3.0,3.0,3.0,3.0,3.0,3.0,3.0,3.0,3.0,3.0,-4.9999995,-4.999948,0.9999881,-44.997196
1890,-1.305445585221349,17.118626,0.9640054,-1.0881983,0.76250494,-0.5541752,-0.18534815,-0.27770868,-4.931175,2.8124855,-4.709673,-0.654654,-0.3936356,-0.8172139,3.0,3.0,3.0,3.0,3.0,3.0,3.0,3.0,3.0,3.0,3.0,3.0,3.0,3.0,3.0,3.0,3.0,3.0,3.0,3.0,3.0,3.0,3.0,3.0,3.0,3.0,3.0,3.0,3.0,3.0,3.0,3.0,3.0,3.0,3.0,3.0,-5.0,-4.9999895,0.99999404,-44.9978
1895,-1.304177393354938,17.2209,0.9046292,-0.9882871,0.75556815,-0.55975497,-0.18560754,-0.28520352,-4.894285,2.8750622,-4.853079,-0.6486401,-0.3916165,-0.82028115,3.0,3.0,3.0,3.0,3.0,3.0,3.0,3.0,3.0,3.0,3.0,3.0,3.0,3.0,3.0,3.0,3.0,3.0,3.0,3.0,3.0,3.0,3.0,3.0,3.0,3.0,3.0,3.0,3.0,3.0,3.0,3.0,3.0,3.0,3.0,3.0,-4.9999995,-4.994915,0.99995327,-44.999645
1900,-1.303179450022557,17.322388,0.8439536,-0.88539183,0.7485591,-0.5652229,-0.1857911,-0.29268405,-4.8560896,2.9372892,-4.9961963,-0.64256287,-0.38976246,-0.82327116,3.0,3.0,3.0,3.0,3.0,3.0,3.0,3.0,3.0,3.0,3.0,3.0,3.0,3.0,3.0,3.0,3.0,3.0,3.0,3.0,3.0,3.0,3.0,3.0,3.0,3.0,3.0,3.0,3.0,3.0,3.0,3.0,3.0,3.0,3.0,3.0,-5.0,-4.999992,0.99999046,-44.999706
1905,-1.3024565554703798,17.423065,0.78198653,-0.77951896,0.7414797,-0.57057804,-0.18589997,-0.30014956,-4.816579,2.9991179,-5.138984,-0.63642716,-0.38807273,-0.82618123,3.0,3.0,3.0,3.0,3.0,3.0,3.0,3.0,3.0,3.0,3.0,3.0,2.940551,2.8951278,2.9390287,3.0,3.0,3.0,3.0,3.0,3.0,3.0,3.0,3.0,3.0,3.0,3.0,3.0,3.0,3.0,3.0,3.0,3.0,3.0,3.0,3.0,-5.0,-4.999999,0.9999211,-44.99981
1910,-1.3020160099871447,17.522902,0.7187368,-0.67067593,0.7343314,-0.57581943,-0.1859353,-0.30759937,-4.775746,3.0605004,-5.2814016,-0.63023764,-0.3865464,-0.8290085,3.0,3.0,3.0,3.0,3.0,3.0,3.0,3.0,3.0,3.0,3.0,2.9616563,2.820197,2.772022,2.8093934,2.9382846,3.0,3.0,3.0,3.0,3.0,3.0,3.0,3.0,3.0,3.0,3.0,3.0,3.0,3.0,3.0,3.0,3.0,3.0,3.0,3.0,-5.0,-4.999955,0.9999956,-44.999813
1915,-1.301861816512413,17.621872,0.65421444,-0.5588709,0.7271161,-0.58094615,-0.18589824,-0.3150327,-4.7335854,3.1213892,-5.4234076,-0.623999,-0.38518247,-0.8317506,3.0,3.0,3.0,3.0,3.0,3.0,3.0,3.0,3.0,3.0,3.0,2.838556,2.6981053,2.6475496,2.6787493,2.7966821,3.0,3.0,3.0,3.0,3.0,3.0,3.0,3.0,3.0,3.0,3.0,3.0,3.0,3.0,3.0,3.0,3.0,3.0,3.0,3.0,-4.9999995,-4.999992,0.9999783,-44.999805
1920,-1.3019983312409376,17.719946,0.58843017,-0.44411308,0.71983534,-0.5859573,-0.18578994,-0.32244885,-4.690093,3.181738,-5.56496,-0.61771595,-0.38397983,-0.8344049,3.0,3.0,3.0,3.0,3.0,3.0,3.0,3.0,3.0,3.0,2.9631371,2.7131276,2.5741525,2.5216055,2.5470018,2.654388,2.8620164,3.0,3.0,3.0,3.0,3.0,3.0,3.0,3.0,3.0,3.0,3.0,3.0,3.0,3.0,3.0,3.0,3.0,3.0,3.0,-5.0,-4.9999433,0.99999416,-44.99997
1925,-1.3024226794730516,17.817099,0.5213959,-0.32641232,0.7124908,-0.590852,-0.1856116,-0.32984713,-4.645268,3.2415001,-5.7060175,-0.6113933,-0.38293716,-0.836969,3.0,3.0,3.0,3.0,3.0,3.0,3.0,3.0,3.0,3.0,2.8295345,2.5852187,2.4482157,2.3940847,2.414059,2.511316,2.7022936,3.0,3.0,3.0,3.0,3.0,3.0,3.0,3.0,3.0,3.0,3.0,3.0,3.0,3.0,3.0,3.0,3.0,3.0,3.0,-5.0,-4.9986887,0.9949219,-44.999992
1930,-1.303143428083437,17.9133,0.45312446,-0.20577951,0.70508415,-0.5956295,-0.18536441,-0.33722675,-4.59911,3.3006306,-5.8465385,-0.6050354,-0.38205317,-0.8394407,3.0,3.0,3.0,3.0,3.0,3.0,3.0,3.0,3.0,3.0,2.692581,2.454675,2.3201709,2.2648838,2.2798295,2.3673835,2.542261,2.8381493,3.0,3.0,3.0,3.0,3.0,3.0,3.0,3.0,3.0,3.0,3.0,3.0,3.0,3.0,3.0,3.0,3.0,3.0,-5.0,-4.997971,0.9999416,-44.999996
1935,-1.304161827114438,18.008524,0.3836295,-0.08222635,0.69761705,-0.600289,-0.18504956,-0.34458703,-4.551621,3.3590848,-5.98648,-0.59864724,-0.38132632,-0.84181786,3.0,3.0,3.0,3.0,3.0,3.0,3.0,3.0,3.0,2.9326622,2.552066,2.3213391,2.1898942,2.1339004,2.1442254,2.2225091,2.3818388,2.652599,3.0,3.0,3.0,3.0,3.0,3.0,3.0,3.0,3.0,3.0,3.0,3.0,3.0,3.0,3.0,3.0,3.0,3.0,-5.0,-4.9999995,0.99999344,-44.999996
1940,-1.3054754337883407,18.102741,0.31292564,0.044234578,0.6900912,-0.6048297,-0.18466829,-0.35192725,-4.5028043,3.4168193,-6.125802,-0.5922331,-0.3807551,-0.8440984,3.0,3.0,3.0,3.0,3.0,3.0,3.0,3.0,3.0,2.7749395,2.407774,2.1850512,2.0572603,2.0010319,2.0071595,2.0766153,2.2209518,2.467423,2.8736405,3.0,3.0,3.0,3.0,3.0,3.0,3.0,3.0,3.0,3.0,3.0,3.0,3.0,3.0,3.0,3.0,3.0,-5.0,-5.0,0.9998014,-45.0
1945,-1.3070877277179753,18.195925,0.24102846,0.17358984,0.6825081,-0.609251,-0.18422182,-0.35924664,-4.4526663,3.4737906,-6.2644615,-0.58579785,-0.38033774,-0.8462803,3.0,3.0,3.0,3.0,3.0,3.0,3.0,3.0,3.0,2.611861,2.2594812,2.045648,1.9221433,1.866177,1.8685459,1.9296262,2.059527,2.2825396,2.6500108,3.0,3.0,3.0,3.0,3.0,3.0,3.0,3.0,3.0,3.0,3.0,3.0,3.0,3.0,3.0,3.0,3.0,-5.0,-5.0,0.9994441,-45.0
1950,-1.3089997562832574,18.288048,0.16795436,0.3058251,0.67486954,-0.6135523,-0.18371138,-0.36654454,-4.4012136,3.5299575,-6.4024177,-0.57934576,-0.38007253,-0.84836173,3.0,3.0,3.0,3.0,3.0,3.0,3.0,3.0,3.0,2.44308,2.1069558,1.9029626,1.784416,1.7292339,1.7283006,1.781468,1.8974949,2.097872,2.4280512,2.9893723,3.0,3.0,3.0,3.0,3.0,3.0,3.0,3.0,3.0,3.0,3.0,3.0,3.0,3.0,3.0,3.0,-5.0,-4.9999976,0.9989915,-45.0
1955,-1.3112125694520746,18.379082,0.093720615,0.44092524,0.667177,-0.6177327,-0.18313824,-0.37382016,-4.3484554,3.5852785,-6.539629,-0.57288146,-0.37995756,-0.85034096,3.0,3.0,3.0,3.0,3.0,3.0,3.0,3.0,2.8128052,2.2682314,1.9499578,1.7568241,1.6439496,1.5901012,1.5863402,1.6320693,1.7347885,1.9133468,2.2076547,2.706132,3.0,3.0,3.0,3.0,3.0,3.0,3.0,3.0,3.0,3.0,3.0,3.0,3.0,3.0,3.0,3.0,-5.0,-5.0,0.9999888,-45.0
1960,-1.3137259303495112,18.469002,0.018345362,0.5788742,0.6594322,-0.6217919,-0.18250363,-0.3810728,-4.294402,3.639714,-6.676055,-0.56640935,-0.37999082,-0.8522164,3.0,3.0,3.0,3.0,3.0,3.0,3.0,3.0,2.6002629,2.0869298,1.788238,1.6070576,1.500614,1.448678,1.4425826,1.4813601,1.5713432,1.728894,1.9887192,2.4272463,3.0,3.0,3.0,3.0,3.0,3.0,3.0,3.0,3.0,3.0,3.0,3.0,3.0,3.0,3.0,3.0,-5.0,-4.999996,0.99984574,-45.0
1965,-1.3165400965237422,18.55778,-0.05815247,0.71965504,0.6516366,-0.6257292,-0.18180883,-0.38830173,-4.2390656,3.693225,-6.8116546,-0.55993384,-0.38017026,-0.8539865,3.0,3.0,3.0,3.0,3.0,3.0,3.0,3.0,2.377481,1.8987687,1.6215373,1.4534835,1.3542771,1.3048625,1.2969466,1.3292722,1.4070969,1.5444466,1.7711475,2.152505,2.8536494,3.0,3.0,3.0,3.0,3.0,3.0,3.0,3.0,3.0,3.0,3.0,3.0,3.0,3.0,3.0,-5.0,-5.0,0.99978185,-45.0
1970,-1.3196547710791453,18.645388,-0.13575315,0.8632502,0.643792,-0.6295441,-0.1810551,-0.39550626,-4.18246,3.7457736,-6.9463882,-0.5534593,-0.3804937,-0.85564977,3.0,3.0,3.0,3.0,3.0,3.0,3.0,3.0,2.1436753,1.7033175,1.4495858,1.2959174,1.2048053,1.1585529,1.1493518,1.1757386,1.2419891,1.3599404,1.5548468,1.8817073,2.4779031,3.0,3.0,3.0,3.0,3.0,3.0,3.0,3.0,3.0,3.0,3.0,3.0,3.0,3.0,3.0,-5.0,-4.999983,0.99944353,-45.0
1975,-1.3230690383872106,18.7318,-0.21443616,1.009641,0.6358997,-0.63323617,-0.18024373,-0.4026856,-4.1246,3.7973232,-7.080216,-0.54699004,-0.38095888,-0.857205,3.0,3.0,3.0,3.0,3.0,3.0,3.0,2.6945417,1.897997,1.5001205,1.2721024,1.1341698,1.0520624,1.0096473,0.9997183,1.0206941,1.0759621,1.1753137,1.3397278,1.6146629,2.1123316,3.0,3.0,3.0,3.0,3.0,3.0,3.0,3.0,3.0,3.0,3.0,3.0,3.0,3.0,3.0,-5.0,-5.0,0.99804115,-45.0
1980,-1.3267826718198372,18.816994,-0.29418027,1.1588081,0.6279616,-0.6368049,-0.17937602,-0.4098391,-4.065503,3.8478386,-7.2130985,-0.54053026,-0.3815635,-0.8586508,3.0,3.0,3.0,3.0,3.0,3.0,3.0,2.3509803,1.6395241,1.2886944,1.0887939,0.96804553,0.89590997,0.85804266,0.8479668,0.8640745,0.9089592,0.9905075,1.1257054,1.3511893,1.7563629,2.6224117,3.0,3.0,3.0,3.0,3.0,3.0,3.0,3.0,3.0,3.0,3.0,3.0,3.0,3.0,-5.0,-5.0,0.999213,-45.0
1985,-1.330788293290179,18.90094,-0.37496346,1.3107314,0.61997896,-0.6402499,-0.17845322,-0.416966,-4.0051866,3.8972852,-7.344998,-0.5340842,-0.38230515,-0.85998625,3.0,3.0,3.0,3.0,3.0,3.0,3.0,1.9813999,1.3672543,1.0685257,0.899354,0.7973435,0.73620737,0.70363593,0.69401836,0.7058169,0.74092555,0.80546445,0.91269755,1.0911124,1.4094607,2.0793087,3.0,3.0,3.0,3.0,3.0,3.0,3.0,3.0,3.0,3.0,3.0,3.0,3.0,3.0,-5.0,-5.0,0.97542405,-45.0
1990,-1.3350993563133438,18.983614,-0.45676306,1.46539,0.6119535,-0.6435708,-0.17747667,-0.42406556,-3.9436705,3.9456298,-7.475876,-0.527656,-0.3831813,-0.86121017,3.0,3.0,3.0,3.0,3.0,3.0,3.0,1.5828805,1.0800949,0.83906823,0.70346266,0.6218564,0.5728112,0.54632294,0.5377946,0.5458591,0.5718078,0.6201294,0.70062506,0.83426523,1.0711209,1.5620695,3.0,3.0,3.0,3.0,3.0,3.0,3.0,3.0,3.0,3.0,3.0,3.0,3.0,3.0,-5.0,-5.0,0.99664974,-45.0
1995,-1.339686428444297,19.064991,-0.5395557,1.6227618,0.6038867,-0.64676726,-0.17644764,-0.43113708,-3.8809755,3.9928408,-7.605695,-0.5212497,-0.3841894,-0.8623218,3.0,3.0,3.0,3.0,3.0,3.0,2.3676229,1.1520845,0.7768524,0.5997407,0.5007847,0.4413703,0.40557504,0.3859988,0.37921712,0.38413998,0.40155384,0.43444878,0.4894115,0.5804876,0.74086916,1.0685697,2.0265067,3.0,3.0,3.0,3.0,3.0,3.0,3.0,3.0,3.0,3.0,3.0,3.0,3.0,-5.0,-5.0,0.935786,-45.0
2000,-151.34455661539036,19.14505,-0.6233175,1.7828248,0.59578013,-0.649839,-0.17536747,-0.43817985,-3.8171237,4.0388875,-7.7344184,-0.51486933,-0.38532683,-0.86332023,3.0,3.0,3.0,3.0,3.0,3.0,1.4648184,0.6851787,0.45622045,0.34992296,0.29096928,0.25566417,0.23434968,0.22255756,0.21820779,0.22059911,0.23011275,0.24837068,0.2789829,0.32962546,0.4182587,0.59689444,1.1002226,3.0,3.0,3.0,3.0,3.0,3.0,3.0,3.0,3.0,3.0,3.0,3.0,3.0,-5.0,-5.0,0.8276825,-45.0
